/**
 * generated by fontconvert.py
 * name: notosans_cjk_14
 * size: 14
 * mode: 2-bit  compressed: true
 * Command used: fontconvert.py notosans_cjk_14 14 instanced_fonts/NotoSansSC/NotoSansSC-Regular.i18nonly.otf --2bit --compress --additional-intervals 0x4E00,0x9FFF --additional-intervals 0x3000,0x303F --additional-intervals 0xFF00,0xFFEF
 */
#pragma once
#include "EpdFontData.h"

static const uint8_t notosans_cjk_14Bitmaps[89567] = {
    0xB5, 0x59, 0xBD, 0x8F, 0xDC, 0xC6, 0x15, 0x7F, 0x24, 0xA5, 0x23, 0x6C, 0x02, 0x1E, 0x15, 0x77,
    0x76, 0x60, 0x47, 0xA2, 0x8B, 0x14, 0x86, 0x2D, 0x1F, 0x5B, 0x17, 0x4B, 0x72, 0x12, 0xFF, 0x01,
    0xB9, 0x42, 0x57, 0xB9, 0x4D, 0x11, 0x38, 0x85, 0x1A, 0x17, 0x4A, 0xB0, 0x7B, 0xCB, 0xE4, 0x2F,
    0x50, 0x93, 0xDE, 0x85, 0x2A, 0xA5, 0xB0, 0x0A, 0x15, 0x17, 0x64, 0xEF, 0x76, 0x82, 0x14, 0x06,
    0xD2, 0x98, 0x41, 0x90, 0x2A, 0x85, 0x19, 0x44, 0x76, 0x00, 0xB9, 0x99, 0xC4, 0x94, 0x4D, 0xD9,
    0xBC, 0x65, 0x7E, 0xBF, 0x19, 0xEE, 0xDD, 0xE9, 0xA2, 0x8F, 0xF3, 0x47, 0x96, 0x7C, 0xC3, 0x5D,
    0x72, 0x38, 0xF3, 0xE6, 0xBD, 0xDF, 0xFB, 0x9A, 0xCD, 0x24, 0x3B, 0x3E, 0xD2, 0xE3, 0xE3, 0xCA,
    0x78, 0x3C, 0x27, 0xFC, 0x3C, 0x27, 0xA5, 0x2E, 0xAB, 0x52, 0x5F, 0x90, 0xCD, 0x8B, 0x7A, 0x96,
    0x18, 0x7F, 0xE6, 0x89, 0x99, 0xC4, 0xEE, 0x8C, 0x2A, 0x9C, 0xAE, 0xE7, 0x9D, 0x58, 0xCB, 0x9D,
    0x44, 0xC4, 0x92, 0x94, 0x48, 0xA3, 0x24, 0x68, 0xAE, 0x48, 0x39, 0x0C, 0xF6, 0x8D, 0xFB, 0xCB,
    0xF7, 0x43, 0x73, 0x59, 0x42, 0x73, 0x55, 0x22, 0x47, 0x13, 0xF9, 0xC5, 0xFD, 0xC3, 0x9B, 0xC3,
    0x30, 0x34, 0xEF, 0xFC, 0xF6, 0x97, 0x3A, 0xD6, 0xEF, 0x49, 0x22, 0xA4, 0x3B, 0xA2, 0x1C, 0x59,
    0x79, 0x01, 0x24, 0x17, 0x31, 0x6E, 0x32, 0x12, 0x86, 0x94, 0x65, 0x2B, 0xD1, 0xB0, 0x92, 0xA4,
    0xB9, 0x5E, 0xA9, 0x2A, 0x04, 0xB3, 0xE2, 0x49, 0xE3, 0xB1, 0x11, 0x89, 0x3B, 0x91, 0x60, 0xC0,
    0x8F, 0xAC, 0x15, 0x09, 0x57, 0x78, 0x32, 0xC7, 0x8F, 0x14, 0x4F, 0x12, 0x3E, 0x75, 0xF4, 0x03,
    0xF4, 0x2C, 0x75, 0xA6, 0x53, 0x8C, 0x13, 0x0E, 0xE8, 0xA7, 0xF4, 0xC9, 0x1C, 0x1B, 0x78, 0xFF,
    0x96, 0xC8, 0x6B, 0xB8, 0x3B, 0x88, 0xDC, 0x10, 0x29, 0x92, 0x8A, 0x7C, 0x4C, 0x23, 0x13, 0xD4,
    0x22, 0x77, 0x83, 0x26, 0x32, 0xEE, 0x82, 0xB5, 0xE2, 0x3E, 0x97, 0x29, 0x36, 0xB0, 0x97, 0xC5,
    0xDD, 0x9C, 0xF0, 0x12, 0x36, 0x77, 0xD3, 0x46, 0x26, 0x91, 0x69, 0xF6, 0x16, 0xB2, 0x9D, 0xFC,
    0xC6, 0xD8, 0x14, 0x83, 0x45, 0xBF, 0xA6, 0x38, 0x6E, 0x25, 0xA1, 0xE1, 0x9B, 0x2F, 0x44, 0x26,
    0x86, 0xD0, 0xAE, 0xFA, 0xCB, 0x0D, 0x7F, 0xB1, 0xEE, 0x59, 0x50, 0x87, 0x75, 0xA2, 0x21, 0x21,
    0x37, 0x38, 0x6E, 0x1C, 0xCC, 0xDC, 0xD2, 0xB9, 0xA2, 0x0B, 0xE0, 0x0E, 0x53, 0x3C, 0x7F, 0x93,
    0x0B, 0xEB, 0xF1, 0xA3, 0xDB, 0x13, 0x89, 0x1A, 0x48, 0x20, 0x32, 0x8A, 0xCD, 0x15, 0x34, 0x75,
    0xCE, 0x7B, 0x7C, 0xFA, 0x25, 0x18, 0x97, 0x01, 0xFC, 0xCA, 0x4A, 0x82, 0x9B, 0xF1, 0x8A, 0x5D,
    0x3F, 0xD6, 0x51, 0x5D, 0x26, 0x75, 0x62, 0x16, 0x91, 0x55, 0x55, 0x2F, 0x47, 0x99, 0x74, 0x52,
    0x1E, 0xC8, 0x42, 0x54, 0x27, 0x07, 0x12, 0xF7, 0x50, 0x77, 0x36, 0x54, 0x10, 0x4E, 0x6A, 0x21,
    0x9D, 0xD0, 0x3A, 0x15, 0x6C, 0xCE, 0x66, 0xB3, 0x7C, 0x82, 0x8F, 0xBC, 0x2A, 0x6D, 0x60, 0xA3,
    0x3A, 0x32, 0x49, 0xA5, 0x20, 0xFA, 0x6D, 0x79, 0x53, 0x72, 0x99, 0xB8, 0x63, 0x8A, 0xC3, 0x7F,
    0xCB, 0x71, 0xF7, 0x0A, 0x9E, 0x2A, 0x49, 0xAA, 0xC8, 0x44, 0x35, 0x24, 0x75, 0x57, 0x2E, 0xBD,
    0x0A, 0x79, 0x4E, 0x70, 0x1F, 0x77, 0x75, 0x6C, 0x78, 0x3F, 0x6C, 0x02, 0x2B, 0x8F, 0x1C, 0x01,
    0x8E, 0xB0, 0xE1, 0xF8, 0xB1, 0x49, 0xB4, 0xC2, 0xF8, 0x13, 0xD9, 0xC7, 0xA4, 0xFC, 0xBC, 0xC5,
    0xF3, 0xD2, 0xE4, 0x52, 0x39, 0x74, 0xC9, 0x50, 0xCB, 0x00, 0xED, 0x49, 0xFC, 0xA1, 0x89, 0x43,
    0x23, 0xE3, 0x47, 0x3D, 0x9E, 0x6E, 0x7F, 0x70, 0xFF, 0x7D, 0x20, 0xCD, 0x3A, 0x4D, 0x3F, 0xAE,
    0xCF, 0xF3, 0x54, 0x7C, 0x66, 0xB2, 0x3A, 0x85, 0xF0, 0xB9, 0xB4, 0x0C, 0xD3, 0x5E, 0x22, 0xDC,
    0x86, 0xE5, 0xEA, 0xB5, 0xC3, 0xE1, 0x70, 0xD3, 0x0D, 0x0F, 0xF5, 0xBE, 0x47, 0xAD, 0xE3, 0x0C,
    0x1A, 0x60, 0x99, 0x4A, 0x82, 0xE2, 0xA0, 0x2D, 0x0C, 0xF2, 0x82, 0x60, 0xD1, 0xEC, 0x72, 0xA6,
    0x57, 0xFD, 0xB4, 0x5E, 0xFC, 0xBC, 0x5E, 0x01, 0xB2, 0x9D, 0xC4, 0x0F, 0x0E, 0x01, 0x4C, 0xDA,
    0xA1, 0xAA, 0x0A, 0xC0, 0x35, 0x97, 0xB8, 0x9E, 0x41, 0x9B, 0x53, 0x68, 0x8D, 0xB4, 0x18, 0x69,
    0x7A, 0x8A, 0x72, 0x3C, 0x2F, 0x00, 0xE9, 0x0C, 0xFD, 0x53, 0xAD, 0xB4, 0xAA, 0x4B, 0x98, 0xC7,
    0x11, 0xF8, 0x1E, 0x4D, 0x07, 0x14, 0x2C, 0x61, 0x00, 0x83, 0x27, 0x98, 0xF9, 0x77, 0xA2, 0xF9,
    0x30, 0x68, 0x92, 0xBC, 0xAB, 0x25, 0x81, 0xE9, 0x94, 0x9F, 0x1E, 0x01, 0x33, 0x25, 0xF4, 0xE3,
    0x0C, 0xB0, 0x3A, 0x45, 0xDA, 0xBF, 0x54, 0x82, 0x0E, 0x40, 0xB0, 0xCB, 0xC8, 0x7A, 0x2B, 0xCC,
    0xF0, 0xE8, 0x10, 0xD6, 0x89, 0x5B, 0x49, 0x83, 0x9F, 0x7F, 0xDC, 0xD5, 0x4B, 0xB8, 0x01, 0x92,
    0xBC, 0x7C, 0x13, 0xB2, 0x58, 0x89, 0x7A, 0xB8, 0xAC, 0xA0, 0xFD, 0x9A, 0x40, 0xF6, 0x2F, 0xF2,
    0x1A, 0xD7, 0xCE, 0xC8, 0xB9, 0xA0, 0x12, 0x2F, 0x97, 0x34, 0xEF, 0xEB, 0x34, 0x69, 0x3C, 0x03,
    0x4E, 0x25, 0x68, 0xFD, 0x44, 0x41, 0x7B, 0x19, 0xEF, 0x94, 0x55, 0xDA, 0xA8, 0x61, 0xA8, 0x02,
    0xCA, 0xE3, 0xA2, 0xF6, 0xC2, 0x00, 0xB8, 0x21, 0x1C, 0xED, 0x7C, 0x44, 0xF4, 0x31, 0x16, 0xF1,
    0x91, 0x96, 0xF4, 0xA7, 0x5A, 0x0A, 0xF0, 0xBB, 0x50, 0x3A, 0x68, 0x95, 0x8E, 0x1A, 0xA5, 0x13,
    0xA3, 0x28, 0x4D, 0x5D, 0x60, 0x1D, 0x58, 0xEF, 0x11, 0xC9, 0xAF, 0xE9, 0x7F, 0x29, 0xD8, 0xDD,
    0xD5, 0x11, 0x78, 0x77, 0x44, 0x8E, 0xD7, 0xB4, 0x76, 0x38, 0x7F, 0xBE, 0x25, 0x31, 0x64, 0x16,
    0x7F, 0xE2, 0x78, 0x05, 0x9F, 0x61, 0x7B, 0xC2, 0xAB, 0xE7, 0x97, 0xFC, 0xFF, 0x90, 0x3C, 0xEB,
    0xD4, 0x80, 0x67, 0x4D, 0x3C, 0x38, 0x76, 0x37, 0x6E, 0x51, 0xE8, 0x3A, 0x5C, 0x5D, 0xAF, 0xE3,
    0x26, 0xAC, 0xE8, 0xE2, 0xD2, 0x51, 0x1D, 0x05, 0x28, 0x27, 0x65, 0xBD, 0xCC, 0xA8, 0x97, 0x3A,
    0x35, 0x73, 0x8F, 0x19, 0xE0, 0x22, 0xB4, 0x85, 0x23, 0x3A, 0x07, 0xAC, 0xA8, 0x8A, 0xF1, 0x7E,
    0x5A, 0x85, 0x03, 0x40, 0x30, 0xEF, 0x9C, 0x17, 0xD9, 0xDA, 0xDD, 0xDD, 0x81, 0xCC, 0xAD, 0x93,
    0xBB, 0x53, 0x8C, 0x1A, 0x47, 0x9D, 0x82, 0xC8, 0xE2, 0x28, 0xF6, 0x68, 0xF4, 0x9E, 0x6B, 0xD5,
    0xA6, 0xFA, 0x04, 0x13, 0xE5, 0x48, 0xC5, 0x29, 0x7A, 0x79, 0x07, 0xE2, 0xED, 0x25, 0xFE, 0x64,
    0x89, 0xEE, 0xAA, 0x4A, 0xF1, 0x72, 0xE6, 0x30, 0x1A, 0x01, 0xA3, 0xB1, 0x51, 0x90, 0x6D, 0xD4,
    0x6D, 0xC3, 0x31, 0xF5, 0x30, 0xE0, 0x4E, 0xD4, 0xAF, 0x07, 0x58, 0x79, 0x86, 0x80, 0x90, 0x38,
    0xAC, 0xEF, 0x43, 0x0E, 0xC4, 0x39, 0xB1, 0x9F, 0x69, 0xF4, 0xFE, 0x6A, 0x90, 0x63, 0x79, 0x00,
    0x77, 0x11, 0x70, 0xA7, 0x80, 0xBB, 0x0C, 0x13, 0xE7, 0x98, 0x61, 0x8A, 0xF1, 0x17, 0x18, 0x1F,
    0xEF, 0xD4, 0x0B, 0x67, 0x2F, 0x71, 0x53, 0x48, 0xDA, 0x64, 0xF5, 0xB2, 0x49, 0x86, 0x7F, 0xD6,
    0xC1, 0xE1, 0xDB, 0xF5, 0xDA, 0xF5, 0x9F, 0x60, 0xB3, 0x84, 0x19, 0x1E, 0x21, 0x34, 0xB5, 0xC0,
    0x31, 0x6E, 0x5F, 0x83, 0x8B, 0x83, 0x99, 0xBF, 0x36, 0xFA, 0x11, 0x67, 0xF2, 0x17, 0x25, 0xAB,
    0x4A, 0x93, 0x55, 0xCF, 0xCB, 0xA3, 0x9F, 0xC7, 0x7B, 0x0A, 0x7E, 0x82, 0x3B, 0x90, 0x8A, 0x85,
    0xB6, 0x2B, 0x59, 0xDE, 0x93, 0xF4, 0x21, 0xD6, 0x88, 0xA9, 0x8E, 0xE8, 0xAC, 0xEF, 0x41, 0xC5,
    0x03, 0xDC, 0x76, 0x4A, 0xD0, 0xD2, 0x3A, 0x37, 0xE8, 0x9B, 0x9D, 0x5F, 0xA3, 0x67, 0xBA, 0x7D,
    0xFB, 0xF6, 0xFB, 0xF2, 0x98, 0xCF, 0xE9, 0x67, 0x44, 0xCC, 0x40, 0xF9, 0x73, 0x40, 0x8C, 0x2F,
    0x1B, 0x1C, 0x3D, 0xB5, 0x0E, 0x54, 0xC1, 0xB2, 0x96, 0xEC, 0x21, 0xA6, 0xD6, 0xB2, 0x6C, 0xFC,
    0x9C, 0x3E, 0x28, 0x93, 0x9B, 0x6C, 0xB0, 0x7B, 0x61, 0xF7, 0x23, 0xE9, 0x9D, 0x6E, 0x71, 0x2E,
    0x88, 0x3B, 0x98, 0x15, 0xD4, 0x0A, 0x6D, 0x96, 0x27, 0xF7, 0xE4, 0x67, 0xEB, 0x99, 0xF1, 0xA5,
    0x97, 0xE0, 0x88, 0xED, 0xF1, 0xFA, 0xDC, 0x68, 0xF7, 0xC4, 0xF9, 0x45, 0xCE, 0x9D, 0xB4, 0xF2,
    0x4A, 0xE3, 0x6C, 0x8A, 0x10, 0xEE, 0x9D, 0x87, 0xA4, 0x21, 0x02, 0xA3, 0x94, 0x35, 0x00, 0xA5,
    0x74, 0xD8, 0x21, 0x2D, 0x60, 0x00, 0xB4, 0x51, 0xF5, 0xA6, 0x14, 0x51, 0xC3, 0xD0, 0xDF, 0x85,
    0xBC, 0xF8, 0x38, 0xF2, 0x16, 0xBF, 0x47, 0xE6, 0x06, 0xC5, 0x19, 0x57, 0x37, 0xA2, 0x9A, 0x8E,
    0x1F, 0x17, 0xC6, 0x97, 0x49, 0x68, 0x33, 0xC3, 0xF0, 0xB2, 0xFA, 0xE2, 0xD3, 0x16, 0x1A, 0x2B,
    0x0D, 0xFC, 0x3E, 0x0D, 0x60, 0xCB, 0x6B, 0x51, 0xBC, 0x53, 0x10, 0x6F, 0x53, 0xE2, 0xC2, 0x3D,
    0x95, 0x80, 0xE9, 0x08, 0x6A, 0xF0, 0xB9, 0x3A, 0x25, 0xCC, 0x60, 0x07, 0x4D, 0x44, 0xA3, 0x8B,
    0xC9, 0x6B, 0x42, 0xBF, 0xA4, 0xB6, 0xC9, 0x2E, 0x87, 0xDC, 0xE6, 0x80, 0x39, 0xA2, 0xBD, 0x4C,
    0xC9, 0xFC, 0x82, 0x36, 0xDC, 0x02, 0xFF, 0x88, 0x47, 0x96, 0xAB, 0x42, 0xE2, 0xF1, 0xD5, 0xED,
    0x8E, 0xA6, 0xDC, 0x4B, 0xF2, 0xB7, 0xDD, 0x03, 0x42, 0xA9, 0x20, 0x33, 0x4C, 0x9E, 0x20, 0xC6,
    0x82, 0xCE, 0x69, 0x26, 0x0E, 0x8D, 0xE0, 0x6A, 0x6B, 0x17, 0x82, 0x85, 0x2B, 0x2B, 0x3F, 0x18,
    0x0C, 0x5C, 0x34, 0x4C, 0x31, 0x68, 0xD1, 0xA5, 0xF3, 0xC4, 0xEF, 0x91, 0x2D, 0x76, 0xAF, 0x1B,
    0x64, 0x47, 0xCC, 0x90, 0x00, 0xD9, 0x0D, 0x3E, 0x3B, 0x00, 0x15, 0xA0, 0x72, 0xA4, 0x3D, 0x50,
    0x5F, 0xC8, 0x3B, 0x1D, 0xFA, 0xD4, 0xE5, 0x00, 0x48, 0x05, 0xB7, 0xA9, 0x75, 0xE6, 0x2D, 0xC3,
    0x67, 0x88, 0xE8, 0x3D, 0x98, 0x80, 0x1B, 0xBD, 0xE0, 0xD2, 0x1F, 0x20, 0x76, 0x34, 0x48, 0xDF,
    0xD0, 0x1C, 0x65, 0x8F, 0xCD, 0xEC, 0xF8, 0x67, 0x71, 0xFC, 0x94, 0x06, 0x2C, 0x29, 0xDF, 0x70,
    0xEF, 0x02, 0x45, 0x8A, 0x39, 0x13, 0x32, 0xA6, 0x25, 0xDD, 0x5D, 0xE2, 0x44, 0xB8, 0x49, 0x4F,
    0xC1, 0x37, 0x68, 0x82, 0x60, 0xC2, 0x2D, 0xDA, 0xA2, 0x81, 0x20, 0xC9, 0x1B, 0x9B, 0x3D, 0x36,
    0xE5, 0x71, 0x93, 0xB9, 0x86, 0x02, 0x71, 0x52, 0x71, 0xDF, 0xB2, 0x47, 0xBB, 0x1C, 0xA0, 0x09,
    0xF8, 0x6E, 0xDC, 0x4A, 0x41, 0xEC, 0x96, 0x04, 0x54, 0x49, 0x70, 0xC1, 0x2F, 0x69, 0xFC, 0xA2,
    0x60, 0x4C, 0x71, 0xC6, 0xB5, 0xAC, 0xA9, 0xDC, 0xDD, 0xF5, 0xC2, 0x05, 0x3D, 0xA9, 0x8F, 0x23,
    0x3F, 0x56, 0x43, 0x3A, 0xCF, 0xB8, 0x6E, 0x6C, 0x37, 0xEE, 0xE0, 0xE6, 0x78, 0xEA, 0xD8, 0x6B,
    0x59, 0x8E, 0x0A, 0x81, 0x78, 0x96, 0xF7, 0xE1, 0xAA, 0x8F, 0x88, 0x7E, 0x18, 0xA4, 0x17, 0x6A,
    0xFA, 0x64, 0x85, 0x28, 0xF2, 0xE1, 0x1A, 0x60, 0xA6, 0x14, 0xE7, 0x26, 0x19, 0xC7, 0x91, 0x2A,
    0x18, 0x84, 0xBE, 0xC4, 0xC4, 0x34, 0xD0, 0x70, 0xA5, 0x11, 0x37, 0x5C, 0xD0, 0x4D, 0x38, 0x07,
    0xA1, 0xBF, 0x49, 0x67, 0xB8, 0x16, 0xEF, 0xB3, 0x1A, 0xAC, 0xE3, 0x3A, 0x17, 0x3E, 0xF8, 0xE6,
    0xBC, 0xAF, 0x9D, 0x34, 0x9B, 0xC5, 0xE3, 0x3E, 0x8E, 0x91, 0xF2, 0x9B, 0x9C, 0x44, 0xF6, 0x0D,
    0x39, 0x38, 0x0C, 0x7A, 0xB8, 0x5D, 0x7A, 0xDD, 0x4D, 0x2E, 0x64, 0x73, 0x8D, 0xA2, 0x88, 0xA0,
    0x4A, 0x6A, 0x34, 0x48, 0x10, 0x0A, 0x0A, 0xA9, 0x00, 0x42, 0xE0, 0x31, 0xE0, 0x50, 0x0A, 0xCA,
    0xB2, 0xC8, 0x60, 0x91, 0x05, 0x7D, 0x67, 0xF9, 0x90, 0x58, 0xB4, 0x78, 0x5A, 0x52, 0x70, 0x4C,
    0xE6, 0xF1, 0x06, 0xFA, 0x14, 0xCC, 0x05, 0xC6, 0xA1, 0x82, 0x6E, 0x0D, 0xB4, 0x11, 0x95, 0x7A,
    0xF3, 0x1C, 0xDA, 0x3C, 0x37, 0x9D, 0x42, 0x13, 0x04, 0x21, 0xD7, 0xE0, 0x04, 0xA3, 0xAE, 0x34,
    0xBE, 0x49, 0xBA, 0xA2, 0x11, 0xB5, 0x9F, 0xC3, 0xA2, 0xF6, 0x27, 0xAD, 0x6C, 0xEF, 0xE7, 0xFB,
    0x32, 0xD9, 0xCF, 0x91, 0x22, 0xEF, 0xE7, 0xB9, 0xDC, 0xED, 0xF2, 0x6D, 0xB1, 0x5D, 0xAE, 0x82,
    0x06, 0xCD, 0x4F, 0xEA, 0x2E, 0x8F, 0xFF, 0x64, 0xBA, 0x3C, 0xFA, 0xB0, 0xEA, 0xF2, 0xF0, 0xEF,
    0xBA, 0xCB, 0x83, 0x41, 0xBA, 0x1C, 0x39, 0x3B, 0x9A, 0x05, 0x9B, 0xB7, 0xD8, 0xC8, 0xD8, 0x6C,
    0x51, 0xF9, 0x25, 0x7D, 0x2C, 0x26, 0x42, 0x43, 0x87, 0x58, 0x58, 0x34, 0x79, 0xC7, 0x66, 0xCA,
    0x86, 0x7E, 0x29, 0x4F, 0xE1, 0x76, 0x73, 0x65, 0xD0, 0xC4, 0x35, 0x9A, 0x10, 0x65, 0x48, 0x2E,
    0x1D, 0x9B, 0x05, 0x9B, 0x82, 0x4D, 0xAA, 0x18, 0x43, 0x3F, 0x42, 0x13, 0x7D, 0x8C, 0x06, 0x09,
    0x35, 0xE6, 0x70, 0xCD, 0x9C, 0x4D, 0x39, 0xA2, 0x3B, 0x3B, 0x76, 0x37, 0x9D, 0xCC, 0x2B, 0xB8,
    0x1B, 0x55, 0x43, 0xDA, 0xB1, 0x85, 0xDC, 0x91, 0xB4, 0x30, 0x83, 0x21, 0xBA, 0xE9, 0xBF, 0xA4,
    0x27, 0xBA, 0x7B, 0xBA, 0x9B, 0xBE, 0x38, 0x6E, 0xDC, 0xD3, 0x8C, 0x5E, 0x1A, 0xE8, 0x46, 0xDD,
    0x01, 0x09, 0x35, 0x40, 0x77, 0x6A, 0x60, 0x2D, 0xCB, 0x47, 0xDC, 0xCD, 0x35, 0xEF, 0x6E, 0x46,
    0x23, 0x44, 0x72, 0x9B, 0xD0, 0x73, 0x76, 0xDE, 0x0B, 0xCA, 0x62, 0xBC, 0xF6, 0xFE, 0x5E, 0x62,
    0xCB, 0xDF, 0x51, 0x05, 0xE8, 0xBB, 0xAB, 0xCF, 0x69, 0xA8, 0xDF, 0xFF, 0x52, 0x90, 0x5A, 0x9D,
    0x59, 0xCA, 0x2B, 0x6E, 0x29, 0xCE, 0xCC, 0x99, 0x6F, 0x8A, 0xE2, 0xCF, 0x68, 0x60, 0xD0, 0x99,
    0x1F, 0xB9, 0x40, 0x34, 0x46, 0x07, 0xED, 0xD7, 0x18, 0xB7, 0x27, 0xEB, 0x3A, 0xBD, 0xC6, 0xB0,
    0x2D, 0x82, 0xEB, 0x96, 0x4E, 0x97, 0xDE, 0xB7, 0x70, 0x66, 0x42, 0x40, 0x13, 0xCF, 0x69, 0x45,
    0xC4, 0x17, 0x2E, 0xD9, 0x89, 0xD6, 0xEF, 0x1F, 0xC8, 0x8B, 0xB7, 0x90, 0x2C, 0x0D, 0x55, 0xB4,
    0x5A, 0x5A, 0x55, 0x43, 0xE5, 0x5A, 0x74, 0x36, 0xD6, 0xC7, 0xAC, 0x82, 0x55, 0x4B, 0x46, 0xF0,
    0x83, 0x52, 0x78, 0x85, 0x5F, 0x98, 0x2D, 0x24, 0xCC, 0xF6, 0xC8, 0x1D, 0x69, 0xC1, 0x6B, 0x0E,
    0xF9, 0xCE, 0xEB, 0xC4, 0x22, 0x8E, 0xD6, 0x4C, 0xC8, 0x99, 0x40, 0xC3, 0x81, 0xD2, 0xEB, 0x3A,
    0x6E, 0x18, 0x07, 0x5C, 0xA4, 0xFF, 0xBF, 0x35, 0xC7, 0x3E, 0xEE, 0x7B, 0x69, 0x32, 0xEF, 0x83,
    0xD6, 0x7E, 0x02, 0x11, 0xBC, 0x8D, 0x3B, 0xC0, 0x1D, 0x35, 0x21, 0xF3, 0x6B, 0x9F, 0x1B, 0x5C,
    0xE3, 0x32, 0x17, 0xCC, 0x2C, 0x66, 0xC7, 0x01, 0x2B, 0x23, 0x76, 0x20, 0xBD, 0x29, 0xC3, 0xFD,
    0x82, 0xEF, 0x22, 0x05, 0x30, 0x48, 0x77, 0xA2, 0x06, 0x5C, 0x46, 0x16, 0x09, 0x42, 0x68, 0x5D,
    0xAA, 0xC0, 0x14, 0xB9, 0x63, 0x7A, 0xB9, 0x70, 0x89, 0x04, 0x53, 0x8A, 0x82, 0xC9, 0x45, 0x46,
    0xAB, 0x4D, 0x99, 0x53, 0x2B, 0x97, 0x75, 0xB4, 0x3E, 0xD4, 0x72, 0x81, 0x3B, 0x98, 0x8F, 0x5A,
    0xC6, 0xD8, 0x25, 0xF1, 0xA8, 0xA0, 0x2B, 0x04, 0xF4, 0x14, 0x13, 0x22, 0x43, 0xC9, 0xF0, 0x3B,
    0x99, 0xF1, 0x52, 0x21, 0x4B, 0x21, 0xDF, 0x8A, 0x26, 0x8B, 0x08, 0xA1, 0xC0, 0x4E, 0x6C, 0x90,
    0xB0, 0x30, 0xDF, 0x45, 0xCA, 0xC2, 0x74, 0x79, 0x12, 0x1B, 0x2C, 0xC8, 0x4E, 0x23, 0xD3, 0xE2,
    0xB2, 0x1F, 0xFD, 0x05, 0x21, 0xC8, 0xB6, 0xE1, 0x3F, 0x30, 0x53, 0x6B, 0x83, 0xFF, 0xE0, 0xD2,
    0x59, 0xF9, 0x1C, 0xCA, 0xFE, 0x7D, 0x23, 0x9F, 0x83, 0xDF, 0xBD, 0x5A, 0xFE, 0x00, 0x8E, 0xE7,
    0x86, 0x27, 0x5D, 0x49, 0x09, 0xD6, 0x41, 0x38, 0xB7, 0xE8, 0xDB, 0x21, 0xAA, 0x99, 0x17, 0x55,
    0x5C, 0xAF, 0x57, 0x1A, 0xB8, 0x45, 0xF6, 0x5C, 0x64, 0x91, 0xAD, 0x97, 0x76, 0xB2, 0xAA, 0xC4,
    0xAE, 0x7F, 0x66, 0x34, 0x9A, 0x19, 0x4D, 0xA5, 0x87, 0x95, 0xA0, 0xAA, 0x82, 0x5F, 0x6C, 0x30,
    0x00, 0xC2, 0x99, 0xA5, 0x20, 0xB9, 0xB8, 0xB5, 0x6B, 0x76, 0xFE, 0x2C, 0x13, 0xB7, 0x4E, 0x46,
    0x00, 0x23, 0x5C, 0x8E, 0x70, 0x31, 0xC4, 0x41, 0xC7, 0x12, 0x64, 0xC1, 0x8C, 0x2C, 0xE7, 0xBC,
    0x19, 0xE5, 0xAA, 0x68, 0x5A, 0x49, 0xBF, 0xCE, 0xE6, 0xA2, 0x6F, 0x00, 0xAB, 0x8B, 0xBB, 0xBB,
    0xD7, 0x32, 0xA4, 0x70, 0x29, 0xD3, 0x38, 0x97, 0x35, 0xB2, 0x7A, 0x54, 0x63, 0x59, 0x5A, 0x78,
    0x1B, 0xE0, 0xED, 0x68, 0xBC, 0x9D, 0x6A, 0x1F, 0xBA, 0x7B, 0x5F, 0xA7, 0xAD, 0x8B, 0x58, 0xC6,
    0x75, 0x44, 0xD6, 0x6B, 0x48, 0x84, 0xFB, 0xA5, 0x1B, 0x6B, 0xB0, 0x0F, 0x76, 0xCE, 0x6C, 0x66,
    0x3C, 0xF3, 0xF8, 0xEA, 0x26, 0x01, 0xC8, 0x6D, 0xA6, 0x89, 0xC8, 0x55, 0x91, 0xCB, 0xAE, 0x08,
    0xC3, 0xC9, 0x0D, 0xA0, 0x8A, 0x95, 0x57, 0x58, 0x73, 0x13, 0x81, 0xBB, 0x09, 0x77, 0xD6, 0xFD,
    0x26, 0xE7, 0xEC, 0x47, 0xEF, 0xD3, 0x6F, 0x2D, 0xC6, 0x2D, 0x99, 0x73, 0x1F, 0xAF, 0x2F, 0xCA,
    0xDE, 0x97, 0xEF, 0x1E, 0x17, 0xF2, 0xAB, 0x86, 0x10, 0xC2, 0xD8, 0x00, 0x16, 0x77, 0x1D, 0x90,
    0xBF, 0x03, 0x7C, 0xE8, 0x92, 0xBA, 0x04, 0x7F, 0x5B, 0x12, 0x24, 0xF6, 0x91, 0x79, 0x17, 0x75,
    0x0A, 0x24, 0x31, 0xC8, 0xB8, 0x55, 0x72, 0x88, 0x64, 0x34, 0xA9, 0x21, 0xCA, 0x3B, 0x63, 0xF6,
    0xBD, 0x04, 0xCE, 0x59, 0xDB, 0x57, 0x73, 0x66, 0xAB, 0x95, 0x17, 0x2F, 0x64, 0xB9, 0x31, 0x98,
    0x60, 0x39, 0x98, 0xA4, 0x43, 0x02, 0x54, 0x25, 0xC6, 0xEF, 0x7D, 0x90, 0x14, 0x82, 0xFB, 0xDC,
    0xA4, 0xC3, 0x97, 0x26, 0x1E, 0xDE, 0x36, 0xB2, 0xE3, 0xC7, 0x99, 0x3D, 0x8D, 0x50, 0x1B, 0xB9,
    0x5A, 0xB8, 0xC9, 0x58, 0x0B, 0xB3, 0x86, 0xB4, 0x33, 0xD8, 0x01, 0xA8, 0x7D, 0x94, 0x42, 0xCB,
    0x67, 0x7B, 0x48, 0x38, 0xE6, 0x55, 0x66, 0xF6, 0xC0, 0xF6, 0xD4, 0xD5, 0xC5, 0x7A, 0x2C, 0x23,
    0x58, 0x9B, 0x0E, 0x3A, 0x69, 0x53, 0xC7, 0xE5, 0xBA, 0xC4, 0x3D, 0x3B, 0x5F, 0x31, 0xE6, 0x75,
    0x44, 0x83, 0xB2, 0x31, 0xF7, 0x01, 0x50, 0xFA, 0x1D, 0x9D, 0x8C, 0xE3, 0x30, 0xF3, 0x04, 0x9A,
    0xB7, 0x6D, 0x34, 0xAC, 0x5A, 0xCC, 0xD1, 0x22, 0x7A, 0x20, 0xEC, 0xB0, 0x28, 0x08, 0xDA, 0xBD,
    0x33, 0xBC, 0x16, 0x2E, 0x24, 0x05, 0x6D, 0xA6, 0xA3, 0x56, 0x35, 0x69, 0x1B, 0x0F, 0x47, 0x6D,
    0x30, 0x40, 0x19, 0x17, 0xC7, 0x29, 0xE6, 0xCE, 0x91, 0x21, 0xA2, 0xA6, 0x95, 0x42, 0x7D, 0x5D,
    0xFA, 0xFA, 0xBF, 0xE1, 0x1A, 0x91, 0x36, 0xDA, 0x39, 0xCA, 0xC7, 0xB3, 0xBC, 0x26, 0x4D, 0x58,
    0x81, 0x57, 0xE3, 0xEA, 0x23, 0xF2, 0xBA, 0xB1, 0x23, 0x73, 0x2B, 0xAB, 0x3B, 0x21, 0x9D, 0x07,
    0x41, 0xEE, 0xCF, 0x8C, 0xD1, 0xD5, 0xBC, 0xF4, 0x40, 0x47, 0xA7, 0x6E, 0x3E, 0xE5, 0x14, 0x5F,
    0x1B, 0x76, 0x28, 0x92, 0x3A, 0x6A, 0x8F, 0x2E, 0xAC, 0xF4, 0xFB, 0x59, 0x15, 0xAF, 0x90, 0xA6,
    0xE6, 0x7D, 0xC6, 0xC2, 0xE4, 0x83, 0x9B, 0xAE, 0x94, 0xDB, 0x5E, 0x6F, 0xDF, 0x42, 0x76, 0x78,
    0x0F, 0x59, 0xCA, 0x8B, 0x3D, 0xD0, 0xDB, 0xB3, 0x24, 0x9D, 0xBA, 0x48, 0x1C, 0xDB, 0xF4, 0xFE,
    0xD2, 0x6C, 0x30, 0xB2, 0xCA, 0x79, 0x30, 0xD0, 0xCB, 0x6C, 0x39, 0xA0, 0xE4, 0xCE, 0xAA, 0xB9,
    0x66, 0x49, 0x96, 0x80, 0xB8, 0x2F, 0x72, 0x3E, 0xDA, 0xDC, 0x73, 0xDB, 0x00, 0xB3, 0x33, 0x1F,
    0xF8, 0xEB, 0x43, 0x1C, 0xEB, 0x1D, 0x82, 0x1C, 0x73, 0x3D, 0xFB, 0x58, 0x20, 0xD7, 0x6D, 0xCB,
    0xFA, 0x1C, 0x4C, 0x43, 0x38, 0x33, 0xA8, 0x07, 0xAF, 0xC8, 0x0C, 0x4A, 0x98, 0xC1, 0x2B, 0xCD,
    0x60, 0x23, 0xF4, 0xA1, 0x33, 0xA4, 0x15, 0xF3, 0xAF, 0xE1, 0xA7, 0xFF, 0xDA, 0xC8, 0xFC, 0xC7,
    0x2D, 0xF2, 0x0A, 0x2C, 0x10, 0xEA, 0x64, 0x68, 0x98, 0xB9, 0x9A, 0x93, 0x35, 0xF0, 0xEC, 0xDC,
    0x47, 0x09, 0xC0, 0xAF, 0xF1, 0x39, 0x4D, 0xBB, 0x70, 0xD0, 0xD3, 0xE5, 0xA0, 0x86, 0x7A, 0x7E,
    0x6F, 0x7E, 0x90, 0xD8, 0xB9, 0x4E, 0x2D, 0x8D, 0x43, 0x19, 0xC2, 0x0F, 0xE0, 0x6F, 0x29, 0x40,
    0xE9, 0xBE, 0x5D, 0xEB, 0xE7, 0xE8, 0x65, 0xFA, 0x1D, 0x14, 0x72, 0x0A, 0xE4, 0x34, 0xC8, 0x5A,
    0x55, 0x4C, 0xD4, 0x5C, 0x35, 0xCD, 0xE4, 0x8C, 0xB4, 0x18, 0xC9, 0xE5, 0x4D, 0x78, 0xD6, 0xA5,
    0xE8, 0x93, 0x34, 0xAA, 0x3E, 0x6B, 0x90, 0xD3, 0xEC, 0xDB, 0x39, 0x08, 0x18, 0x92, 0xCC, 0xC0,
    0xC3, 0x2C, 0xD0, 0x8F, 0xD5, 0xDF, 0x1A, 0x16, 0x30, 0xEA, 0xBB, 0xDF, 0xCE, 0xA8, 0x57, 0xA3,
    0x51, 0x3F, 0xC9, 0x61, 0xC8, 0x2D, 0x06, 0x8A, 0xAC, 0x9E, 0x2E, 0xCD, 0x5E, 0xAB, 0x19, 0xB6,
    0x5D, 0x86, 0x39, 0x7B, 0xEA, 0xE9, 0xED, 0x91, 0x7F, 0x99, 0x0C, 0xC8, 0x73, 0x2F, 0x9F, 0xEC,
    0x5A, 0x1E, 0xFF, 0x55, 0x02, 0xE9, 0xA6, 0x0C, 0x6D, 0x6E, 0x73, 0xD8, 0x3D, 0xBD, 0xE0, 0xD2,
    0x10, 0x1C, 0x5F, 0x1F, 0xF9, 0xBF, 0x47, 0x58, 0xDE, 0x68, 0xEE, 0x06, 0x86, 0xEB, 0x33, 0x1B,
    0x90, 0x94, 0xDA, 0x97, 0x1E, 0xEC, 0x3C, 0xC5, 0x15, 0xB0, 0x27, 0x33, 0x6D, 0x2B, 0x65, 0x0B,
    0xE9, 0xFB, 0x5D, 0xBA, 0xF3, 0x11, 0x61, 0xB7, 0x87, 0xF0, 0x53, 0xEA, 0xA5, 0xC9, 0x86, 0x7F,
    0x99, 0x84, 0xDE, 0xFF, 0x92, 0xDB, 0xA4, 0xEA, 0xBC, 0xE0, 0x58, 0xCB, 0xF8, 0x5D, 0xCD, 0xC4,
    0xA0, 0x4E, 0x36, 0x80, 0x44, 0x93, 0xE2, 0x6E, 0x06, 0x36, 0xB9, 0xC1, 0x02, 0xFF, 0xB1, 0x40,
    0x22, 0x87, 0xD2, 0x8B, 0xA5, 0x91, 0xA4, 0x8C, 0xE5, 0xB5, 0x4F, 0x2E, 0xF0, 0xB6, 0xAA, 0x21,
    0x78, 0x24, 0xE5, 0x4C, 0x8F, 0xAF, 0x58, 0x8E, 0x73, 0x15, 0x29, 0x5C, 0x62, 0x26, 0xFB, 0x31,
    0xC6, 0x9A, 0x4C, 0x13, 0x13, 0xD5, 0xFB, 0x13, 0x8E, 0xD9, 0xE6, 0x4A, 0x87, 0xD6, 0x6E, 0xA7,
    0x12, 0xFC, 0xBB, 0xE1, 0x2E, 0xD1, 0x17, 0x35, 0x37, 0x8C, 0xBE, 0x36, 0x0A, 0xC2, 0x5D, 0x1A,
    0xA6, 0x20, 0x65, 0x45, 0x41, 0x96, 0xD0, 0x23, 0x64, 0x86, 0x42, 0xAB, 0x52, 0xE0, 0x28, 0xE5,
    0xE6, 0x0E, 0x38, 0x05, 0x0F, 0x7D, 0xCB, 0x52, 0xF5, 0x24, 0x9A, 0xC2, 0xCD, 0xCA, 0x03, 0x7A,
    0x59, 0xEE, 0x59, 0x3A, 0x9F, 0x08, 0x69, 0x33, 0x91, 0xE7, 0x8E, 0xBE, 0xAB, 0x3B, 0xC0, 0x1B,
    0x39, 0x23, 0x5F, 0x6E, 0x33, 0x0C, 0xDC, 0xA8, 0x2A, 0xB4, 0x4A, 0x07, 0x58, 0xB5, 0xEB, 0x31,
    0x65, 0x16, 0x80, 0xDE, 0xDB, 0xFB, 0x7E, 0xFF, 0x4F, 0x59, 0xBF, 0x0F, 0x16, 0xAF, 0x77, 0x6A,
    0x7D, 0xCE, 0xB2, 0xD5, 0xFB, 0x7F, 0x8D, 0xB6, 0x2B, 0x57, 0x50, 0xE1, 0xDC, 0xDA, 0xED, 0xC5,
    0xE5, 0xAE, 0x44, 0x40, 0xAA, 0x7D, 0xE9, 0x1D, 0xAE, 0x6F, 0x40, 0xFF, 0x7B, 0x6E, 0xCB, 0xD1,
    0x47, 0xF1, 0x65, 0xF4, 0x90, 0xFF, 0xC2, 0xF8, 0x23, 0x1A, 0x0F, 0xCA, 0x7A, 0x85, 0x0A, 0x51,
    0x55, 0xD1, 0xA9, 0x7B, 0xC7, 0x7D, 0x1E, 0xCA, 0x72, 0xC7, 0x3E, 0xE3, 0xE3, 0x12, 0x93, 0x8A,
    0x3B, 0x87, 0x81, 0x1D, 0xFF, 0x27, 0x79, 0xFC, 0xB9, 0x70, 0xFB, 0x59, 0xE8, 0xDA, 0x3D, 0xAD,
    0x1B, 0x06, 0x79, 0xA3, 0x71, 0xD9, 0xEB, 0x98, 0x87, 0x96, 0x2B, 0x69, 0xF6, 0xD3, 0xCF, 0xEA,
    0x57, 0x43, 0xEE, 0x96, 0xFE, 0x5C, 0xFE, 0x0B, 0xC5, 0x5A, 0xBD, 0x6F, 0xE4, 0xC6, 0x15, 0x7F,
    0x24, 0x4F, 0x62, 0x6C, 0xC2, 0x1A, 0x15, 0x52, 0x80, 0xE4, 0x4E, 0xE2, 0x15, 0x2E, 0x0E, 0x07,
    0x9D, 0xE8, 0xE2, 0x0A, 0x05, 0xD9, 0x5D, 0x0E, 0xEC, 0x22, 0x45, 0x1A, 0x15, 0x16, 0x5C, 0xB8,
    0x88, 0x9B, 0x54, 0x09, 0x70, 0x87, 0xE0, 0x0A, 0x19, 0x58, 0x8A, 0x63, 0xA7, 0x70, 0xAB, 0xC2,
    0x40, 0x5A, 0x15, 0x2E, 0x8C, 0x75, 0x61, 0x15, 0x57, 0x5C, 0xB1, 0x3A, 0x8E, 0x9D, 0x3F, 0x20,
    0x4C, 0x02, 0xC3, 0x45, 0x0A, 0xD3, 0x80, 0x91, 0x00, 0x76, 0x71, 0x34, 0x4C, 0xC3, 0xBC, 0xF3,
    0xEE, 0x4E, 0x7E, 0x6F, 0xC8, 0x5D, 0x69, 0xE5, 0x73, 0x22, 0xC3, 0x92, 0x45, 0xF2, 0x3D, 0x6A,
    0x97, 0xC3, 0xF7, 0x35, 0xEF, 0x6B, 0x66, 0x45, 0x14, 0x51, 0xAC, 0x62, 0xB9, 0x4E, 0x7C, 0x5C,
    0xA1, 0x25, 0x5A, 0xB7, 0x67, 0x38, 0x3B, 0xA3, 0x13, 0x27, 0x1F, 0x92, 0xC8, 0xD1, 0xC7, 0x10,
    0x3C, 0x26, 0xCA, 0x8C, 0xF2, 0xCC, 0x17, 0x3A, 0xF8, 0x54, 0xCB, 0xF0, 0x0D, 0x4D, 0x11, 0xBE,
    0x8F, 0x01, 0xBD, 0x16, 0xF8, 0x6F, 0xFE, 0x8E, 0x9F, 0x05, 0x9F, 0x7E, 0xA0, 0x3D, 0xF3, 0xA8,
    0xE0, 0x77, 0xC8, 0xFF, 0x6C, 0x9E, 0xD6, 0xF4, 0x08, 0x27, 0x96, 0xA6, 0x33, 0xF6, 0x73, 0xAF,
    0x24, 0xE9, 0xE5, 0x44, 0x7E, 0x0B, 0xFC, 0xB7, 0x57, 0x10, 0xB9, 0x25, 0x51, 0x6A, 0x46, 0x74,
    0x73, 0xF2, 0x2E, 0x51, 0x85, 0x77, 0x6A, 0x6A, 0xEE, 0x55, 0xF3, 0x8C, 0xC7, 0x89, 0x8F, 0x76,
    0x64, 0x6C, 0x4C, 0xC1, 0xC0, 0x64, 0xAF, 0x11, 0xDD, 0x88, 0xC3, 0x6A, 0x28, 0x8C, 0x29, 0xBD,
    0x4A, 0xE4, 0x81, 0xF6, 0x0A, 0xA1, 0x9C, 0x52, 0x48, 0xAA, 0x5A, 0x28, 0x85, 0x76, 0x4B, 0xBF,
    0xC0, 0x39, 0xBE, 0x53, 0x84, 0xD9, 0xA4, 0xEE, 0x2E, 0xEE, 0xF7, 0xAF, 0x10, 0x2D, 0xF7, 0x88,
    0xFA, 0xD0, 0x7F, 0xC4, 0xE3, 0xF9, 0x3D, 0x2F, 0xF7, 0x30, 0x32, 0x50, 0x78, 0x8B, 0x68, 0xB8,
    0x49, 0xD4, 0xED, 0x10, 0x6D, 0xEE, 0xD2, 0xC2, 0xEF, 0xBE, 0xDE, 0x8E, 0x8C, 0xA9, 0xC9, 0x2F,
    0xAC, 0x10, 0xBF, 0x7C, 0xFF, 0xC9, 0xBB, 0x21, 0x7F, 0xF6, 0xA6, 0xC2, 0x1F, 0xC3, 0x76, 0x39,
    0x77, 0xEC, 0x13, 0xCD, 0x7F, 0x01, 0x35, 0x16, 0xDF, 0x6E, 0xAC, 0xFB, 0xF5, 0xAB, 0x1A, 0xBC,
    0x08, 0x12, 0x36, 0xC0, 0x04, 0xC6, 0x30, 0x3E, 0x08, 0x6F, 0xFA, 0x46, 0x76, 0x28, 0xCA, 0x3B,
    0xD0, 0xBB, 0x0B, 0xFD, 0x23, 0x96, 0xE9, 0x31, 0x95, 0x8E, 0xF9, 0x77, 0x81, 0x01, 0x30, 0x6B,
    0xAA, 0x5B, 0xDB, 0x15, 0x0D, 0xF8, 0xF9, 0x92, 0x0C, 0x95, 0x30, 0x13, 0x72, 0xDE, 0x3F, 0xA0,
    0x65, 0xC8, 0xEF, 0xE7, 0xA3, 0x20, 0x7F, 0xDE, 0x05, 0x07, 0x87, 0x0D, 0xE5, 0x1A, 0x4C, 0x2A,
    0x45, 0xF2, 0xAA, 0xB6, 0xF6, 0xAC, 0xC8, 0xC3, 0x1F, 0xB7, 0x28, 0xA0, 0x9F, 0xEF, 0x0B, 0x5A,
    0x23, 0x53, 0x7B, 0x6A, 0xC3, 0xFB, 0xEC, 0x8F, 0xAE, 0xDE, 0x82, 0x50, 0x8E, 0xBE, 0x0D, 0x13,
    0x50, 0x7E, 0x37, 0x04, 0x2E, 0xEE, 0xAE, 0x5B, 0x6C, 0xFF, 0x6E, 0xBE, 0xDF, 0x82, 0xC0, 0x8E,
    0xDE, 0xF0, 0xF3, 0x35, 0x57, 0xAF, 0x39, 0x66, 0xEC, 0xA9, 0x80, 0xA2, 0x42, 0xB4, 0x34, 0x1B,
    0xFA, 0x2D, 0xAF, 0x45, 0x33, 0x66, 0xF6, 0x0B, 0x00, 0xE7, 0x6D, 0x8A, 0x26, 0xF4, 0x2B, 0xBC,
    0x0B, 0x16, 0x57, 0x55, 0x60, 0x54, 0xCF, 0x57, 0xF7, 0x7D, 0x75, 0xE8, 0xAB, 0xA3, 0x3B, 0x2A,
    0xFE, 0x4A, 0x2D, 0x34, 0xAE, 0x72, 0xB0, 0xE1, 0xE6, 0x0F, 0x82, 0x37, 0xCA, 0xD0, 0xD7, 0x7D,
    0x21, 0xEF, 0xAF, 0xD3, 0x83, 0x90, 0xBA, 0x81, 0x12, 0x3C, 0x3F, 0xA5, 0x53, 0x74, 0x68, 0x7B,
    0x65, 0x30, 0x18, 0x1C, 0x18, 0x4C, 0x39, 0x88, 0x02, 0xE8, 0x69, 0x70, 0xC0, 0x56, 0xCE, 0x26,
    0x96, 0x62, 0x56, 0x90, 0xAF, 0xFA, 0xF4, 0x1C, 0xD4, 0xBD, 0x91, 0xFE, 0x55, 0xDE, 0xBE, 0xFB,
    0x0F, 0xF5, 0xC2, 0xDD, 0xBF, 0xEB, 0x17, 0xD2, 0x37, 0xF4, 0xED, 0x3F, 0x7D, 0xA8, 0xB6, 0xEE,
    0xFE, 0x53, 0x5D, 0x5B, 0x7E, 0x85, 0x02, 0xB9, 0x46, 0xCE, 0x13, 0x88, 0xFE, 0x0B, 0x49, 0xAB,
    0x3B, 0x32, 0x35, 0x1A, 0x18, 0xC1, 0x21, 0x6A, 0xEA, 0xAE, 0xD3, 0x3D, 0x9F, 0x0E, 0x3D, 0x89,
    0xEB, 0x5E, 0x40, 0x9B, 0x47, 0xE4, 0xB3, 0x67, 0x3A, 0x92, 0xC9, 0xFB, 0xEA, 0x6C, 0x78, 0x75,
    0xE7, 0xD5, 0x8F, 0x76, 0xB6, 0xE1, 0xBA, 0x90, 0xFC, 0xE6, 0xE0, 0xBD, 0xCF, 0x07, 0x07, 0x67,
    0x7F, 0x17, 0x33, 0x28, 0x69, 0xEE, 0xB8, 0x39, 0x60, 0x2B, 0x58, 0x6A, 0xD5, 0xEA, 0x0E, 0x8E,
    0x6D, 0xBF, 0xA6, 0xC8, 0xD0, 0xAE, 0x90, 0xCB, 0x78, 0x03, 0x57, 0x00, 0xD1, 0xED, 0x84, 0x3C,
    0xE0, 0xF8, 0x09, 0x10, 0xB1, 0x83, 0xFD, 0xD4, 0xE4, 0x4C, 0x11, 0x23, 0x33, 0xE2, 0xA9, 0xC6,
    0x94, 0x61, 0x64, 0x48, 0xEE, 0x88, 0xE8, 0x8E, 0xE4, 0x8F, 0x5E, 0xFE, 0x82, 0xA7, 0x93, 0xAB,
    0x3A, 0x34, 0xE4, 0x6C, 0x33, 0xA3, 0x2D, 0x1A, 0x79, 0x55, 0x90, 0x47, 0x72, 0x03, 0x1F, 0x12,
    0xF2, 0x75, 0x02, 0x5A, 0x67, 0x81, 0x3D, 0x12, 0x3A, 0xA5, 0x48, 0xA7, 0x2A, 0xD3, 0xA9, 0xF9,
    0x6A, 0x94, 0x98, 0x37, 0xC7, 0x88, 0xBC, 0x95, 0x3E, 0xE8, 0x4C, 0x21, 0x69, 0x81, 0x68, 0x85,
    0x27, 0x4C, 0xFB, 0x48, 0x3A, 0xA1, 0xF9, 0x50, 0xC7, 0x80, 0xAC, 0x05, 0x73, 0x02, 0xD2, 0xF6,
    0x99, 0x00, 0xB8, 0x00, 0xF2, 0x01, 0xDE, 0x19, 0xC0, 0x7D, 0x13, 0x56, 0x0C, 0xF3, 0xB8, 0x4A,
    0xEB, 0xB4, 0x8E, 0x4B, 0x0E, 0x37, 0x84, 0x8E, 0xF6, 0xA5, 0xC8, 0x9D, 0x8A, 0x1E, 0x38, 0x65,
    0x9C, 0x2F, 0x93, 0xB3, 0x1F, 0x16, 0x71, 0xE1, 0x3C, 0xE5, 0xC4, 0xE0, 0xDF, 0x93, 0x67, 0xB4,
    0x78, 0xB3, 0xDC, 0xA4, 0xAA, 0x43, 0xBB, 0x1D, 0xEA, 0xE3, 0xEA, 0xD2, 0xEE, 0x3A, 0x62, 0xF3,
    0x2F, 0x85, 0x8B, 0xDC, 0xB7, 0x62, 0xAD, 0xB5, 0x44, 0xB7, 0x7C, 0x25, 0x5E, 0x84, 0xB3, 0x56,
    0x4E, 0x99, 0xD0, 0x7D, 0x0C, 0xEF, 0xBA, 0xC5, 0xD0, 0xFF, 0xA0, 0x14, 0x9E, 0xEE, 0x08, 0x79,
    0x7D, 0x81, 0xDD, 0xC6, 0x81, 0xD1, 0x35, 0x9B, 0x1B, 0xD1, 0x8C, 0x79, 0x7A, 0x45, 0x23, 0x4D,
    0xF3, 0xC7, 0x0D, 0x8B, 0xB7, 0x2C, 0x3E, 0xB4, 0x98, 0x23, 0x5C, 0xBB, 0xDA, 0x0A, 0xAB, 0x9E,
    0x95, 0x9E, 0x16, 0x14, 0x29, 0x4F, 0xAF, 0xD1, 0xAF, 0x81, 0x3B, 0xF4, 0x8D, 0x72, 0xE4, 0x3D,
    0xF7, 0x63, 0x28, 0x57, 0x7A, 0x6F, 0x21, 0x74, 0x73, 0xE1, 0xF3, 0xAC, 0xAE, 0xD9, 0xF9, 0x8F,
    0x4D, 0x05, 0xBA, 0x37, 0xDF, 0x2B, 0x98, 0x2E, 0xBE, 0xD9, 0xB2, 0xF8, 0xD0, 0x62, 0x3B, 0xB7,
    0x90, 0x04, 0x7E, 0x05, 0x49, 0x02, 0x62, 0x49, 0x20, 0xC3, 0x2B, 0x53, 0x19, 0x76, 0x2D, 0xE6,
    0xBC, 0xAB, 0x1D, 0xCE, 0x34, 0xDA, 0x6B, 0x64, 0x90, 0x8C, 0x85, 0x63, 0x24, 0x33, 0x79, 0x94,
    0xB3, 0x4E, 0x6E, 0xE9, 0xE9, 0xFB, 0x10, 0xC0, 0x91, 0x25, 0x07, 0x1F, 0x0B, 0x5B, 0x92, 0xA7,
    0x38, 0x21, 0x82, 0x6E, 0x60, 0xE9, 0x22, 0x7D, 0x6C, 0xD8, 0x29, 0xDF, 0xB5, 0xC9, 0xBC, 0xE4,
    0x44, 0x07, 0xBA, 0xC2, 0x8C, 0x9A, 0x20, 0x72, 0xDF, 0x21, 0x7A, 0x86, 0xE0, 0x74, 0x18, 0xD6,
    0x11, 0x8A, 0xD9, 0xFB, 0x96, 0xBD, 0xAF, 0x98, 0x7D, 0xC8, 0xC2, 0xC0, 0x49, 0xC1, 0xDE, 0xC9,
    0xD8, 0xAD, 0xF1, 0x74, 0xCD, 0xCE, 0x60, 0xC7, 0x39, 0xB8, 0xEE, 0xE9, 0x43, 0xAF, 0x1C, 0x06,
    0xBA, 0x08, 0xCA, 0xC8, 0x20, 0x27, 0x95, 0xEE, 0x3B, 0x9E, 0xEA, 0xE0, 0xE5, 0x80, 0x0E, 0x81,
    0x97, 0x9C, 0x02, 0x78, 0x03, 0xE9, 0x03, 0xEC, 0x03, 0x03, 0x1E, 0xE5, 0xE2, 0xE0, 0x09, 0x31,
    0xDD, 0xD2, 0x26, 0xAD, 0x92, 0xE9, 0x02, 0x2F, 0x4C, 0x83, 0x2B, 0x46, 0x8A, 0xB5, 0xD7, 0xAD,
    0xE9, 0x37, 0x98, 0xDC, 0x9E, 0xBD, 0x90, 0x90, 0x47, 0xAC, 0x02, 0xAA, 0x81, 0xD0, 0x5C, 0x40,
    0x7B, 0x56, 0xAD, 0x3E, 0x3F, 0x59, 0x89, 0x65, 0x12, 0x9A, 0xDA, 0x47, 0x90, 0xAD, 0xB4, 0xEF,
    0x71, 0xD0, 0x30, 0x21, 0x62, 0x2B, 0x43, 0x5E, 0xCE, 0x4D, 0x3C, 0x03, 0xCD, 0x61, 0x23, 0xCC,
    0xE3, 0x42, 0xE7, 0x23, 0x00, 0x29, 0x38, 0x02, 0x12, 0x9B, 0x3C, 0x98, 0xD3, 0xED, 0x26, 0x17,
    0x86, 0x2E, 0x57, 0x89, 0x3E, 0x6C, 0x41, 0x43, 0x2E, 0x32, 0x15, 0xD2, 0xBD, 0x53, 0x82, 0x3F,
    0x2E, 0x64, 0xF1, 0x27, 0x03, 0xD4, 0x25, 0x83, 0xAA, 0x19, 0x7C, 0xB4, 0x73, 0x44, 0xB0, 0x5B,
    0x8F, 0x2D, 0x6D, 0x0B, 0x7B, 0x28, 0x21, 0x99, 0x40, 0x24, 0x62, 0x06, 0x86, 0x4D, 0xB9, 0xB0,
    0x87, 0x27, 0xA7, 0xC2, 0xB0, 0x58, 0x0E, 0x33, 0x77, 0xF2, 0x4B, 0x12, 0x68, 0x7B, 0xCA, 0x28,
    0xBC, 0x43, 0x4C, 0x19, 0x44, 0x0F, 0x67, 0xC2, 0xFC, 0xB4, 0xB2, 0x5C, 0xB1, 0x95, 0x42, 0xDD,
    0x23, 0xE7, 0xDB, 0xAA, 0x82, 0x0F, 0x67, 0xA0, 0xA2, 0xAE, 0xAA, 0x4B, 0x91, 0x65, 0x99, 0x5B,
    0xB2, 0x11, 0x17, 0xF6, 0x11, 0x37, 0x1D, 0xD7, 0x9D, 0xCB, 0x11, 0xC3, 0x39, 0x98, 0xF2, 0x78,
    0x8E, 0x23, 0x6E, 0x0D, 0xC1, 0x4C, 0x4B, 0x4B, 0x53, 0xE6, 0x97, 0xE2, 0xC0, 0xA8, 0x73, 0x9C,
    0x80, 0x50, 0xF4, 0xB8, 0x03, 0x6A, 0x6E, 0x22, 0xB3, 0xA2, 0x44, 0xB1, 0xBD, 0xF5, 0x9A, 0xDB,
    0xB0, 0xB9, 0xD5, 0xF6, 0xE6, 0x96, 0xF6, 0xE6, 0x15, 0xF1, 0xCE, 0xCB, 0x4C, 0x2D, 0xE6, 0xAE,
    0x44, 0x28, 0x7B, 0x8B, 0xC8, 0x3E, 0x4B, 0x77, 0x6C, 0x90, 0x1A, 0xCE, 0x0E, 0xE4, 0x4C, 0x06,
    0x59, 0x13, 0xAC, 0xFC, 0x0C, 0x8C, 0xF9, 0x86, 0x68, 0xE7, 0x5B, 0x28, 0x29, 0x86, 0x10, 0xF8,
    0x13, 0xB5, 0x97, 0x85, 0xE3, 0x1B, 0x39, 0x03, 0x88, 0x15, 0x22, 0xDD, 0x92, 0xF9, 0x62, 0x42,
    0xDE, 0x08, 0x6A, 0x04, 0x05, 0x7C, 0x4A, 0x70, 0x9C, 0x45, 0xAA, 0x49, 0x29, 0x2D, 0xEA, 0x31,
    0xDA, 0xA3, 0x69, 0xE5, 0xEB, 0xCD, 0x90, 0x7D, 0x6A, 0x5B, 0xF2, 0x50, 0x35, 0x0C, 0xC1, 0xBC,
    0x44, 0xB6, 0x73, 0x27, 0x94, 0x4A, 0x94, 0x47, 0xDB, 0x1F, 0x72, 0x2D, 0xEA, 0x36, 0x85, 0x19,
    0x07, 0x1B, 0xDC, 0x36, 0x90, 0x4D, 0x9B, 0x10, 0xCA, 0xA6, 0x8D, 0xB4, 0x4D, 0xBD, 0x3D, 0x60,
    0x35, 0x97, 0xE7, 0xE7, 0x61, 0x4B, 0xD6, 0x6B, 0x7C, 0x69, 0x75, 0xC7, 0x76, 0xD2, 0x9A, 0xA1,
    0xD7, 0x0A, 0x70, 0x1A, 0xA0, 0x27, 0xB4, 0x9B, 0x58, 0xF8, 0xBE, 0x31, 0x16, 0x76, 0xE6, 0xBB,
    0xF2, 0x26, 0xEB, 0x3D, 0x6C, 0x18, 0x73, 0xA5, 0x15, 0x74, 0xB1, 0x3C, 0x17, 0xA0, 0x6C, 0x04,
    0xD6, 0x47, 0xB5, 0xED, 0x98, 0xB9, 0x1F, 0xBD, 0x48, 0x7E, 0x8E, 0xBC, 0x02, 0xA7, 0x88, 0x50,
    0x02, 0x22, 0x14, 0xF2, 0x67, 0x2E, 0xD8, 0x9E, 0x6B, 0x14, 0xCB, 0x20, 0x87, 0x29, 0x51, 0x12,
    0x91, 0x30, 0xEB, 0x33, 0x9F, 0xC8, 0xA5, 0x2E, 0xD6, 0x44, 0xB1, 0x75, 0x94, 0x15, 0x50, 0x3E,
    0xEB, 0x49, 0x2F, 0xB3, 0x0F, 0x89, 0x4F, 0xE4, 0xA6, 0x97, 0xDF, 0xB6, 0xDD, 0x34, 0x27, 0xEA,
    0xFA, 0x47, 0x5D, 0x2B, 0x24, 0x13, 0xB7, 0x4C, 0xBC, 0x72, 0x85, 0xF6, 0xCF, 0x85, 0xA0, 0xB3,
    0xB3, 0x6D, 0x33, 0x80, 0x62, 0x54, 0x61, 0x3E, 0x10, 0x24, 0x1C, 0xA9, 0x12, 0x48, 0x68, 0xA0,
    0x20, 0x07, 0xC2, 0xB2, 0x2F, 0x47, 0x1C, 0x5B, 0xC4, 0x6B, 0xC4, 0xF2, 0x0F, 0x9F, 0x1F, 0xB8,
    0xE5, 0xF1, 0x77, 0x8C, 0x8A, 0xE9, 0x60, 0xFB, 0x5A, 0xA4, 0x80, 0x32, 0x90, 0x7A, 0x75, 0xC4,
    0x94, 0xB1, 0x74, 0x30, 0x13, 0xBB, 0x8E, 0xB6, 0xE5, 0x61, 0xB7, 0x2D, 0x0F, 0xF9, 0x5C, 0x79,
    0x58, 0xE5, 0x15, 0x4E, 0xCC, 0x5D, 0x4A, 0xAC, 0x19, 0xE5, 0x40, 0xBD, 0x12, 0xA8, 0x5B, 0x33,
    0xEA, 0x33, 0xE2, 0xBC, 0xD6, 0x0D, 0x25, 0x90, 0xD0, 0x40, 0x7E, 0x0E, 0xE4, 0x96, 0x40, 0x54,
    0x33, 0x1A, 0x32, 0xEA, 0x31, 0x0A, 0x05, 0x90, 0xF8, 0x1B, 0x90, 0xF7, 0x09, 0x90, 0x6B, 0x38,
    0xDA, 0x2D, 0x4A, 0x19, 0xC5, 0x6D, 0x5C, 0x07, 0xB3, 0x9E, 0xC2, 0xB7, 0x33, 0x34, 0x9A, 0x75,
    0x1B, 0x36, 0x2F, 0x73, 0x3E, 0x8A, 0x66, 0xF9, 0xA8, 0xA6, 0x54, 0x21, 0x1F, 0x89, 0x1C, 0x39,
    0xC5, 0x2F, 0x23, 0x34, 0xFA, 0x9C, 0x11, 0x9D, 0x8A, 0x89, 0xD5, 0xEC, 0x72, 0x23, 0xCE, 0x47,
    0x23, 0xCE, 0x47, 0xA3, 0xDE, 0x0C, 0xD9, 0xA7, 0xC8, 0x47, 0x6E, 0x85, 0xC4, 0xE1, 0x61, 0x21,
    0x8D, 0x9C, 0x06, 0x66, 0xA1, 0x76, 0xC7, 0x94, 0xCD, 0xE5, 0xA3, 0x97, 0x8F, 0xD7, 0x25, 0xF9,
    0x54, 0x22, 0x2B, 0x9B, 0x4D, 0x73, 0xF7, 0x2E, 0x53, 0x2A, 0x6E, 0xC4, 0x1C, 0x4E, 0xEA, 0xFE,
    0xBF, 0xB8, 0x56, 0xBC, 0xC8, 0x9D, 0xE0, 0x4C, 0xA2, 0x4B, 0x10, 0xC8, 0x2E, 0xC7, 0xA3, 0x02,
    0xCD, 0xEB, 0xDE, 0x18, 0xD3, 0x59, 0x46, 0x98, 0xB8, 0x83, 0xC5, 0xE2, 0xF2, 0x04, 0xBA, 0xC2,
    0xB1, 0x18, 0x73, 0x50, 0xC5, 0xDC, 0x0C, 0xFE, 0x8C, 0x5E, 0xBB, 0x5C, 0x1F, 0xE2, 0xB9, 0xB9,
    0x97, 0x70, 0x67, 0x8A, 0x62, 0x66, 0xE3, 0x37, 0x54, 0x58, 0xA2, 0x81, 0x78, 0xC2, 0xF2, 0x85,
    0xBF, 0xE1, 0xFD, 0x8E, 0x47, 0xBC, 0xB1, 0xC1, 0x71, 0xE9, 0x70, 0xB1, 0xF3, 0x1F, 0x71, 0xF5,
    0x7D, 0x0B, 0xAE, 0xB7, 0x87, 0x91, 0x18, 0x95, 0x70, 0x7B, 0x8E, 0x60, 0x43, 0x72, 0xC8, 0xF7,
    0x58, 0x48, 0xCE, 0x9D, 0xBB, 0x27, 0x56, 0xCF, 0xD0, 0x6D, 0x8B, 0x75, 0xAB, 0xA1, 0x1B, 0xD2,
    0x02, 0x74, 0xD3, 0x53, 0xDD, 0xE2, 0x12, 0xAF, 0x3D, 0x84, 0x5A, 0xCE, 0x97, 0xE8, 0x1E, 0xBC,
    0x1C, 0x2A, 0x08, 0x09, 0x65, 0x36, 0x59, 0xA3, 0x3E, 0xA3, 0x12, 0x6A, 0xA1, 0x95, 0x19, 0xC5,
    0xE8, 0x6C, 0xEA, 0xE8, 0x0E, 0xC8, 0x8B, 0x11, 0x74, 0x0B, 0x2A, 0x16, 0xB7, 0x82, 0x6E, 0xC1,
    0x44, 0x66, 0x32, 0x64, 0xDD, 0xBA, 0xAC, 0xDB, 0xF3, 0xC7, 0xF1, 0x71, 0x9B, 0xDA, 0x52, 0xDC,
    0x34, 0x05, 0xBE, 0x9D, 0xF7, 0xE2, 0x78, 0x8D, 0xB1, 0xC0, 0xE9, 0x37, 0x3C, 0x17, 0x64, 0x1B,
    0x9B, 0x98, 0x30, 0x51, 0x3D, 0x6E, 0x25, 0xD0, 0x61, 0x55, 0x58, 0xF7, 0xBB, 0x76, 0xDB, 0x24,
    0x35, 0xB2, 0xED, 0xDD, 0x9A, 0xC3, 0x9F, 0x49, 0xC4, 0xB2, 0xB9, 0xBC, 0xB7, 0xE1, 0xEA, 0x4B,
    0x94, 0xCA, 0xA2, 0x80, 0x4B, 0x58, 0xC4, 0x4E, 0x35, 0x44, 0x5F, 0x48, 0xC5, 0x54, 0xA2, 0xCB,
    0x10, 0x68, 0x9B, 0x57, 0xA9, 0x35, 0xD6, 0x27, 0x4E, 0x1D, 0xC0, 0xCD, 0x5E, 0x9B, 0xEE, 0xC6,
    0x5C, 0xE2, 0x94, 0xCD, 0x2D, 0xE3, 0x6C, 0x8B, 0xE7, 0x4E, 0x57, 0x4E, 0xB6, 0x1E, 0x45, 0x4C,
    0xCF, 0x36, 0xD4, 0x10, 0x7B, 0xC8, 0xDB, 0x84, 0xDC, 0x1D, 0xF1, 0xE2, 0xBB, 0xE6, 0x95, 0xC5,
    0x90, 0x3B, 0xF2, 0x2E, 0x1B, 0x36, 0xE2, 0x56, 0x5D, 0xB0, 0x9D, 0x83, 0xD1, 0xB4, 0x9B, 0xB7,
    0xEB, 0x54, 0xF7, 0x6C, 0x68, 0xE5, 0x74, 0x9B, 0x63, 0xDE, 0xE1, 0xA6, 0x58, 0xC5, 0x3B, 0xEF,
    0x97, 0x3D, 0x48, 0xD6, 0x6B, 0x72, 0xC1, 0x11, 0x20, 0x69, 0x61, 0xD8, 0x83, 0x21, 0x51, 0x11,
    0xCB, 0xA6, 0x65, 0x7A, 0xFC, 0xD4, 0x36, 0x88, 0x56, 0xB1, 0xD8, 0x47, 0xFA, 0x09, 0x9E, 0x8C,
    0x91, 0x02, 0x62, 0x18, 0x86, 0x8D, 0x14, 0xCA, 0x2E, 0xF4, 0x4A, 0xF0, 0x57, 0x02, 0xAD, 0x12,
    0xAC, 0x21, 0xD0, 0x57, 0x50, 0x82, 0x78, 0x4C, 0xA0, 0x56, 0xE2, 0xE1, 0x33, 0x12, 0x43, 0x42,
    0x71, 0x81, 0x24, 0x50, 0x23, 0x8F, 0x8C, 0x01, 0x3D, 0xEE, 0xD3, 0xED, 0xDD, 0xA7, 0x24, 0x11,
    0xDF, 0xD6, 0x89, 0xCB, 0x39, 0xE7, 0x4A, 0x63, 0xAE, 0xA2, 0xB5, 0xDF, 0x91, 0xDD, 0x22, 0xB5,
    0x3B, 0x16, 0xC7, 0xEE, 0xDF, 0xE6, 0x8B, 0xAC, 0x22, 0xDE, 0x5E, 0x15, 0x2A, 0xE5, 0xAE, 0x5E,
    0x35, 0xDD, 0x39, 0x06, 0x2E, 0x1A, 0xED, 0x64, 0x46, 0x07, 0xF0, 0x8D, 0x48, 0x05, 0x9A, 0x8D,
    0xDD, 0xB5, 0x20, 0x74, 0x8C, 0xA4, 0x12, 0x9A, 0x6F, 0xB4, 0x6F, 0x5E, 0xD2, 0x34, 0x9B, 0xB8,
    0xB5, 0xB6, 0xD1, 0x1F, 0x35, 0x46, 0x66, 0x5E, 0x01, 0x5D, 0x0C, 0x2F, 0x01, 0xC5, 0x62, 0xC4,
    0xF2, 0x70, 0x48, 0xDC, 0x69, 0x34, 0x9B, 0x37, 0xE7, 0xCC, 0x67, 0x9B, 0xA4, 0x37, 0x71, 0xB5,
    0xFF, 0xE8, 0xCF, 0x3A, 0xF0, 0x8C, 0x12, 0x94, 0x9D, 0xBF, 0x2E, 0x92, 0x1A, 0xF9, 0x51, 0x74,
    0x9C, 0xFD, 0x67, 0xCF, 0x9F, 0x3E, 0xC7, 0x36, 0xDB, 0xE9, 0x7E, 0x07, 0xF5, 0xF8, 0x1A, 0xDA,
    0x66, 0xB4, 0x51, 0xAF, 0xA3, 0x5A, 0x5C, 0xCD, 0x2F, 0x60, 0xFE, 0x29, 0xAB, 0x7C, 0x23, 0x03,
    0x33, 0x8A, 0x4C, 0x2E, 0xF6, 0x63, 0x74, 0xC4, 0xA0, 0x57, 0x71, 0xF9, 0x45, 0x01, 0xEA, 0x03,
    0xE7, 0xD4, 0xA1, 0xC5, 0x4C, 0xA3, 0xD7, 0xCB, 0xB0, 0x1A, 0x1D, 0x07, 0x8F, 0xFD, 0xCF, 0x07,
    0xEF, 0x86, 0x8A, 0xC3, 0x35, 0xB6, 0x8B, 0xE0, 0x9E, 0xDD, 0xF2, 0x07, 0x27, 0x88, 0x1C, 0xCB,
    0x74, 0x42, 0x77, 0x43, 0x53, 0xC7, 0xBC, 0xED, 0xA4, 0x82, 0x66, 0xE7, 0x69, 0xB9, 0xE1, 0x94,
    0x8E, 0x38, 0x77, 0xC8, 0xA0, 0x0A, 0xAD, 0xB4, 0x71, 0x1B, 0x57, 0xC9, 0x29, 0xE8, 0xB5, 0x1E,
    0xC9, 0xAB, 0x43, 0x51, 0xFA, 0xD2, 0xE3, 0xA6, 0x3A, 0x1B, 0x37, 0x2B, 0x4A, 0xF6, 0x4D, 0x56,
    0x77, 0xBA, 0xD1, 0x6E, 0x7F, 0xA5, 0x51, 0x33, 0x16, 0x76, 0x7B, 0x92, 0xCB, 0xC5, 0xB8, 0x25,
    0x22, 0xEC, 0x2E, 0xE1, 0xBC, 0x43, 0xA7, 0x36, 0x87, 0x41, 0xBF, 0x50, 0x09, 0xE9, 0xC3, 0x2E,
    0x5E, 0x81, 0xBE, 0x16, 0xF1, 0xE9, 0x96, 0x29, 0x72, 0x5B, 0x3A, 0x18, 0x1C, 0x9C, 0x96, 0x23,
    0x28, 0x5C, 0xE5, 0xF1, 0xC2, 0x9A, 0xB7, 0xF0, 0x1D, 0x79, 0x22, 0x76, 0xD2, 0xE3, 0xD8, 0x11,
    0xDF, 0x8D, 0x9D, 0x73, 0xE3, 0x15, 0xE6, 0x8D, 0x4F, 0x8C, 0x10, 0x3B, 0x58, 0xE6, 0x61, 0x49,
    0x29, 0xDB, 0xDE, 0xED, 0xFC, 0xF8, 0x60, 0x19, 0x09, 0x9F, 0xB6, 0x7D, 0xD4, 0x69, 0xBF, 0x3E,
    0x1F, 0x3D, 0x36, 0x60, 0x2D, 0x78, 0x4E, 0x81, 0xA6, 0xA8, 0xED, 0x78, 0x9D, 0xEA, 0x7F, 0x9F,
    0x3C, 0xC9, 0xCD, 0x6E, 0x7F, 0x32, 0x6B, 0x92, 0x93, 0xFF, 0x73, 0xDA, 0x7D, 0x13, 0x48, 0xAB,
    0xFC, 0x8F, 0xB1, 0xA8, 0xA9, 0x3A, 0xF0, 0xDF, 0xD9, 0x91, 0xFC, 0xC0, 0x8B, 0xA8, 0xEF, 0xE5,
    0x47, 0x7E, 0x71, 0xC3, 0x55, 0xC7, 0xB1, 0x57, 0xFD, 0xB0, 0xCB, 0xFE, 0x9E, 0x59, 0xD3, 0x21,
    0x65, 0xBF, 0x45, 0x4B, 0x37, 0xB1, 0x3F, 0x77, 0x50, 0x7A, 0x04, 0x3F, 0xC5, 0x72, 0x5D, 0xB2,
    0x33, 0x23, 0x8A, 0x16, 0x5F, 0x2A, 0xC8, 0x3C, 0x29, 0xFD, 0x49, 0x56, 0x61, 0xD9, 0xC7, 0x4F,
    0xB8, 0x4E, 0xD5, 0xBC, 0xBB, 0xDB, 0x6D, 0xEE, 0xFC, 0x19, 0x5D, 0x20, 0x32, 0x8F, 0xF2, 0x0A,
    0xCC, 0x83, 0x86, 0x6D, 0x25, 0xC7, 0x94, 0xDD, 0x6E, 0xD8, 0xE6, 0x7D, 0x16, 0x57, 0x07, 0xC8,
    0x7B, 0xC2, 0xE6, 0xBD, 0x87, 0x73, 0xD3, 0xD7, 0x0F, 0x47, 0xD4, 0xCF, 0x0C, 0xA5, 0x9F, 0x45,
    0x2A, 0x95, 0xA2, 0xFD, 0x4D, 0xC4, 0xCF, 0xCF, 0x0A, 0x96, 0x48, 0x79, 0x62, 0xEB, 0xC6, 0xD6,
    0xA5, 0xFC, 0x3B, 0x75, 0xA9, 0xF5, 0x13, 0x8E, 0xF1, 0x5C, 0x28, 0xEB, 0x49, 0x55, 0xAF, 0xE9,
    0xC2, 0x19, 0x86, 0x2D, 0x70, 0xFD, 0x45, 0x1F, 0x8B, 0x96, 0x1A, 0x63, 0x82, 0x42, 0xE4, 0xB3,
    0x18, 0x9F, 0xC5, 0xD6, 0x52, 0xEB, 0x49, 0xE3, 0xA6, 0xFF, 0x63, 0x5E, 0x4F, 0x8F, 0xAD, 0x1F,
    0xCF, 0x6B, 0x56, 0x97, 0x12, 0xA4, 0x15, 0x5B, 0x97, 0xD4, 0xB9, 0xF3, 0x41, 0x5D, 0x72, 0x27,
    0x6E, 0x6E, 0xEB, 0xD2, 0x8B, 0xC8, 0xCF, 0xA7, 0xEA, 0xD2, 0xB9, 0xF0, 0x68, 0xEA, 0x92, 0xE4,
    0xBA, 0x44, 0x4F, 0x8F, 0xDF, 0x1F, 0x69, 0xAB, 0x26, 0xDF, 0x34, 0xBF, 0x55, 0x85, 0xC5, 0x34,
    0x2D, 0x11, 0x2D, 0x9E, 0xFA, 0x2D, 0xF0, 0xE4, 0xD1, 0xFC, 0xBE, 0xD8, 0xE0, 0xEF, 0x1F, 0xD5,
    0x50, 0x38, 0x49, 0x59, 0xCC, 0x53, 0x4E, 0xEB, 0x0E, 0xE4, 0xAF, 0xE0, 0xF7, 0x85, 0x50, 0x3E,
    0xE4, 0x17, 0x90, 0xBF, 0x03, 0xD9, 0xCB, 0x61, 0xDF, 0xCD, 0x87, 0x7D, 0x5F, 0xF6, 0x93, 0x75,
    0x1A, 0x76, 0x3B, 0x90, 0xBF, 0xA4, 0x1A, 0xD1, 0x51, 0x0A, 0xC8, 0x1F, 0x42, 0xFE, 0xAD, 0x74,
    0x4C, 0xD7, 0xDB, 0xB9, 0xE6, 0x52, 0x10, 0xCC, 0xF5, 0x57, 0xF4, 0x1D, 0xBF, 0xEA, 0xDB, 0xFD,
    0xDD, 0xB3, 0x41, 0x82, 0xA4, 0xBF, 0x47, 0x91, 0x8E, 0x65, 0xA6, 0x23, 0xF3, 0x1F, 0x1D, 0x70,
    0x6D, 0x9D, 0xD6, 0x22, 0xBB, 0xD1, 0x35, 0x6A, 0x0A, 0x12, 0xFB, 0x2F, 0xC7, 0xCC, 0xB5, 0x0B,
    0xE2, 0x15, 0xC3, 0x65, 0x51, 0x6C, 0xDD, 0x2F, 0xB1, 0xE8, 0xD3, 0x7D, 0x12, 0xB4, 0x7E, 0xEE,
    0x7C, 0x78, 0xF6, 0x9B, 0xA7, 0x47, 0xE4, 0xCA, 0x1B, 0x17, 0x64, 0x33, 0x1B, 0xF7, 0x72, 0x2E,
    0xEE, 0xE7, 0xDB, 0x44, 0x6E, 0x4A, 0x6C, 0x2E, 0x8C, 0x1A, 0x6F, 0x87, 0x3F, 0x78, 0xB9, 0xAF,
    0x03, 0xED, 0xC1, 0xB3, 0xDD, 0x52, 0x48, 0x8E, 0x61, 0x3B, 0xA2, 0x8F, 0xC4, 0xDF, 0xC1, 0xE8,
    0xCD, 0x07, 0x70, 0x2A, 0xAE, 0xCF, 0x65, 0xFB, 0x5F, 0x1E, 0x4D, 0xAB, 0x64, 0xB7, 0xA9, 0x91,
    0x62, 0x56, 0x31, 0x45, 0x11, 0x58, 0x6D, 0xAA, 0x59, 0x8D, 0xF8, 0x7E, 0x88, 0xC6, 0xB4, 0x87,
    0x38, 0x4A, 0x8B, 0x48, 0xA7, 0x58, 0x2E, 0x27, 0xA8, 0x96, 0x9C, 0x35, 0x00, 0xD5, 0x3C, 0xB8,
    0x25, 0x3F, 0xDB, 0x83, 0x02, 0xA9, 0xC2, 0x58, 0xD4, 0xCE, 0x04, 0x31, 0x98, 0xC0, 0x0F, 0x9F,
    0x46, 0x77, 0x6A, 0x4D, 0xD6, 0x88, 0x33, 0x3C, 0x1D, 0x3C, 0xFB, 0x93, 0xE9, 0xFC, 0x5F, 0x9D,
    0x50, 0xA1, 0x52, 0x03, 0x31, 0x10, 0x7D, 0x69, 0x0A, 0x27, 0x32, 0x73, 0x39, 0xD1, 0xCE, 0x60,
    0x68, 0x11, 0xA8, 0x4E, 0x6F, 0x06, 0x89, 0x28, 0x5C, 0x3C, 0xA2, 0x08, 0x5C, 0xFF, 0xA0, 0xBA,
    0x02, 0x97, 0x18, 0x3E, 0x81, 0x3F, 0x40, 0x9D, 0x29, 0xA2, 0x3E, 0xF7, 0x09, 0xF9, 0x84, 0x68,
    0x30, 0x11, 0x27, 0x4E, 0x35, 0x2C, 0x07, 0xED, 0xD0, 0xDE, 0x60, 0xBA, 0x3B, 0x2F, 0xBB, 0x6F,
    0x77, 0x67, 0x5F, 0x66, 0x27, 0x25, 0x26, 0x25, 0x00, 0x1B, 0xED, 0x16, 0x6D, 0x8C, 0x6E, 0x59,
    0x96, 0xE6, 0x38, 0x6F, 0x59, 0x8C, 0x5B, 0xE2, 0x7B, 0x33, 0x3F, 0xC4, 0x5C, 0x0D, 0x6E, 0xAE,
    0x4F, 0xF3, 0x2C, 0x63, 0x10, 0xEA, 0x12, 0xB7, 0x58, 0x41, 0x2B, 0x6D, 0x0A, 0x75, 0x86, 0x0B,
    0x68, 0x58, 0x53, 0x18, 0xAE, 0x12, 0x8C, 0xF0, 0x8C, 0x0C, 0x39, 0x55, 0x34, 0x04, 0x79, 0x8A,
    0x19, 0x36, 0x50, 0x60, 0xC8, 0x24, 0xF3, 0x53, 0x6E, 0x56, 0x02, 0xEF, 0x29, 0xAC, 0xF4, 0x76,
    0x1E, 0xB4, 0x08, 0x7D, 0xA6, 0x06, 0x3D, 0x65, 0xA5, 0x8B, 0x32, 0xE8, 0x79, 0x48, 0xE0, 0x25,
    0xDC, 0x94, 0x57, 0x1B, 0x09, 0xD5, 0x47, 0xCE, 0x2B, 0x2D, 0x3C, 0x8D, 0x09, 0x16, 0x04, 0x42,
    0xCA, 0xDC, 0x6C, 0xD7, 0xA2, 0x8D, 0x80, 0xA8, 0x7E, 0x61, 0x0E, 0x30, 0x7C, 0x78, 0x79, 0xD4,
    0x31, 0x36, 0x7A, 0xFD, 0x59, 0x23, 0xA1, 0x5A, 0x62, 0x3A, 0x33, 0x87, 0xA8, 0xBA, 0x38, 0x37,
    0xFF, 0x6B, 0xD0, 0xBE, 0xE5, 0xFA, 0xE3, 0xED, 0x5B, 0x63, 0xB8, 0x78, 0x7D, 0xDA, 0x6B, 0x1C,
    0xA1, 0xFD, 0x03, 0xA1, 0xAB, 0xFF, 0x47, 0x03, 0x63, 0x57, 0xD4, 0xBA, 0xD1, 0x4D, 0x11, 0xA4,
    0x03, 0xEE, 0x48, 0x35, 0x58, 0x80, 0x37, 0xED, 0x93, 0x13, 0xF5, 0x63, 0xF4, 0x3C, 0xEE, 0x51,
    0x98, 0xA4, 0x86, 0xA5, 0xC0, 0x6B, 0xBA, 0xEE, 0x88, 0x1A, 0x74, 0xE8, 0x2F, 0xD4, 0xBD, 0x7D,
    0x8C, 0x1C, 0x67, 0x7A, 0x27, 0xF6, 0x56, 0xD5, 0x0C, 0x4B, 0x62, 0x71, 0x59, 0x93, 0x84, 0x5C,
    0xCB, 0x22, 0x39, 0xA5, 0x04, 0x0C, 0xA0, 0xA3, 0xC9, 0x69, 0xFD, 0xC1, 0x0B, 0xB8, 0x41, 0xF7,
    0x74, 0xAD, 0x64, 0x9F, 0x02, 0x28, 0x59, 0xCD, 0xC5, 0xD3, 0xD4, 0x9D, 0x79, 0x31, 0x15, 0x60,
    0x03, 0xF8, 0xB8, 0xC9, 0x8E, 0x02, 0xE8, 0x72, 0x6D, 0xA7, 0x87, 0x5D, 0x5A, 0xC1, 0xD6, 0x21,
    0x6B, 0xDC, 0xCE, 0x01, 0xAB, 0x33, 0x10, 0x23, 0x59, 0xE6, 0x2C, 0xE3, 0xA8, 0x1E, 0xD8, 0xC3,
    0x03, 0xC6, 0x49, 0xEB, 0xD0, 0x33, 0x5D, 0x94, 0xCE, 0x59, 0x04, 0xFA, 0x63, 0x4B, 0x92, 0xE9,
    0xFD, 0x63, 0x13, 0xAB, 0xB4, 0x5A, 0xDE, 0x7A, 0xB9, 0x88, 0x59, 0xD2, 0xD6, 0xEC, 0x36, 0x47,
    0x3D, 0x5D, 0x79, 0x7E, 0xCF, 0xF3, 0x56, 0x77, 0x75, 0x4F, 0xF3, 0x43, 0xDA, 0x4D, 0x80, 0xB4,
    0x46, 0xFD, 0x63, 0x57, 0xBD, 0x55, 0xF5, 0xD6, 0xFB, 0xF1, 0xBC, 0xCF, 0xF7, 0x3B, 0xA3, 0xD4,
    0x82, 0x52, 0xD5, 0x40, 0xB9, 0xB1, 0xB2, 0x7A, 0x4A, 0x0D, 0xE4, 0x87, 0xAF, 0xF8, 0x63, 0xF7,
    0xD4, 0xC2, 0x8A, 0x7A, 0xD1, 0x0A, 0xAE, 0x99, 0xE1, 0x35, 0x23, 0xA4, 0xEF, 0x73, 0xB6, 0xEF,
    0x0D, 0x94, 0xF9, 0x9A, 0x9C, 0x57, 0xE7, 0xD4, 0x09, 0xBA, 0x40, 0x55, 0x7D, 0xB5, 0x45, 0xA0,
    0xFA, 0x6A, 0x55, 0xA9, 0x1E, 0x81, 0x99, 0xA8, 0x54, 0x59, 0xB1, 0x91, 0x28, 0x3B, 0xB4, 0x62,
    0xE5, 0x04, 0x56, 0xA8, 0x5C, 0x02, 0xE5, 0x11, 0xA8, 0x33, 0xF8, 0x2A, 0x13, 0xA8, 0xB3, 0xEA,
    0xB4, 0xCA, 0x3F, 0xC6, 0x12, 0x43, 0x33, 0xE6, 0x27, 0xA7, 0xCA, 0xA4, 0x4A, 0x2C, 0x2A, 0x65,
    0xD2, 0xEF, 0x94, 0xA0, 0xAF, 0xE8, 0x1E, 0xCA, 0xFC, 0x8E, 0x72, 0xE8, 0xB8, 0xF9, 0x56, 0x70,
    0x98, 0x4A, 0x99, 0xD7, 0x23, 0x5C, 0x6F, 0x86, 0xF1, 0x39, 0xBA, 0x97, 0x15, 0xBC, 0xF0, 0x02,
    0xDD, 0xD7, 0xF6, 0xCF, 0x5D, 0xA3, 0x4A, 0x6D, 0xAB, 0x32, 0xC1, 0x7F, 0xF4, 0x03, 0x75, 0x3A,
    0xC6, 0x73, 0x86, 0x70, 0x4D, 0x79, 0x29, 0xC3, 0x65, 0x82, 0x73, 0x2F, 0xA8, 0x64, 0x93, 0x8E,
    0x9F, 0x53, 0xF1, 0x8B, 0x4A, 0xBD, 0x70, 0x5A, 0xD1, 0x25, 0x2A, 0x39, 0x4C, 0xEF, 0x45, 0x37,
    0x75, 0x7C, 0x7A, 0x39, 0x9B, 0xAA, 0x4E, 0xB5, 0xF5, 0xA8, 0x12, 0xF4, 0xC4, 0x06, 0xDD, 0x78,
    0x8B, 0x5E, 0x0C, 0x15, 0x34, 0xBA, 0xDC, 0x4A, 0xDE, 0x0F, 0xB8, 0xDA, 0x33, 0x6A, 0xF4, 0xF9,
    0x02, 0x7F, 0x37, 0xF8, 0xBB, 0xC3, 0xDF, 0x29, 0xBE, 0xA8, 0x51, 0xE8, 0x63, 0xC9, 0xFB, 0x65,
    0x59, 0x46, 0x4D, 0xC2, 0xDF, 0x74, 0x6F, 0x37, 0xC0, 0xAB, 0x7A, 0x3E, 0x8A, 0x57, 0x95, 0x41,
    0xC5, 0x57, 0x95, 0x95, 0xA0, 0x41, 0xDD, 0x10, 0xD7, 0x55, 0xBF, 0x18, 0xD0, 0x75, 0x5B, 0x56,
    0x8F, 0x7E, 0x9E, 0x33, 0xB2, 0x8B, 0x78, 0x72, 0x69, 0xC0, 0xB7, 0x1B, 0x48, 0xAB, 0x05, 0xF8,
    0x76, 0xF9, 0x09, 0xD4, 0x54, 0xF8, 0xD4, 0xF9, 0x7B, 0x8E, 0xBF, 0x4D, 0xFE, 0xA6, 0x8B, 0x71,
    0x1D, 0x17, 0xBD, 0xCC, 0x47, 0xA8, 0xE4, 0x63, 0xFC, 0xA0, 0x6D, 0xE5, 0x44, 0x4A, 0x75, 0x43,
    0xAA, 0x82, 0x72, 0x7B, 0x38, 0x69, 0x64, 0x7C, 0x9B, 0x2A, 0xDF, 0xD2, 0xED, 0xF1, 0xAB, 0x66,
    0x7C, 0xA4, 0x14, 0xE1, 0x4A, 0xA7, 0xA7, 0x8E, 0x98, 0xA9, 0x91, 0xA9, 0x86, 0x1D, 0xD3, 0x00,
    0x28, 0x7B, 0x81, 0x3A, 0xAC, 0xCA, 0x55, 0x94, 0x28, 0xF3, 0x95, 0x8B, 0xFC, 0xD2, 0x55, 0x7E,
    0xDD, 0x2A, 0x3F, 0xB9, 0xCA, 0x0D, 0x36, 0xAF, 0xC6, 0x3E, 0xA5, 0x0C, 0x25, 0x4C, 0x6A, 0x09,
    0x3C, 0xA1, 0xC7, 0xFD, 0x4F, 0x2D, 0x4B, 0x83, 0xD1, 0xC0, 0x43, 0xB7, 0x95, 0x8D, 0xF3, 0x9E,
    0xCF, 0x95, 0x77, 0x42, 0x4F, 0xDA, 0x70, 0x91, 0x47, 0x4C, 0x52, 0xE1, 0x5B, 0x24, 0xD2, 0xD4,
    0xA9, 0x40, 0xBB, 0x3D, 0x06, 0x8D, 0x22, 0xA4, 0xFA, 0x82, 0x05, 0xE9, 0x0F, 0xB9, 0x59, 0xA4,
    0x6F, 0xCD, 0x3D, 0x53, 0xF2, 0x0D, 0xD4, 0x7E, 0x8B, 0x9A, 0xD4, 0xC7, 0xF8, 0x57, 0xDE, 0x9D,
    0x5F, 0xEB, 0x46, 0x5C, 0x41, 0x6E, 0xE9, 0x63, 0xD9, 0x5A, 0xA1, 0xF2, 0x4B, 0xE8, 0x5A, 0xEA,
    0x1F, 0x0C, 0x6F, 0x0C, 0x6E, 0x1A, 0xD5, 0x34, 0xFE, 0x69, 0xD8, 0x5B, 0x91, 0x8C, 0x76, 0x55,
    0xE1, 0x21, 0xD0, 0xE0, 0x7F, 0xB8, 0x78, 0x0A, 0x4E, 0x51, 0x01, 0xD5, 0xE6, 0x43, 0x54, 0x82,
    0xCA, 0xE9, 0x43, 0x68, 0xB0, 0x23, 0x7C, 0x0F, 0xAA, 0x1F, 0xCD, 0x41, 0x3B, 0xCC, 0x47, 0x7F,
    0x83, 0xA7, 0xC2, 0xF0, 0x7A, 0x25, 0xD7, 0xB7, 0xA7, 0x3C, 0x29, 0xC1, 0x00, 0xA3, 0x0B, 0xE9,
    0xF2, 0x05, 0xBE, 0x15, 0x37, 0x94, 0xE1, 0x2B, 0x87, 0xEA, 0x78, 0x98, 0xE6, 0xCE, 0x69, 0xBA,
    0xCB, 0x39, 0x1A, 0xD8, 0x9B, 0x74, 0x2E, 0x79, 0x51, 0x99, 0x11, 0x5D, 0x71, 0x3D, 0x52, 0xF6,
    0x53, 0x74, 0x8D, 0xED, 0xAB, 0x13, 0x98, 0x9A, 0x74, 0xFA, 0x45, 0x3A, 0xFD, 0x22, 0x4D, 0xAE,
    0x32, 0x8D, 0xFA, 0x13, 0x0E, 0x3D, 0xDB, 0x0E, 0xB8, 0x0C, 0xCA, 0x1A, 0x74, 0x0D, 0xAE, 0xE5,
    0x42, 0x28, 0x7C, 0xC6, 0x55, 0x7C, 0xB1, 0x43, 0x05, 0x0C, 0x43, 0x2D, 0xD1, 0x4B, 0x5C, 0xA3,
    0x53, 0xE7, 0x68, 0x86, 0x9F, 0xA6, 0xEB, 0x0F, 0xD3, 0xF5, 0x8E, 0x45, 0xAF, 0xF9, 0x35, 0xBA,
    0x3E, 0x8C, 0x95, 0x11, 0xD3, 0x34, 0x4B, 0xCE, 0x15, 0x1E, 0xA0, 0xAF, 0x9F, 0xAC, 0x40, 0x52,
    0xE7, 0x67, 0xE1, 0x1A, 0xFB, 0x49, 0xAA, 0x1F, 0xDD, 0x63, 0xDE, 0x91, 0x4B, 0xCE, 0xD1, 0xA5,
    0xD7, 0xE8, 0x16, 0x73, 0x34, 0xC0, 0x4F, 0xB5, 0xAE, 0x54, 0xB3, 0xA4, 0x52, 0x5B, 0x2A, 0xF3,
    0x1B, 0x3F, 0xF8, 0x5F, 0xDE, 0x87, 0xC9, 0xA7, 0xFA, 0x3B, 0x5A, 0x4B, 0xE8, 0x71, 0xF4, 0xD0,
    0x4B, 0xAD, 0xAB, 0x7F, 0x5C, 0xFB, 0x07, 0x6B, 0xEA, 0x10, 0xFE, 0x9A, 0xFD, 0xB5, 0x25, 0xF5,
    0x20, 0x7F, 0x7F, 0xBC, 0xA6, 0x2E, 0xAD, 0xF1, 0xC4, 0x3D, 0x70, 0xE0, 0x01, 0xFF, 0xAA, 0x83,
    0x03, 0x4F, 0x28, 0xFC, 0xFD, 0xED, 0xDA, 0x6F, 0x9C, 0x6A, 0xBD, 0x7E, 0xA9, 0x15, 0x74, 0x33,
    0xD5, 0xDD, 0x53, 0xDD, 0x9E, 0xEA, 0x26, 0x8A, 0x86, 0x67, 0x37, 0x54, 0xDD, 0x00, 0xD3, 0xA6,
    0xAB, 0xF0, 0xB7, 0xCD, 0x7F, 0x5B, 0xFC, 0x27, 0xFF, 0x96, 0xE3, 0x28, 0x10, 0x70, 0xE1, 0x88,
    0x2F, 0xEC, 0xF1, 0x4D, 0x32, 0xFF, 0x52, 0xCB, 0x3F, 0xD5, 0x5A, 0x73, 0xB3, 0xD8, 0xCA, 0x62,
    0x83, 0xE6, 0x23, 0xFD, 0x55, 0xF9, 0xCF, 0x8B, 0xB1, 0x30, 0xD0, 0x9F, 0x13, 0x63, 0x1E, 0x16,
    0xFF, 0x1C, 0xFE, 0x93, 0xB3, 0x1E, 0x17, 0x6E, 0xE2, 0x42, 0xBA, 0xDC, 0xCE, 0x62, 0xBA, 0xD5,
    0xA3, 0xAD, 0xB5, 0x2A, 0x4D, 0xEA, 0xCC, 0x97, 0xEF, 0xA3, 0x35, 0xFA, 0xA8, 0xFD, 0x9F, 0x62,
    0x99, 0x53, 0xAD, 0x6E, 0xAB, 0x85, 0x39, 0x28, 0x84, 0xE1, 0xE7, 0xF8, 0x3E, 0x85, 0xFF, 0x5B,
    0xF8, 0xC8, 0x03, 0xB2, 0x4F, 0x0F, 0x0F, 0xFE, 0xF9, 0xAC, 0x4F, 0xD0, 0x15, 0xC4, 0xE7, 0x61,
    0x22, 0x37, 0xCA, 0x4C, 0x95, 0x17, 0x62, 0x1A, 0x97, 0x3F, 0xD3, 0x1F, 0x16, 0x90, 0x48, 0x99,
    0x3D, 0xAC, 0x20, 0x6A, 0x96, 0x6E, 0xFA, 0x04, 0x75, 0xBF, 0x17, 0xD2, 0x81, 0x55, 0x5A, 0x6A,
    0xEF, 0xFF, 0xDF, 0xAA, 0x95, 0x96, 0x82, 0x2D, 0x5A, 0x0F, 0x5A, 0xAD, 0x2B, 0x81, 0x11, 0x05,
    0x07, 0x55, 0x70, 0x52, 0x05, 0xCF, 0xAB, 0x20, 0x50, 0x5F, 0xF3, 0xD5, 0xCB, 0x4A, 0xFD, 0xAE,
    0x52, 0xFF, 0xE4, 0x9E, 0x7F, 0xBF, 0xA7, 0x50, 0xEC, 0x25, 0x5F, 0x05, 0x21, 0x5F, 0xF8, 0x88,
    0x0A, 0x0E, 0x28, 0xBA, 0xD5, 0xA5, 0xD6, 0x95, 0x53, 0xAD, 0xAB, 0x9F, 0x53, 0x0F, 0x19, 0xC1,
    0x43, 0xEA, 0xF9, 0x87, 0xD4, 0x23, 0x0F, 0xA9, 0x87, 0x1E, 0x52, 0x26, 0xFF, 0x19, 0xC5, 0x1B,
    0xFC, 0xBD, 0xC2, 0x5F, 0x7E, 0xD0, 0xF8, 0x4F, 0x94, 0xC5, 0x25, 0xE9, 0x92, 0x93, 0xB8, 0xDC,
    0x0C, 0x1E, 0x3A, 0xA1, 0x1E, 0xA2, 0x1B, 0xEA, 0xC5, 0xE4, 0x7F, 0xF3, 0x6D, 0x3F, 0x3C, 0x67,
    0x44, 0x91, 0xA3, 0xC2, 0x17, 0xD5, 0xF5, 0x50, 0x5D, 0x0F, 0x1E, 0xF8, 0x2F, 0x54, 0x61, 0x5D,
    0x45, 0x8E, 0x7F, 0x5A, 0x45, 0xF6, 0x4B, 0xA1, 0xFA, 0xC7, 0x4A, 0x1D, 0xD4, 0x9D, 0x4A, 0x94,
    0xE8, 0x73, 0xB1, 0x3A, 0x3B, 0xAF, 0xCE, 0x9A, 0x74, 0xE3, 0x27, 0x8C, 0xF8, 0x09, 0x75, 0xF2,
    0x09, 0x75, 0xE4, 0x81, 0xFF, 0xCE, 0x3E, 0x61, 0x44, 0x4F, 0x1C, 0x56, 0x2F, 0x9C, 0xB5, 0xC2,
    0x93, 0x67, 0x70, 0x2B, 0x9B, 0x6F, 0x7B, 0xA9, 0x45, 0xF3, 0x4D, 0x5D, 0x8B, 0x7F, 0x31, 0x7F,
    0x3C, 0x75, 0x69, 0x1C, 0x05, 0xD5, 0x2C, 0x34, 0xDF, 0xFC, 0xC5, 0xFC, 0xD1, 0xAD, 0x8E, 0xD6,
    0xFC, 0xE1, 0xEA, 0xCC, 0x0B, 0x3F, 0x2D, 0x7E, 0x38, 0xE2, 0xDC, 0x59, 0xA1, 0xE5, 0x68, 0xB3,
    0x14, 0x10, 0x87, 0x61, 0xA4, 0xAB, 0xA0, 0x27, 0x0E, 0x38, 0x2F, 0x6F, 0xB7, 0x0B, 0x9E, 0xC2,
    0x92, 0x15, 0x52, 0xAD, 0x5C, 0xC1, 0x2A, 0xB6, 0xC8, 0xAB, 0x3E, 0xF1, 0x71, 0x20, 0x3C, 0x68,
    0x61, 0x2C, 0xFF, 0x44, 0x28, 0x8C, 0x3D, 0x2C, 0xB2, 0xE0, 0x48, 0x0C, 0x5E, 0xFE, 0x32, 0xAC,
    0xB2, 0xC4, 0x93, 0x80, 0x5D, 0x39, 0xC8, 0xD3, 0x60, 0x0F, 0x24, 0xE5, 0x32, 0x38, 0x13, 0x7C,
    0xCE, 0xF2, 0x78, 0x26, 0x52, 0x63, 0x80, 0x37, 0x55, 0x73, 0x07, 0xC1, 0x63, 0x96, 0x42, 0xE6,
    0x56, 0xBB, 0x7C, 0x07, 0x23, 0xAF, 0xAC, 0x29, 0xF3, 0x4A, 0x83, 0xAA, 0x15, 0x49, 0x8E, 0x81,
    0xB9, 0xF6, 0xFA, 0x44, 0x91, 0x19, 0xE6, 0x80, 0xFC, 0x2F, 0xFC, 0x07, 0x41, 0xFF, 0xE1, 0xFF,
    0x72, 0x73, 0x6D, 0x23, 0xEE, 0xFF, 0xCA, 0x5F, 0x1F, 0x0A, 0x9F, 0xB8, 0xD2, 0x3F, 0x7E, 0xF6,
    0xD0, 0x1A, 0xC1, 0x23, 0x27, 0x0F, 0xBD, 0xF0, 0x85, 0xB0, 0x7F, 0xF8, 0xDA, 0xC9, 0xCF, 0x1D,
    0x50, 0x7D, 0xF3, 0xA5, 0xC8, 0x52, 0xBE, 0x9A, 0x31, 0x7D, 0xD3, 0x0F, 0xD5, 0x21, 0x4B, 0xA9,
    0xF0, 0xAC, 0x3A, 0xFB, 0x39, 0xE2, 0x1B, 0xDD, 0x3F, 0x8C, 0xCE, 0x62, 0x2C, 0x2E, 0x9B, 0xB4,
    0x36, 0x1B, 0x77, 0x7E, 0x6D, 0x0B, 0x4F, 0x3C, 0xD0, 0xA2, 0x36, 0xFB, 0x72, 0xFB, 0x2E, 0x9F,
    0x2F, 0xD3, 0x39, 0x59, 0xC4, 0x8F, 0x80, 0x39, 0xF9, 0x2C, 0x7F, 0x6A, 0xF4, 0xB7, 0x8C, 0x07,
    0x5E, 0x61, 0x96, 0xA8, 0x8E, 0xAF, 0x86, 0x7C, 0x25, 0xBF, 0xE0, 0xAF, 0xFC, 0xCE, 0xBF, 0xA5,
    0x98, 0x5F, 0x29, 0x7E, 0x5D, 0x19, 0xD1, 0x43, 0x62, 0x3D, 0xE6, 0x98, 0x99, 0xED, 0x31, 0x39,
    0xDE, 0xE6, 0xB1, 0x50, 0x62, 0xCA, 0x66, 0x27, 0xE0, 0x51, 0x88, 0xC3, 0xC2, 0xB0, 0x6A, 0x32,
    0x43, 0xEC, 0xBD, 0x05, 0xB6, 0xCB, 0xFE, 0x24, 0x64, 0x9E, 0x93, 0x79, 0xD3, 0x26, 0x0F, 0xBF,
    0x6E, 0xC8, 0x5D, 0x8A, 0x32, 0xCE, 0xF7, 0x51, 0xBE, 0x14, 0x62, 0x7C, 0x65, 0x18, 0x47, 0x34,
    0x64, 0x88, 0x69, 0xA3, 0x05, 0xC7, 0x4E, 0x6C, 0xEA, 0x69, 0x33, 0x6D, 0x82, 0x77, 0x4A, 0x98,
    0xC1, 0xF4, 0x85, 0x15, 0x37, 0x02, 0xE1, 0xB8, 0xAD, 0xE8, 0x30, 0xD8, 0xC6, 0xC0, 0x0D, 0x6C,
    0x62, 0x1E, 0xAD, 0x68, 0x91, 0xFE, 0x27, 0xE6, 0x3A, 0xEC, 0x06, 0x6E, 0xE8, 0xF5, 0x9A, 0x0A,
    0xAB, 0xA0, 0xA2, 0xCB, 0xAD, 0x3B, 0x5D, 0xE2, 0x31, 0x9D, 0xA8, 0x4A, 0x57, 0x95, 0x85, 0x99,
    0x6C, 0x77, 0x84, 0x71, 0xEC, 0x55, 0x68, 0xB8, 0x97, 0x7C, 0x2B, 0x71, 0x77, 0x56, 0x42, 0x13,
    0xA3, 0xFC, 0x57, 0x58, 0x00, 0x3A, 0x22, 0xEF, 0xDB, 0xBE, 0x3F, 0x7C, 0x79, 0x72, 0xB5, 0x48,
    0x34, 0xD0, 0x81, 0xDF, 0x7A, 0xE0, 0xBB, 0x4C, 0xBD, 0xFC, 0x53, 0x7E, 0x4A, 0x74, 0x59, 0x3C,
    0x84, 0xE1, 0x47, 0x26, 0xBC, 0x19, 0xDF, 0x17, 0xF8, 0xC3, 0x0F, 0xCF, 0x02, 0x81, 0xB0, 0x56,
    0xBB, 0xCB, 0xDA, 0x5E, 0xF8, 0x74, 0x51, 0x7E, 0x08, 0xF7, 0xFF, 0x1C, 0x95, 0x7B, 0x76, 0xE5,
    0x09, 0x02, 0xC1, 0x70, 0x98, 0x89, 0x24, 0x35, 0x0D, 0x2C, 0x2E, 0x2F, 0x10, 0xF1, 0x61, 0x27,
    0x94, 0x41, 0x49, 0x57, 0x3F, 0x2F, 0xE4, 0x22, 0xE5, 0x01, 0x09, 0x32, 0xD2, 0x60, 0x86, 0x9F,
    0x07, 0xA3, 0x13, 0xC9, 0xF5, 0x3D, 0x9B, 0x2F, 0xDB, 0xF6, 0x02, 0x69, 0x2D, 0xB9, 0x87, 0x48,
    0x54, 0x8E, 0x96, 0xB5, 0xBA, 0x3C, 0x62, 0xF7, 0xEC, 0x3D, 0xBC, 0x58, 0x0C, 0x66, 0x0A, 0x92,
    0x11, 0xC9, 0xC5, 0x10, 0x76, 0x8C, 0xAE, 0xFA, 0x65, 0x94, 0x7A, 0x48, 0xCD, 0xFA, 0xA5, 0xE8,
    0xEC, 0xB5, 0x27, 0x5E, 0x58, 0x8C, 0x1D, 0x1A, 0x7D, 0x95, 0xE4, 0x89, 0x17, 0xCE, 0x5D, 0xF3,
    0x22, 0x83, 0xAA, 0xF2, 0x85, 0xF8, 0x85, 0x17, 0xCE, 0x5E, 0x2B, 0xD1, 0xBF, 0x67, 0x15, 0xCA,
    0xBC, 0xC0, 0x65, 0x40, 0xDE, 0x9A, 0x41, 0x33, 0x10, 0x16, 0x46, 0xFE, 0xBD, 0xA0, 0x99, 0x9A,
    0xD1, 0x71, 0x95, 0x0B, 0x94, 0x44, 0x73, 0xAD, 0x70, 0x4B, 0x99, 0xBB, 0x09, 0xDD, 0xD1, 0x25,
    0x41, 0xB5, 0x4E, 0x5C, 0x80, 0xED, 0xBB, 0xF4, 0x7D, 0x8E, 0xCE, 0x1C, 0x26, 0xD1, 0xFC, 0x1A,
    0xB1, 0xF7, 0x65, 0xE5, 0x1A, 0x54, 0xAD, 0x41, 0xAA, 0xEC, 0xDB, 0xD4, 0x14, 0x10, 0xDE, 0xB6,
    0x47, 0x5D, 0x8E, 0x57, 0x67, 0x39, 0x0B, 0x42, 0xA0, 0x88, 0x5A, 0x2C, 0x0D, 0xF1, 0xEB, 0xB3,
    0x30, 0xB7, 0xAA, 0xE5, 0x44, 0x6E, 0x37, 0x29, 0x06, 0x51, 0x91, 0x1B, 0x54, 0xB8, 0xAD, 0xC5,
    0xA1, 0x9C, 0xDB, 0x1B, 0x76, 0x43, 0x94, 0xB7, 0x3C, 0xAB, 0x12, 0xB8, 0x58, 0x65, 0x28, 0x14,
    0x37, 0x86, 0x17, 0x34, 0x86, 0x27, 0xF8, 0x59, 0x90, 0x3E, 0xE5, 0xF9, 0x5C, 0x13, 0xE9, 0xD8,
    0xDE, 0xB0, 0xF4, 0x64, 0x99, 0x28, 0xAF, 0x90, 0x31, 0x2A, 0xB3, 0x38, 0x64, 0x02, 0xB9, 0x82,
    0x5C, 0x07, 0x6B, 0xE2, 0x66, 0xFD, 0xA1, 0x00, 0x3C, 0xBA, 0xE3, 0xE1, 0xF1, 0xA9, 0xF0, 0x19,
    0xDA, 0x65, 0x09, 0xED, 0x82, 0xBE, 0xB8, 0xD6, 0xA0, 0x0A, 0xD4, 0x2B, 0x54, 0x95, 0xCA, 0x61,
    0xAA, 0x94, 0x87, 0xBB, 0x3D, 0xFC, 0xFF, 0xFF, 0x76, 0xB9, 0x22, 0x25, 0x88, 0x4B, 0xE5, 0x9B,
    0x63, 0x10, 0xE0, 0x71, 0x34, 0x7F, 0xB8, 0x78, 0x47, 0xEE, 0xC2, 0x24, 0x37, 0x96, 0x07, 0x78,
    0xFA, 0xD4, 0xAA, 0x5C, 0x69, 0xE8, 0x2B, 0x49, 0x3A, 0xE5, 0x4A, 0x78, 0xBA, 0x5A, 0x15, 0xFD,
    0xC2, 0xF9, 0xFF, 0x8F, 0x8F, 0x9E, 0xC7, 0x55, 0x32, 0x27, 0x06, 0x5E, 0x28, 0xB3, 0x56, 0xD7,
    0x72, 0x62, 0xE0, 0xC5, 0x8A, 0xE4, 0x92, 0x70, 0x6E, 0x93, 0x1E, 0x9E, 0x96, 0xA9, 0x44, 0x79,
    0x81, 0x1E, 0xBF, 0xF0, 0x39, 0x68, 0x52, 0x50, 0x81, 0x19, 0xDD, 0xA1, 0x61, 0xDE, 0x10, 0xDE,
    0xB0, 0x71, 0x26, 0xFA, 0x81, 0xBF, 0x1E, 0x1F, 0x7E, 0x4D, 0xB6, 0xDF, 0xA8, 0x8D, 0xD3, 0xF1,
    0xA6, 0xBB, 0x4F, 0x99, 0xD5, 0xBB, 0x75, 0xEA, 0x64, 0xC1, 0xAD, 0x61, 0x41, 0x7E, 0x57, 0x1E,
    0x2F, 0x58, 0xD9, 0x0C, 0xA1, 0xB4, 0x97, 0xCF, 0xF7, 0x84, 0x4B, 0x25, 0xB9, 0x9C, 0x6B, 0x48,
    0x22, 0x35, 0x9E, 0x77, 0x5C, 0x59, 0x28, 0x69, 0x09, 0x23, 0x6B, 0x04, 0x87, 0x66, 0x89, 0x8E,
    0x2E, 0xAD, 0x9D, 0x04, 0xC1, 0x4F, 0x9E, 0x78, 0xE2, 0x51, 0xE2, 0x82, 0xAE, 0x3C, 0xF6, 0x3C,
    0xDF, 0xE2, 0x88, 0x68, 0x32, 0x1E, 0x0A, 0xF8, 0xDC, 0xA1, 0x50, 0x03, 0x2F, 0x37, 0x87, 0x02,
    0x81, 0x35, 0x86, 0x87, 0x9E, 0x67, 0x20, 0xB6, 0x16, 0xF0, 0xC4, 0x49, 0x86, 0xC7, 0x0E, 0x31,
    0x84, 0x07, 0x58, 0x11, 0x11, 0x98, 0x3E, 0x81, 0x8D, 0x6E, 0x5B, 0xA6, 0x4A, 0x70, 0x95, 0xA8,
    0x07, 0xED, 0x35, 0xD6, 0xD7, 0xA9, 0xAF, 0xB6, 0x44, 0x4D, 0x76, 0xA4, 0x40, 0xC3, 0x0C, 0x65,
    0x05, 0x73, 0x44, 0xAB, 0x88, 0x76, 0x85, 0x09, 0x51, 0x2D, 0xD7, 0x77, 0xC2, 0x94, 0xDA, 0xDD,
    0x0E, 0x5D, 0xBF, 0x01, 0xFD, 0x61, 0xE4, 0x52, 0xA7, 0x24, 0xC4, 0x60, 0x2C, 0x28, 0x0F, 0x34,
    0x2C, 0xAD, 0x28, 0x17, 0x33, 0xA8, 0x5E, 0x56, 0xCE, 0xCB, 0x54, 0xCF, 0x72, 0x5B, 0x59, 0xDF,
    0xA6, 0x8A, 0x2E, 0x24, 0xCA, 0xBC, 0xED, 0x8B, 0xFA, 0x0B, 0x04, 0xDB, 0x89, 0x59, 0x91, 0xC9,
    0xBD, 0xDC, 0xD0, 0x88, 0x76, 0x77, 0xF5, 0x71, 0x2A, 0x67, 0xA0, 0xDC, 0xC2, 0xA6, 0x32, 0x7F,
    0x4C, 0xD7, 0x97, 0x1B, 0x74, 0x1F, 0xBC, 0x37, 0xEE, 0x1B, 0xB1, 0x7A, 0xC8, 0x25, 0xAE, 0xC6,
    0x4C, 0x5C, 0xEA, 0x4D, 0x68, 0x58, 0x5C, 0xBF, 0x42, 0x2F, 0xE7, 0x10, 0x07, 0xD1, 0xA1, 0x7A,
    0x82, 0x8B, 0x48, 0x14, 0xE6, 0xB7, 0xF9, 0x21, 0xC9, 0xBE, 0x78, 0x5B, 0x12, 0x24, 0x3E, 0x57,
    0x5C, 0xBE, 0xBE, 0xFC, 0xC0, 0x6B, 0xFA, 0x38, 0x74, 0xA6, 0xAD, 0xF0, 0xED, 0xCF, 0x78, 0xB3,
    0x4F, 0x0D, 0xF2, 0x79, 0x4D, 0x38, 0x92, 0x9E, 0xCC, 0x80, 0x07, 0x85, 0x53, 0xAD, 0x01, 0xFD,
    0x77, 0x45, 0xD7, 0xFA, 0x68, 0xED, 0x4E, 0x6D, 0xAB, 0xB6, 0xF4, 0xA9, 0xEF, 0xF2, 0x99, 0x01,
    0x83, 0x2C, 0xC1, 0xBC, 0x7B, 0x1C, 0x4B, 0xA3, 0x1B, 0x94, 0x8B, 0xE0, 0xDF, 0x03, 0x82, 0x0A,
    0xC1, 0x44, 0x93, 0x63, 0x09, 0xC5, 0x39, 0x01, 0x6F, 0x0C, 0x4A, 0x02, 0x0B, 0x02, 0x15, 0x81,
    0xB2, 0x40, 0x43, 0xA0, 0xC7, 0x60, 0x24, 0x0C, 0x96, 0x00, 0xD1, 0x02, 0xD4, 0x8C, 0xE9, 0x42,
    0x2A, 0xB2, 0x60, 0x5A, 0x6C, 0x74, 0x57, 0x4F, 0x71, 0x90, 0x4D, 0xA6, 0x04, 0xA0, 0x01, 0x4D,
    0x50, 0x89, 0x90, 0xD5, 0xF0, 0xBC, 0xDC, 0x1B, 0xC4, 0x6C, 0x94, 0xB2, 0xF0, 0x77, 0x48, 0x18,
    0x83, 0x96, 0xB4, 0xAA, 0xD7, 0x23, 0xD0, 0x19, 0x53, 0x74, 0xA5, 0xB2, 0xBE, 0xE7, 0x8C, 0x89,
    0xD1, 0x4D, 0x48, 0x66, 0x5B, 0xC2, 0xA5, 0xB8, 0x85, 0xA5, 0x39, 0x2F, 0x66, 0xAD, 0x96, 0x77,
    0x21, 0x10, 0xF5, 0x99, 0xD9, 0xE1, 0x6F, 0xEB, 0xFF, 0x64, 0xE2, 0x7A, 0x08, 0xDF, 0x65, 0xFE,
    0x4E, 0xF0, 0x6D, 0x85, 0xF8, 0x76, 0x15, 0xBE, 0xCB, 0xFC, 0x9D, 0xE0, 0xDB, 0x0A, 0xF1, 0x4D,
    0xB5, 0xA6, 0xEF, 0x32, 0x7F, 0x27, 0xF8, 0x86, 0x8A, 0xFE, 0x50, 0x84, 0x97, 0x39, 0x14, 0x95,
    0xF9, 0x1B, 0xEF, 0x72, 0xE8, 0x3D, 0x50, 0xB9, 0x43, 0xEF, 0xE3, 0x59, 0x87, 0x98, 0xB8, 0x1D,
    0xE2, 0x96, 0xEE, 0x33, 0x97, 0xB7, 0x94, 0xF3, 0x96, 0xFD, 0x03, 0x20, 0x1A, 0xF6, 0xD3, 0x87,
    0x88, 0xB0, 0xA8, 0x13, 0x66, 0x7A, 0x40, 0xA4, 0x3F, 0x4B, 0x74, 0x74, 0xA6, 0xAE, 0xBD, 0xB0,
    0x73, 0x4A, 0x6B, 0x61, 0x9F, 0x10, 0xD0, 0x4B, 0xC6, 0x21, 0x01, 0x2D, 0xC3, 0x5B, 0x5A, 0x2A,
    0xD4, 0x57, 0x08, 0x3B, 0xA8, 0x5E, 0x10, 0xD0, 0x76, 0x87, 0xC3, 0x43, 0x69, 0xBF, 0x58, 0x34,
    0xFF, 0xB4, 0x4F, 0x1D, 0xFC, 0x3B, 0x2F, 0x5D, 0x69, 0x6B, 0x3A, 0xA9, 0xC6, 0x14, 0xFD, 0x72,
    0xC5, 0x8C, 0x3E, 0xB7, 0x46, 0x9C, 0xDC, 0x0C, 0x8A, 0x74, 0x63, 0xE8, 0xB7, 0xCD, 0xA8, 0x49,
    0x0D, 0xBE, 0x64, 0xF8, 0x07, 0xD6, 0x70, 0x0E, 0x22, 0xEA, 0x43, 0x4B, 0x5C, 0x31, 0xDC, 0x85,
    0x49, 0x85, 0xC1, 0x0A, 0xE5, 0x35, 0xD8, 0x50, 0xB8, 0x08, 0xD5, 0xEB, 0x21, 0x9F, 0x0F, 0xD2,
    0x13, 0x6A, 0x37, 0x59, 0xA2, 0x33, 0x42, 0x7E, 0x53, 0xBC, 0xFA, 0x43, 0x63, 0x95, 0x50, 0x53,
    0x2B, 0xD1, 0x59, 0x70, 0x9F, 0x7E, 0x33, 0xE9, 0xE9, 0x73, 0xD4, 0xBD, 0x57, 0x6F, 0xD4, 0x6A,
    0xFF, 0x00, 0x5D, 0xF2, 0x7F, 0x28, 0xE3, 0xF7, 0xDF, 0x52, 0xD6, 0x7F, 0xFA, 0x66, 0x60, 0x1F,
    0x0A, 0xC3, 0x43, 0x87, 0xC2, 0x2B, 0x8F, 0x1F, 0x0A, 0xCF, 0x3E, 0x71, 0x28, 0x3C, 0x7E, 0xE5,
    0x50, 0x78, 0x38, 0x3C, 0x14, 0xDA, 0x3E, 0xFD, 0x1F, 0x1C, 0x0A, 0x3F, 0x47, 0xFF, 0x7E, 0x9C,
    0x8E, 0x3D, 0x41, 0xE7, 0xAE, 0x1C, 0xA7, 0xB2, 0x9F, 0x3B, 0xF4, 0x96, 0x6F, 0x1F, 0xFA, 0xB6,
    0x32, 0x7F, 0xFF, 0xCF, 0x95, 0xFA, 0x7D, 0xDC, 0xEB, 0x26, 0xDD, 0x13, 0xF7, 0xBE, 0xC4, 0xEA,
    0xAB, 0xAB, 0xC2, 0x9B, 0xF7, 0x35, 0x0C, 0xD5, 0xAA, 0x9F, 0x0A, 0x3E, 0x4F, 0x75, 0x2E, 0x1B,
    0x2B, 0x19, 0x24, 0x31, 0x6A, 0x81, 0x35, 0x63, 0x23, 0xCB, 0x6E, 0xE2, 0xDF, 0x03, 0xD8, 0x84,
    0x9A, 0xAF, 0x7D, 0xAA, 0x9B, 0x19, 0x91, 0x40, 0xC2, 0x00, 0xAE, 0xA0, 0x22, 0x2C, 0xC9, 0xA2,
    0xB0, 0x46, 0x25, 0x96, 0x10, 0x94, 0xA3, 0x95, 0x7C, 0x47, 0x69, 0x00, 0xCE, 0xCA, 0x94, 0x70,
    0xF9, 0x1D, 0xF6, 0x34, 0x68, 0xDE, 0xE0, 0x2E, 0xB0, 0x30, 0x06, 0x25, 0x11, 0x4F, 0xAA, 0x02,
    0x65, 0x56, 0xEA, 0xE7, 0xD0, 0x90, 0x99, 0xDD, 0x16, 0x60, 0xD2, 0xC3, 0x95, 0x73, 0x85, 0x1D,
    0x14, 0xA5, 0x3E, 0x40, 0xF3, 0x44, 0x55, 0x61, 0x22, 0xFA, 0xCC, 0x74, 0x40, 0x7F, 0x42, 0x6B,
    0x17, 0xCD, 0x6A, 0x27, 0x03, 0x0B, 0xA3, 0xEC, 0x31, 0xB1, 0x2D, 0x5F, 0x49, 0x93, 0x7B, 0x83,
    0x10, 0xB6, 0x54, 0x03, 0xCD, 0xBA, 0xF3, 0x3B, 0x98, 0x76, 0x32, 0xEF, 0xCA, 0x02, 0x0B, 0xC2,
    0x0E, 0x7A, 0xC2, 0xA3, 0xBA, 0xBE, 0x25, 0x46, 0x11, 0xE6, 0x94, 0xAC, 0x88, 0xF9, 0x45, 0x5A,
    0x10, 0x85, 0x39, 0x96, 0x36, 0x58, 0x5D, 0x94, 0x77, 0x17, 0xE1, 0xC8, 0x15, 0x7A, 0xE6, 0xC8,
    0xF0, 0x6B, 0xB2, 0x98, 0x67, 0xEF, 0x79, 0x77, 0x20, 0x11, 0xC5, 0x06, 0x75, 0x27, 0xEC, 0x55,
    0x5E, 0x96, 0xBA, 0x18, 0xAC, 0x2B, 0xB9, 0xE4, 0x7A, 0x80, 0x07, 0x91, 0x6F, 0x8B, 0x80, 0x67,
    0xCA, 0xAF, 0x4F, 0x2F, 0xD5, 0x62, 0xF4, 0xA5, 0x43, 0xF8, 0x8C, 0x9F, 0x7B, 0x8B, 0xD6, 0x0F,
    0x20, 0x1B, 0x4F, 0x87, 0x64, 0xA8, 0x9B, 0x0A, 0x46, 0x90, 0xFC, 0x7C, 0xF7, 0xDC, 0xFF, 0x04,
    0x99, 0x7F, 0xBD, 0xA6, 0x80, 0x88, 0xCF, 0x4B, 0xCD, 0xB1, 0x83, 0x8A, 0x97, 0x48, 0x75, 0x37,
    0xD0, 0x0D, 0x97, 0x49, 0xF3, 0xEB, 0x76, 0xFC, 0xA9, 0x88, 0xBC, 0x89, 0x98, 0xF1, 0x12, 0x5E,
    0x59, 0xE8, 0x02, 0xD6, 0xF7, 0x25, 0xC2, 0xC2, 0x26, 0xA2, 0x80, 0xBB, 0xD7, 0xAD, 0x1F, 0x00,
    0x96, 0x86, 0x42, 0xFF, 0xD2, 0xBE, 0x7E, 0x28, 0x49, 0x95, 0x64, 0xB8, 0x09, 0x77, 0x2C, 0x0B,
    0x9E, 0x5E, 0x1A, 0x61, 0x37, 0xE4, 0xEA, 0x36, 0xDB, 0xA8, 0xAE, 0xD1, 0x6F, 0x97, 0x30, 0xC1,
    0xE3, 0x36, 0x66, 0x4F, 0x35, 0x68, 0x13, 0xD3, 0x67, 0x0C, 0x68, 0x02, 0x96, 0x42, 0x1A, 0xA4,
    0xC4, 0xC7, 0x25, 0xCD, 0x10, 0x2C, 0x6B, 0xAF, 0xC2, 0xB3, 0xF2, 0x85, 0x9F, 0x83, 0x63, 0x9A,
    0x2B, 0x2C, 0x1E, 0x4E, 0x90, 0x6B, 0xBF, 0x18, 0x5E, 0xA5, 0x57, 0xF1, 0x69, 0xC0, 0x73, 0x87,
    0x7B, 0x32, 0xAE, 0x35, 0xB5, 0xA8, 0x8C, 0x91, 0xAC, 0xC6, 0xD8, 0x1D, 0x45, 0xE1, 0x91, 0x43,
    0xE1, 0xBE, 0xF9, 0xED, 0xF3, 0xA7, 0xA0, 0x53, 0xFB, 0xAE, 0xD2, 0x30, 0x85, 0x34, 0x55, 0xC6,
    0x6E, 0xDF, 0x17, 0x03, 0xAE, 0x58, 0x73, 0xB3, 0xE1, 0x3A, 0xC7, 0xF3, 0xEF, 0x35, 0x26, 0x86,
    0x34, 0x40, 0x0E, 0xC0, 0x00, 0xD3, 0x93, 0x5B, 0xB4, 0xE5, 0x16, 0xE3, 0xD0, 0x93, 0x6A, 0xA7,
    0xFB, 0xA0, 0x01, 0x60, 0xAD, 0x8B, 0x86, 0x44, 0x2C, 0xD0, 0x9A, 0x7F, 0x2D, 0x40, 0x2A, 0x84,
    0x49, 0x43, 0x92, 0x03, 0x06, 0x31, 0x78, 0xEE, 0x38, 0x87, 0x4B, 0xEB, 0xBB, 0xAD, 0xF5, 0xDD,
    0x7C, 0x79, 0x11, 0x1D, 0x13, 0x2D, 0x8A, 0x86, 0x34, 0xAF, 0x25, 0xAB, 0xB9, 0x15, 0x8E, 0x74,
    0x3C, 0x96, 0xE8, 0x74, 0xAD, 0xDC, 0x7C, 0x33, 0xA5, 0x35, 0x2E, 0xB5, 0xB6, 0x21, 0xFF, 0x34,
    0x47, 0x4C, 0x2A, 0xD8, 0x0F, 0x63, 0x6C, 0x32, 0x5A, 0x37, 0xF9, 0x39, 0xA0, 0x48, 0x34, 0x98,
    0x0E, 0xB6, 0x5A, 0xEB, 0x32, 0xE0, 0xAC, 0xA4, 0x60, 0x43, 0x67, 0x22, 0x4D, 0x55, 0xC1, 0x29,
    0x6B, 0x4F, 0x44, 0xB7, 0xAE, 0xB4, 0xEA, 0x01, 0xAD, 0xE0, 0xF2, 0xF6, 0x84, 0xFC, 0x76, 0xC7,
    0x86, 0x45, 0xF1, 0x53, 0x96, 0x29, 0x77, 0x5F, 0x78, 0x98, 0xC1, 0x67, 0x06, 0xD4, 0x8C, 0x99,
    0x71, 0xB5, 0x22, 0x3B, 0x24, 0xB0, 0x43, 0x8B, 0xD8, 0xAC, 0xD4, 0xF5, 0xCD, 0x98, 0x80, 0x5E,
    0x38, 0x29, 0xB3, 0x89, 0xBB, 0x57, 0x66, 0xFD, 0x65, 0x83, 0x00, 0x4C, 0x6A, 0x59, 0xED, 0x50,
    0x0D, 0xCF, 0x95, 0xD5, 0x4F, 0xA3, 0x07, 0x79, 0xDE, 0xD1, 0xDA, 0x2A, 0xB5, 0xCC, 0xD2, 0xF8,
    0xA2, 0x51, 0xA8, 0xF7, 0x6F, 0xEC, 0x29, 0xE3, 0xD2, 0x06, 0x1A, 0x19, 0xC3, 0xE6, 0x47, 0xBE,
    0x32, 0x5F, 0xAF, 0xDD, 0x75, 0x92, 0x4C, 0xF6, 0xCA, 0xDD, 0xA7, 0x93, 0xF4, 0x4A, 0xDA, 0xCC,
    0x9F, 0xA7, 0x47, 0x7A, 0x55, 0xC8, 0x4B, 0x87, 0x5B, 0xD0, 0x4C, 0xB9, 0xAF, 0x69, 0x19, 0x47,
    0x9B, 0x83, 0xF9, 0xED, 0xB3, 0xD8, 0x7D, 0x74, 0x5B, 0x99, 0x03, 0x0C, 0x15, 0xEE, 0xB7, 0x5B,
    0x17, 0x43, 0xEB, 0xD6, 0xB2, 0x56, 0x84, 0x80, 0x19, 0x1B, 0x53, 0x2A, 0xE6, 0x2F, 0x76, 0x8A,
    0x06, 0xC3, 0x80, 0xC6, 0xBE, 0x6A, 0xC8, 0xBB, 0x17, 0x61, 0x96, 0xA4, 0x97, 0x3B, 0x35, 0x5F,
    0x38, 0x81, 0xC8, 0xBD, 0x45, 0xB2, 0xCD, 0x3A, 0xB1, 0xB5, 0x75, 0x95, 0x58, 0x23, 0x68, 0x0B,
    0xF4, 0x8D, 0x1E, 0x20, 0x33, 0xF7, 0x08, 0x8C, 0xEC, 0xE5, 0xDB, 0x4F, 0x45, 0xAE, 0xF5, 0xDE,
    0x77, 0xBF, 0xFD, 0x16, 0xC1, 0xF5, 0xEF, 0x7C, 0xED, 0x27, 0x91, 0xEB, 0x06, 0x17, 0xD5, 0xCF,
    0x22, 0xB7, 0x44, 0x14, 0xEC, 0x1F, 0x47, 0xEE, 0x2A, 0xD5, 0xF9, 0xDF, 0x8B, 0xDC, 0xC7, 0x89,
    0x77, 0xB5, 0x98, 0x55, 0x1E, 0x07, 0x9A, 0x9C, 0x02, 0x01, 0x6C, 0x78, 0xC6, 0x72, 0xA1, 0xE1,
    0x2B, 0xAA, 0xE0, 0x52, 0x62, 0x08, 0x65, 0xB6, 0x6F, 0x73, 0x33, 0x79, 0xAF, 0xF0, 0xE8, 0xBD,
    0xCC, 0x1A, 0x1F, 0xB3, 0xCF, 0xA2, 0x03, 0x0C, 0xB3, 0x11, 0x5C, 0x43, 0xDA, 0x44, 0x25, 0x89,
    0x72, 0xB7, 0x89, 0xB6, 0x37, 0x13, 0xD0, 0xC1, 0xB4, 0x0B, 0x61, 0xDD, 0xEA, 0x3F, 0xFE, 0x73,
    0x13, 0xC0, 0x07, 0xA5, 0x91, 0xB9, 0x77, 0xCF, 0xDD, 0xD7, 0xB1, 0xA3, 0x60, 0x4A, 0x6A, 0x7A,
    0x11, 0xF6, 0x35, 0x30, 0x6F, 0xE2, 0x7E, 0x0A, 0xA8, 0xD4, 0x9E, 0xDB, 0xA9, 0x5D, 0xF4, 0xA7,
    0xDE, 0xE5, 0x71, 0xC0, 0xEC, 0x67, 0x59, 0x61, 0x35, 0x9F, 0x3D, 0xEB, 0x8F, 0x08, 0xF1, 0xE8,
    0xBB, 0x3A, 0x5A, 0xAD, 0x92, 0x0A, 0x1D, 0x31, 0xA6, 0x7C, 0xCB, 0xD9, 0x92, 0x26, 0x8C, 0xA3,
    0x6B, 0x5B, 0xAD, 0x8D, 0x5B, 0xAD, 0xAB, 0x42, 0xE2, 0xA8, 0xDE, 0x37, 0x6A, 0x8D, 0x14, 0xC7,
    0xCB, 0xC5, 0xEF, 0x3B, 0x7C, 0x5C, 0xCA, 0xF0, 0xBF, 0x3B, 0x57, 0x70, 0xFC, 0xF1, 0xFD, 0x35,
    0xC9, 0x4D, 0x61, 0x42, 0x23, 0x1F, 0x13, 0xE2, 0xD8, 0x13, 0xA8, 0x08, 0x78, 0x02, 0xEE, 0x53,
    0xE1, 0x88, 0x7E, 0x1E, 0xAD, 0x5D, 0x20, 0x9A, 0xE7, 0x97, 0x64, 0xB0, 0x3F, 0x8A, 0x2A, 0xAD,
    0x87, 0xE2, 0x97, 0x22, 0x9A, 0x3A, 0x06, 0x5F, 0x60, 0x96, 0xA1, 0xE4, 0xFA, 0x60, 0x0C, 0x2B,
    0x36, 0xF3, 0x87, 0x0D, 0x33, 0x01, 0xF4, 0x54, 0xCF, 0x66, 0x6F, 0xA5, 0x06, 0x2E, 0x8D, 0xD5,
    0x49, 0x02, 0x57, 0xEE, 0x50, 0x15, 0x0A, 0xB8, 0x27, 0x9C, 0x65, 0xCA, 0xD4, 0x19, 0x63, 0x53,
    0x7C, 0xC7, 0x14, 0x31, 0xDB, 0x0F, 0x8D, 0x78, 0x8E, 0xE2, 0x47, 0xAF, 0x7A, 0xB6, 0xE6, 0x12,
    0xF6, 0x34, 0xA7, 0xE6, 0x0F, 0xD7, 0x42, 0x22, 0xD0, 0x1B, 0xAD, 0x56, 0x20, 0x33, 0x35, 0x24,
    0x46, 0x7E, 0xAF, 0xC6, 0xD6, 0xCB, 0x07, 0x54, 0xB6, 0x4C, 0x98, 0x0C, 0xF3, 0xC9, 0xF5, 0xA0,
    0xC3, 0xBB, 0x39, 0x8D, 0xEB, 0x1A, 0xC9, 0x88, 0xB9, 0xC6, 0x5E, 0x73, 0x2E, 0xF9, 0x5A, 0x9C,
    0x3F, 0x44, 0xB1, 0x94, 0x21, 0x34, 0x92, 0xDF, 0xF2, 0x66, 0x6D, 0x55, 0xAF, 0x31, 0x0D, 0x7D,
    0x79, 0x47, 0xEB, 0x15, 0xB5, 0x5E, 0x90, 0x97, 0x2A, 0x2B, 0x15, 0x56, 0xDD, 0x8D, 0x84, 0xC2,
    0xC1, 0x61, 0x2F, 0x11, 0xB1, 0xB7, 0xA4, 0x5B, 0x70, 0x55, 0x3F, 0xA1, 0x57, 0xD1, 0x6B, 0x97,
    0xD4, 0xC4, 0x15, 0x57, 0x27, 0x6A, 0x3F, 0xF1, 0x42, 0xDB, 0x13, 0x0D, 0x31, 0xD8, 0x24, 0xE8,
    0x0E, 0xAA, 0x11, 0xDB, 0xE9, 0xCC, 0x4C, 0xF8, 0x78, 0xF8, 0xC9, 0x41, 0x51, 0x26, 0x7D, 0x70,
    0x7A, 0xBF, 0xDC, 0xA9, 0x17, 0x61, 0x63, 0xC8, 0x40, 0xBA, 0xCA, 0x88, 0x15, 0xB4, 0xDF, 0xAC,
    0xFC, 0xA8, 0xE0, 0xD0, 0x02, 0x5E, 0xA5, 0xA1, 0x4E, 0x80, 0x75, 0xA8, 0x48, 0x59, 0x4F, 0xC4,
    0x31, 0x71, 0x70, 0x62, 0x5F, 0xA5, 0x80, 0x97, 0xD7, 0x92, 0xA8, 0x73, 0x56, 0x45, 0x4D, 0xCA,
    0x8C, 0x5D, 0x49, 0x56, 0x5D, 0xF7, 0xED, 0x50, 0xDA, 0xC9, 0x2F, 0x50, 0x3E, 0xFD, 0xCB, 0x7B,
    0x9F, 0x6B, 0xD1, 0xB5, 0xFA, 0xC2, 0x0E, 0x62, 0xBD, 0x6D, 0x46, 0xA8, 0xBC, 0x3D, 0x40, 0xFF,
    0x06, 0x6C, 0xAD, 0x29, 0xF5, 0x56, 0x0B, 0xCC, 0x78, 0xD1, 0xE4, 0xA5, 0x8F, 0xF4, 0xC6, 0x7A,
    0xA8, 0x2A, 0x00, 0x51, 0x9E, 0x06, 0xD8, 0x9F, 0xB6, 0xFE, 0x44, 0xC9, 0x00, 0x13, 0x49, 0x51,
    0xAF, 0xEC, 0xBD, 0xBB, 0xF0, 0x05, 0x43, 0x1E, 0x75, 0xFC, 0x54, 0x53, 0x15, 0x9C, 0xF3, 0x1C,
    0x21, 0x2C, 0x62, 0xE9, 0xD4, 0xC7, 0xB8, 0xA2, 0xF4, 0x5A, 0x42, 0xD0, 0xBF, 0x27, 0xEE, 0x73,
    0x2A, 0xDB, 0x6D, 0x65, 0xFD, 0x32, 0x33, 0x92, 0xBD, 0x19, 0x56, 0xDE, 0xD0, 0x00, 0x33, 0xD6,
    0x8A, 0x1D, 0xC0, 0x32, 0x9A, 0x3A, 0x4A, 0xA4, 0x61, 0x59, 0x86, 0x24, 0xDD, 0x6F, 0x95, 0x0A,
    0x76, 0xC4, 0x09, 0xB0, 0x21, 0xD0, 0x1E, 0x83, 0x14, 0xC0, 0xD6, 0xD5, 0x3A, 0xEB, 0x96, 0xB4,
    0xBB, 0x60, 0x0E, 0x4D, 0x21, 0x55, 0xCD, 0x91, 0x28, 0x94, 0x8B, 0x93, 0x39, 0x61, 0x64, 0xEF,
    0x95, 0xAF, 0xC5, 0x5C, 0xE2, 0xCD, 0x88, 0x87, 0xFE, 0x53, 0xD1, 0xDD, 0x78, 0x33, 0x22, 0x92,
    0x62, 0x4F, 0x1B, 0xA8, 0xBB, 0x4D, 0xF1, 0x7D, 0xE8, 0xDE, 0x13, 0x1D, 0x6D, 0xE1, 0x73, 0x86,
    0x96, 0x3E, 0x22, 0x2C, 0x82, 0xBA, 0x02, 0xDE, 0x04, 0x2E, 0x68, 0x5C, 0xD4, 0x58, 0xD1, 0xD8,
    0xD0, 0xD8, 0x13, 0x14, 0x97, 0x3A, 0x1E, 0xA2, 0xB9, 0xB5, 0x86, 0xC4, 0x5F, 0x1F, 0x42, 0x08,
    0xE3, 0x36, 0x2F, 0xD4, 0x3E, 0x2B, 0xD4, 0x62, 0x8F, 0xF5, 0x6D, 0x44, 0x3D, 0x58, 0x81, 0xC7,
    0xA6, 0xE4, 0x22, 0xAF, 0xB1, 0xCC, 0xDC, 0x6B, 0x9F, 0x35, 0x25, 0xFD, 0xC2, 0xF8, 0x6A, 0xB0,
    0x6F, 0x43, 0x83, 0x87, 0x49, 0x03, 0xF3, 0x97, 0xBE, 0x9D, 0x04, 0xDF, 0xF0, 0x8E, 0x68, 0x30,
    0x81, 0x6B, 0xF0, 0x9B, 0xD6, 0x99, 0xA6, 0x33, 0xC5, 0x59, 0xC2, 0xF7, 0xB1, 0xB8, 0x0D, 0x16,
    0x33, 0x22, 0xF1, 0x85, 0x1E, 0xD6, 0x56, 0x2B, 0xD4, 0xA0, 0x6D, 0xF6, 0x49, 0x4C, 0x33, 0x68,
    0xD8, 0xD3, 0xDF, 0x1E, 0xC9, 0x54, 0xC9, 0x70, 0x7C, 0xBB, 0xDC, 0x42, 0x6E, 0x36, 0xE4, 0x41,
    0x47, 0x5C, 0xF4, 0x9C, 0x40, 0x4F, 0x00, 0xE3, 0x11, 0x0E, 0x85, 0xB1, 0x51, 0x7B, 0xEE, 0x66,
    0xED, 0xEF, 0xA6, 0x2C, 0x97, 0xA7, 0xCF, 0x9B, 0xC4, 0x89, 0xB7, 0x52, 0x29, 0x72, 0x6F, 0x38,
    0xD5, 0x5A, 0xBF, 0xD5, 0xDA, 0x7D, 0x6D, 0xC8, 0x62, 0xD1, 0x2F, 0x5C, 0x88, 0x96, 0xD4, 0x90,
    0x4C, 0x01, 0x43, 0x00, 0xAB, 0xAD, 0x15, 0x3D, 0xBA, 0x1E, 0x71, 0x13, 0x63, 0xC4, 0x58, 0xD1,
    0xEC, 0x72, 0x61, 0x44, 0x45, 0xC5, 0xCA, 0x8F, 0x64, 0xF6, 0xBD, 0x1C, 0x94, 0x50, 0x47, 0x21,
    0x75, 0xFB, 0x27, 0x9D, 0x27, 0xC7, 0xC4, 0xA6, 0x2B, 0xA6, 0x96, 0xFB, 0xAA, 0x4E, 0x3E, 0x0B,
    0x08, 0x4D, 0xF1, 0x44, 0x53, 0xA3, 0x85, 0xAD, 0xD9, 0x25, 0x5D, 0xE3, 0xE5, 0x7D, 0x8B, 0xC8,
    0xB0, 0xB1, 0x88, 0x1D, 0x6D, 0x5D, 0xC9, 0xCF, 0xE1, 0xD7, 0x55, 0x91, 0x07, 0xF7, 0xD0, 0x4E,
    0x6D, 0x90, 0x4F, 0x0D, 0xFA, 0xA0, 0x2E, 0x22, 0x17, 0x18, 0xBC, 0xF4, 0x8D, 0x31, 0xDA, 0x25,
    0x01, 0x8F, 0xE4, 0x1E, 0x2A, 0xD9, 0xBD, 0x3A, 0xD4, 0xD1, 0xF1, 0x41, 0x0D, 0x53, 0x18, 0x74,
    0x6F, 0x54, 0xC1, 0x9A, 0x8C, 0x68, 0x4D, 0x03, 0x78, 0x65, 0x35, 0xC4, 0x34, 0xBF, 0xEF, 0xBA,
    0xFF, 0x6F, 0x3E, 0x53, 0x57, 0x5C, 0x5D, 0x25, 0xAD, 0x45, 0x12, 0xF0, 0x47, 0xD4, 0xFC, 0x01,
    0x61, 0xDF, 0xAD, 0xB7, 0x98, 0xD6, 0x7E, 0xCA, 0xBB, 0x4C, 0x07, 0x4B, 0xBC, 0xA9, 0xAD, 0xA2,
    0xF6, 0x6E, 0x5C, 0xF7, 0x65, 0x30, 0x17, 0x36, 0xA4, 0xE6, 0x39, 0x38, 0xE1, 0x34, 0xE5, 0x82,
    0x9F, 0xAB, 0x0A, 0xE2, 0x21, 0x50, 0x6F, 0x5B, 0xF1, 0x88, 0xCC, 0x55, 0xC6, 0xA0, 0x2C, 0xD4,
    0xB8, 0x21, 0xD0, 0x91, 0x9B, 0xF7, 0x04, 0x98, 0xCB, 0x3C, 0x7A, 0x1E, 0xAC, 0xE5, 0xB2, 0x7E,
    0x77, 0x51, 0xED, 0xBE, 0x46, 0x33, 0x8D, 0xE7, 0x9A, 0x15, 0xF2, 0x65, 0x02, 0xB3, 0x00, 0x43,
    0xB9, 0x00, 0x2F, 0x74, 0xAD, 0x1B, 0x4F, 0xBD, 0x99, 0xF9, 0xAE, 0x95, 0xBD, 0x47, 0xDC, 0x1B,
    0x7E, 0x11, 0x41, 0xC2, 0xB9, 0x48, 0x20, 0x54, 0x73, 0x02, 0xE7, 0x04, 0xEA, 0x24, 0x13, 0xFD,
    0x7A, 0xA4, 0xDA, 0xEE, 0x7A, 0xF6, 0x21, 0x8D, 0x79, 0x1A, 0x91, 0xFF, 0x8C, 0x6A, 0xDF, 0xFD,
    0x63, 0x88, 0x5C, 0x93, 0x5D, 0x9D, 0x89, 0x08, 0xAE, 0xE1, 0x1E, 0x1F, 0x71, 0xA4, 0x7C, 0x4D,
    0x57, 0x5E, 0xFF, 0x1A, 0xDA, 0x08, 0x8C, 0xFD, 0x2B, 0x3C, 0xF5, 0xED, 0xEA, 0x48, 0xD1, 0x24,
    0x17, 0x5C, 0x29, 0x70, 0x04, 0x25, 0xB1, 0xDE, 0x82, 0x86, 0xC0, 0x55, 0xAD, 0x27, 0x8C, 0x67,
    0x97, 0x19, 0xA5, 0x19, 0x2F, 0x2C, 0x5D, 0x27, 0xC9, 0xCA, 0x4E, 0x0E, 0xD3, 0x74, 0x5C, 0xC4,
    0x7A, 0xD8, 0xCE, 0xED, 0xF5, 0xA9, 0xB0, 0xD8, 0xFC, 0x40, 0x27, 0xE7, 0x59, 0xE4, 0xB1, 0x5A,
    0x5A, 0xD3, 0x0E, 0x4E, 0x6F, 0xA3, 0xA4, 0x3D, 0x80, 0xBF, 0x13, 0x8C, 0x3A, 0xDE, 0xC0, 0x6F,
    0x0E, 0xC0, 0x6B, 0xF5, 0xAA, 0xA8, 0xF3, 0x81, 0x02, 0x97, 0x32, 0x57, 0x24, 0x56, 0x39, 0xE3,
    0xB8, 0xC8, 0x74, 0x45, 0x64, 0x53, 0x01, 0xB8, 0x3B, 0x19, 0x42, 0x22, 0xD1, 0xA9, 0x46, 0x22,
    0xCB, 0x64, 0x4F, 0xD6, 0xA5, 0x06, 0x07, 0x52, 0xB4, 0xFE, 0x35, 0x49, 0xBC, 0x57, 0x64, 0xB8,
    0x25, 0xF6, 0x2D, 0x7E, 0xE9, 0xF1, 0xC1, 0x36, 0x31, 0xF4, 0x82, 0xBB, 0x0E, 0xBD, 0xE9, 0xAA,
    0x26, 0x5D, 0xBB, 0x17, 0x27, 0xFB, 0xE7, 0xF9, 0x7D, 0x1D, 0x40, 0x4D, 0x9E, 0x51, 0x1F, 0xED,
    0xD7, 0x2D, 0xE4, 0x34, 0x1D, 0x6A, 0x0B, 0x9A, 0xD2, 0xA9, 0x68, 0xC9, 0x46, 0xA0, 0xCF, 0x1D,
    0x15, 0x36, 0xA8, 0xD8, 0xFD, 0x57, 0x44, 0x7E, 0x49, 0xCE, 0x48, 0x9F, 0x0F, 0x81, 0x08, 0x9E,
    0x01, 0x7B, 0x2F, 0x4F, 0x40, 0xE6, 0x4B, 0x79, 0x6D, 0x2F, 0x4B, 0x63, 0x95, 0xD5, 0x15, 0xF0,
    0x67, 0x65, 0xE8, 0x34, 0xF1, 0x1E, 0x09, 0xB4, 0xD9, 0x55, 0x12, 0xD5, 0xD6, 0xC0, 0x5A, 0x14,
    0x5C, 0x95, 0x96, 0xA7, 0x89, 0x00, 0xBD, 0x69, 0xD0, 0x2F, 0x82, 0xA1, 0x41, 0xD6, 0x26, 0x53,
    0x73, 0xAE, 0xB7, 0x05, 0xBE, 0x23, 0xF2, 0xE4, 0xDB, 0x12, 0xBB, 0xF1, 0xB2, 0x16, 0xD0, 0x98,
    0x42, 0x2C, 0xCA, 0xA8, 0x6D, 0xC8, 0x4D, 0x85, 0x29, 0x46, 0x1C, 0x88, 0xB0, 0x8E, 0xE0, 0x28,
    0xBD, 0x90, 0xA5, 0xA2, 0x26, 0xAF, 0x6E, 0xBC, 0xC0, 0x75, 0x7D, 0x16, 0x03, 0xBC, 0x98, 0x83,
    0x41, 0xEC, 0x3E, 0x37, 0x01, 0x47, 0xB4, 0x8C, 0x7F, 0xF2, 0xF6, 0xD6, 0xA3, 0xCC, 0xFC, 0x48,
    0x1A, 0xD3, 0xFA, 0xAE, 0xD6, 0xBB, 0x7C, 0x5B, 0xD0, 0xD3, 0xFE, 0xEE, 0x8B, 0x5A, 0x57, 0xB7,
    0x4D, 0x6F, 0x6D, 0xB2, 0x1B, 0x26, 0x73, 0x4C, 0xC4, 0x5D, 0x97, 0x31, 0x52, 0xBC, 0xBF, 0x51,
    0x67, 0x30, 0x46, 0xAA, 0x0B, 0x3A, 0xB8, 0x67, 0x81, 0xC6, 0x08, 0x4D, 0xA0, 0x99, 0x05, 0x3A,
    0x5A, 0xD1, 0x04, 0xA9, 0xC3, 0x68, 0x7E, 0x94, 0xCA, 0x98, 0xF9, 0x44, 0x08, 0x95, 0x6A, 0x86,
    0x82, 0x2C, 0xCF, 0x2D, 0x68, 0x97, 0x3F, 0x2A, 0xF7, 0x49, 0xC2, 0xE8, 0x46, 0x7D, 0xC6, 0xA6,
    0x0F, 0x16, 0x69, 0xC1, 0xEE, 0xB3, 0x91, 0x61, 0x81, 0xC4, 0x14, 0x98, 0xEF, 0x17, 0x30, 0xF8,
    0x4E, 0x14, 0x23, 0x6F, 0xC4, 0x61, 0x54, 0x3C, 0x27, 0xF2, 0x26, 0xCF, 0xA5, 0x84, 0xB7, 0x79,
    0xED, 0x6F, 0xB2, 0xDA, 0x98, 0x3A, 0x05, 0xE2, 0x0E, 0x71, 0x5C, 0xAC, 0x1F, 0xF9, 0x1A, 0x98,
    0x39, 0x73, 0xCF, 0x8E, 0x55, 0xE6, 0x97, 0x12, 0x3A, 0xC9, 0xFA, 0x91, 0xAA, 0xB2, 0x7A, 0x8F,
    0x33, 0xF3, 0x8E, 0xE1, 0x6B, 0x8D, 0x86, 0x82, 0x21, 0x04, 0xC9, 0x18, 0xB1, 0x1C, 0x53, 0x25,
    0x01, 0xAD, 0xB4, 0x5E, 0xBD, 0x87, 0xAC, 0xE0, 0x17, 0x27, 0xCF, 0xCC, 0xB8, 0x79, 0xD1, 0x53,
    0x63, 0x92, 0x88, 0xD2, 0x2A, 0x5B, 0xEB, 0x27, 0xF9, 0x2D, 0xFA, 0xFA, 0x1E, 0x7C, 0x17, 0xAA,
    0xB4, 0x1B, 0x8B, 0x67, 0x83, 0xB9, 0x27, 0xC6, 0x62, 0x08, 0x41, 0xCE, 0x9E, 0x78, 0xAD, 0xB1,
    0xF6, 0xDE, 0xE8, 0xAA, 0xC3, 0xEC, 0x55, 0xF1, 0x10, 0x8F, 0x01, 0x61, 0xA6, 0xEE, 0x87, 0xC9,
    0x74, 0xA6, 0x98, 0xBE, 0x2C, 0xED, 0x8B, 0xC3, 0xC8, 0xCC, 0xB1, 0x50, 0x39, 0x20, 0x33, 0xC7,
    0xD1, 0xE8, 0xFF, 0x21, 0xD7, 0x66, 0x07, 0x4C, 0x90, 0x6C, 0x0E, 0x7A, 0xC2, 0xDA, 0x56, 0x84,
    0x20, 0x87, 0x92, 0x70, 0xF9, 0x0B, 0x42, 0x6E, 0x16, 0x05, 0x2A, 0x05, 0x08, 0xB9, 0x59, 0xBD,
    0x84, 0x3D, 0x6E, 0x4A, 0x3D, 0x4C, 0x5D, 0xB5, 0xB8, 0xCA, 0x8C, 0x5D, 0xA5, 0xA4, 0xD8, 0x04,
    0xE7, 0xBE, 0xF4, 0x33, 0x68, 0x26, 0xEC, 0xB7, 0x3E, 0xA4, 0xE7, 0xF7, 0xCC, 0x0F, 0xDF, 0xE5,
    0xF8, 0x9A, 0xB7, 0x43, 0x0E, 0xD7, 0x71, 0x83, 0x0E, 0x5E, 0x05, 0x0A, 0x39, 0x7A, 0xF8, 0x65,
    0x44, 0x17, 0x05, 0x1C, 0x6B, 0x55, 0x65, 0xE1, 0x3A, 0xDD, 0x66, 0xD2, 0x9F, 0x9E, 0xE6, 0x6E,
    0x7F, 0xAC, 0x30, 0x75, 0x66, 0xB5, 0x52, 0xC8, 0xD5, 0x02, 0x8E, 0x2B, 0xE4, 0x72, 0x8D, 0xD1,
    0xFD, 0x62, 0xC2, 0x58, 0x32, 0x08, 0x89, 0x6E, 0x57, 0x08, 0x31, 0xFF, 0x3B, 0x84, 0x2B, 0x24,
    0xBB, 0x13, 0x1D, 0x72, 0x33, 0x7A, 0x70, 0xDF, 0xF8, 0x28, 0x8B, 0x1B, 0xCA, 0xED, 0xD3, 0x10,
    0x02, 0xFB, 0xDF, 0xB0, 0xB3, 0x67, 0x89, 0xD1, 0x5F, 0x6D, 0x74, 0x53, 0xE8, 0x16, 0x4F, 0x36,
    0xB6, 0x13, 0xA0, 0x6A, 0x18, 0x53, 0xB0, 0x2D, 0x78, 0x34, 0x15, 0x2C, 0x25, 0x82, 0x07, 0x7D,
    0x7D, 0x5E, 0x31, 0xB2, 0x61, 0xBB, 0xA1, 0xAD, 0x8C, 0x0D, 0x2D, 0x74, 0xB3, 0x66, 0x73, 0x11,
    0x28, 0x5C, 0x60, 0x03, 0x66, 0xCB, 0x38, 0x5F, 0x62, 0x8A, 0x86, 0xAE, 0x05, 0x79, 0xBB, 0x05,
    0xE9, 0x31, 0xDD, 0x0F, 0x0B, 0x32, 0x2A, 0x17, 0x64, 0xC8, 0x02, 0x3A, 0x07, 0x82, 0x05, 0x55,
    0x37, 0xFA, 0x36, 0x41, 0xC3, 0x12, 0x70, 0x04, 0x4A, 0x1D, 0x86, 0xC5, 0x32, 0xC3, 0x71, 0x01,
    0xF5, 0x73, 0xC3, 0xAD, 0x6E, 0xAB, 0x43, 0xC0, 0xF5, 0x2F, 0x1B, 0x2C, 0xE2, 0x96, 0x85, 0x4E,
    0x1E, 0xC9, 0x17, 0xCB, 0x99, 0x31, 0x95, 0xCB, 0x18, 0x11, 0x70, 0x8B, 0x44, 0x40, 0x2B, 0x49,
    0xBD, 0xD8, 0xF7, 0x10, 0x71, 0xF6, 0x54, 0x64, 0xED, 0x29, 0xA7, 0x4F, 0x13, 0xB5, 0x19, 0xD1,
    0xCC, 0xB9, 0x4C, 0xFF, 0xE6, 0x88, 0x3C, 0x23, 0xA5, 0x9B, 0xDA, 0x85, 0x46, 0xD2, 0xD3, 0x7E,
    0x34, 0xFB, 0x4D, 0x6D, 0xF8, 0x8C, 0x46, 0xD3, 0xFE, 0xA4, 0xD0, 0xA0, 0x6D, 0x39, 0x55, 0xFA,
    0x5E, 0x24, 0x6B, 0xBF, 0xCC, 0xF7, 0xAE, 0x5E, 0x41, 0xB5, 0xB9, 0x41, 0xAF, 0x1A, 0x9B, 0xE3,
    0x9D, 0xB0, 0x94, 0x93, 0x6A, 0x3B, 0x7C, 0x48, 0x60, 0x51, 0x80, 0x3A, 0x02, 0x41, 0x95, 0x34,
    0x83, 0x38, 0xB6, 0x32, 0xE1, 0x10, 0x4B, 0x95, 0x0A, 0x74, 0x4C, 0x8E, 0xFD, 0x3A, 0x27, 0x90,
    0x33, 0x03, 0xD4, 0x93, 0x5A, 0xD1, 0x62, 0x8B, 0x5A, 0xCF, 0x0E, 0x87, 0xDA, 0x17, 0x0F, 0xC7,
    0x6D, 0x36, 0x8D, 0x87, 0x4D, 0x4C, 0x27, 0xFB, 0xED, 0x3D, 0x4C, 0x20, 0x3B, 0x8B, 0x4C, 0xA2,
    0xD2, 0x2E, 0xB5, 0xC9, 0xBB, 0x3D, 0x28, 0x86, 0x10, 0x1A, 0x72, 0x02, 0x13, 0x1C, 0x2F, 0xE8,
    0xB0, 0xFB, 0x35, 0x28, 0x8C, 0xC5, 0x0B, 0x04, 0xDB, 0xDC, 0x27, 0x07, 0x91, 0xC7, 0x74, 0x62,
    0xD3, 0xE3, 0x19, 0x02, 0xE3, 0x04, 0x3D, 0x93, 0x23, 0xEE, 0x3C, 0x83, 0xA1, 0x62, 0xEE, 0x6E,
    0x10, 0x9B, 0xD6, 0xB1, 0xD8, 0xF4, 0xD4, 0xB7, 0xA8, 0x6F, 0x5F, 0xB3, 0xFA, 0x4E, 0x80, 0x90,
    0xB8, 0xBE, 0x8B, 0xCB, 0xBD, 0x0E, 0xD6, 0x14, 0xB5, 0x58, 0x3E, 0x04, 0x38, 0x5E, 0x16, 0xAA,
    0x98, 0x43, 0x89, 0xC9, 0x70, 0x99, 0x79, 0x08, 0x1C, 0x2C, 0x15, 0xCE, 0x7D, 0x46, 0x38, 0xA2,
    0x67, 0xB8, 0x1A, 0x2E, 0xE8, 0xC6, 0x1A, 0xAF, 0x7D, 0x2B, 0x50, 0xB9, 0x1D, 0xE8, 0x92, 0x9C,
    0x6D, 0xBF, 0x9D, 0x41, 0xDA, 0x76, 0xBF, 0xB1, 0xFB, 0x55, 0xD1, 0xD0, 0xCD, 0xCB, 0x60, 0x9B,
    0x17, 0xEA, 0x37, 0x2F, 0x8B, 0xFC, 0xBC, 0x38, 0x0B, 0x13, 0x78, 0x7F, 0xCA, 0x40, 0xAB, 0x23,
    0x9E, 0x70, 0x7A, 0x41, 0xAA, 0x9B, 0x83, 0xD4, 0x7A, 0x41, 0x2E, 0xFF, 0xF4, 0xE0, 0xF2, 0x20,
    0x64, 0x18, 0xE4, 0xBC, 0xD8, 0xCC, 0x78, 0x47, 0x58, 0xD1, 0x01, 0xFF, 0x1A, 0x4F, 0x67, 0x27,
    0xD8, 0x64, 0xF2, 0xCA, 0xB4, 0x44, 0xB9, 0xEC, 0xD0, 0x84, 0x5B, 0x55, 0x98, 0xA6, 0x56, 0x68,
    0x0E, 0x79, 0xCC, 0xC3, 0xF5, 0x98, 0xC7, 0xEB, 0x9B, 0x3C, 0xA2, 0x68, 0x56, 0x73, 0x27, 0x53,
    0x8F, 0xB0, 0xB1, 0xC5, 0xEB, 0x54, 0x59, 0xAA, 0x5E, 0x6C, 0x5C, 0xA6, 0x87, 0xFE, 0x95, 0x3A,
    0xDE, 0xF8, 0xF7, 0x09, 0xFF, 0x8D, 0x68, 0x51, 0xEC, 0x40, 0x44, 0x8C, 0x1C, 0xC5, 0xFB, 0xC1,
    0xD6, 0xE8, 0x04, 0x82, 0x2E, 0x3B, 0x6B, 0xE1, 0x69, 0x2E, 0x63, 0x85, 0xA9, 0x68, 0x03, 0x16,
    0x1E, 0x26, 0x5E, 0x29, 0xD7, 0xA3, 0xE1, 0xC4, 0xDC, 0x36, 0x8D, 0x52, 0x50, 0xC2, 0x3C, 0x6B,
    0x9C, 0x40, 0x70, 0x68, 0xD1, 0x81, 0xF0, 0xE1, 0x89, 0x95, 0xB2, 0xE9, 0x8F, 0xAF, 0x94, 0x1F,
    0xCB, 0x4A, 0xE9, 0x85, 0x5B, 0x5A, 0x13, 0xC0, 0x81, 0xAF, 0x34, 0xDF, 0x58, 0x99, 0xEC, 0x45,
    0x07, 0x15, 0xB3, 0xDC, 0x8A, 0x75, 0x38, 0x74, 0x6F, 0x0F, 0x2C, 0x8D, 0xC7, 0x8B, 0x50, 0x13,
    0xAD, 0xE8, 0x71, 0x5B, 0xCE, 0xEA, 0xFB, 0xBB, 0x23, 0x64, 0xD9, 0xB2, 0x80, 0x93, 0xE7, 0x1F,
    0x04, 0x0F, 0x6C, 0x40, 0x6D, 0x7D, 0x55, 0xD4, 0x57, 0x44, 0xCC, 0x66, 0x73, 0xFB, 0x66, 0x81,
    0x4B, 0xAB, 0x68, 0xE9, 0xA5, 0xA2, 0xA5, 0x92, 0x8A, 0xD6, 0x81, 0x54, 0xB4, 0x16, 0xAC, 0xA2,
    0xDF, 0xBE, 0xA2, 0xE9, 0x1D, 0xE3, 0x40, 0x46, 0x96, 0xA9, 0x11, 0x3A, 0x50, 0x34, 0x08, 0x71,
    0x69, 0x26, 0x94, 0x40, 0x34, 0x0E, 0xAD, 0x01, 0x51, 0x9E, 0x32, 0x71, 0x67, 0x5B, 0x9A, 0xCB,
    0xAA, 0x34, 0x18, 0x17, 0x2A, 0xC2, 0xAD, 0x35, 0x2A, 0x1E, 0x63, 0xAF, 0x82, 0x2E, 0x5F, 0xB0,
    0x92, 0x0A, 0x96, 0xF0, 0x05, 0x27, 0xAA, 0x40, 0xAF, 0xB1, 0xE0, 0xF9, 0x15, 0xF0, 0xB6, 0x0B,
    0xDB, 0xF4, 0x3C, 0x1A, 0x0B, 0x0B, 0x6D, 0xE9, 0xC0, 0x85, 0xC7, 0xE4, 0xF9, 0x0B, 0x6A, 0x3A,
    0xCE, 0x8C, 0xFB, 0x7E, 0x0E, 0xD9, 0x1E, 0xAD, 0x29, 0x15, 0x29, 0xC9, 0x7D, 0x3F, 0x14, 0x02,
    0x9D, 0x0A, 0x81, 0xDE, 0x16, 0x96, 0x06, 0x5C, 0x1A, 0xBC, 0xDD, 0x89, 0x18, 0x0D, 0xA8, 0x95,
    0xBA, 0x71, 0x13, 0xAC, 0xEA, 0xD7, 0x7B, 0x8B, 0xF0, 0x17, 0xF1, 0xAF, 0x4D, 0x95, 0x09, 0xD9,
    0xF0, 0x9E, 0xC5, 0x02, 0xC9, 0x6C, 0x6D, 0xE5, 0x55, 0xB6, 0x0B, 0x54, 0x65, 0x7E, 0xF4, 0x79,
    0x7D, 0x30, 0xC5, 0x21, 0x8F, 0x28, 0x37, 0x98, 0x6E, 0x10, 0x36, 0x1A, 0x61, 0x5B, 0xB3, 0x97,
    0x68, 0x32, 0x89, 0x5A, 0xC3, 0xB7, 0xB2, 0xC1, 0x1F, 0xFB, 0x6E, 0xC8, 0xC6, 0x2B, 0x2B, 0xD8,
    0x4F, 0xE3, 0xDA, 0x23, 0xF5, 0x17, 0xA8, 0x30, 0xAA, 0xFB, 0x2C, 0x73, 0xCF, 0x25, 0x97, 0x41,
    0x8B, 0xDF, 0x1D, 0x96, 0xBB, 0x89, 0x17, 0x60, 0x72, 0xDC, 0xBF, 0xB4, 0x71, 0xAB, 0xF5, 0xBA,
    0x2B, 0x2E, 0x53, 0xD5, 0xCE, 0xD1, 0x15, 0x7A, 0xA7, 0xD5, 0x06, 0xCF, 0xDF, 0x93, 0x8D, 0xDC,
    0x0D, 0x59, 0x2F, 0x6B, 0x5D, 0xAC, 0xD0, 0xBC, 0x60, 0xC7, 0x2C, 0x38, 0x51, 0x7D, 0x1B, 0xC2,
    0x15, 0x36, 0xA4, 0xF1, 0x68, 0x7E, 0x99, 0xAC, 0x39, 0x74, 0x7F, 0xCC, 0xDE, 0xAE, 0x66, 0xC6,
    0x93, 0x8A, 0x67, 0x43, 0x43, 0x5C, 0x5E, 0x1B, 0xE2, 0x2D, 0xD1, 0x10, 0x61, 0x60, 0x6E, 0xD2,
    0x73, 0x88, 0x75, 0x77, 0xEF, 0xCA, 0x3B, 0x80, 0x3F, 0x82, 0x28, 0x12, 0xB3, 0x89, 0xC6, 0x48,
    0x13, 0x1E, 0x59, 0x9B, 0x89, 0xD2, 0xB1, 0xC5, 0xF4, 0x0E, 0x20, 0xBB, 0x7D, 0xAB, 0x5F, 0x65,
    0xBF, 0x03, 0x8E, 0xF4, 0x6F, 0x94, 0x1A, 0x68, 0x8B, 0x46, 0xA5, 0x8C, 0xB7, 0x6D, 0x3C, 0xC2,
    0xCA, 0x06, 0xBC, 0x81, 0xF5, 0x3E, 0x35, 0x10, 0x09, 0x09, 0xDF, 0x09, 0x00, 0xEE, 0x53, 0x31,
    0x83, 0x91, 0x00, 0x4A, 0xAA, 0x9D, 0xB2, 0x8D, 0xE0, 0x31, 0x40, 0x07, 0xE3, 0xBD, 0x0C, 0x29,
    0x97, 0x04, 0x34, 0x8B, 0xE5, 0x8E, 0x32, 0xAD, 0x30, 0x10, 0xD7, 0x88, 0xBF, 0x85, 0xB8, 0xB6,
    0xC7, 0x4A, 0xCC, 0xF2, 0x8B, 0x34, 0x63, 0xFC, 0x89, 0x91, 0x34, 0x94, 0xF0, 0xCD, 0x58, 0x4B,
    0x32, 0xEF, 0x8A, 0x4A, 0xC4, 0x79, 0x73, 0xB7, 0xB5, 0x0E, 0x4B, 0xC3, 0x93, 0x31, 0xEB, 0x16,
    0xAB, 0xA6, 0xE0, 0xAA, 0xC6, 0xBE, 0xA0, 0xA5, 0xD1, 0xE9, 0x9B, 0x5C, 0xBE, 0xD4, 0x31, 0xF9,
    0xFA, 0xC5, 0xB2, 0xB9, 0x53, 0x7B, 0x2E, 0xA6, 0x85, 0x47, 0x97, 0xBF, 0x3F, 0xCA, 0xF3, 0xCA,
    0x72, 0x3D, 0xBD, 0x17, 0xFB, 0x80, 0x0C, 0x23, 0x8D, 0xF7, 0xA1, 0xCC, 0xD1, 0x11, 0xEA, 0xE3,
    0x47, 0xC6, 0x45, 0x67, 0x2B, 0x54, 0x49, 0x61, 0x80, 0x71, 0x92, 0x00, 0xE1, 0xE7, 0x78, 0x16,
    0x9D, 0x44, 0xE7, 0xB8, 0xFC, 0xC4, 0x94, 0x41, 0x6B, 0x40, 0x9D, 0x94, 0xA7, 0x9D, 0x97, 0x2A,
    0x28, 0x34, 0x2E, 0x03, 0x16, 0x54, 0x67, 0x53, 0x81, 0x90, 0x3C, 0xB1, 0x49, 0x0C, 0x47, 0x19,
    0x5C, 0x47, 0x5D, 0xA0, 0x81, 0xBB, 0xE1, 0x50, 0x5B, 0x60, 0x13, 0x00, 0xE7, 0x6B, 0x82, 0x05,
    0x0D, 0x50, 0x75, 0x6C, 0x2A, 0x0F, 0xE6, 0xF4, 0x4D, 0x35, 0x83, 0x11, 0xBD, 0x29, 0x5A, 0xFE,
    0x4D, 0xB1, 0x39, 0xE4, 0x50, 0x54, 0x5C, 0x0C, 0x4D, 0x2D, 0x68, 0x9F, 0x63, 0x31, 0x97, 0xFF,
    0x0A, 0xDA, 0xC6, 0xBE, 0xDE, 0x65, 0x85, 0xB5, 0xFB, 0x54, 0xF6, 0x2F, 0x43, 0x31, 0x4C, 0xB2,
    0x92, 0xA9, 0xA2, 0xB1, 0x63, 0x85, 0x6C, 0xB7, 0xEF, 0x0B, 0x5A, 0x1A, 0x1D, 0x60, 0x0C, 0xD6,
    0xC0, 0xBA, 0x71, 0xFE, 0xE6, 0x32, 0xF5, 0x91, 0x25, 0x6C, 0x80, 0x46, 0x1A, 0x3D, 0xD2, 0x5A,
    0xD3, 0x30, 0xD5, 0xD8, 0xD6, 0xD8, 0xD0, 0x58, 0x9E, 0x61, 0x2C, 0x57, 0x1C, 0xC6, 0x13, 0x0B,
    0x82, 0xCF, 0xBA, 0xCF, 0x22, 0x9D, 0xC4, 0xED, 0xB7, 0x9F, 0xF9, 0x1B, 0x08, 0x14, 0xD9, 0x53,
    0x6F, 0xC1, 0xBD, 0xD1, 0x5D, 0x33, 0xFD, 0xDE, 0x58, 0x1F, 0x69, 0x15, 0x59, 0x2C, 0xA2, 0xCC,
    0x78, 0x1F, 0x95, 0xA5, 0x8F, 0xE0, 0x9F, 0xDA, 0xA9, 0x32, 0xA3, 0xC3, 0x0E, 0x15, 0x3D, 0x2B,
    0x3D, 0x0A, 0x07, 0x69, 0x47, 0x62, 0xFB, 0x3D, 0x81, 0xA6, 0x40, 0x47, 0xE0, 0x09, 0x01, 0xDC,
    0x10, 0x37, 0xE3, 0xBE, 0x4D, 0x74, 0x17, 0xAB, 0xD1, 0xB9, 0x07, 0x05, 0x51, 0x16, 0xA7, 0xB2,
    0xDC, 0xA4, 0xB2, 0xDA, 0x8C, 0xFA, 0xE8, 0x88, 0x16, 0x68, 0xCA, 0x5A, 0xFF, 0x53, 0xD6, 0xBA,
    0x9E, 0xB2, 0x76, 0x4E, 0x2E, 0x6B, 0x5A, 0xCE, 0x58, 0x86, 0xEB, 0x44, 0x8B, 0xFA, 0x86, 0x35,
    0x6E, 0x44, 0x13, 0x8E, 0x9E, 0xCF, 0x6E, 0xD4, 0xA8, 0x8F, 0x88, 0x6C, 0x86, 0x1C, 0x2D, 0x65,
    0x6D, 0x43, 0x75, 0xD6, 0x51, 0xCE, 0x2A, 0xFC, 0x2E, 0x89, 0x38, 0x95, 0xA9, 0x0F, 0x8E, 0x37,
    0xD4, 0x99, 0xB2, 0x18, 0xA4, 0xCA, 0x65, 0x09, 0xFA, 0x48, 0xCB, 0xBC, 0xD6, 0x9B, 0x49, 0x19,
    0x84, 0xB8, 0x61, 0x47, 0x65, 0x58, 0x34, 0x1B, 0x6E, 0x50, 0x66, 0xA2, 0x56, 0xA5, 0xE7, 0x81,
    0xC6, 0xF5, 0x41, 0x28, 0x09, 0x13, 0xEA, 0x62, 0x62, 0x7C, 0x1A, 0x73, 0x74, 0x7C, 0x86, 0xDF,
    0x4B, 0x93, 0xC9, 0xE9, 0x38, 0x37, 0x0C, 0x34, 0x18, 0x53, 0x64, 0xE9, 0x05, 0x02, 0x6A, 0xA3,
    0xAB, 0xAA, 0xC2, 0x84, 0x4C, 0x35, 0x8E, 0xD6, 0x6A, 0x17, 0xFE, 0x42, 0x13, 0x72, 0x53, 0xA6,
    0x9B, 0x8E, 0x14, 0x71, 0x69, 0xF5, 0x58, 0xB6, 0xC3, 0x12, 0x09, 0x6F, 0x7D, 0x3B, 0x5C, 0x4D,
    0xDC, 0x5A, 0xC7, 0x0E, 0xDB, 0x24, 0x6A, 0x95, 0xED, 0xF0, 0x09, 0x01, 0x75, 0x17, 0xA8, 0x35,
    0x18, 0x70, 0x1D, 0x41, 0xEB, 0xAA, 0x9C, 0x43, 0xFB, 0x26, 0x07, 0x05, 0xD4, 0x74, 0xA8, 0x66,
    0x0C, 0x08, 0x3F, 0x5B, 0xCA, 0xFD, 0x0E, 0x1E, 0x9E, 0x30, 0x2A, 0x4B, 0xCA, 0x0F, 0x65, 0x7C,
    0x12, 0x6B, 0xF9, 0xA3, 0xA7, 0x15, 0x06, 0x55, 0xAD, 0x78, 0x62, 0x13, 0x08, 0xB1, 0x51, 0xAC,
    0x11, 0xC0, 0x7A, 0x40, 0xFC, 0xBA, 0x9D, 0xD1, 0x5B, 0xAF, 0xEF, 0xA9, 0xEA, 0x7B, 0x18, 0x4D,
    0x5D, 0x35, 0x6F, 0xD4, 0x56, 0x6A, 0x4B, 0x0F, 0x17, 0xF9, 0xA8, 0x31, 0xB4, 0xB4, 0xEB, 0xA0,
    0x35, 0x74, 0x21, 0x1C, 0x3E, 0x5F, 0xCA, 0x19, 0x91, 0xC7, 0xCC, 0xBF, 0x1D, 0x79, 0xBC, 0x6A,
    0x7B, 0xC4, 0xBF, 0x6F, 0xB3, 0xCD, 0xDA, 0x03, 0x33, 0x65, 0x32, 0x5F, 0x25, 0x49, 0x02, 0xA0,
    0x05, 0xB1, 0xFD, 0x53, 0xDB, 0xE2, 0x71, 0xE2, 0x69, 0x3D, 0xD9, 0xEC, 0x98, 0x63, 0x14, 0x27,
    0x5B, 0x19, 0xE6, 0xF9, 0x70, 0xFD, 0x05, 0x79, 0x52, 0x59, 0x38, 0x86, 0x6D, 0xF4, 0x58, 0x47,
    0xC4, 0xD7, 0xD4, 0xFC, 0xE9, 0x4E, 0x6D, 0xD9, 0x4A, 0x11, 0x3B, 0x42, 0xB4, 0xCE, 0x0D, 0x20,
    0xE4, 0xA6, 0x55, 0x34, 0x5B, 0x33, 0xED, 0xA8, 0x9D, 0xDA, 0x52, 0x27, 0xDD, 0xA4, 0xA2, 0xE9,
    0x13, 0x24, 0xC1, 0xED, 0x92, 0xA0, 0x91, 0xE6, 0xFE, 0x67, 0xD3, 0x81, 0xE7, 0x26, 0xA0, 0x7F,
    0xBF, 0x92, 0xFB, 0x61, 0x6E, 0x28, 0xB0, 0xC9, 0x32, 0xB4, 0x20, 0xAF, 0x52, 0x91, 0x57, 0x69,
    0xC8, 0xAB, 0xB4, 0xA5, 0xF1, 0x98, 0x38, 0x57, 0x0C, 0xA6, 0x56, 0x7D, 0xF6, 0x3B, 0x30, 0xFA,
    0x56, 0xE4, 0x11, 0xA3, 0xD5, 0x07, 0x6F, 0x7E, 0xC6, 0xED, 0x43, 0x8D, 0x56, 0xAE, 0x36, 0x16,
    0x01, 0xAB, 0x8D, 0xE3, 0x04, 0x47, 0xCE, 0x36, 0xD4, 0x39, 0xD7, 0x81, 0x51, 0xB0, 0xE1, 0xDA,
    0x20, 0x5C, 0x6D, 0x04, 0xC2, 0x34, 0x68, 0x34, 0x61, 0xE1, 0x85, 0xDC, 0x4F, 0xCB, 0xB0, 0x15,
    0x43, 0x3D, 0x40, 0x43, 0xCE, 0xE5, 0x72, 0x01, 0xE2, 0x17, 0x1A, 0xB8, 0x19, 0xF1, 0xF6, 0xF3,
    0x04, 0x67, 0x98, 0x21, 0x90, 0xF9, 0x21, 0x80, 0xD8, 0x59, 0x70, 0xEA, 0x7B, 0xFC, 0x0E, 0xB9,
    0x5D, 0x6D, 0x59, 0xE6, 0x4A, 0x5B, 0x28, 0x40, 0x5B, 0xBA, 0x1A, 0xB0, 0x78, 0x90, 0x68, 0x08,
    0x31, 0x20, 0x92, 0xB6, 0xA6, 0x37, 0x0B, 0x17, 0x29, 0x9D, 0xCA, 0xC4, 0x12, 0x70, 0x04, 0x3C,
    0xF6, 0xAD, 0x5B, 0xBA, 0x9C, 0x80, 0x40, 0xA4, 0x9D, 0x04, 0xF6, 0x84, 0xD7, 0x9E, 0x18, 0x39,
    0x7C, 0xB6, 0xF7, 0x83, 0x04, 0xA4, 0xE6, 0x30, 0xB5, 0xC8, 0x18, 0x7C, 0x24, 0x84, 0x4C, 0x43,
    0x32, 0x26, 0x35, 0x23, 0x48, 0x5B, 0xF3, 0x05, 0xD2, 0x13, 0xA2, 0xD1, 0x50, 0xF6, 0x8D, 0xDA,
    0x57, 0x61, 0x62, 0x71, 0x37, 0x64, 0xBD, 0xF5, 0x1E, 0x95, 0x84, 0x13, 0x5A, 0x9D, 0x01, 0x32,
    0xBB, 0xC0, 0x53, 0x87, 0xD8, 0x45, 0xA2, 0x8E, 0x56, 0xDF, 0xE5, 0x9B, 0xBB, 0x7D, 0xF7, 0xD5,
    0x95, 0x5A, 0x43, 0x55, 0xCB, 0x2E, 0xC7, 0x7D, 0x94, 0x35, 0x9E, 0xD4, 0x48, 0x6B, 0x82, 0xAF,
    0x51, 0xBB, 0xC0, 0x1F, 0xA4, 0xFB, 0x5E, 0x05, 0x1F, 0x20, 0xDC, 0x5C, 0x19, 0xCE, 0x7A, 0x40,
    0x53, 0x32, 0xD5, 0x10, 0x51, 0xD3, 0xDE, 0x76, 0xA5, 0x44, 0xD0, 0xD5, 0x58, 0x62, 0x1D, 0x41,
    0xD9, 0xDC, 0x2B, 0xED, 0x82, 0x6F, 0x58, 0x49, 0x0C, 0x5E, 0xD3, 0x88, 0x07, 0x3A, 0x30, 0xD0,
    0x44, 0x7A, 0x46, 0x8B, 0x78, 0x47, 0x84, 0x90, 0x95, 0xD5, 0x7C, 0x33, 0x43, 0xC4, 0x49, 0xA5,
    0x09, 0x9D, 0x08, 0x31, 0x51, 0x09, 0xBC, 0x00, 0xDB, 0x34, 0x2E, 0x12, 0x76, 0x14, 0x24, 0x30,
    0x12, 0x2C, 0x82, 0xC4, 0x57, 0xD9, 0x37, 0x96, 0x92, 0xB2, 0x9D, 0x38, 0x59, 0x42, 0x04, 0x97,
    0x08, 0x12, 0xC1, 0x22, 0xC9, 0xE2, 0x04, 0xA7, 0x93, 0x33, 0x46, 0x9C, 0x94, 0x67, 0x92, 0xB2,
    0x19, 0xD1, 0x75, 0x49, 0xCF, 0x02, 0x7C, 0xF4, 0xF1, 0x53, 0x21, 0x7E, 0xFD, 0xF0, 0x87, 0x01,
    0xC0, 0xC8, 0x7C, 0x00, 0x89, 0x47, 0x0C, 0x0B, 0x02, 0x9C, 0x7D, 0x02, 0x86, 0x49, 0x80, 0x78,
    0xDD, 0x27, 0x16, 0xFB, 0xE0, 0x27, 0x1E, 0x7B, 0xC1, 0x27, 0x4D, 0x9A, 0x92, 0x3D, 0x4E, 0xF8,
    0x52, 0x4D, 0x26, 0xF8, 0x4F, 0x33, 0x9E, 0x47, 0x1E, 0x28, 0x2B, 0x62, 0xB0, 0x43, 0x06, 0xD7,
    0x67, 0xF0, 0x14, 0x43, 0x05, 0xB2, 0x89, 0x66, 0x71, 0x06, 0x06, 0xF7, 0xC9, 0x80, 0x96, 0x1A,
    0x9C, 0x73, 0x05, 0x68, 0xA1, 0x01, 0x90, 0x1C, 0x03, 0x78, 0x5C, 0x40, 0x4D, 0x80, 0xF0, 0x58,
    0x39, 0x4C, 0x58, 0xE8, 0xE6, 0xE1, 0xDE, 0x02, 0xDE, 0xBB, 0xA4, 0x25, 0xD1, 0x10, 0x8B, 0x12,
    0x06, 0x4E, 0x03, 0x7A, 0x9D, 0x1E, 0xF1, 0xB8, 0xCC, 0x4F, 0x93, 0x14, 0x8A, 0xF4, 0x55, 0x73,
    0x63, 0xA2, 0xF6, 0xBC, 0xF4, 0x43, 0xE5, 0x12, 0x11, 0x19, 0xEA, 0x80, 0x66, 0x96, 0x9E, 0x2C,
    0xAB, 0xFA, 0x8B, 0xEA, 0xC5, 0x73, 0xD4, 0x01, 0x02, 0xC9, 0x8B, 0x2F, 0x12, 0x98, 0x02, 0x96,
    0x80, 0x2D, 0xE0, 0x0A, 0x2C, 0x08, 0x94, 0x05, 0x1E, 0x17, 0x50, 0x93, 0xF0, 0xC2, 0x18, 0x5C,
    0x13, 0x48, 0x18, 0x9E, 0x8F, 0x1F, 0x3B, 0x8B, 0x0E, 0x78, 0x47, 0x3A, 0xE0, 0x6D, 0xAC, 0xDD,
    0x89, 0xFD, 0x72, 0xC4, 0xFD, 0xC0, 0xDD, 0x94, 0x74, 0x54, 0xE3, 0xD1, 0x0E, 0xF5, 0xB6, 0x3A,
    0xE9, 0xA6, 0x13, 0x6E, 0x30, 0x43, 0x1E, 0xDA, 0xFA, 0x50, 0x3C, 0x3E, 0xAC, 0xB7, 0x04, 0xD9,
    0x2C, 0x91, 0x68, 0xC7, 0x31, 0x28, 0x7B, 0x34, 0x76, 0x04, 0x89, 0x76, 0x31, 0x12, 0x7F, 0x26,
    0xA1, 0x53, 0x1A, 0x49, 0x24, 0xE0, 0xB9, 0xB4, 0x28, 0xC9, 0x8C, 0xD4, 0xE3, 0x1A, 0xD5, 0x10,
    0x8B, 0xBC, 0x2F, 0xC6, 0x38, 0x89, 0xE2, 0xDA, 0x52, 0xC9, 0xC6, 0x66, 0x9A, 0x13, 0x7F, 0xCA,
    0xFC, 0x19, 0x89, 0xAC, 0x55, 0x99, 0x33, 0x0B, 0xE0, 0x11, 0xA8, 0xF5, 0x16, 0x40, 0x6C, 0xCA,
    0xA5, 0x70, 0x01, 0xDA, 0xBD, 0xF2, 0x36, 0xDD, 0x8F, 0xE6, 0x47, 0xF9, 0x2C, 0xE1, 0xC1, 0xD1,
    0xFD, 0x0B, 0x9A, 0x90, 0x39, 0x61, 0x6D, 0xB4, 0x90, 0xA6, 0xA3, 0xC5, 0x2A, 0xC2, 0x09, 0xA0,
    0x3F, 0x17, 0x4E, 0x71, 0x6A, 0x08, 0x5D, 0x93, 0x4E, 0xD1, 0x6E, 0x63, 0xF5, 0xA1, 0x64, 0xF4,
    0x1D, 0x7E, 0xAB, 0xC8, 0x6B, 0xF0, 0xAF, 0x8A, 0xF0, 0xE9, 0x8F, 0xB0, 0x02, 0x92, 0x9E, 0xCC,
    0xE7, 0x54, 0xFE, 0x6B, 0x3C, 0x1C, 0xC5, 0x62, 0x7A, 0x56, 0xB6, 0x6E, 0x41, 0x30, 0x28, 0x93,
    0x08, 0x69, 0xDC, 0x15, 0x74, 0x11, 0x7D, 0x01, 0x1F, 0x3C, 0x62, 0x8C, 0xE9, 0x03, 0xED, 0x40,
    0x08, 0x9D, 0xEB, 0x4B, 0x6F, 0xB9, 0x70, 0x56, 0x5E, 0xC2, 0x0B, 0x3B, 0x3A, 0xF4, 0xC6, 0x63,
    0x6F, 0x8B, 0x8E, 0xAA, 0x32, 0x0F, 0xD3, 0x53, 0xBB, 0x31, 0x3C, 0xF2, 0x7A, 0xBF, 0x14, 0x77,
    0xE0, 0x74, 0xD5, 0x2B, 0x07, 0x34, 0x55, 0x94, 0xDB, 0x2B, 0xB3, 0x21, 0xA5, 0xD4, 0x2E, 0xAB,
    0x2E, 0x35, 0x7D, 0xA5, 0x5D, 0x5E, 0xE9, 0x79, 0x77, 0xD4, 0xB9, 0x76, 0x35, 0xF3, 0x8D, 0x4C,
    0xCD, 0xB5, 0x2B, 0x6B, 0x66, 0x3C, 0xC3, 0xF1, 0x90, 0x1C, 0xEF, 0xDC, 0x2E, 0x8B, 0x31, 0xA5,
    0x5D, 0xF6, 0x22, 0x0E, 0x65, 0x29, 0x3F, 0xCC, 0x0A, 0x78, 0x3A, 0xCF, 0xF1, 0x29, 0x74, 0xBE,
    0xEB, 0xC3, 0x49, 0xBC, 0xEC, 0xA6, 0xB0, 0x74, 0xB4, 0x1F, 0x9F, 0x65, 0x07, 0xA7, 0x36, 0x8C,
    0x0E, 0x12, 0xFA, 0xB2, 0xC2, 0xE5, 0x54, 0x73, 0x20, 0xD6, 0xB3, 0xCB, 0x6B, 0x93, 0x22, 0x42,
    0x6E, 0x5A, 0x7C, 0x5C, 0xB9, 0x47, 0x89, 0xF6, 0x32, 0x59, 0xDB, 0xAB, 0xD3, 0x74, 0xFA, 0xA5,
    0x9D, 0x65, 0x82, 0x06, 0x6C, 0xC7, 0xF0, 0x78, 0x7E, 0x33, 0xAC, 0x13, 0x3D, 0x23, 0x89, 0xAE,
    0x4E, 0x23, 0x61, 0x5E, 0x25, 0x75, 0x9A, 0x47, 0x95, 0xAF, 0xF4, 0xEB, 0x34, 0x8F, 0xBA, 0xB8,
    0xA0, 0x94, 0xFC, 0x8E, 0x3F, 0x5F, 0x2F, 0x37, 0x12, 0xB5, 0x34, 0x53, 0x2F, 0x9F, 0x4B, 0x20,
    0xE2, 0x94, 0xE7, 0x04, 0x98, 0x4A, 0x01, 0xA8, 0xB5, 0x00, 0xAD, 0xC1, 0x55, 0x3E, 0xA8, 0xCF,
    0x0D, 0x81, 0xE9, 0xD9, 0x1B, 0x5B, 0x80, 0xCF, 0x67, 0x7B, 0x04, 0x1F, 0x67, 0x77, 0x70, 0xF0,
    0xA3, 0x9B, 0x4C, 0x2C, 0x12, 0xF1, 0xF4, 0x61, 0xD9, 0x78, 0xAD, 0xB8, 0xF0, 0x8F, 0x79, 0x2F,
    0xC1, 0x9F, 0x32, 0xD4, 0x7A, 0xA2, 0x50, 0xE5, 0x2A, 0x75, 0x1E, 0x18, 0xA2, 0x1F, 0x93, 0xB2,
    0x69, 0x1D, 0x3E, 0xA0, 0xCA, 0x48, 0xEB, 0x3C, 0xFA, 0xAC, 0xB4, 0xCE, 0x81, 0x6E, 0x4E, 0x5A,
    0x67, 0x2B, 0xAC, 0x97, 0xD6, 0xF9, 0x8E, 0x8B, 0x69, 0xDD, 0x05, 0x87, 0x72, 0x3A, 0xAD, 0x97,
    0xD0, 0xD7, 0x33, 0x69, 0xBD, 0x2C, 0xD6, 0xFB, 0x7A, 0x4F, 0xE3, 0x35, 0x8D, 0xDA, 0xAA, 0x5F,
    0x97, 0xF9, 0x45, 0xF7, 0xDF, 0xD8, 0x6D, 0xF1, 0x71, 0xB6, 0x10, 0xA5, 0x27, 0x61, 0x37, 0x61,
    0xCE, 0x85, 0x9D, 0x04, 0x53, 0x1A, 0x1E, 0x55, 0x8E, 0x4B, 0xF2, 0x62, 0x97, 0x04, 0x32, 0x64,
    0x74, 0x83, 0x03, 0x60, 0x0A, 0x61, 0xFC, 0xCC, 0x18, 0x5F, 0x83, 0xE5, 0xC7, 0x7A, 0x27, 0x28,
    0x1B, 0xA0, 0x0E, 0x51, 0x99, 0xEA, 0xE5, 0x04, 0x49, 0x03, 0x81, 0x4B, 0xAA, 0xD1, 0xE6, 0x35,
    0xF4, 0xB1, 0x94, 0x04, 0x9D, 0xCA, 0x81, 0xD6, 0x6E, 0xEB, 0x8A, 0xEA, 0x40, 0xB5, 0x05, 0x6B,
    0x1A, 0x04, 0x23, 0x4B, 0xB2, 0xF7, 0x91, 0x64, 0x80, 0xB7, 0xF1, 0x3A, 0xE0, 0x0B, 0x06, 0x8B,
    0x0D, 0x86, 0xE3, 0x0D, 0xA6, 0xBC, 0xAC, 0xF9, 0x83, 0xB5, 0x02, 0xDA, 0x46, 0x9A, 0xA6, 0xD4,
    0x6C, 0x03, 0x62, 0x6A, 0xBA, 0xBB, 0xAD, 0xCE, 0x1E, 0xDD, 0x9F, 0x84, 0xD2, 0xD3, 0xC4, 0xF8,
    0xB3, 0xD4, 0xDA, 0x60, 0x81, 0x15, 0xE0, 0xB0, 0x5E, 0x63, 0xD3, 0xF8, 0xBB, 0x11, 0x1F, 0x64,
    0xEF, 0xC3, 0x4D, 0x38, 0x7C, 0x37, 0xE0, 0xCD, 0x11, 0x8A, 0x89, 0xA3, 0xC8, 0x60, 0x1E, 0x15,
    0x7F, 0x70, 0xDD, 0x1B, 0x20, 0x02, 0xCE, 0xFF, 0x40, 0xC2, 0xCC, 0x55, 0xE5, 0x7A, 0xBC, 0x76,
    0x2F, 0xC0, 0xF3, 0x7B, 0x19, 0x27, 0xEA, 0xC2, 0x10, 0x6C, 0xC2, 0x78, 0x07, 0x36, 0x2D, 0xB2,
    0x7A, 0x3C, 0xD1, 0x1D, 0x38, 0xD4, 0x9A, 0x51, 0xA9, 0xCD, 0xB0, 0x58, 0xC7, 0xBC, 0x8D, 0x8E,
    0xD7, 0x85, 0x08, 0xD4, 0xF9, 0xE0, 0x08, 0x70, 0x4E, 0xDD, 0xE5, 0xDC, 0x8D, 0xDA, 0x73, 0x85,
    0x73, 0x6C, 0x50, 0xCB, 0xCF, 0x3D, 0x47, 0xE7, 0x6E, 0xAA, 0x3A, 0x2B, 0x88, 0x54, 0x5D, 0x9C,
    0x5B, 0xC6, 0xD7, 0x9C, 0x61, 0xC4, 0x07, 0x9C, 0x48, 0xD4, 0x99, 0x19, 0x9B, 0x95, 0xE0, 0x9C,
    0x7D, 0x0E, 0xD3, 0x12, 0x83, 0x33, 0x2D, 0xA3, 0x3D, 0x0C, 0x5A, 0xA3, 0x89, 0x07, 0xB3, 0x18,
    0x7A, 0x4E, 0x52, 0xED, 0xD1, 0x24, 0x70, 0x01, 0x4B, 0xF5, 0x45, 0xAC, 0xDF, 0x49, 0xBD, 0x71,
    0x8D, 0xE1, 0xAC, 0xC0, 0x9C, 0x80, 0xBA, 0x0B, 0x6C, 0x32, 0x54, 0x93, 0x24, 0x26, 0xE8, 0xFA,
    0xDF, 0x8F, 0x5F, 0x54, 0xD7, 0xEA, 0xCA, 0xFA, 0x37, 0x4A, 0x5D, 0x9B, 0x53, 0xCE, 0xFB, 0xAC,
    0x62, 0xF2, 0x68, 0xCD, 0x24, 0xD8, 0x22, 0xE6, 0xFF, 0x1A, 0xB4, 0xAD, 0x97, 0x09, 0x88, 0x76,
    0x7F, 0xAE, 0x30, 0x98, 0x8E, 0x08, 0x27, 0x58, 0x2E, 0xD8, 0x9B, 0xAE, 0x43, 0x12, 0x51, 0xCE,
    0xDB, 0x2C, 0x67, 0xB8, 0xCF, 0xB4, 0x10, 0x89, 0xB2, 0x00, 0x55, 0x71, 0x9D, 0x16, 0x61, 0x86,
    0x3E, 0x06, 0x4F, 0xDB, 0xEC, 0x63, 0x64, 0xF5, 0x1C, 0x01, 0x8F, 0xCF, 0xD1, 0x3A, 0xE3, 0x40,
    0xA2, 0x3D, 0x5E, 0x76, 0xBA, 0x6C, 0x1B, 0x72, 0x56, 0x57, 0x57, 0x49, 0xCC, 0x74, 0xEB, 0xE7,
    0xCE, 0x9D, 0x1E, 0xC1, 0xB9, 0x31, 0xA8, 0x72, 0xC9, 0xF9, 0xC5, 0xED, 0xED, 0x8E, 0x2A, 0x9F,
    0x91, 0x83, 0x15, 0x81, 0xB2, 0x40, 0x5D, 0x60, 0xF3, 0xDC, 0xB9, 0x2F, 0x50, 0x91, 0xC7, 0xCE,
    0xCD, 0xFD, 0xBB, 0xBD, 0x82, 0xE0, 0x7F, 0x44, 0xC6, 0x52, 0x63, 0x64, 0x2C, 0x73, 0xBE, 0xC5,
    0x93, 0xD8, 0x2D, 0x15, 0x15, 0xF2, 0x15, 0xD1, 0x02, 0x75, 0xC0, 0xF2, 0x47, 0x46, 0xCF, 0x80,
    0x09, 0xD5, 0x12, 0x70, 0x7A, 0xC6, 0x0E, 0x8D, 0x82, 0x52, 0x9B, 0xCF, 0x2D, 0x8A, 0xEF, 0xE5,
    0xF1, 0xDC, 0x13, 0x53, 0xD6, 0xA3, 0x1C, 0xCA, 0x1C, 0xAD, 0x9A, 0xC3, 0x17, 0x58, 0xFB, 0x5E,
    0x37, 0x98, 0x13, 0xAF, 0x0B, 0x79, 0xB9, 0x37, 0x9C, 0xDA, 0x62, 0xE0, 0x68, 0xBD, 0xD1, 0x58,
    0x9A, 0x95, 0xB1, 0xE4, 0xF8, 0x33, 0x6A, 0xFE, 0x24, 0x41, 0x45, 0x9D, 0x86, 0xC7, 0x3A, 0x35,
    0x9D, 0x67, 0x43, 0x81, 0x59, 0x77, 0xFE, 0xF7, 0x8D, 0x1F, 0x13, 0x47, 0x69, 0x85, 0xCE, 0x53,
    0x11, 0x56, 0x1D, 0xE7, 0x99, 0x80, 0xB3, 0x3F, 0x5C, 0x44, 0xC7, 0x1E, 0xDC, 0xC8, 0x5A, 0xEE,
    0x4F, 0x32, 0xB0, 0x64, 0x0B, 0x1F, 0x67, 0xB3, 0xCF, 0xED, 0xD4, 0xCA, 0x24, 0x8A, 0x10, 0xF3,
    0x74, 0x92, 0x00, 0xAB, 0x76, 0xE2, 0x1A, 0x08, 0xB1, 0x48, 0x5C, 0x07, 0x9D, 0x9A, 0xB8, 0xD5,
    0x3B, 0xB5, 0x3A, 0xC1, 0xE7, 0xA0, 0x77, 0xA2, 0x22, 0x1A, 0xBA, 0x7C, 0x4E, 0xC3, 0x71, 0x39,
    0xD8, 0x61, 0xF0, 0x52, 0x86, 0x6A, 0xC0, 0xE7, 0x8E, 0x93, 0x00, 0xD8, 0x13, 0x65, 0x54, 0x5D,
    0x15, 0x64, 0xFB, 0x39, 0xA6, 0xA5, 0x4C, 0x1A, 0x88, 0xEE, 0x6E, 0x6A, 0xFB, 0x46, 0x9B, 0x35,
    0x51, 0x0B, 0xF4, 0x16, 0xCC, 0x4F, 0x5C, 0x1A, 0x5C, 0x49, 0x94, 0x50, 0x0B, 0xA6, 0x8B, 0x6A,
    0xD3, 0xDC, 0x1D, 0x28, 0x33, 0x3D, 0x35, 0xF8, 0xA3, 0x70, 0x93, 0xE8, 0x6E, 0x33, 0xFB, 0x19,
    0xA1, 0x93, 0xD2, 0xEC, 0x88, 0x38, 0x47, 0xE8, 0xA6, 0x17, 0x27, 0x6A, 0x71, 0x53, 0x6D, 0x2E,
    0x10, 0x1E, 0xFF, 0xB3, 0xD6, 0xA0, 0x43, 0x9C, 0x93, 0xFA, 0x33, 0x7A, 0x91, 0x6B, 0x50, 0x84,
    0x11, 0x11, 0xFF, 0x47, 0x1A, 0x7F, 0x07, 0x1A, 0x31, 0xB8, 0x40, 0x40, 0x17, 0x46, 0xCC, 0x35,
    0xA2, 0xCF, 0x36, 0xDD, 0x7F, 0x1E, 0x23, 0x3C, 0x6E, 0xD3, 0x35, 0x62, 0x2C, 0x6C, 0x9B, 0xF3,
    0x46, 0xCC, 0xC7, 0x2B, 0x46, 0xDC, 0x44, 0x79, 0x62, 0xB4, 0x11, 0x95, 0xB3, 0xD9, 0xB3, 0xBE,
    0x1D, 0x53, 0xD7, 0xFC, 0xAF, 0x49, 0xF6, 0x7E, 0x40, 0x4D, 0xF6, 0x67, 0x61, 0xF7, 0x4B, 0x30,
    0xDE, 0x8E, 0xD6, 0xC6, 0x19, 0x1D, 0xC4, 0xE2, 0x69, 0x01, 0x79, 0x91, 0xBD, 0xF0, 0x9C, 0xB0,
    0xCB, 0x7C, 0x92, 0xFB, 0xC5, 0x9D, 0xE7, 0xD8, 0xFB, 0x4B, 0x5C, 0xF1, 0x55, 0xC5, 0x7B, 0xF5,
    0x22, 0x78, 0x02, 0x26, 0xB1, 0xC4, 0x9F, 0xF5, 0xB2, 0x57, 0xBF, 0x5A, 0x23, 0xFE, 0xAC, 0x77,
    0xC1, 0x3F, 0x4D, 0x4D, 0xE7, 0xF4, 0x1C, 0x1F, 0xAB, 0x5B, 0xA9, 0xE7, 0xDC, 0x1A, 0xB4, 0xE8,
    0xFD, 0xEA, 0x4C, 0xA6, 0x31, 0xE8, 0xC4, 0xD3, 0xAC, 0x8E, 0xD0, 0x72, 0xBA, 0xBE, 0x6E, 0xA7,
    0x29, 0x3A, 0xBA, 0xDE, 0x0C, 0x3A, 0xA8, 0x77, 0xFD, 0xA4, 0x75, 0x7B, 0x20, 0x23, 0xE8, 0xD9,
    0xBF, 0x02, 0x9A, 0x3D, 0xEF, 0x59, 0xC5, 0xE7, 0x9B, 0xAF, 0xE0, 0xFC, 0x39, 0xF3, 0x67, 0xC8,
    0x9D, 0x40, 0xE7, 0x5F, 0x79, 0x09, 0xCE, 0xC5, 0xE6, 0x9E, 0x1D, 0x5C, 0xC6, 0xF9, 0xC8, 0x81,
    0x3B, 0x48, 0x7D, 0xD5, 0xDC, 0xC0, 0xAB, 0xD4, 0x45, 0xDA, 0x2C, 0x70, 0x9E, 0x6A, 0x9A, 0x1B,
    0xFE, 0xA7, 0xF2, 0x06, 0x1C, 0xC5, 0x0C, 0xA5, 0x22, 0x5E, 0xA7, 0xC2, 0x27, 0x25, 0x4A, 0xE7,
    0xA7, 0x4A, 0xC4, 0x80, 0xA2, 0x13, 0x84, 0xE8, 0x44, 0x2C, 0x89, 0xE8, 0xEB, 0x12, 0x64, 0xA0,
    0xF0, 0x99, 0x16, 0x55, 0x71, 0x09, 0x7B, 0xE5, 0x26, 0xF4, 0xFE, 0x74, 0xFE, 0x8E, 0x91, 0xC2,
    0x45, 0xA5, 0x2B, 0x5E, 0x45, 0xBF, 0x52, 0xF4, 0x07, 0x5A, 0xBA, 0x9B, 0x5F, 0x96, 0xF6, 0x8A,
    0x1A, 0x0B, 0x62, 0x4C, 0x8F, 0xD6, 0x9A, 0xA2, 0x9A, 0xEE, 0x73, 0x77, 0x52, 0x5D, 0x16, 0xC5,
    0x64, 0x0C, 0xFE, 0x8A, 0x86, 0x09, 0x1E, 0xB6, 0xCA, 0x5C, 0xA7, 0x39, 0x68, 0x8D, 0xDC, 0x2A,
    0x43, 0xEB, 0xD6, 0xF6, 0x17, 0x13, 0xA8, 0xC4, 0x88, 0xE7, 0x31, 0x7C, 0x6D, 0xCA, 0x67, 0x8F,
    0x02, 0xB6, 0x4F, 0x4A, 0xEA, 0x2D, 0x18, 0x7F, 0x91, 0xC5, 0x95, 0x9D, 0x9B, 0x1C, 0xCC, 0x52,
    0xF8, 0x14, 0x13, 0xD4, 0x61, 0x8A, 0xBC, 0x53, 0x4B, 0xAB, 0xAC, 0xD7, 0x48, 0x20, 0xC2, 0x3C,
    0x5A, 0x8C, 0xAE, 0x5D, 0x96, 0x60, 0xF9, 0xB6, 0xD2, 0xF3, 0x85, 0x17, 0x94, 0xB6, 0xD0, 0xAC,
    0xF6, 0xD0, 0xBB, 0xD6, 0x97, 0xD8, 0x52, 0x5F, 0xA5, 0x7C, 0xD0, 0x64, 0x51, 0x0F, 0x91, 0x07,
    0x6D, 0xB1, 0x47, 0xB4, 0xD5, 0xC8, 0x47, 0x79, 0xCC, 0xA1, 0x75, 0xE8, 0xDD, 0xD5, 0x16, 0x2F,
    0x26, 0xDD, 0x39, 0x49, 0x11, 0xCC, 0xA4, 0xE8, 0x42, 0xCC, 0xEA, 0xD3, 0x73, 0x68, 0x90, 0x14,
    0x03, 0x11, 0x97, 0xD4, 0xE1, 0xDA, 0xD4, 0x36, 0x52, 0xB8, 0xB0, 0x34, 0xA9, 0x3D, 0x39, 0xD8,
    0x7A, 0x6D, 0x7C, 0x41, 0xCF, 0x1D, 0xD1, 0x5E, 0x84, 0xAF, 0x51, 0x48, 0x9D, 0xB1, 0x80, 0x3B,
    0x41, 0x6E, 0xA4, 0x8E, 0xF5, 0xD4, 0x82, 0x64, 0xD8, 0x5D, 0xE0, 0x04, 0x64, 0x24, 0x35, 0x74,
    0xF0, 0x3C, 0x56, 0x6A, 0x9B, 0x74, 0xF0, 0x4A, 0x7E, 0xF9, 0x6C, 0x0D, 0xDA, 0x81, 0x65, 0xB1,
    0x18, 0x0D, 0xA0, 0x1A, 0xE8, 0x92, 0x54, 0xC0, 0x06, 0x52, 0x6E, 0x91, 0x22, 0x94, 0x73, 0x33,
    0x4D, 0x45, 0xEC, 0xC4, 0x95, 0xDC, 0x62, 0xC7, 0xF9, 0x65, 0x60, 0x10, 0x73, 0x22, 0x86, 0x2A,
    0x24, 0x0D, 0x0F, 0x1A, 0xB8, 0x8A, 0x9A, 0x47, 0x74, 0x46, 0x29, 0xDB, 0x03, 0x39, 0x70, 0x45,
    0x97, 0xC6, 0x1E, 0xB5, 0x4B, 0x45, 0xF7, 0x31, 0x53, 0x22, 0xB3, 0x6D, 0x51, 0xB6, 0xB9, 0xCC,
    0xCF, 0xC3, 0x65, 0x5D, 0x72, 0x42, 0x70, 0x7A, 0x88, 0x94, 0xE3, 0x6E, 0xA5, 0x9E, 0x81, 0x0C,
    0xFD, 0xE0, 0x3F, 0x8E, 0xD9, 0xC2, 0xCA, 0x26, 0x29, 0x86, 0x9E, 0x40, 0x5A, 0x00, 0xED, 0x67,
    0x9A, 0xE7, 0xD2, 0xB2, 0x38, 0x2B, 0x83, 0xB2, 0xDF, 0x0A, 0x0B, 0xEE, 0x67, 0x55, 0xF1, 0xDA,
    0xDF, 0x83, 0xC7, 0x26, 0x3D, 0x89, 0x35, 0xC2, 0x25, 0xA4, 0x75, 0xA8, 0x1F, 0x18, 0x20, 0xA1,
    0x73, 0x5A, 0xFD, 0x01, 0x66, 0x29, 0x27, 0xD0, 0x5D, 0x19, 0x04, 0xE3, 0xEB, 0xF9, 0xC8, 0xAA,
    0xA7, 0xB6, 0xC4, 0x3D, 0xCF, 0xD0, 0xAE, 0x9B, 0xC4, 0x08, 0xED, 0x69, 0xAB, 0x65, 0x4F, 0x94,
    0x94, 0xE2, 0x23, 0x2D, 0x16, 0x31, 0x3D, 0xDA, 0xE3, 0xDC, 0x68, 0x87, 0x30, 0x16, 0x0F, 0x7C,
    0xC1, 0x0C, 0x8C, 0x0F, 0x66, 0x2C, 0x46, 0x08, 0xC1, 0xCA, 0x18, 0xBE, 0x51, 0xDB, 0x86, 0x85,
    0x46, 0x46, 0x68, 0x8C, 0xE8, 0x88, 0x4F, 0x58, 0x22, 0x52, 0xC6, 0xC7, 0x91, 0xB8, 0x5F, 0x7E,
    0xFF, 0x5D, 0x1E, 0x6D, 0xCE, 0x9B, 0x11, 0x7B, 0x62, 0x95, 0x9E, 0x8C, 0xBC, 0x5F, 0x45, 0xFD,
    0xCC, 0xC8, 0x7E, 0x16, 0x8E, 0x4A, 0x26, 0x67, 0xB1, 0x68, 0x46, 0xEC, 0xB0, 0xE0, 0xB1, 0x5B,
    0xD7, 0x1E, 0x6B, 0x4E, 0xBB, 0x59, 0x6F, 0xBF, 0x3F, 0x86, 0x3E, 0xB4, 0xAD, 0x35, 0xB1, 0x41,
    0xD1, 0xF3, 0x23, 0x8F, 0x24, 0xE9, 0x8F, 0x85, 0x2A, 0x65, 0x9A, 0xBE, 0x71, 0x51, 0xEB, 0x13,
    0xA9, 0xD4, 0x7B, 0xAC, 0xB2, 0xB5, 0xDF, 0x14, 0x29, 0x2E, 0x90, 0xE4, 0xCA, 0x7E, 0x43, 0x5A,
    0x46, 0xA7, 0xD3, 0xE2, 0xD8, 0x6A, 0xF1, 0xB3, 0xA0, 0xCE, 0x47, 0x8A, 0x20, 0xAA, 0x15, 0x54,
    0xAC, 0x78, 0xEA, 0x9E, 0xD4, 0xA1, 0xE9, 0x73, 0xD4, 0x8B, 0x17, 0xB3, 0x33, 0x89, 0xDD, 0x67,
    0x13, 0xB8, 0xD1, 0x3B, 0x5E, 0xF4, 0x86, 0x9B, 0xAA, 0x3A, 0xD6, 0x44, 0xE0, 0x13, 0x1D, 0x3F,
    0xF2, 0x81, 0x90, 0x31, 0x2F, 0x10, 0x6F, 0xB5, 0xCB, 0x22, 0xF6, 0x99, 0xDA, 0x54, 0x8E, 0xD6,
    0x10, 0xFF, 0x57, 0x7E, 0x38, 0x87, 0x5C, 0xD3, 0x57, 0x95, 0x3D, 0x48, 0x33, 0x35, 0x8F, 0x5E,
    0x1B, 0xCC, 0x17, 0xEF, 0xBF, 0x70, 0x17, 0xD4, 0x51, 0x48, 0xDA, 0xA1, 0xF7, 0xA0, 0x4C, 0xB0,
    0x7B, 0x94, 0x67, 0xA4, 0x79, 0xD9, 0x84, 0xB1, 0xC2, 0xD5, 0xA6, 0x72, 0x71, 0x9B, 0xBE, 0x5A,
    0x58, 0x1B, 0x1F, 0xD7, 0xC3, 0x4E, 0xCF, 0x4A, 0x9A, 0x09, 0x67, 0x34, 0x2E, 0x68, 0xEA, 0x3C,
    0xAF, 0x0A, 0x9E, 0xED, 0xB9, 0x57, 0x2C, 0x02, 0x96, 0x7C, 0x21, 0x45, 0xCC, 0x43, 0xC2, 0x87,
    0x26, 0x10, 0x86, 0x54, 0x67, 0x3D, 0xD0, 0xCE, 0x6E, 0x92, 0x86, 0x19, 0x07, 0x99, 0xE0, 0xB2,
    0xD8, 0xA6, 0xE5, 0xD5, 0x8E, 0x7E, 0xAB, 0x8A, 0xFE, 0xBF, 0xA4, 0x17, 0x03, 0x1A, 0xE8, 0xBC,
    0x36, 0xD8, 0x62, 0x5B, 0x46, 0x17, 0x8A, 0xD7, 0x5F, 0x5F, 0xBB, 0xFD, 0x55, 0x75, 0xC2, 0xA0,
    0xCF, 0xED, 0x5F, 0xD4, 0xAC, 0x78, 0x5A, 0x64, 0x52, 0x67, 0x6C, 0x82, 0x2D, 0x8E, 0x54, 0x1B,
    0x63, 0x6B, 0xA0, 0xF6, 0x88, 0x5F, 0x9E, 0xBE, 0x5C, 0x12, 0xD3, 0x59, 0x91, 0xCA, 0x54, 0xA5,
    0x6E, 0xD0, 0xA8, 0x50, 0xBD, 0xB0, 0xC2, 0xD0, 0x78, 0xC3, 0x13, 0xAB, 0x32, 0x82, 0x3B, 0xEC,
    0xBA, 0xC8, 0x6E, 0x8B, 0x55, 0x21, 0x3E, 0x6E, 0x20, 0x69, 0xB2, 0x23, 0x71, 0xA3, 0x48, 0x9A,
    0xAA, 0x30, 0xD6, 0xD6, 0x26, 0x5F, 0x81, 0x67, 0xD5, 0xBD, 0x60, 0xF6, 0xB9, 0x9B, 0x35, 0x62,
    0x54, 0xB4, 0x7D, 0x3E, 0x9F, 0xF8, 0xF7, 0xBF, 0x4E, 0xC3, 0x51, 0xB9, 0x7C, 0x32, 0xF9, 0xC8,
    0xF8, 0xDB, 0xA6, 0xAC, 0xA5, 0xA0, 0x31, 0x8C, 0x2A, 0x6B, 0x7F, 0xD9, 0x6D, 0xF6, 0x0C, 0x65,
    0xAF, 0xAB, 0x6A, 0x50, 0x12, 0x0B, 0xC9, 0x7C, 0x31, 0xD4, 0x73, 0xA4, 0x8E, 0x90, 0x63, 0x6E,
    0x20, 0x2E, 0x8D, 0x11, 0x13, 0x5F, 0x38, 0x0F, 0x4A, 0xD2, 0x03, 0x78, 0x3D, 0xD5, 0x5E, 0xAD,
    0xAD, 0xE6, 0x91, 0x10, 0x81, 0x95, 0x13, 0xD6, 0xBC, 0xAB, 0xEE, 0x0A, 0xE3, 0xBC, 0x81, 0x92,
    0x64, 0x54, 0x4A, 0x4C, 0xF7, 0xF4, 0x82, 0x3F, 0x16, 0x82, 0xCC, 0x79, 0x31, 0x55, 0xE9, 0xA5,
    0x9E, 0xB8, 0x8F, 0x5F, 0x96, 0x59, 0xC7, 0x1E, 0xAB, 0x31, 0xFE, 0xC5, 0xCA, 0xFB, 0x2C, 0xE2,
    0xCC, 0x97, 0x5E, 0x6F, 0xC1, 0x2F, 0x28, 0xF1, 0x98, 0xAF, 0x37, 0x7C, 0xC9, 0x31, 0x12, 0x8E,
    0x41, 0xA4, 0xB4, 0x9F, 0x74, 0x69, 0x98, 0xEC, 0x68, 0xB2, 0x48, 0xA8, 0x74, 0x62, 0xFA, 0x21,
    0x7C, 0xB6, 0x22, 0x93, 0xD9, 0x27, 0xE6, 0x72, 0x57, 0xD8, 0x2D, 0x56, 0x6C, 0xE0, 0x35, 0x40,
    0x17, 0x0F, 0x0C, 0x7C, 0x7E, 0x87, 0x52, 0xB2, 0x38, 0xB5, 0x1F, 0xB4, 0xCB, 0x77, 0xB5, 0xC5,
    0x6B, 0x61, 0x45, 0x74, 0x17, 0x95, 0x31, 0x77, 0xF0, 0xDC, 0x63, 0x7C, 0xEC, 0xDC, 0xA2, 0x5C,
    0x30, 0xFD, 0x9C, 0xF8, 0x96, 0x4F, 0x3D, 0x27, 0x30, 0x59, 0xF9, 0x35, 0x56, 0x15, 0xDA, 0x29,
    0x07, 0x49, 0x12, 0xA3, 0xEF, 0xEC, 0xB1, 0x6F, 0x8D, 0xEA, 0x06, 0xBC, 0x61, 0x81, 0xD3, 0x5B,
    0x1C, 0xF3, 0xAD, 0x56, 0xEA, 0x11, 0x99, 0x14, 0x67, 0xA4, 0x4F, 0x8A, 0x30, 0xF4, 0x2D, 0x11,
    0x88, 0xE8, 0x20, 0xD2, 0xAD, 0xDC, 0x03, 0xC6, 0x2F, 0x08, 0xEF, 0x7B, 0xC1, 0xFA, 0xAD, 0x6E,
    0x6B, 0x77, 0x43, 0xE2, 0x8A, 0x0B, 0xB9, 0x13, 0xAE, 0xB0, 0x1D, 0x9A, 0x86, 0x0E, 0x4C, 0x87,
    0x48, 0x29, 0xD3, 0x13, 0x8F, 0xF4, 0xAE, 0x5F, 0xE2, 0xD4, 0x2F, 0x3A, 0x2D, 0x7E, 0xB4, 0x8F,
    0xCB, 0x8D, 0xEF, 0x06, 0xA7, 0x10, 0x18, 0x96, 0xE7, 0xD8, 0xF6, 0x17, 0xF1, 0x6B, 0xA3, 0x10,
    0x91, 0x1D, 0x31, 0x58, 0x63, 0x60, 0xA7, 0x0C, 0xEE, 0x1E, 0x83, 0x57, 0xF2, 0x01, 0x8B, 0x0E,
    0xE7, 0x35, 0xE8, 0x1B, 0x3D, 0x02, 0x22, 0x37, 0xAB, 0x04, 0x34, 0x61, 0x4B, 0xCF, 0xFA, 0x65,
    0x64, 0x0F, 0xFE, 0x8E, 0x0F, 0xBB, 0xB1, 0x45, 0xBF, 0x44, 0xB5, 0x76, 0x57, 0xA8, 0xB2, 0x27,
    0x20, 0xC2, 0x0C, 0x8F, 0x88, 0x69, 0xD1, 0x68, 0xB5, 0x4C, 0x49, 0xFB, 0x6B, 0x41, 0xBE, 0xD8,
    0x59, 0xB1, 0x6E, 0xAC, 0x50, 0xF5, 0x3C, 0x2B, 0xF4, 0x3E, 0x05, 0x68, 0xFA, 0xA2, 0xDB, 0x93,
    0x0E, 0x22, 0x95, 0x2C, 0x49, 0x64, 0x92, 0x51, 0x56, 0x20, 0xF4, 0xEC, 0x80, 0xC1, 0x11, 0x70,
    0x7D, 0x8F, 0x96, 0x13, 0xCF, 0x65, 0x3F, 0x37, 0xCF, 0x63, 0xE7, 0x78, 0x0F, 0xAC, 0x28, 0xFD,
    0x47, 0x2C, 0x21, 0xD8, 0x42, 0xF8, 0xC0, 0x75, 0xDC, 0x41, 0xEF, 0xE0, 0xB6, 0x7A, 0xD1, 0xE9,
    0xBF, 0xE0, 0xF6, 0x73, 0x47, 0x69, 0x1D, 0xD1, 0x30, 0x4C, 0xA6, 0x86, 0x44, 0x15, 0x4B, 0xE3,
    0xD1, 0x07, 0xDA, 0xFD, 0x3C, 0x77, 0x46, 0x07, 0x53, 0xBE, 0x30, 0x09, 0x3B, 0xB5, 0x37, 0x6A,
    0x5F, 0x1D, 0x16, 0xD9, 0x6D, 0x0D, 0x5A, 0xDB, 0xD3, 0x4B, 0x8E, 0xBF, 0xDF, 0xE7, 0x77, 0x68,
    0xB8, 0x7C, 0x75, 0xD9, 0x10, 0xF7, 0xB0, 0xBB, 0xC2, 0xA5, 0x2D, 0xC9, 0x2D, 0xD4, 0xE7, 0x61,
    0x72, 0xD4, 0x1F, 0x4F, 0xD6, 0x1A, 0xB6, 0x0D, 0x5E, 0x32, 0x37, 0xC5, 0xF5, 0x14, 0xE2, 0x31,
    0x00, 0xC4, 0x13, 0x4E, 0xE0, 0x12, 0xB4, 0xA9, 0x61, 0x6A, 0x30, 0x49, 0x45, 0x04, 0x26, 0x11,
    0x63, 0x11, 0xC1, 0xB6, 0x3E, 0x3D, 0x0E, 0x95, 0x4B, 0xBC, 0x19, 0x31, 0xBC, 0x35, 0x16, 0x79,
    0x3A, 0x1E, 0xC6, 0xE2, 0xE9, 0x98, 0x29, 0x35, 0x2D, 0x50, 0xB3, 0xE6, 0xEB, 0x5C, 0xB6, 0x03,
    0x34, 0xFC, 0x7A, 0x98, 0x82, 0x58, 0x59, 0x9C, 0x8D, 0x90, 0x01, 0xFE, 0xEC, 0xE1, 0x26, 0x47,
    0x2B, 0x86, 0xA6, 0xD0, 0x4D, 0x33, 0x0F, 0xE6, 0x0F, 0xF5, 0x6A, 0xF1, 0x65, 0x79, 0x87, 0xB6,
    0x70, 0x22, 0x6D, 0x59, 0xBA, 0x87, 0x5D, 0xD5, 0x13, 0x97, 0xE1, 0xDE, 0xF4, 0x38, 0x72, 0x0E,
    0xD0, 0x6B, 0xE5, 0x09, 0x75, 0xF5, 0xAF, 0x07, 0xCA, 0xAB, 0x30, 0xCC, 0x7E, 0xAD, 0xEB, 0x31,
    0x4C, 0x34, 0xE2, 0x8E, 0xCC, 0xF7, 0xE9, 0xC8, 0x8C, 0x1F, 0xCA, 0x0E, 0x2D, 0x84, 0x10, 0xAB,
    0x08, 0xA1, 0xD9, 0x07, 0xC2, 0x03, 0x0F, 0x37, 0x76, 0xBE, 0xA3, 0x35, 0x8B, 0xCF, 0xF8, 0x7C,
    0xE7, 0xCB, 0xA2, 0x57, 0x40, 0x8E, 0x0B, 0xAC, 0xA2, 0x4E, 0x62, 0x26, 0xEC, 0x4E, 0x10, 0xAB,
    0x9F, 0xA5, 0x92, 0x8D, 0x0A, 0xB1, 0x06, 0xA5, 0xEF, 0xC7, 0xCC, 0x92, 0x1C, 0xD6, 0x7E, 0xBF,
    0x4C, 0x01, 0x42, 0x41, 0xE6, 0x1E, 0xD8, 0xDD, 0x8A, 0xF1, 0x80, 0x0F, 0x16, 0xC3, 0xFC, 0xA0,
    0x1B, 0x80, 0x69, 0xB5, 0x68, 0x0C, 0x43, 0x21, 0xE0, 0x0C, 0x7C, 0x5E, 0x9B, 0x6D, 0x10, 0xCD,
    0x87, 0x26, 0x3D, 0xEE, 0x87, 0x43, 0x44, 0xB3, 0x3D, 0xDB, 0xAD, 0xD6, 0x9A, 0x28, 0x0D, 0x12,
    0x8E, 0x9A, 0x87, 0x08, 0x40, 0x0B, 0x23, 0xFB, 0x24, 0x33, 0x6F, 0x63, 0xF6, 0x3A, 0x78, 0x9C,
    0x1B, 0x97, 0x9E, 0x86, 0x0D, 0xCB, 0xD7, 0xA1, 0x3C, 0xA6, 0xF4, 0x7E, 0xBE, 0xE5, 0xC8, 0xD3,
    0x70, 0x00, 0xED, 0x12, 0xAD, 0xBF, 0xA3, 0x56, 0x68, 0xED, 0xB5, 0x11, 0x7E, 0xF5, 0x30, 0xE8,
    0xE0, 0x11, 0x0E, 0xA4, 0x9F, 0xE3, 0x48, 0x5B, 0xBE, 0xE2, 0x98, 0x0E, 0x40, 0x5B, 0x1D, 0x31,
    0xD3, 0xC8, 0x6C, 0xC5, 0xE9, 0x5E, 0x72, 0x94, 0x04, 0x97, 0xC7, 0xB4, 0xBA, 0x79, 0xC5, 0x2F,
    0xF6, 0xCE, 0xD0, 0x9D, 0x9B, 0x39, 0x56, 0x9D, 0x80, 0x38, 0xE5, 0x68, 0x7B, 0x80, 0x2D, 0x9B,
    0x7F, 0x18, 0xEC, 0x55, 0x97, 0xA8, 0x17, 0x05, 0x38, 0x1B, 0xCB, 0x03, 0xC1, 0x39, 0x81, 0x86,
    0x5C, 0xC7, 0x82, 0x37, 0xF5, 0x53, 0x85, 0xC8, 0x46, 0xC2, 0x09, 0x62, 0x54, 0xE2, 0xC8, 0x83,
    0x3C, 0x5F, 0x96, 0x4D, 0x79, 0xFA, 0x56, 0x1E, 0x07, 0x3E, 0x5C, 0xB7, 0xA6, 0xC2, 0x52, 0x51,
    0x5D, 0x63, 0xB0, 0xB3, 0x61, 0xEE, 0xF7, 0x8D, 0xC4, 0xC8, 0x74, 0x4F, 0xEF, 0x32, 0x8F, 0xBF,
    0x45, 0x97, 0x7D, 0xF5, 0xE0, 0x32, 0x6C, 0x26, 0x56, 0x02, 0x61, 0x05, 0x09, 0x07, 0x58, 0x52,
    0xB1, 0x43, 0x1A, 0x3E, 0x56, 0xDF, 0x4A, 0x9C, 0x14, 0xC2, 0x0C, 0x54, 0x17, 0x44, 0xE8, 0xCE,
    0x16, 0xF4, 0x5C, 0x25, 0x96, 0x0A, 0xE2, 0x12, 0x6B, 0x80, 0x12, 0x16, 0x43, 0x98, 0x17, 0xE8,
    0x33, 0xFF, 0x25, 0xEE, 0xC8, 0x9A, 0x67, 0xBD, 0x82, 0x67, 0x92, 0x50, 0x72, 0x99, 0x5F, 0xA5,
    0x24, 0xA9, 0x05, 0xD0, 0x88, 0x1D, 0x11, 0xBC, 0x4E, 0x8E, 0xE2, 0x6F, 0x9C, 0xFD, 0x79, 0x77,
    0xA0, 0x12, 0xE7, 0xAC, 0x67, 0xEC, 0x9B, 0xAA, 0xB7, 0xF7, 0x61, 0xEF, 0x64, 0x37, 0x74, 0x5F,
    0xBD, 0x50, 0x5B, 0xA2, 0xA1, 0x2E, 0x2D, 0x58, 0x6D, 0x6D, 0xB4, 0xAE, 0xA8, 0x78, 0xC0, 0x93,
    0xC9, 0x10, 0xB0, 0x04, 0xDC, 0x6F, 0xB1, 0xBA, 0xBA, 0xE4, 0x31, 0xDF, 0xFA, 0x90, 0xC7, 0xBF,
    0xD4, 0x3C, 0x9F, 0x7B, 0x5E, 0xA0, 0x2D, 0x90, 0x7A, 0x74, 0x97, 0x35, 0x93, 0x79, 0xDC, 0x98,
    0x56, 0x0B, 0xE2, 0x5B, 0x7D, 0x18, 0xBA, 0x39, 0xE3, 0x1B, 0x83, 0x27, 0xD7, 0x55, 0x95, 0x07,
    0xBF, 0x81, 0x55, 0x16, 0x83, 0xFB, 0x8F, 0x28, 0x4F, 0x28, 0xE0, 0xFC, 0x84, 0x5F, 0x77, 0xEE,
    0xCD, 0xF4, 0x9B, 0xC8, 0x1C, 0xA8, 0x9C, 0x67, 0xD8, 0xB7, 0xC0, 0x7E, 0x92, 0x7D, 0xEA, 0x6D,
    0x7F, 0xCD, 0xFD, 0x22, 0x0C, 0x4A, 0x57, 0xED, 0xEB, 0x4C, 0xCB, 0xAD, 0x77, 0x62, 0xD0, 0x5B,
    0xE3, 0x83, 0x98, 0xFD, 0x57, 0x8D, 0x0F, 0x6A, 0xBF, 0x8E, 0xD9, 0xFC, 0xC3, 0xEC, 0x27, 0x61,
    0x22, 0xBF, 0x12, 0x90, 0x52, 0xDE, 0xD5, 0x85, 0x7E, 0xBD, 0x45, 0x22, 0xCE, 0x7B, 0xD9, 0xC7,
    0xEF, 0x85, 0xEA, 0x9D, 0xF7, 0x6E, 0x7C, 0xFC, 0xBD, 0xC0, 0xF8, 0xFE, 0x7B, 0xC1, 0xBF, 0xBA,
    0xAD, 0xAC, 0x77, 0x09, 0x48, 0xFE, 0x7F, 0xF3, 0xAD, 0xE0, 0x5A, 0x5F, 0x39, 0x2F, 0xBF, 0x15,
    0x26, 0x24, 0x43, 0x59, 0x6F, 0x65, 0x1F, 0x91, 0xA0, 0x6E, 0xBF, 0x7C, 0xEB, 0x8F, 0x7A, 0xC7,
    0x2B, 0xCE, 0x53, 0x81, 0xDB, 0x39, 0xDE, 0x70, 0x0D, 0x7F, 0xB1, 0x72, 0xBA, 0x0D, 0x67, 0x1F,
    0xAF, 0xFC, 0x58, 0x85, 0xFA, 0xDA, 0x85, 0x83, 0xA7, 0xE5, 0xEB, 0xD8, 0x27, 0x1E, 0x46, 0xDA,
    0xD3, 0x04, 0xDD, 0x5B, 0x97, 0x08, 0xA1, 0x8A, 0x02, 0xEF, 0x70, 0xA5, 0x24, 0xD1, 0xAC, 0x10,
    0x49, 0x02, 0x89, 0x44, 0x87, 0xEB, 0x60, 0x22, 0x79, 0xF5, 0xE2, 0xAA, 0xCE, 0x89, 0x55, 0x19,
    0x0B, 0xAC, 0x1D, 0x11, 0xB8, 0x14, 0xA3, 0xD0, 0xD4, 0x19, 0xC3, 0x68, 0x70, 0xAF, 0x6D, 0x67,
    0xD9, 0xED, 0x35, 0x22, 0x54, 0xDD, 0xEC, 0xDB, 0x7D, 0xF3, 0x63, 0x38, 0x0E, 0x6E, 0x6A, 0xA1,
    0xCE, 0x0E, 0x1F, 0x5D, 0xBF, 0xD5, 0xF2, 0x1D, 0xCE, 0x7D, 0x1B, 0x40, 0x4D, 0x34, 0xC7, 0xC2,
    0x5B, 0x65, 0x11, 0xE3, 0xDA, 0xE8, 0xD1, 0xFC, 0x27, 0x11, 0x3C, 0x36, 0x32, 0xFF, 0x11, 0xB0,
    0xE5, 0xD8, 0xB7, 0xE0, 0x07, 0x3A, 0x1F, 0xA3, 0xCA, 0xD3, 0x0F, 0x14, 0xE0, 0x46, 0xED, 0xA2,
    0xAC, 0x34, 0xEE, 0xCF, 0x01, 0x54, 0x8B, 0x22, 0x08, 0x09, 0xF7, 0x04, 0x16, 0x04, 0x78, 0x13,
    0xA0, 0xB3, 0xE2, 0xC0, 0x53, 0xC6, 0xAA, 0xE4, 0x2A, 0xF6, 0x94, 0x83, 0xC3, 0x59, 0xCC, 0x86,
    0x38, 0xE4, 0x0B, 0x75, 0x5F, 0x45, 0x5E, 0x7B, 0xAA, 0x1C, 0x06, 0x3A, 0xB1, 0x40, 0x6B, 0x93,
    0xC6, 0x7E, 0x34, 0xFC, 0x57, 0xE0, 0x55, 0xF9, 0xE7, 0x5F, 0xC9, 0xB2, 0x2B, 0x88, 0x66, 0x90,
    0x4C, 0x8B, 0x25, 0x43, 0x0C, 0xD7, 0x5B, 0x62, 0xA7, 0x34, 0x75, 0x3A, 0x47, 0xA7, 0x2F, 0x36,
    0x88, 0x6A, 0x43, 0xF0, 0x4C, 0xBE, 0x7B, 0xCE, 0x3E, 0x3C, 0xC8, 0xB6, 0xB4, 0x91, 0x23, 0xCC,
    0xAC, 0x30, 0x9E, 0x43, 0x9B, 0x89, 0xF8, 0xC3, 0x2A, 0x43, 0x77, 0x24, 0xF1, 0x24, 0xEB, 0xA1,
    0x0E, 0x2F, 0x0B, 0x65, 0x51, 0x97, 0x48, 0x63, 0xE0, 0x0C, 0xAF, 0xE0, 0x56, 0xE8, 0x70, 0xA2,
    0x27, 0x4C, 0x53, 0x63, 0x20, 0x49, 0x92, 0xE0, 0x2E, 0x89, 0x34, 0xFC, 0x1C, 0xE2, 0xDA, 0x2D,
    0xAA, 0x69, 0x26, 0x33, 0xF4, 0x2C, 0x70, 0xF6, 0x9D, 0x07, 0xFF, 0x2E, 0x8D, 0xE7, 0xE9, 0x09,
    0xD5, 0x50, 0xDC, 0x1F, 0xE6, 0xE3, 0x69, 0x3C, 0xC8, 0xF7, 0x00, 0x49, 0x74, 0x3A, 0xC2, 0x4E,
    0x31, 0x2F, 0xD7, 0x29, 0xF8, 0x9B, 0x1C, 0x19, 0xE9, 0xCB, 0xEE, 0x1A, 0x30, 0x3E, 0xCE, 0xF2,
    0x8F, 0xC4, 0xC7, 0xA9, 0x17, 0x74, 0xA6, 0xE8, 0x5C, 0x8B, 0x45, 0xD8, 0x48, 0x35, 0xCF, 0x3E,
    0xDA, 0xA2, 0x57, 0xBB, 0x2F, 0xEC, 0xD4, 0xB6, 0x6A, 0x2B, 0xB9, 0x3A, 0x9E, 0xB7, 0xCE, 0xE8,
    0x8E, 0xAD, 0xC3, 0x58, 0x95, 0x5F, 0x93, 0x94, 0x30, 0x12, 0xA7, 0x40, 0x83, 0xD0, 0xD3, 0xC2,
    0xF9, 0x3E, 0x95, 0xC2, 0xA2, 0xA8, 0x14, 0xFA, 0x4C, 0xD2, 0x25, 0xF9, 0x4F, 0xA0, 0x7D, 0x13,
    0xAB, 0x37, 0x68, 0x44, 0x3C, 0xD7, 0xBB, 0x0C, 0x9E, 0xB1, 0x97, 0xCC, 0xC0, 0x31, 0xBE, 0x27,
    0x63, 0x5F, 0xBB, 0x9D, 0xF5, 0x44, 0xA7, 0x22, 0x4A, 0x50, 0x86, 0x8A, 0x40, 0xA7, 0xE8, 0x80,
    0x67, 0x49, 0x1A, 0x39, 0x47, 0x14, 0x34, 0x55, 0x1F, 0xEF, 0x01, 0x9D, 0x2B, 0xCD, 0x89, 0x12,
    0x55, 0x0C, 0x7B, 0xAC, 0xF9, 0xC5, 0xF4, 0x17, 0x79, 0xF3, 0x0F, 0x73, 0x9E, 0x74, 0xC1, 0x4B,
    0x0F, 0x81, 0xB5, 0xBC, 0x75, 0xD1, 0x27, 0xD5, 0x0F, 0x30, 0x5C, 0x46, 0x16, 0xA9, 0xCA, 0x31,
    0x5A, 0xEC, 0x1B, 0xAA, 0x5C, 0xE5, 0x24, 0x1D, 0xE5, 0x93, 0x75, 0x71, 0xD4, 0xAF, 0x2B, 0xF6,
    0xA2, 0xAE, 0x2B, 0xF6, 0x76, 0xAF, 0xB3, 0x2B, 0x7B, 0x01, 0xA0, 0x8E, 0xAF, 0x9B, 0x5F, 0x63,
    0x68, 0xBE, 0x8C, 0xAE, 0xE8, 0xEE, 0xD9, 0x70, 0x42, 0xCE, 0x22, 0x68, 0xCF, 0x89, 0x01, 0x63,
    0xF7, 0xBA, 0xB5, 0x3C, 0xCD, 0x0F, 0x9B, 0x1F, 0xB0, 0x9A, 0xA1, 0xED, 0x4A, 0x21, 0x27, 0xFC,
    0x3C, 0x9C, 0x87, 0xB0, 0x15, 0xD6, 0xE3, 0xF6, 0x63, 0x3C, 0x61, 0xB0, 0x49, 0x05, 0xA0, 0xE4,
    0xCF, 0x02, 0x9C, 0x10, 0xE9, 0xFE, 0xEB, 0x66, 0xE4, 0xB2, 0x31, 0x5C, 0x09, 0x9C, 0x07, 0x10,
    0x35, 0x7C, 0xD6, 0x88, 0x91, 0x1F, 0x8D, 0x7E, 0x65, 0xC4, 0x70, 0xB9, 0xAC, 0x0F, 0xBA, 0x02,
    0x38, 0x03, 0x53, 0x5D, 0xAC, 0x16, 0xCC, 0x18, 0x40, 0x42, 0x0F, 0xC0, 0x75, 0x03, 0x86, 0x15,
    0x2E, 0xE9, 0x6C, 0x31, 0x60, 0xEB, 0x0D, 0x83, 0xB9, 0xBA, 0x83, 0x38, 0x17, 0xCF, 0xE0, 0xE9,
    0xD5, 0xC4, 0x01, 0xEC, 0xA5, 0xC8, 0x00, 0xE4, 0xC0, 0x29, 0xC0, 0x88, 0x9B, 0x61, 0x15, 0x63,
    0x6E, 0x95, 0x44, 0x3D, 0x2B, 0x8B, 0xE7, 0x14, 0xEC, 0xE7, 0xE1, 0x98, 0x9B, 0x9E, 0x96, 0x2E,
    0x41, 0xDE, 0x07, 0x23, 0x00, 0xAD, 0xF3, 0x24, 0xEC, 0xC5, 0x93, 0x78, 0x6D, 0x8F, 0x4D, 0x1A,
    0x0C, 0x6F, 0xD4, 0x96, 0x00, 0x30, 0xFC, 0x1A, 0x09, 0x91, 0x8F, 0x94, 0x00, 0xC6, 0x03, 0x02,
    0x78, 0xCE, 0x7A, 0x90, 0x7E, 0x0D, 0x40, 0x09, 0xF2, 0x19, 0xAD, 0xF4, 0xE7, 0x48, 0x14, 0x33,
    0x92, 0x23, 0xCD, 0x67, 0x00, 0xCA, 0xBD, 0xED, 0x03, 0x88, 0x0F, 0x04, 0x60, 0x7F, 0x24, 0x23,
    0x91, 0x38, 0xAF, 0x61, 0x06, 0x42, 0x68, 0x73, 0x09, 0xA0, 0xA5, 0xA3, 0x27, 0xEC, 0x71, 0x05,
    0xE1, 0x31, 0x61, 0x64, 0x92, 0xFD, 0x74, 0x94, 0x3B, 0xB1, 0x98, 0x45, 0x28, 0x62, 0xEF, 0x0C,
    0x01, 0xD7, 0x44, 0x22, 0xB7, 0x76, 0x01, 0xAC, 0xF0, 0x17, 0x0F, 0xB6, 0x80, 0x13, 0x7C, 0xD9,
    0x85, 0x9C, 0x3D, 0xA7, 0x0E, 0x12, 0x94, 0x56, 0x65, 0xB6, 0x23, 0x6B, 0x41, 0x64, 0xF4, 0xE0,
    0xFC, 0x1B, 0x39, 0xB1, 0x81, 0xD4, 0x36, 0x24, 0xF3, 0xD7, 0x9D, 0x2C, 0xA2, 0x56, 0x9D, 0xB3,
    0x0B, 0x33, 0x61, 0x6E, 0x44, 0x26, 0xDA, 0x32, 0xDD, 0xDA, 0x92, 0x60, 0x89, 0x84, 0x82, 0xDB,
    0x3E, 0x3D, 0x4B, 0x39, 0xAF, 0x44, 0x80, 0x92, 0x91, 0x02, 0x56, 0xE1, 0xF9, 0xD5, 0xA6, 0x3B,
    0x96, 0x08, 0xE0, 0xD8, 0xFB, 0x56, 0xD8, 0x06, 0x67, 0x47, 0x70, 0xA6, 0x9B, 0xDD, 0xA1, 0x83,
    0x33, 0x70, 0x6F, 0xA7, 0x92, 0xA9, 0x6A, 0x4F, 0x83, 0x4D, 0x01, 0xBE, 0x59, 0xFA, 0xEF, 0x24,
    0x0C, 0xCD, 0x98, 0xE1, 0x14, 0xFB, 0x0A, 0xA5, 0xC8, 0x60, 0x0F, 0xB0, 0x83, 0x11, 0xF4, 0xC4,
    0x15, 0x95, 0x26, 0xA8, 0x89, 0xE8, 0x9A, 0xAC, 0x67, 0xEC, 0xCB, 0x83, 0x9B, 0x8C, 0xEB, 0x49,
    0xC5, 0x0F, 0x6D, 0x9E, 0xE1, 0xE8, 0xDF, 0x5F, 0x82, 0x6B, 0x62, 0x93, 0x2E, 0x25, 0xB8, 0xD4,
    0x4A, 0xD8, 0x51, 0xD1, 0x8C, 0x8D, 0x84, 0x57, 0x1E, 0x02, 0xEC, 0x51, 0x69, 0xC4, 0x18, 0xFA,
    0x33, 0x26, 0xA0, 0x42, 0x33, 0x81, 0x88, 0xC8, 0x5E, 0xC3, 0x8A, 0xCC, 0xD8, 0xCA, 0x12, 0x44,
    0x1D, 0x50, 0xEB, 0x21, 0x08, 0xA1, 0xBA, 0x4A, 0x43, 0xCD, 0x8C, 0xF6, 0xCA, 0x0D, 0x27, 0xB0,
    0xA2, 0x17, 0xCB, 0xA7, 0x39, 0xF1, 0x10, 0xA7, 0x85, 0x87, 0xB5, 0x64, 0x51, 0xA0, 0x21, 0xC0,
    0x39, 0x36, 0xB0, 0x44, 0x13, 0x6D, 0x2A, 0x3B, 0x4C, 0x1D, 0xCB, 0xA5, 0xA0, 0x9A, 0xF1, 0x26,
    0x76, 0x08, 0x6C, 0x3B, 0xA2, 0x53, 0x81, 0x3C, 0x49, 0xF2, 0x5E, 0xE2, 0x66, 0xAF, 0xC0, 0xF1,
    0xDB, 0xBD, 0xF0, 0xCA, 0x1F, 0x84, 0x7E, 0xE2, 0xDA, 0xAF, 0x3C, 0x75, 0x3D, 0xFA, 0xF4, 0x00,
    0x62, 0xBA, 0x33, 0x84, 0x7B, 0x5F, 0xF0, 0x75, 0x6B, 0x04, 0x87, 0x09, 0xE8, 0xE9, 0xF3, 0xF6,
    0x37, 0x00, 0x27, 0x04, 0x4E, 0xDB, 0xFF, 0x94, 0x9D, 0x47, 0xED, 0x3F, 0x01, 0xB4, 0xB3, 0x46,
    0x33, 0xBC, 0x14, 0xBF, 0xB0, 0xFD, 0x78, 0xD5, 0x6F, 0x46, 0x93, 0xC1, 0x2A, 0x07, 0xD8, 0x37,
    0xF7, 0xF3, 0x6C, 0xF2, 0x3B, 0xC6, 0x72, 0x51, 0xDB, 0xFB, 0xB7, 0xA0, 0x2D, 0x6D, 0x65, 0xDC,
    0x1D, 0x1E, 0x5D, 0xDF, 0xBD, 0x4A, 0x40, 0x8B, 0xEE, 0x1E, 0xC1, 0xEC, 0x73, 0x3B, 0xCB, 0x38,
    0x67, 0x4B, 0x11, 0x37, 0x61, 0xF0, 0xFA, 0x0C, 0x8B, 0x99, 0x0F, 0x78, 0xE3, 0x87, 0x11, 0xE0,
    0xA3, 0x0F, 0x7A, 0x04, 0xC4, 0xE1, 0x36, 0x08, 0x9C, 0xEB, 0xF1, 0x11, 0xDC, 0x85, 0xF5, 0x02,
    0xED, 0x8A, 0xC0, 0x23, 0x02, 0x6A, 0x1F, 0x60, 0x10, 0xC1, 0x39, 0x06, 0xAB, 0x3C, 0x0D, 0xBA,
    0xDA, 0x84, 0x4F, 0x2A, 0xF4, 0x2F, 0x04, 0x58, 0x4C, 0xE7, 0xCD, 0x18, 0x01, 0x5A, 0x04, 0x6A,
    0xD1, 0x50, 0x00, 0xEA, 0x76, 0x40, 0x6A, 0x45, 0xF3, 0x18, 0x23, 0x46, 0x42, 0x60, 0xDF, 0x58,
    0xEF, 0x13, 0xD0, 0xEC, 0xDF, 0x03, 0xFC, 0x68, 0xC9, 0x43, 0x11, 0xB5, 0x34, 0x03, 0xA0, 0x07,
    0x8D, 0x60, 0xF6, 0xFC, 0xCD, 0xE5, 0x51, 0xC9, 0x83, 0xEB, 0xBB, 0xAF, 0xEF, 0x2B, 0x02, 0x38,
    0xC8, 0xF0, 0x1B, 0xBC, 0x90, 0x41, 0x71, 0x15, 0x3F, 0x9A, 0x65, 0xAF, 0xA1, 0x4A, 0xC4, 0xA7,
    0x19, 0xCF, 0x45, 0x7F, 0x0B, 0x6C, 0xB1, 0xA6, 0x44, 0xAF, 0xE7, 0x54, 0xC8, 0xFC, 0x1A, 0xDE,
    0x2F, 0xB1, 0xDE, 0x64, 0x70, 0xBE, 0x06, 0x96, 0x3F, 0x71, 0xFF, 0xF9, 0xCD, 0x65, 0x3B, 0x4C,
    0xF0, 0x3C, 0x82, 0x12, 0x3D, 0x8F, 0xA0, 0xCC, 0x26, 0x8E, 0xA4, 0x2D, 0x70, 0x52, 0x00, 0xE3,
    0xE5, 0x15, 0x81, 0xA7, 0xC3, 0x44, 0xAC, 0x20, 0x13, 0x00, 0x9F, 0x2C, 0xC0, 0xFA, 0xEE, 0x36,
    0x01, 0x55, 0x75, 0x7E, 0x1C, 0x0C, 0x9F, 0x81, 0x9E, 0x3E, 0x09, 0x1F, 0xEE, 0x09, 0xF4, 0x38,
    0xD7, 0xAB, 0xB4, 0x3C, 0x5A, 0x08, 0xEF, 0x50, 0x90, 0xD0, 0x1A, 0x16, 0x73, 0xFA, 0x0C, 0x2F,
    0xF9, 0x70, 0xFA, 0xB3, 0x5F, 0x0E, 0xEF, 0x02, 0x54, 0xA4, 0x00, 0xC4, 0x1E, 0x5A, 0xFB, 0xE0,
    0xFD, 0x2C, 0x7B, 0x0B, 0xB0, 0xB1, 0x0E, 0xF8, 0xBF, 0x48, 0x62, 0xD9, 0x07, 0xFF, 0x13, 0x83,
    0x2D, 0xE0, 0xFC, 0x17, 0x2E, 0xC2, 0x82, 0xDC, 0x13, 0x39, 0x34, 0xE1, 0x88, 0x76, 0xC2, 0x45,
    0xD0, 0xBC, 0x0E, 0x53, 0x2D, 0x03, 0xBA, 0xBD, 0x19, 0xB6, 0x1A, 0x26, 0xCC, 0x09, 0x1D, 0x11,
    0xE1, 0xCC, 0x67, 0x4E, 0x85, 0xB9, 0xF1, 0x40, 0x9C, 0xDE, 0xB4, 0xC9, 0x80, 0x55, 0x22, 0xFB,
    0x52, 0x31, 0x4F, 0x7E, 0xEC, 0x80, 0x84, 0x89, 0xB0, 0x4E, 0x70, 0x6B, 0x9D, 0x81, 0x88, 0x6F,
    0x01, 0x5E, 0xBD, 0xC0, 0xA0, 0x8B, 0x04, 0xF6, 0x94, 0x22, 0xFA, 0x9C, 0x86, 0xD1, 0x39, 0xB5,
    0x0F, 0xBE, 0xB8, 0x11, 0x3A, 0x19, 0x41, 0xE6, 0xDB, 0x45, 0x6F, 0x0B, 0x11, 0x31, 0x3F, 0x8F,
    0x45, 0x98, 0x86, 0xDB, 0x1D, 0x85, 0x7C, 0x05, 0x77, 0x44, 0xE4, 0xC7, 0x26, 0xA1, 0x39, 0xE0,
    0x1D, 0x3E, 0x14, 0xF8, 0xC9, 0x75, 0xD6, 0x5C, 0xE0, 0xDC, 0x8B, 0x49, 0x2C, 0xF0, 0xC1, 0x53,
    0xD7, 0x93, 0x6A, 0x9A, 0xFC, 0xF8, 0xAD, 0xEB, 0xC9, 0xA9, 0xCD, 0x64, 0x30, 0x76, 0x2E, 0xA6,
    0x73, 0xC7, 0xD2, 0x24, 0xFE, 0xA3, 0xEB, 0xC9, 0xE2, 0x66, 0xB2, 0x43, 0x77, 0x51, 0xFF, 0x28,
    0xED, 0x52, 0x49, 0x88, 0xD5, 0x28, 0xE2, 0x66, 0x21, 0x60, 0xE1, 0x63, 0xCE, 0x39, 0xD2, 0x49,
    0x2E, 0x13, 0x98, 0x49, 0xE2, 0x12, 0x8D, 0x76, 0xC3, 0xC4, 0x22, 0x16, 0xBD, 0xC9, 0x61, 0x88,
    0xC9, 0x39, 0x38, 0x1F, 0x63, 0x0D, 0x48, 0x86, 0x4B, 0x32, 0xB1, 0x13, 0x07, 0x44, 0x3C, 0x66,
    0xD7, 0x44, 0xEE, 0x00, 0x6A, 0xF9, 0x53, 0x24, 0xE8, 0x75, 0x73, 0x65, 0x6A, 0xAE, 0x9F, 0x37,
    0x20, 0x88, 0x1C, 0x04, 0x9B, 0x1D, 0x6E, 0xBA, 0x9C, 0xD9, 0xA8, 0x00, 0xF7, 0x3A, 0x78, 0xE3,
    0xB9, 0xF0, 0x79, 0x1C, 0xFC, 0xA5, 0xD0, 0xB8, 0x48, 0x50, 0x0D, 0xCC, 0x61, 0x6E, 0xA2, 0x47,
    0x25, 0x9F, 0x53, 0x29, 0xE7, 0xD9, 0x65, 0x17, 0x56, 0x8C, 0x06, 0x57, 0xB8, 0x58, 0x57, 0x44,
    0x2B, 0xAA, 0xD3, 0x31, 0xDE, 0x42, 0x02, 0x0E, 0x25, 0xB7, 0xB6, 0x54, 0x95, 0x24, 0x4B, 0x1A,
    0x12, 0x33, 0x93, 0xC9, 0xD9, 0xC2, 0xFB, 0x43, 0x24, 0x7A, 0x13, 0xA8, 0x51, 0x35, 0x88, 0xD0,
    0xA4, 0x21, 0x94, 0xF4, 0x75, 0x85, 0x64, 0x9E, 0x7E, 0xD1, 0x4C, 0x53, 0x12, 0x1D, 0xE9, 0xE2,
    0x70, 0xA7, 0x14, 0x34, 0x5A, 0x8F, 0xC1, 0x94, 0x34, 0xA5, 0xB6, 0xE4, 0x69, 0x74, 0xE5, 0x52,
    0xCE, 0x97, 0x20, 0xAE, 0xD1, 0x25, 0x0E, 0xF5, 0x20, 0x96, 0xB5, 0x1A, 0x72, 0x6E, 0xAB, 0x05,
    0x25, 0xC4, 0x74, 0xDF, 0x67, 0x9F, 0xEA, 0xB2, 0x4B, 0xA5, 0x47, 0x00, 0xF6, 0x8E, 0xC1, 0xE0,
    0xCE, 0xE1, 0xC8, 0x49, 0xF0, 0xCD, 0xB5, 0x3B, 0x35, 0x00, 0x7B, 0x89, 0x14, 0x01, 0xFC, 0xA0,
    0x31, 0x06, 0x08, 0x74, 0x50, 0x65, 0x71, 0xE8, 0x29, 0xAF, 0x70, 0xF8, 0x54, 0x33, 0x73, 0x68,
    0xBC, 0xAC, 0x64, 0x6B, 0xE0, 0x05, 0xBB, 0x3F, 0x40, 0x3E, 0xCA, 0xF8, 0xCB, 0x50, 0xDE, 0x15,
    0xF4, 0x49, 0x96, 0x64, 0x34, 0xF1, 0x64, 0x8E, 0x76, 0xA9, 0x15, 0x03, 0x6C, 0xC5, 0xE0, 0xEE,
    0xCB, 0x34, 0x75, 0xB7, 0x4D, 0x00, 0x10, 0x75, 0x21, 0x40, 0x54, 0x31, 0x6D, 0xD0, 0x52, 0x27,
    0x40, 0x4D, 0xC1, 0x30, 0x8F, 0x6D, 0x89, 0xF1, 0xAB, 0x08, 0x67, 0xC6, 0xA0, 0x22, 0x50, 0x1E,
    0x83, 0x86, 0x40, 0x5B, 0x20, 0x15, 0xE0, 0xDD, 0xF7, 0xDA, 0x58, 0x6C, 0x08, 0xAC, 0xC8, 0x88,
    0x57, 0x6B, 0xC4, 0xE9, 0x9B, 0x31, 0x9E, 0xFE, 0xC5, 0xE7, 0xA2, 0xCB, 0xAD, 0x5E, 0x95, 0x98,
    0x6B, 0x3A, 0x77, 0x9C, 0x78, 0xB7, 0x7A, 0x61, 0xBB, 0xB9, 0xD9, 0x31, 0xC3, 0xBF, 0x4E, 0x46,
    0xB3, 0x57, 0xAB, 0xFD, 0x3D, 0xC9, 0x70, 0x8D, 0x20, 0x18, 0x12, 0xC1, 0xA8, 0x47, 0xBB, 0xEC,
    0x5C, 0x60, 0xFF, 0x34, 0x85, 0xB9, 0xDF, 0x0D, 0x2E, 0xB3, 0xA1, 0x54, 0x79, 0x3F, 0x4E, 0x25,
    0x75, 0x45, 0xC8, 0x2A, 0xCE, 0x6C, 0xB0, 0xA6, 0xB0, 0xB0, 0xD3, 0x63, 0x9B, 0xBB, 0x74, 0x7E,
    0x25, 0x39, 0x92, 0xF3, 0x5D, 0xC5, 0xD4, 0x77, 0x3A, 0x01, 0x9B, 0x09, 0x21, 0x78, 0x63, 0xA4,
    0xDF, 0xF0, 0x86, 0x5B, 0x3E, 0xCD, 0x4B, 0x46, 0x9C, 0x33, 0x92, 0x07, 0xB3, 0x22, 0x49, 0xB2,
    0x1B, 0xAA, 0x8A, 0x38, 0xB3, 0x94, 0x93, 0xC9, 0x64, 0xD1, 0x84, 0x29, 0x56, 0x03, 0x9C, 0xA9,
    0x05, 0x02, 0x77, 0xF2, 0x9C, 0xB8, 0x16, 0xA4, 0x02, 0x20, 0xB1, 0xB3, 0x17, 0x6B, 0x20, 0xB8,
    0xC4, 0x86, 0x23, 0x34, 0x35, 0xF2, 0xD4, 0x26, 0xC6, 0xDA, 0x3C, 0x01, 0x4F, 0x3F, 0x6A, 0xDB,
    0x87, 0x00, 0xC8, 0x12, 0x55, 0xE1, 0xD4, 0xDA, 0x1C, 0x39, 0xC1, 0xE1, 0x53, 0xC4, 0xE2, 0x61,
    0x43, 0xB5, 0xC4, 0xF1, 0x8F, 0x85, 0x54, 0xCE, 0xFD, 0x4A, 0xF6, 0x0E, 0x0D, 0xB7, 0x6A, 0xF6,
    0x6F, 0xBF, 0x4F, 0x7D, 0x40, 0x13, 0xF6, 0x43, 0xEA, 0x83, 0x23, 0x10, 0x74, 0x79, 0x48, 0x95,
    0x7C, 0x4E, 0xC4, 0x7A, 0x59, 0x72, 0xFD, 0x9D, 0xB6, 0xC7, 0x06, 0x91, 0x0E, 0x70, 0xC3, 0x0C,
    0xA4, 0x5A, 0x17, 0x20, 0xB4, 0xA7, 0xC2, 0xB7, 0xA0, 0xB6, 0xCB, 0x32, 0x0D, 0x01, 0x0C, 0x62,
    0xA1, 0x23, 0x60, 0x23, 0xA6, 0x6B, 0x02, 0x6E, 0x6D, 0x04, 0x1E, 0x87, 0x0D, 0x04, 0x0B, 0x04,
    0x37, 0x2E, 0x04, 0x15, 0x38, 0xCB, 0xDB, 0x41, 0x59, 0xA0, 0x01, 0xA7, 0x62, 0x7B, 0xAD, 0x07,
    0xB8, 0xB8, 0x93, 0xD0, 0xE8, 0xB9, 0x9D, 0x7D, 0x48, 0x72, 0x62, 0x35, 0xFB, 0x01, 0x0D, 0xFC,
    0x4D, 0x7A, 0x15, 0x78, 0x5B, 0xCD, 0x61, 0x2A, 0xA3, 0x0B, 0xCD, 0x1E, 0x87, 0x5F, 0x18, 0xB1,
    0x35, 0x92, 0x73, 0x66, 0xF7, 0xBB, 0x1C, 0x5F, 0x41, 0xE6, 0x1C, 0x62, 0xAC, 0xA9, 0x59, 0xDF,
    0x23, 0x06, 0xF9, 0xD2, 0x60, 0xFD, 0xCD, 0x08, 0x7C, 0xB4, 0x1D, 0x24, 0x60, 0x8A, 0x5D, 0xBF,
    0x0D, 0x0F, 0x28, 0x0F, 0xEA, 0x34, 0x7B, 0xAF, 0xCC, 0xB1, 0x7E, 0x2B, 0x29, 0x93, 0x0C, 0x67,
    0x8F, 0xF5, 0xB5, 0xCD, 0xEE, 0x4B, 0x83, 0xAE, 0x7F, 0xAC, 0xEF, 0x5C, 0x4C, 0xDC, 0x1E, 0x8D,
    0xBD, 0xC3, 0xBE, 0x91, 0x9E, 0x1D, 0x6A, 0x9C, 0x13, 0xC9, 0x8E, 0xB7, 0xDB, 0x6A, 0x05, 0x4E,
    0x9E, 0x1D, 0x0F, 0x06, 0xFF, 0x60, 0x8C, 0xA8, 0xFA, 0x9C, 0xFD, 0xCA, 0x15, 0x3D, 0x15, 0x8D,
    0x2C, 0x18, 0x31, 0x17, 0x59, 0x01, 0xDF, 0xA2, 0x87, 0xFC, 0x80, 0x55, 0x43, 0x33, 0x23, 0x81,
    0x7F, 0x49, 0xA8, 0x4D, 0x32, 0x84, 0x53, 0xDB, 0x57, 0x5B, 0xBB, 0xAF, 0xAB, 0x6A, 0xB6, 0x07,
    0xB1, 0xFF, 0xE8, 0xEA, 0x32, 0x67, 0x0D, 0x83, 0xD7, 0x34, 0xA2, 0x8E, 0x7E, 0xEB, 0xA7, 0xC4,
    0x64, 0x7E, 0xBE, 0xBB, 0xD7, 0x0D, 0xCF, 0xD0, 0x78, 0x5F, 0xF3, 0xA2, 0x13, 0xEA, 0x0B, 0x0D,
    0xE5, 0xF6, 0xE6, 0x11, 0x7C, 0x5A, 0x6A, 0xFE, 0xE6, 0x69, 0x84, 0xA4, 0xB8, 0xCF, 0x96, 0xDD,
    0xBE, 0x9D, 0x18, 0x4E, 0xCF, 0x4D, 0xCD, 0x80, 0xE9, 0x4B, 0x9E, 0x46, 0x3E, 0x1A, 0x26, 0x21,
    0xC8, 0x41, 0x89, 0x3B, 0x1A, 0xCF, 0x46, 0x4F, 0x66, 0xE3, 0x82, 0x4C, 0x84, 0x8A, 0x4C, 0x84,
    0xB2, 0x4C, 0x84, 0x0E, 0xA2, 0xA5, 0x2C, 0x1A, 0xC1, 0x08, 0x7D, 0xDF, 0x27, 0xE6, 0xD8, 0xE2,
    0xEA, 0x80, 0x68, 0x13, 0x0E, 0xAA, 0xF8, 0x26, 0x87, 0x58, 0x10, 0xF9, 0x64, 0xFB, 0x03, 0xB2,
    0x82, 0x2A, 0xB3, 0xD5, 0x5A, 0x1F, 0xB4, 0x86, 0x19, 0x1A, 0x43, 0xC9, 0xF3, 0x18, 0x8D, 0xA5,
    0x7B, 0xBC, 0x51, 0x7B, 0xA3, 0xB6, 0x32, 0x3C, 0x77, 0x0B, 0xF9, 0x21, 0x27, 0x2E, 0xA0, 0xF7,
    0x79, 0x5E, 0xB6, 0xD2, 0xE1, 0xE4, 0xC2, 0x6C, 0xE9, 0xD5, 0x19, 0xD1, 0x7D, 0x5E, 0x57, 0xD0,
    0x01, 0x9E, 0x28, 0x2B, 0x07, 0x32, 0xBB, 0x87, 0xAB, 0x5A, 0x4B, 0x56, 0xB5, 0x66, 0x61, 0x55,
    0xF3, 0xC7, 0xC8, 0x44, 0xBC, 0x3F, 0x7F, 0xAD, 0x38, 0xF8, 0xF4, 0xA5, 0xB5, 0xFA, 0xC4, 0x6D,
    0xA7, 0xF0, 0x43, 0x6E, 0x20, 0xE3, 0x7D, 0x43, 0x71, 0x8A, 0x75, 0xCE, 0x33, 0xED, 0x21, 0x24,
    0xCB, 0x41, 0x3E, 0x20, 0x2F, 0x40, 0x68, 0x63, 0xBB, 0xCA, 0x41, 0x78, 0xED, 0x87, 0x58, 0xE8,
    0x6A, 0x8B, 0x04, 0xD9, 0x96, 0xD5, 0x01, 0x59, 0x5B, 0xD8, 0xC3, 0xD0, 0x09, 0xD9, 0xC3, 0xD0,
    0xF3, 0xD9, 0xE1, 0xF3, 0x32, 0x3B, 0x7C, 0x9A, 0x3D, 0xE4, 0x96, 0x4F, 0x6C, 0xE8, 0x47, 0xCC,
    0xC4, 0x0C, 0x20, 0x25, 0xC7, 0xAC, 0x33, 0xB2, 0x79, 0x6B, 0x3B, 0xA8, 0x8D, 0x94, 0x4D, 0xB5,
    0x52, 0xD3, 0x84, 0xE5, 0xA1, 0x63, 0x8E, 0x7E, 0x23, 0xED, 0xB4, 0x63, 0xEF, 0x72, 0x2A, 0x41,
    0x57, 0x34, 0x88, 0x25, 0xEA, 0xA4, 0xF3, 0x3A, 0x71, 0x47, 0x22, 0x8E, 0x61, 0xC4, 0xCD, 0xB0,
    0xFF, 0x88, 0x84, 0xEB, 0x26, 0xA5, 0x00, 0xBD, 0x87, 0x0D, 0xC7, 0xA0, 0xC2, 0x9A, 0x81, 0xD6,
    0x8A, 0x6F, 0x58, 0x11, 0x98, 0xD1, 0xB7, 0x7F, 0x84, 0x1B, 0xEC, 0x40, 0x9F, 0xB7, 0x47, 0xE8,
    0xF6, 0x00, 0x2B, 0x03, 0x88, 0x9D, 0x48, 0xFD, 0x4A, 0x80, 0xCE, 0xA7, 0x6E, 0xDB, 0x2A, 0x34,
    0xA6, 0xF6, 0xAB, 0xF3, 0xD9, 0xD2, 0xB5, 0x37, 0xA2, 0x44, 0x79, 0x3F, 0xB0, 0x32, 0xC3, 0x62,
    0xDF, 0x64, 0x49, 0x2B, 0xC4, 0x2E, 0x3E, 0x3E, 0xCF, 0x70, 0x5A, 0x37, 0x23, 0x9A, 0x4A, 0x2E,
    0x94, 0xF6, 0x5B, 0x04, 0x6E, 0x84, 0x4D, 0x79, 0xFD, 0x52, 0x60, 0x03, 0xB6, 0xD9, 0x78, 0xFF,
    0x24, 0x35, 0x1F, 0xF1, 0xC4, 0xCF, 0xC4, 0x6A, 0x95, 0xA0, 0x19, 0xA8, 0xB3, 0x15, 0x1C, 0x47,
    0xD5, 0x5D, 0x79, 0x83, 0x52, 0x28, 0x91, 0xAE, 0x3E, 0xBB, 0x25, 0x0B, 0x34, 0x9F, 0xC5, 0xE6,
    0xB0, 0x95, 0x47, 0x38, 0xB4, 0xBC, 0xA2, 0x46, 0xD0, 0x18, 0x03, 0x4E, 0x2A, 0x72, 0xE3, 0x3C,
    0x74, 0x8B, 0x36, 0xEC, 0x2B, 0x58, 0x22, 0x06, 0x81, 0x96, 0x35, 0xC5, 0x3A, 0x1E, 0x08, 0x43,
    0x17, 0x56, 0x6A, 0x5B, 0xE7, 0x77, 0x6A, 0x7E, 0x59, 0x02, 0x73, 0x26, 0xA1, 0x3E, 0x06, 0xED,
    0x69, 0x06, 0x34, 0x1A, 0x28, 0xA6, 0x84, 0x4D, 0x5A, 0x61, 0x19, 0xEE, 0xC1, 0x04, 0x60, 0x23,
    0x08, 0x88, 0xCA, 0xEC, 0x1C, 0x0B, 0xCA, 0x55, 0xD8, 0x6E, 0xFD, 0x32, 0xF5, 0x5F, 0xE9, 0x8E,
    0x2A, 0x3F, 0x31, 0x16, 0xE0, 0xA5, 0xED, 0x92, 0xC5, 0x2A, 0x45, 0xE3, 0x15, 0xD4, 0xB0, 0x7F,
    0xBB, 0x22, 0x68, 0x06, 0x64, 0xDB, 0x1F, 0x68, 0x06, 0x4A, 0x88, 0xFB, 0xEC, 0xC9, 0xF6, 0xDF,
    0x97, 0x31, 0xB6, 0x88, 0x6C, 0xBE, 0xC5, 0x15, 0xE4, 0xBD, 0x71, 0xCB, 0xB2, 0x33, 0x4B, 0x59,
    0xDC, 0xF0, 0xCA, 0x92, 0xCD, 0xA5, 0xAC, 0x9C, 0xF7, 0x38, 0x37, 0x62, 0xD5, 0x47, 0x28, 0x9C,
    0xB1, 0xC7, 0x91, 0x70, 0x0E, 0xFB, 0x9A, 0x95, 0xAB, 0x01, 0x6F, 0x3E, 0x06, 0xB7, 0x95, 0x68,
    0x6A, 0x75, 0xD7, 0x46, 0xFE, 0x05, 0x3A, 0x9D, 0xE2, 0xF2, 0x7D, 0x1C, 0x97, 0x1E, 0x1C, 0x24,
    0x99, 0xAD, 0x4E, 0xC9, 0xD9, 0x17, 0x83, 0xF6, 0xD5, 0x5F, 0xCC, 0xAD, 0xEF, 0x06, 0xE3, 0x49,
    0x41, 0xAE, 0xF1, 0x50, 0x76, 0xFA, 0xBC, 0x6B, 0x44, 0x86, 0xB0, 0x35, 0xA3, 0x7B, 0x07, 0x43,
    0xAB, 0x9A, 0x45, 0x9C, 0x55, 0xEE, 0x29, 0x06, 0xF1, 0x4A, 0xB9, 0x27, 0x60, 0x23, 0x92, 0x8D,
    0x5B, 0x3A, 0x79, 0x6E, 0x8F, 0x1D, 0xCF, 0x5E, 0x5D, 0xE6, 0xE4, 0x6F, 0xBE, 0xCA, 0x41, 0xAF,
    0x4A, 0x8E, 0xAC, 0x4A, 0xE0, 0x98, 0x7D, 0x31, 0xDD, 0xF8, 0x62, 0xB3, 0xF1, 0x59, 0xAD, 0x4B,
    0x60, 0xCA, 0xFE, 0x4F, 0x50, 0x7F, 0x83, 0xA1, 0xF6, 0x8B, 0xA9, 0xED, 0x46, 0x6B, 0xED, 0x97,
    0x45, 0x9C, 0x69, 0xAB, 0x47, 0xC4, 0x43, 0x63, 0x51, 0x5C, 0x09, 0x38, 0xE6, 0xA9, 0x2D, 0xDB,
    0x2A, 0xB7, 0x25, 0xA9, 0x5B, 0x9B, 0x13, 0xAD, 0x06, 0x6D, 0x30, 0xB1, 0xB3, 0xAA, 0x6D, 0x0C,
    0x99, 0x6D, 0x59, 0x37, 0x43, 0x67, 0xB8, 0x91, 0xCC, 0xA7, 0x4B, 0x65, 0xAF, 0x7E, 0xDE, 0xFD,
    0x1E, 0x86, 0xCE, 0x08, 0x4C, 0x53, 0x25, 0x53, 0xBD, 0x39, 0xCC, 0x4A, 0x5A, 0x82, 0x04, 0xF6,
    0x46, 0xED, 0x72, 0x6D, 0xE8, 0xF9, 0x7F, 0xB3, 0xB6, 0x57, 0xBB, 0x08, 0xDD, 0x65, 0x9B, 0x16,
    0x94, 0x1C, 0x70, 0x70, 0xA5, 0x50, 0xE4, 0x8D, 0xFD, 0x45, 0xE0, 0xD5, 0xB2, 0x51, 0xD8, 0xF2,
    0xFB, 0x0D, 0xD9, 0x89, 0xF8, 0xE7, 0x7C, 0xB1, 0x39, 0x2D, 0x4F, 0x9E, 0x94, 0xD5, 0xAF, 0xBE,
    0x2A, 0xE0, 0x11, 0x59, 0x38, 0x5A, 0xDB, 0x7A, 0xEE, 0x2F, 0x54, 0x22, 0x69, 0x23, 0xF0, 0xAB,
    0xB6, 0xAC, 0x24, 0x8B, 0x3A, 0x11, 0x75, 0xCC, 0xFE, 0x6E, 0xF6, 0xF6, 0xAD, 0xC1, 0x7A, 0x94,
    0x65, 0xDF, 0xF3, 0xEB, 0x66, 0x64, 0x24, 0x4E, 0x6B, 0x7B, 0x3D, 0xD2, 0xE7, 0xC0, 0x50, 0xD2,
    0x41, 0x82, 0x57, 0xB7, 0xCE, 0xEF, 0x3F, 0xE8, 0xD7, 0xFF, 0x3B, 0x89, 0x4B, 0x80, 0xD9, 0x80,
    0x66, 0xE8, 0xE0, 0x2A, 0x62, 0x15, 0xF9, 0x41, 0xB5, 0x57, 0x6B, 0x5B, 0xF4, 0x20, 0xA2, 0xFC,
    0x75, 0x59, 0x4B, 0x18, 0xAA, 0x02, 0xAE, 0xDE, 0x6A, 0xE7, 0x14, 0xAB, 0x57, 0x10, 0x65, 0xCD,
    0x69, 0x23, 0x46, 0xB3, 0xA2, 0x7C, 0xCF, 0x6F, 0x0E, 0x84, 0xD2, 0xDF, 0xF7, 0x2E, 0x59, 0xC9,
    0xDB, 0x53, 0xFC, 0xCE, 0x83, 0x3A, 0x33, 0xB6, 0x0F, 0xF2, 0x7D, 0x99, 0x5E, 0x67, 0x43, 0x5F,
    0x85, 0xDC, 0xF4, 0x17, 0xF5, 0xF1, 0xB9, 0x09, 0xAB, 0xC6, 0xD4, 0xCD, 0xA1, 0x76, 0xA4, 0x53,
    0xB5, 0x33, 0xF9, 0x00, 0x31, 0xFB, 0xF7, 0xD8, 0x4D, 0x6A, 0x5F, 0x1E, 0xE7, 0x1D, 0x71, 0x88,
    0x9D, 0x7A, 0xC1, 0x4F, 0xC4, 0x6D, 0xE3, 0xA7, 0xE2, 0x20, 0x92, 0x70, 0x8E, 0x31, 0x44, 0xBA,
    0x87, 0x5C, 0xE4, 0x58, 0xA8, 0x1E, 0x78, 0xF7, 0xAA, 0x91, 0x12, 0x4B, 0xF8, 0xFD, 0x3D, 0x71,
    0x80, 0x5F, 0x23, 0x46, 0xD6, 0x27, 0xCE, 0x88, 0xBA, 0x1A, 0x3B, 0x38, 0x3B, 0xAF, 0x5E, 0x00,
    0xA3, 0x0E, 0x77, 0x83, 0x9F, 0x1B, 0x1A, 0x0C, 0x2B, 0x7D, 0x40, 0x35, 0xEB, 0x01, 0x9A, 0x71,
    0x0A, 0x38, 0x47, 0xC3, 0xEE, 0x95, 0x8C, 0x33, 0xD6, 0xBF, 0x8C, 0x84, 0xCC, 0x9C, 0x82, 0x8D,
    0xB8, 0x65, 0x80, 0x29, 0x41, 0x98, 0xA5, 0x98, 0x61, 0x7E, 0xE8, 0x20, 0x65, 0x08, 0x0B, 0x16,
    0xC1, 0xFE, 0xAE, 0x81, 0x38, 0x8C, 0x9D, 0xF3, 0x0C, 0x89, 0x31, 0x09, 0x54, 0xA4, 0x00, 0x53,
    0x8B, 0x4C, 0x2F, 0x89, 0xE6, 0x25, 0x98, 0x13, 0x68, 0x0B, 0x90, 0x28, 0xFC, 0x5C, 0x8C, 0xBC,
    0xB1, 0x09, 0x68, 0xF5, 0x8A, 0x9F, 0xFC, 0x43, 0xE5, 0x5E, 0xC8, 0x90, 0xDA, 0xC3, 0xCB, 0xDE,
    0x8B, 0x31, 0xA6, 0x7B, 0x06, 0xC2, 0xAF, 0x88, 0x61, 0x0E, 0xF6, 0x37, 0xFD, 0x3E, 0x8D, 0x09,
    0x78, 0x30, 0x02, 0x84, 0x48, 0x11, 0xBC, 0x71, 0x1E, 0x9A, 0xCB, 0x78, 0xD3, 0xC8, 0x01, 0xF4,
    0x7A, 0x53, 0x8C, 0xCE, 0xFB, 0x41, 0xCE, 0xD1, 0xE8, 0x49, 0x47, 0x00, 0x42, 0x06, 0x20, 0x92,
    0x0E, 0xA8, 0xCC, 0x32, 0x34, 0x5C, 0x06, 0x6A, 0xF1, 0x4D, 0x58, 0x12, 0xAC, 0x70, 0x13, 0xC6,
    0x28, 0x33, 0xDE, 0x3C, 0x1F, 0xDB, 0x7F, 0xDE, 0x4D, 0x36, 0xBB, 0x91, 0x97, 0x0D, 0xD2, 0xCD,
    0x4B, 0xBE, 0x77, 0xC7, 0x6F, 0x6F, 0xB2, 0xE7, 0xD0, 0xD9, 0xCD, 0xB1, 0x74, 0x8F, 0x63, 0xB9,
    0x92, 0xC4, 0xB1, 0xC8, 0xA4, 0xD9, 0x7C, 0x52, 0xA7, 0x40, 0x61, 0x4B, 0x70, 0xBC, 0xA0, 0x03,
    0x66, 0x2A, 0xCC, 0x04, 0xB6, 0x6E, 0x6D, 0xAF, 0xDF, 0x0A, 0xC4, 0xA9, 0x0C, 0x3C, 0x00, 0x6F,
    0x9B, 0xE3, 0x8F, 0x38, 0x50, 0xCD, 0x00, 0xCE, 0x62, 0xA7, 0x98, 0xA1, 0xD7, 0xFC, 0x9E, 0x42,
    0xEA, 0x0E, 0x5A, 0xC5, 0x24, 0x98, 0x20, 0x12, 0xAF, 0x7E, 0xF6, 0x50, 0x6F, 0xBE, 0x5A, 0xAB,
    0x0D, 0x90, 0x8C, 0x9A, 0x8A, 0x7D, 0x2B, 0x56, 0xA5, 0xEF, 0xEF, 0xD4, 0x2E, 0x7E, 0x2D, 0x63,
    0x4F, 0x2E, 0x07, 0xE9, 0x57, 0xD8, 0x97, 0x93, 0x59, 0xF6, 0xD9, 0x8B, 0xC2, 0xBA, 0x7B, 0x03,
    0x43, 0x7E, 0x2F, 0xC1, 0x49, 0x03, 0x95, 0xC2, 0x08, 0xE2, 0x64, 0xA3, 0xBE, 0x4E, 0x90, 0xC9,
    0x1E, 0x50, 0x45, 0x3D, 0xA7, 0xAC, 0x43, 0xBD, 0x1C, 0x86, 0x99, 0xA5, 0x8F, 0x0A, 0x2C, 0x4C,
    0x03, 0x38, 0xF1, 0x3B, 0xBF, 0x87, 0x14, 0x1D, 0x81, 0xF3, 0x75, 0x59, 0xCD, 0x7E, 0x97, 0x96,
    0x8C, 0x0B, 0x18, 0xCC, 0xC8, 0x31, 0xC6, 0xF9, 0x50, 0x98, 0x75, 0xAD, 0x0B, 0xB4, 0x05, 0x60,
    0x32, 0x72, 0xD9, 0x94, 0x47, 0x80, 0xD7, 0x60, 0x87, 0x4C, 0x4E, 0x26, 0xC3, 0x62, 0xE3, 0x82,
    0xE8, 0xE2, 0x2A, 0xA2, 0x8B, 0x6B, 0x58, 0xA9, 0x5A, 0x22, 0x86, 0xCB, 0x23, 0x2E, 0xBA, 0xAF,
    0x5E, 0x38, 0x9C, 0xEF, 0xC3, 0xA1, 0x26, 0xA3, 0xD3, 0xB2, 0x1C, 0x46, 0xBB, 0x4A, 0x2D, 0x31,
    0xB0, 0xD4, 0xF7, 0x00, 0xF0, 0x0E, 0x2B, 0x20, 0x73, 0xC8, 0xB7, 0x3B, 0x10, 0x40, 0x88, 0xC1,
    0x0B, 0x02, 0x1D, 0x81, 0x92, 0x00, 0xEF, 0xC0, 0x68, 0xC6, 0x34, 0x91, 0x59, 0xBC, 0xF4, 0x1D,
    0x5F, 0xBC, 0xD2, 0xA5, 0xE1, 0x3D, 0x11, 0x2D, 0x2B, 0x02, 0xC7, 0xC7, 0x7D, 0xF0, 0x45, 0xE1,
    0x99, 0x43, 0xA8, 0x0E, 0x68, 0x7E, 0x25, 0x60, 0x60, 0x73, 0xFD, 0x75, 0x11, 0xF8, 0x72, 0xE0,
    0x1B, 0x0F, 0x81, 0xC6, 0xD5, 0xC5, 0xFC, 0x9C, 0x2D, 0xBF, 0x6C, 0x39, 0x67, 0xBF, 0xA4, 0x81,
    0xCF, 0x39, 0x1A, 0x72, 0xDD, 0xE2, 0x23, 0x56, 0xB8, 0x84, 0xF6, 0xB5, 0xAE, 0x23, 0x8C, 0xA7,
    0x67, 0x85, 0x0D, 0x64, 0x11, 0xB4, 0xC2, 0x12, 0x72, 0xBA, 0x51, 0xB7, 0x85, 0x1D, 0xBC, 0x9B,
    0x95, 0xA4, 0x27, 0xCC, 0x8D, 0x50, 0xC1, 0x32, 0xAC, 0xF7, 0x75, 0x59, 0xD2, 0x22, 0xF3, 0x40,
    0x60, 0x0F, 0x51, 0x02, 0x37, 0x6A, 0x3A, 0xBE, 0xB6, 0x31, 0x0A, 0x3A, 0xB3, 0x63, 0x49, 0xE6,
    0x20, 0x11, 0x7D, 0x24, 0x7E, 0x83, 0xC3, 0xB1, 0x11, 0xA5, 0x1D, 0xB1, 0x47, 0x1A, 0x31, 0x43,
    0xCE, 0x9F, 0x88, 0x8E, 0xE0, 0x5B, 0xC2, 0x6E, 0x3D, 0xCB, 0x49, 0x85, 0x3D, 0x9B, 0x43, 0xBE,
    0x4B, 0x26, 0xCB, 0x62, 0x8B, 0xAA, 0x27, 0x99, 0xF3, 0x2E, 0xDB, 0xEC, 0x9C, 0x58, 0xBA, 0x18,
    0x62, 0x46, 0x38, 0x99, 0xF8, 0x9F, 0xC8, 0x7D, 0x3C, 0x5A, 0x17, 0x4A, 0x81, 0xCA, 0x2E, 0xA6,
    0x44, 0x3D, 0x3D, 0x7A, 0x44, 0xD4, 0x81, 0xCF, 0x7A, 0xA9, 0xF7, 0x18, 0x3B, 0xEC, 0x5D, 0x1B,
    0xD3, 0x9D, 0x63, 0xBF, 0x29, 0xA4, 0xD4, 0xD5, 0x40, 0x0F, 0x94, 0x3D, 0x49, 0xE6, 0x9D, 0x00,
    0x2D, 0xB3, 0x60, 0x13, 0x1C, 0x42, 0x86, 0x33, 0x1B, 0x6D, 0xC1, 0x5A, 0x9D, 0xB0, 0x01, 0x6D,
    0x89, 0x15, 0xB7, 0xA1, 0x7D, 0x52, 0x69, 0x0A, 0x47, 0x14, 0xB5, 0x9A, 0xF0, 0x2E, 0x6E, 0xB4,
    0x8C, 0xB7, 0x1B, 0x3C, 0x51, 0x1B, 0x3D, 0x7E, 0xF7, 0xC5, 0x84, 0xD3, 0x21, 0x42, 0xCF, 0xE1,
    0x49, 0x64, 0xD0, 0x62, 0x83, 0x37, 0x08, 0x6E, 0x54, 0x39, 0xC5, 0x73, 0xCF, 0xF3, 0x07, 0xD8,
    0x71, 0xD8, 0xB1, 0x92, 0x0E, 0x07, 0x17, 0x86, 0x55, 0xBF, 0xE4, 0x93, 0xC0, 0xE0, 0x46, 0xDB,
    0x08, 0x79, 0xB0, 0x7A, 0xE7, 0x38, 0x53, 0xEB, 0x94, 0x8C, 0x89, 0x9F, 0xA7, 0xC6, 0x36, 0xCE,
    0x6F, 0xE8, 0x7C, 0xFB, 0x48, 0x3E, 0x93, 0xBD, 0xBE, 0x74, 0xBF, 0x55, 0x6F, 0x57, 0xE2, 0x70,
    0x74, 0x82, 0xFE, 0x5D, 0xFA, 0x49, 0x33, 0x0A, 0x29, 0x6E, 0xE0, 0x9C, 0x21, 0xBB, 0x05, 0xC2,
    0x0E, 0x9F, 0xB0, 0xB4, 0x69, 0x21, 0x16, 0xDD, 0x09, 0xE1, 0xA3, 0x11, 0x5B, 0x71, 0x89, 0x87,
    0x71, 0xEF, 0x32, 0xCF, 0x80, 0xCB, 0x7D, 0xEE, 0xE1, 0x92, 0xEC, 0x0D, 0x5F, 0x62, 0x82, 0xC2,
    0x89, 0x6F, 0x5C, 0x5A, 0x38, 0x91, 0x7B, 0xD6, 0xC4, 0xA6, 0x0E, 0x7E, 0x05, 0x8B, 0x73, 0x33,
    0x39, 0xCD, 0x2C, 0x7D, 0xA4, 0x26, 0x9C, 0x39, 0x66, 0xFD, 0x45, 0x7E, 0x31, 0xEC, 0xE8, 0xDC,
    0x67, 0x75, 0x15, 0x67, 0xBD, 0xA7, 0x7E, 0xEF, 0xF0, 0x90, 0xAF, 0x60, 0xDB, 0x03, 0x7F, 0x98,
    0x52, 0x5D, 0xE5, 0x21, 0x23, 0x39, 0xBE, 0x9A, 0x3B, 0xA8, 0xE5, 0x09, 0xAB, 0xED, 0xDC, 0xA1,
    0xF6, 0x96, 0xF0, 0x1B, 0x9E, 0xF6, 0xC4, 0xA9, 0xDE, 0x20, 0x9E, 0x54, 0x71, 0xF2, 0x72, 0x76,
    0x47, 0x1D, 0xC4, 0xB2, 0x93, 0x54, 0xC2, 0x6E, 0xC2, 0xCA, 0x89, 0x1B, 0x7C, 0x27, 0x2F, 0x28,
    0xB1, 0x0C, 0xDE, 0xE4, 0x8C, 0x85, 0x58, 0x75, 0x39, 0xF0, 0x95, 0xFA, 0x8F, 0x7F, 0x93, 0x74,
    0xD6, 0xFD, 0x56, 0x8A, 0xF8, 0x9F, 0x63, 0x7D, 0x33, 0x63, 0x6F, 0xD6, 0x88, 0xB7, 0xC7, 0x81,
    0x3E, 0xC8, 0xD8, 0xD2, 0x82, 0xFA, 0x50, 0x7B, 0xD2, 0x95, 0x3D, 0x1E, 0x04, 0x88, 0x08, 0x20,
    0xE7, 0x6B, 0x32, 0x02, 0xE2, 0x33, 0x63, 0x02, 0x23, 0x86, 0x95, 0x7A, 0xA0, 0x40, 0x2E, 0x08,
    0x10, 0xB5, 0x4D, 0xD4, 0x2E, 0xB1, 0x19, 0x36, 0x89, 0x31, 0x20, 0xA8, 0xBB, 0xB8, 0x5C, 0x95,
    0x3D, 0x85, 0x22, 0x95, 0x05, 0x86, 0xF9, 0x0A, 0x13, 0x7B, 0xB7, 0xC3, 0xE0, 0xA4, 0x0C, 0x36,
    0xE2, 0xA2, 0x4A, 0xD7, 0xA8, 0xE3, 0x9C, 0xF5, 0x2C, 0x71, 0x53, 0x7A, 0xFA, 0x00, 0xF1, 0xE3,
    0xDD, 0x6F, 0x2E, 0xC8, 0xDE, 0xAF, 0x0B, 0x46, 0x8F, 0x53, 0x84, 0xDA, 0x31, 0x7C, 0x2F, 0x17,
    0x4A, 0x01, 0x4C, 0x03, 0x0B, 0x27, 0x78, 0x57, 0xE6, 0x99, 0x42, 0x20, 0x04, 0xC6, 0xD7, 0x46,
    0xA6, 0x1E, 0x45, 0xDA, 0xA5, 0x1F, 0xA1, 0x1D, 0x5F, 0xA7, 0x77, 0x9B, 0x7D, 0x5E, 0xC1, 0xB6,
    0xCB, 0x52, 0x78, 0x59, 0x04, 0x9B, 0x36, 0xA7, 0xA1, 0xC5, 0x42, 0x72, 0x42, 0x9D, 0xA4, 0x6E,
    0x18, 0xDF, 0x08, 0x54, 0x38, 0xD0, 0x49, 0x00, 0x97, 0x17, 0x27, 0xB9, 0x9B, 0x38, 0x42, 0x69,
    0x63, 0x11, 0xC7, 0xC2, 0xE1, 0x4E, 0x0E, 0x6A, 0x4F, 0x82, 0xF1, 0x4A, 0xAF, 0xC8, 0xC6, 0x0C,
    0xA2, 0xD9, 0xD4, 0x4E, 0x10, 0xDD, 0xDB, 0xB0, 0x70, 0xAD, 0xEC, 0x19, 0x54, 0x33, 0x6C, 0x52,
    0xE4, 0x64, 0x29, 0x72, 0xFF, 0x73, 0xAE, 0xC2, 0x89, 0xFD, 0x0B, 0xD2, 0x11, 0x7B, 0xF7, 0x68,
    0x0B, 0x19, 0xF0, 0x46, 0x0E, 0xFA, 0x97, 0x65, 0x43, 0xDD, 0x8A, 0x68, 0x17, 0x2B, 0xEA, 0xA3,
    0x08, 0x46, 0x68, 0x95, 0xA4, 0x3C, 0x11, 0x92, 0x45, 0xA2, 0x28, 0x04, 0x9E, 0xEF, 0x86, 0x15,
    0x74, 0x07, 0xEF, 0x6B, 0x6F, 0x46, 0xF9, 0x05, 0x34, 0x82, 0x97, 0xC6, 0x3D, 0x19, 0x7B, 0xB2,
    0x4B, 0x96, 0xF8, 0x34, 0xE9, 0xB8, 0x23, 0x76, 0x68, 0xDD, 0x96, 0xC4, 0x34, 0xDE, 0xF7, 0xE2,
    0x42, 0x5E, 0xEB, 0x15, 0xD6, 0xFD, 0x1D, 0x1B, 0xFC, 0x9D, 0xEC, 0x9B, 0xAA, 0x44, 0xC3, 0xC8,
    0xCB, 0x10, 0xA6, 0x39, 0xDA, 0x65, 0x77, 0xEE, 0xE8, 0x68, 0x37, 0xD8, 0x1E, 0x18, 0xF1, 0x56,
    0x4F, 0xB6, 0x4E, 0xFF, 0x7F, 0xEF, 0xBB, 0x39, 0x62, 0xC1, 0xC7, 0x8E, 0x3F, 0x9E, 0xC7, 0x1D,
    0x2F, 0xDF, 0x5F, 0x08, 0xEB, 0xFC, 0x3C, 0x52, 0xE9, 0x78, 0x78, 0x04, 0x22, 0x1A, 0x44, 0xC1,
    0x0D, 0xEF, 0xCE, 0x07, 0x00, 0x7D, 0x41, 0x21, 0xD5, 0xFF, 0x20, 0x3F, 0xA7, 0x99, 0x7D, 0x1D,
    0x68, 0x37, 0xC5, 0xAE, 0x7B, 0x97, 0x8D, 0xA9, 0x39, 0x16, 0x76, 0x04, 0x09, 0xAB, 0x2D, 0xE1,
    0x73, 0x75, 0x3F, 0xD0, 0x25, 0xC7, 0x2F, 0x8F, 0xE5, 0x9E, 0x02, 0x4C, 0x2B, 0xC6, 0x9F, 0xD7,
    0x90, 0x31, 0xAE, 0x77, 0x9D, 0x49, 0x47, 0xF1, 0xDE, 0x33, 0x53, 0x2C, 0x42, 0x6A, 0xB8, 0x3D,
    0xC1, 0x35, 0x89, 0x24, 0x10, 0x13, 0x1F, 0xFB, 0x89, 0x77, 0x58, 0x97, 0x68, 0x88, 0x97, 0x9D,
    0x13, 0x1D, 0xFD, 0x8D, 0xF5, 0xBE, 0x4C, 0x4C, 0xA2, 0x05, 0xD9, 0xE0, 0xF5, 0x9A, 0xE7, 0xCF,
    0x14, 0xA2, 0x2C, 0x8C, 0x31, 0xEE, 0x23, 0x19, 0x42, 0x3C, 0xDC, 0x43, 0xE0, 0x7E, 0x70, 0x93,
    0x55, 0xA6, 0xF9, 0x75, 0xBB, 0x1C, 0xF7, 0xA1, 0xCF, 0x8D, 0x3C, 0x05, 0x26, 0xFD, 0xF7, 0x26,
    0x61, 0x6C, 0x27, 0x20, 0x70, 0x50, 0x1D, 0x6C, 0x65, 0x1D, 0x30, 0xA3, 0x38, 0x1D, 0x6E, 0x90,
    0x20, 0x7F, 0x21, 0xCC, 0x2F, 0x18, 0x86, 0xF2, 0xB5, 0x85, 0x4B, 0x2F, 0x6E, 0x10, 0xAA, 0xB7,
    0xE6, 0xF0, 0x5E, 0x96, 0x20, 0x5E, 0x89, 0xD6, 0x33, 0xF3, 0x6D, 0x93, 0xC5, 0xF5, 0x94, 0x15,
    0xAE, 0x46, 0x76, 0x3D, 0x1B, 0x2C, 0xAB, 0xE6, 0x1E, 0xAA, 0xD3, 0xC7, 0x16, 0x16, 0x9F, 0x2F,
    0xEE, 0x75, 0xE2, 0xEF, 0xB3, 0x9B, 0x0D, 0x79, 0xF8, 0xA2, 0x5E, 0x7C, 0x72, 0x53, 0xF2, 0xD2,
    0x58, 0x94, 0x4C, 0xA3, 0x48, 0x9A, 0xC6, 0x55, 0xD1, 0x8E, 0x68, 0x7E, 0x4A, 0x02, 0x97, 0x39,
    0x76, 0xC5, 0xE8, 0x31, 0xD8, 0x09, 0x43, 0x29, 0x64, 0x58, 0x90, 0xB8, 0x96, 0x19, 0x01, 0x95,
    0x03, 0x4D, 0x81, 0xE7, 0x42, 0x99, 0x48, 0x21, 0xAF, 0xF5, 0xEB, 0xA3, 0x73, 0xA3, 0x29, 0xB0,
    0x24, 0xC1, 0xD7, 0x7D, 0x0E, 0xCA, 0x68, 0xF5, 0xA5, 0xC5, 0x3A, 0x93, 0xF0, 0x86, 0xEC, 0x46,
    0xA7, 0x4B, 0x5E, 0xD2, 0xFB, 0xF3, 0x4C, 0x46, 0xF9, 0x15, 0x36, 0x7D, 0xD6, 0x5B, 0xB7, 0xE6,
    0xC1, 0x35, 0x3A, 0x65, 0xBE, 0x5C, 0x57, 0x92, 0x99, 0x86, 0xA7, 0xF7, 0xC6, 0x28, 0x73, 0x32,
    0x4D, 0x21, 0xCF, 0x37, 0xDA, 0xDE, 0x90, 0xC4, 0xD2, 0x59, 0xD1, 0xC0, 0x3E, 0xBE, 0x53, 0x80,
    0xDE, 0x35, 0x44, 0x4A, 0x38, 0xB7, 0xB9, 0x7C, 0xE9, 0xE5, 0x54, 0xC2, 0xBD, 0x07, 0x12, 0xFB,
    0x07, 0x8D, 0x76, 0x09, 0xAC, 0xA6, 0xC4, 0xCD, 0x65, 0xEC, 0x3D, 0x9E, 0xBD, 0xDF, 0x6B, 0x7E,
    0x83, 0xE0, 0xBA, 0x10, 0xB7, 0xB1, 0xFD, 0x22, 0xF2, 0x56, 0x1A, 0xED, 0xCB, 0x77, 0x59, 0x5A,
    0xA9, 0x21, 0x7D, 0x77, 0x2F, 0xD0, 0x3B, 0xF8, 0x4D, 0xBD, 0xEE, 0x48, 0x21, 0xFB, 0x45, 0x9E,
    0x02, 0xA0, 0xAE, 0x86, 0xEA, 0x16, 0x65, 0x0F, 0x01, 0x35, 0x24, 0xA8, 0x0A, 0x8C, 0x9F, 0xD3,
    0x80, 0x44, 0x2F, 0x05, 0x08, 0x90, 0xD3, 0xE4, 0xDE, 0x70, 0xA3, 0x56, 0xBC, 0xE0, 0x46, 0x6D,
    0x49, 0xCE, 0xE1, 0x66, 0xA6, 0x3F, 0xBC, 0xB5, 0xD4, 0xE5, 0xF0, 0x86, 0xCF, 0xF9, 0x58, 0x32,
    0xAE, 0xB4, 0x31, 0x12, 0xD7, 0x25, 0x1E, 0x5A, 0x86, 0x73, 0x17, 0x1D, 0x6B, 0xF2, 0x00, 0x77,
    0x6F, 0xC2, 0x1E, 0xDD, 0xF4, 0xE1, 0xF8, 0xD1, 0x47, 0xFF, 0x95, 0x62, 0x1F, 0x0E, 0xC3, 0x96,
    0xEC, 0xF6, 0xB1, 0xC7, 0x9B, 0x37, 0x94, 0xBE, 0xC1, 0xFE, 0xC3, 0x3C, 0xE9, 0x64, 0xC7, 0xF9,
    0x6E, 0x6E, 0x6F, 0x1B, 0x1C, 0xE3, 0xE6, 0xE0, 0x0D, 0xE8, 0x4B, 0x15, 0x4E, 0x37, 0xA5, 0xEE,
    0xF5, 0x5D, 0x92, 0x89, 0x92, 0x7F, 0xF3, 0x71, 0x63, 0x22, 0x8F, 0xFE, 0xEC, 0x06, 0x1D, 0x3E,
    0xBA, 0x0E, 0xF9, 0xA2, 0xCB, 0x46, 0x70, 0xD5, 0xBD, 0xB5, 0x74, 0xD7, 0xF5, 0x67, 0x4B, 0x12,
    0x36, 0x89, 0xC2, 0x98, 0xA7, 0x05, 0x31, 0x90, 0x53, 0x4B, 0x6A, 0xF1, 0x9F, 0xBD, 0xB6, 0xE3,
    0x1C, 0xC0, 0x39, 0x9B, 0x39, 0x18, 0x02, 0x66, 0xCC, 0x60, 0x45, 0x0C, 0x76, 0xC8, 0xE0, 0x0A,
    0x78, 0xBC, 0xCD, 0x6D, 0x5C, 0xE5, 0x29, 0x14, 0x9F, 0x50, 0x72, 0x39, 0xB7, 0xB6, 0x3F, 0x1C,
    0xEB, 0xF9, 0x44, 0x2A, 0xC6, 0xC2, 0x49, 0xDB, 0x13, 0xF3, 0x52, 0x1B, 0xED, 0xBB, 0xCB, 0x96,
    0x81, 0x0D, 0x09, 0xA9, 0x74, 0x26, 0xC1, 0xA0, 0xE9, 0x4E, 0x40, 0xB4, 0x39, 0x05, 0xDC, 0x6A,
    0x31, 0x84, 0xC4, 0x59, 0xDE, 0x07, 0xF4, 0x05, 0x1A, 0x42, 0xBE, 0x99, 0x06, 0xD4, 0xCF, 0x19,
    0x0F, 0xE1, 0xF4, 0xC7, 0x43, 0x38, 0xF7, 0x6F, 0x07, 0x1F, 0x14, 0x92, 0x30, 0xE4, 0x5B, 0xFB,
    0xF5, 0xCE, 0x4A, 0x5C, 0x1F, 0x0C, 0xA8, 0x76, 0xAF, 0x0D, 0x07, 0x9B, 0x66, 0xD4, 0x36, 0x32,
    0xDF, 0xC1, 0xCE, 0xEF, 0x5E, 0xDC, 0x45, 0x66, 0x0C, 0x53, 0x6F, 0xF9, 0xFE, 0xFC, 0xA8, 0x0B,
    0x78, 0x4D, 0x6C, 0x8D, 0x04, 0x99, 0xBE, 0x2C, 0x86, 0x8D, 0x69, 0x9B, 0x9C, 0xEF, 0x83, 0x82,
    0x08, 0xD1, 0x1F, 0x1E, 0x5C, 0xCA, 0xD7, 0xA7, 0xB9, 0x31, 0xE2, 0x54, 0x8C, 0xDF, 0xAF, 0xA1,
    0xCD, 0xB5, 0x5A, 0xC1, 0x37, 0x77, 0xB9, 0xC9, 0x59, 0xB9, 0xE3, 0x4E, 0x42, 0x22, 0xA0, 0x4B,
    0x6A, 0x88, 0x8B, 0x36, 0xD4, 0xDC, 0x94, 0xFA, 0x9E, 0x24, 0x8C, 0xD1, 0xF0, 0x16, 0x47, 0x5D,
    0x6A, 0x70, 0x04, 0x38, 0xC5, 0x07, 0x81, 0xC5, 0x50, 0xA2, 0xFE, 0x6B, 0x6D, 0x84, 0xEC, 0x27,
    0x9B, 0x85, 0x1D, 0xEB, 0x46, 0x8D, 0xD6, 0xBF, 0x17, 0xE5, 0xDC, 0x84, 0x6C, 0xE5, 0xE6, 0x5B,
    0x0D, 0x14, 0x53, 0xA0, 0xAC, 0xF2, 0x3B, 0xA8, 0xE1, 0x3B, 0x20, 0x93, 0xAA, 0xDE, 0x9C, 0x40,
    0xEF, 0x4D, 0x50, 0x92, 0xB7, 0x9D, 0x15, 0x38, 0xD5, 0x42, 0x91, 0xD7, 0x86, 0x09, 0x71, 0x6A,
    0xC5, 0x2D, 0xBC, 0xF4, 0xE7, 0x92, 0xF4, 0x83, 0x5E, 0x26, 0xB0, 0x68, 0x34, 0xD4, 0x98, 0x97,
    0xD0, 0x34, 0x68, 0x0C, 0x2F, 0xD0, 0xA0, 0xCF, 0x7D, 0x59, 0x49, 0xDE, 0xED, 0xA1, 0x00, 0x85,
    0xC9, 0xA5, 0x61, 0x93, 0x6A, 0x85, 0x68, 0x20, 0x89, 0x8A, 0xC8, 0x81, 0x4E, 0xBE, 0x19, 0xB3,
    0xAF, 0xC8, 0x9B, 0xFB, 0xCE, 0xD5, 0x56, 0x6A, 0xFF, 0x79, 0x8C, 0xEC, 0x4F, 0xD9, 0xC7, 0xF8,
    0x55, 0xC3, 0xAF, 0x54, 0x9A, 0x5F, 0x03, 0x46, 0xE8, 0x93, 0x04, 0x8B, 0xAD, 0x8D, 0x27, 0x39,
    0xF9, 0xAA, 0xF3, 0x64, 0x6C, 0x08, 0x60, 0x7B, 0x76, 0x02, 0xC4, 0xE2, 0x01, 0x42, 0x2E, 0xE9,
    0x04, 0x34, 0xD9, 0x9E, 0xE4, 0xB8, 0x67, 0x56, 0xF7, 0xD0, 0xF7, 0x7A, 0x74, 0x9C, 0x59, 0xA7,
    0x82, 0x9B, 0xFC, 0x5D, 0x76, 0xB9, 0x30, 0xB4, 0x83, 0x8C, 0xF3, 0x81, 0xCE, 0xFA, 0x1C, 0xF0,
    0x09, 0x98, 0x69, 0xD9, 0x21, 0x25, 0xE6, 0x15, 0xEA, 0x40, 0x46, 0xAF, 0xD4, 0x4D, 0x55, 0x15,
    0xD9, 0x21, 0x9E, 0xCE, 0xF4, 0x3A, 0xFA, 0x5F, 0x8F, 0x1A, 0x9C, 0x7A, 0x10, 0xCA, 0x43, 0x62,
    0x2A, 0x5F, 0x42, 0xB3, 0x18, 0xBB, 0x1B, 0x2F, 0xED, 0xAE, 0xC3, 0xF3, 0xD4, 0x7E, 0x29, 0x31,
    0x1F, 0x00, 0x77, 0x2E, 0x08, 0xD2, 0xF5, 0x1F, 0xAD, 0x47, 0x88, 0xE7, 0xF9, 0x62, 0x92, 0x85,
    0x92, 0x77, 0x6E, 0x59, 0x09, 0x8E, 0xE7, 0x17, 0x1D, 0xA6, 0x28, 0x18, 0xEB, 0x7B, 0x59, 0xA5,
    0x8F, 0xB1, 0x8C, 0xEB, 0x66, 0x77, 0xE8, 0x7E, 0xA9, 0xFB, 0x2F, 0x23, 0x93, 0xE5, 0xA1, 0xC8,
    0xBC, 0x59, 0x63, 0x88, 0xD5, 0x04, 0x10, 0xB9, 0xFF, 0x29, 0x41, 0x49, 0x80, 0x98, 0x53, 0x3E,
    0xE7, 0x26, 0x0C, 0x5E, 0x9F, 0xA1, 0x3A, 0x60, 0xF8, 0xEF, 0xDF, 0xFF, 0x1A, 0xE0, 0x27, 0xEF,
    0xBD, 0x4B, 0x60, 0x7E, 0xF8, 0xCE, 0xC7, 0x70, 0xE0, 0x7D, 0x2B, 0xFA, 0x17, 0xC8, 0x99, 0xFF,
    0x32, 0x5F, 0x57, 0x92, 0x7B, 0x56, 0x08, 0x76, 0x6A, 0xE9, 0x11, 0x6B, 0xF8, 0x74, 0xEC, 0x7C,
    0x5A, 0x7C, 0xEC, 0xE6, 0x50, 0x43, 0xE0, 0x4F, 0x84, 0x55, 0xC9, 0x4C, 0x87, 0x89, 0x0F, 0x73,
    0x81, 0x09, 0x83, 0x72, 0xFE, 0x86, 0x38, 0xA9, 0x15, 0xE5, 0x3D, 0xEB, 0x23, 0x0D, 0xEB, 0x22,
    0xBD, 0x28, 0x01, 0x36, 0x57, 0x49, 0x3C, 0xFA, 0xEA, 0x10, 0x38, 0x24, 0xE8, 0xFA, 0x89, 0xC7,
    0xD4, 0x3B, 0xF1, 0xB6, 0x68, 0x80, 0x45, 0x89, 0x07, 0x26, 0x42, 0x76, 0xCB, 0x81, 0x51, 0x42,
    0x83, 0x89, 0xD9, 0x91, 0x78, 0x16, 0x46, 0xF9, 0x9D, 0x15, 0x0B, 0xAA, 0xB1, 0x2C, 0x63, 0x37,
    0xF3, 0xDD, 0xD7, 0x2D, 0xD9, 0xC4, 0xAE, 0x08, 0x4B, 0x79, 0x42, 0xF7, 0x1C, 0x24, 0x45, 0x46,
    0x0E, 0x72, 0xD0, 0xF0, 0x87, 0x69, 0x85, 0x0B, 0xCC, 0x90, 0x66, 0x2B, 0x41, 0x6F, 0xB3, 0x3E,
    0x37, 0x04, 0x72, 0x98, 0xC3, 0x38, 0x5E, 0x16, 0x1F, 0x8A, 0x72, 0x13, 0x8B, 0x48, 0x52, 0x66,
    0x39, 0x20, 0x29, 0x97, 0x5A, 0xBB, 0xDB, 0x04, 0x2E, 0x3C, 0x19, 0xEE, 0x0A, 0x31, 0x83, 0xC1,
    0x70, 0xF1, 0xFC, 0xCE, 0x57, 0x7D, 0xBE, 0x3C, 0x8B, 0x76, 0x3B, 0xB5, 0x0B, 0x77, 0x6A, 0x3E,
    0x32, 0x2D, 0xD3, 0x60, 0xDE, 0x59, 0x46, 0x7C, 0x3C, 0x78, 0xB9, 0x55, 0x8F, 0x33, 0xCC, 0xA6,
    0xBC, 0x76, 0x39, 0x31, 0xA7, 0x17, 0x6F, 0xCA, 0x06, 0xBC, 0x7D, 0xDE, 0x3F, 0x89, 0xE3, 0x42,
    0xA3, 0x7D, 0xBA, 0xAC, 0x8A, 0xCE, 0xFE, 0x42, 0x97, 0x77, 0xF7, 0x54, 0x9B, 0x06, 0x3D, 0xEA,
    0x48, 0x54, 0x6D, 0xE7, 0xAB, 0x66, 0x62, 0x53, 0xAD, 0x39, 0x28, 0x20, 0x4A, 0xE6, 0xB1, 0xE4,
    0x87, 0xC9, 0xBC, 0x07, 0x8F, 0xB2, 0x64, 0xBE, 0x2A, 0x90, 0x09, 0xFC, 0xE4, 0xD6, 0x46, 0xCB,
    0x4F, 0xE6, 0x7F, 0x1D, 0x9C, 0x15, 0x5D, 0x70, 0xF3, 0x62, 0x8D, 0x7E, 0x59, 0x72, 0x6E, 0x02,
    0x50, 0x24, 0x1B, 0xE4, 0x80, 0x3C, 0x6D, 0xA9, 0x44, 0x95, 0x26, 0x02, 0x4B, 0x79, 0x56, 0x73,
    0xC9, 0xED, 0xAA, 0x2C, 0x9D, 0x61, 0x77, 0x2C, 0x58, 0x3D, 0x4F, 0xBE, 0x3D, 0xB7, 0x4F, 0xD7,
    0x70, 0x94, 0x57, 0x8B, 0xA5, 0xE1, 0x2E, 0xB1, 0xB7, 0xD8, 0xC3, 0x44, 0x9B, 0xA8, 0x8D, 0xE1,
    0xB6, 0xD9, 0x65, 0x31, 0x1C, 0xF7, 0x46, 0xA6, 0xDF, 0x5B, 0x1C, 0xCA, 0xEE, 0x04, 0x0F, 0xAB,
    0x08, 0xBA, 0xC6, 0x45, 0xA3, 0x47, 0xF0, 0x12, 0x4D, 0x89, 0xA7, 0x42, 0xE7, 0xEB, 0x91, 0x72,
    0xDE, 0x0B, 0x9D, 0x6F, 0xD1, 0xDC, 0xFF, 0x59, 0xE8, 0xFC, 0x13, 0x1A, 0x12, 0xBF, 0x4E, 0x45,
    0x76, 0x5B, 0x1D, 0x94, 0x4C, 0x44, 0x39, 0x39, 0x0E, 0x70, 0x47, 0xE3, 0x22, 0x57, 0xE5, 0xA0,
    0xDE, 0xDF, 0xE7, 0xC0, 0x05, 0xDE, 0xD6, 0xC7, 0xCE, 0x46, 0xA2, 0xDF, 0x44, 0xCC, 0xB6, 0xA7,
    0x6C, 0xBF, 0xB6, 0x4C, 0xD5, 0xBF, 0x48, 0x83, 0xE8, 0xD4, 0x46, 0x6B, 0x4F, 0xED, 0x76, 0x14,
    0x06, 0x3F, 0xD1, 0x46, 0xCF, 0xA3, 0xF9, 0x50, 0xE1, 0x85, 0x3D, 0x29, 0x23, 0x51, 0xE9, 0x1A,
    0x1D, 0x64, 0x8F, 0x98, 0xB2, 0x97, 0xCE, 0xD2, 0xEC, 0x58, 0xCC, 0x76, 0xB3, 0x1F, 0x50, 0x91,
    0x38, 0xFB, 0xA6, 0x92, 0xE4, 0xD3, 0x9C, 0x9F, 0x9A, 0x3B, 0xAE, 0xCC, 0xC9, 0x3D, 0xB5, 0x26,
    0x28, 0xEB, 0xC3, 0xFD, 0x96, 0x00, 0x3C, 0x20, 0x15, 0x9B, 0xC7, 0xB2, 0xA5, 0xE1, 0x0A, 0x33,
    0x86, 0x22, 0x40, 0x6C, 0x48, 0xC2, 0x66, 0xF4, 0xC7, 0x7C, 0x8D, 0xA3, 0x36, 0xF5, 0x39, 0xFD,
    0x6B, 0xA6, 0xB8, 0x05, 0x94, 0x81, 0x2E, 0x15, 0xBA, 0x18, 0x68, 0xBA, 0x18, 0x68, 0xFA, 0x37,
    0x8E, 0x89, 0x1D, 0xA4, 0x42, 0x07, 0xB9, 0x3C, 0xCD, 0xFF, 0xB5, 0x75, 0x09, 0xBB, 0xD4, 0xB6,
    0x0E, 0x23, 0x61, 0xBE, 0x15, 0xDA, 0xA9, 0xD5, 0xDC, 0x2F, 0x6C, 0xA0, 0x1E, 0x6D, 0x65, 0x92,
    0x03, 0xC9, 0xE8, 0x09, 0x6B, 0xE6, 0xC4, 0x12, 0x20, 0x07, 0x62, 0x4E, 0xCD, 0xE0, 0x64, 0x2D,
    0xBF, 0xD5, 0xBD, 0x03, 0x16, 0x08, 0xB9, 0x01, 0xD4, 0xC1, 0xC4, 0xA1, 0xE7, 0xFC, 0x35, 0x3F,
    0x2F, 0x7F, 0xEE, 0x18, 0xEE, 0x5C, 0x08, 0xEE, 0x3C, 0x37, 0xAA, 0x47, 0xFE, 0x1B, 0xC4, 0x76,
    0x69, 0x28, 0x30, 0xF8, 0x5A, 0x60, 0x68, 0xC0, 0x72, 0xE5, 0x0A, 0x38, 0xFB, 0x20, 0x99, 0x02,
    0x86, 0x80, 0x19, 0x33, 0xC0, 0x26, 0x41, 0x40, 0x82, 0xF5, 0x8D, 0x0B, 0x41, 0xA3, 0xE4, 0x5B,
    0xD9, 0x27, 0x41, 0x83, 0x66, 0xE7, 0xA5, 0x3F, 0x0C, 0x2E, 0xB3, 0x26, 0x34, 0x68, 0xAC, 0x09,
    0xA8, 0x22, 0x8C, 0x4B, 0x2D, 0x92, 0x1C, 0x3F, 0x3F, 0x77, 0xA4, 0x98, 0x93, 0x61, 0x32, 0xA1,
    0x84, 0xF0, 0xB1, 0xD3, 0x81, 0x48, 0xE3, 0x15, 0x02, 0x0B, 0xEA, 0x50, 0x82, 0x1B, 0x35, 0x86,
    0x50, 0x3D, 0x28, 0xE8, 0xEB, 0x04, 0xEE, 0xF1, 0x20, 0xF0, 0x24, 0xC4, 0x27, 0xE9, 0x2A, 0x31,
    0x6F, 0xBF, 0x91, 0x9F, 0x9B, 0x13, 0x05, 0xC8, 0x78, 0xE5, 0x75, 0x91, 0x4D, 0x91, 0xE7, 0x37,
    0x15, 0x6F, 0xDB, 0xB6, 0xC9, 0xB9, 0xA6, 0x0A, 0x80, 0xE8, 0x8A, 0x4D, 0x58, 0xF2, 0x9E, 0x0E,
    0x37, 0x71, 0xD9, 0xB7, 0xC3, 0x4D, 0xF8, 0xDB, 0xBD, 0x82, 0xCC, 0x94, 0x21, 0x17, 0xE1, 0xBD,
    0xDC, 0x36, 0x21, 0x84, 0x02, 0xDC, 0x6D, 0x06, 0xCF, 0x0D, 0x00, 0x8B, 0x56, 0x0C, 0xE8, 0xAB,
    0x1E, 0x01, 0x91, 0xC9, 0x55, 0x02, 0x9A, 0x58, 0x1E, 0x01, 0x0D, 0x24, 0x87, 0xEE, 0x72, 0x8E,
    0x08, 0xA5, 0x9D, 0x57, 0x62, 0xBC, 0x59, 0xF5, 0xC1, 0xB9, 0x22, 0x11, 0xD2, 0x95, 0x0F, 0x34,
    0xC8, 0xFB, 0x01, 0xDC, 0xA9, 0xE0, 0x13, 0xA0, 0x3B, 0xBF, 0x1E, 0xB4, 0x2F, 0xB5, 0xBA, 0xB7,
    0x9E, 0xC1, 0xC1, 0xA6, 0x9C, 0xCB, 0x18, 0xAC, 0xDB, 0x0C, 0xEE, 0x37, 0x18, 0x2E, 0xF3, 0x75,
    0x66, 0x8F, 0xC1, 0x8D, 0x18, 0x9A, 0x72, 0xB3, 0x73, 0xFA, 0x9E, 0xE6, 0x86, 0x5C, 0x37, 0x60,
    0x20, 0xA1, 0xD1, 0xC9, 0x2B, 0x31, 0xB5, 0x66, 0x73, 0x63, 0xAA, 0xA7, 0x29, 0xC3, 0xC6, 0x26,
    0x30, 0x22, 0x81, 0x78, 0x3F, 0x5C, 0xE2, 0xB6, 0x6E, 0x77, 0xB9, 0xE5, 0xDB, 0xB5, 0x8B, 0x77,
    0xA8, 0x1F, 0x38, 0xE8, 0x08, 0x45, 0x16, 0x33, 0x1F, 0xB0, 0xF3, 0xC3, 0x88, 0xC0, 0x7A, 0xE7,
    0x83, 0x14, 0x91, 0x77, 0x2F, 0xC5, 0xD4, 0xC8, 0xED, 0xAA, 0x11, 0x7B, 0x4F, 0x87, 0x6F, 0xF4,
    0x8D, 0xD8, 0xA1, 0xEB, 0x62, 0x23, 0x36, 0x5F, 0xD9, 0xFF, 0x84, 0x35, 0x86, 0x29, 0x2D, 0xAF,
    0x0F, 0x1E, 0x91, 0x96, 0x9F, 0x32, 0x6C, 0xD6, 0x31, 0x34, 0x02, 0xEE, 0x69, 0x53, 0xBA, 0x9F,
    0xC3, 0x70, 0x36, 0x25, 0x52, 0x67, 0x13, 0xB5, 0x7E, 0xBA, 0x70, 0x8E, 0x41, 0x42, 0x74, 0x36,
    0x25, 0xDE, 0x67, 0xE2, 0x9C, 0x1E, 0x52, 0x7A, 0x80, 0x41, 0x90, 0x7C, 0x85, 0xCF, 0x69, 0x70,
    0xF8, 0x66, 0xEF, 0x65, 0x7C, 0xC1, 0x3B, 0x57, 0x0B, 0x97, 0x3F, 0xE8, 0xB0, 0x99, 0x32, 0xB5,
    0x31, 0xED, 0x39, 0xBA, 0x6E, 0x02, 0x8E, 0xD2, 0x60, 0x7F, 0x26, 0xE0, 0x0C, 0xD0, 0x6F, 0xE3,
    0xD7, 0x4D, 0xFC, 0x1A, 0x2F, 0x62, 0x9C, 0xBF, 0xB9, 0x4C, 0x00, 0xE5, 0x19, 0xE0, 0xD5, 0x5A,
    0x03, 0x00, 0x07, 0xB7, 0x7D, 0xA0, 0xCF, 0x49, 0x49, 0x12, 0x53, 0x97, 0x1F, 0x80, 0xE8, 0x68,
    0x6A, 0x33, 0x3B, 0xBD, 0xF2, 0x45, 0x6D, 0x0A, 0x01, 0x5C, 0xFA, 0x1C, 0x51, 0xA3, 0x10, 0xA0,
    0xBA, 0x38, 0x47, 0xCD, 0xB3, 0x0F, 0x0E, 0xAE, 0xDF, 0xBA, 0x4A, 0x80, 0x0E, 0x20, 0x98, 0xE5,
    0x77, 0xA0, 0x73, 0xEF, 0x44, 0x52, 0x24, 0x15, 0x28, 0x0B, 0x1C, 0x22, 0x40, 0x37, 0x3E, 0x13,
    0xD4, 0x65, 0x02, 0x8D, 0x3F, 0x76, 0x6A, 0xE5, 0xEB, 0x77, 0x1F, 0xF3, 0xA3, 0x69, 0x81, 0xE0,
    0xF9, 0x00, 0x61, 0x07, 0x0C, 0x5B, 0xB5, 0x65, 0x02, 0x13, 0x43, 0x23, 0x68, 0x3B, 0x37, 0x6B,
    0x1D, 0x82, 0x6A, 0x82, 0x55, 0xA3, 0xDD, 0x5F, 0x85, 0x62, 0xB4, 0xFD, 0xBC, 0x3B, 0xE0, 0x92,
    0x48, 0x6B, 0x15, 0xB4, 0x8D, 0x6E, 0x37, 0x22, 0x58, 0x49, 0xCD, 0xEC, 0x0F, 0x82, 0x7F, 0x3D,
    0xF8, 0x55, 0x75, 0xEC, 0xBB, 0x41, 0x7B, 0xAD, 0x1A, 0xA9, 0xA7, 0xA9, 0xC8, 0x01, 0x9A, 0x0F,
    0x98, 0x78, 0x0E, 0xC0, 0x7E, 0x8D, 0x9F, 0xE0, 0x64, 0x77, 0xF8, 0xF2, 0x03, 0xDD, 0x94, 0xCF,
    0x19, 0x02, 0x38, 0x37, 0x65, 0xC2, 0xDA, 0xC1, 0x70, 0xD8, 0xE4, 0xE9, 0xAC, 0x83, 0x22, 0xC7,
    0x50, 0x54, 0x71, 0x4E, 0xC4, 0xB5, 0xEB, 0x84, 0xAB, 0xC4, 0x89, 0xCE, 0x89, 0x82, 0xB4, 0x90,
    0x84, 0xB4, 0x5A, 0xD4, 0x3A, 0x1A, 0x22, 0x08, 0xDA, 0x7D, 0xDE, 0xB3, 0xC4, 0xE3, 0x6D, 0x23,
    0xC2, 0xED, 0xC6, 0x6C, 0xED, 0x8D, 0x9A, 0x5F, 0x17, 0xA9, 0x72, 0xAE, 0x31, 0x14, 0x20, 0xEF,
    0x0B, 0xBC, 0x5B, 0x93, 0xE2, 0xE1, 0x9A, 0xAA, 0xC6, 0x29, 0xD9, 0x2F, 0x5C, 0x8D, 0x45, 0xEC,
    0x94, 0x25, 0xB1, 0x7B, 0x01, 0x5F, 0xD4, 0x58, 0x1F, 0xE1, 0x9C, 0xE0, 0x4B, 0x7D, 0x75, 0x74,
    0x75, 0xA9, 0x6E, 0x6F, 0x40, 0x97, 0x9E, 0xD6, 0x9D, 0xAC, 0xA3, 0x1E, 0xDD, 0x7E, 0xAD, 0xDE,
    0x8C, 0x79, 0xEB, 0xA2, 0x26, 0x8F, 0xD0, 0xB2, 0x91, 0x7D, 0x0F, 0x9D, 0x5D, 0xF6, 0xFA, 0xAC,
    0x50, 0x2B, 0xBB, 0x3D, 0xC1, 0x99, 0xBA, 0xA0, 0x9A, 0xC0, 0x76, 0xDD, 0xFE, 0x5D, 0x24, 0x77,
    0xE9, 0xD5, 0xED, 0x6F, 0x20, 0x38, 0x2A, 0xA0, 0xDF, 0x3E, 0xBC, 0xED, 0xEB, 0xB0, 0x7B, 0x96,
    0xA0, 0xE8, 0x26, 0xF2, 0xCA, 0x39, 0x78, 0xC5, 0x99, 0xBF, 0xAE, 0x5B, 0x7C, 0x15, 0xB6, 0x8E,
    0xA1, 0x1F, 0x18, 0xBB, 0xDE, 0xAF, 0x4D, 0x86, 0xD5, 0x72, 0x04, 0xA1, 0xC0, 0x30, 0x40, 0x9D,
    0xF7, 0x85, 0x08, 0x18, 0xB6, 0x68, 0xD1, 0xDE, 0xE1, 0x1C, 0x1F, 0xDD, 0x2C, 0xC2, 0xB1, 0x4B,
    0xBB, 0x2F, 0xB1, 0xD1, 0x8D, 0x5D, 0xDC, 0x52, 0x62, 0xBF, 0x05, 0xC0, 0xBE, 0xA5, 0x1C, 0x46,
    0x16, 0xC3, 0x7A, 0xEF, 0xBC, 0x1C, 0x02, 0x3C, 0x8B, 0xA1, 0xE2, 0xF8, 0x80, 0x9E, 0x4B, 0xCB,
    0xE2, 0x47, 0xEF, 0xC5, 0x48, 0x96, 0x96, 0xDD, 0xA6, 0xF9, 0x1C, 0x3B, 0xD9, 0xDF, 0x41, 0x7C,
    0x06, 0x12, 0x04, 0x92, 0x10, 0xBD, 0xA5, 0xC4, 0x9F, 0x9B, 0xB7, 0xBC, 0x0F, 0x87, 0x79, 0x51,
    0xED, 0x84, 0x4D, 0x7A, 0x76, 0x60, 0x8D, 0x85, 0x5F, 0x70, 0xDF, 0x9C, 0xD1, 0xEC, 0xF6, 0x03,
    0xE2, 0xD1, 0xCB, 0xCB, 0x0D, 0x60, 0x29, 0xEB, 0x33, 0x3E, 0xBA, 0x7D, 0xB5, 0xA1, 0xCF, 0x37,
    0xAC, 0x9B, 0x35, 0x41, 0x18, 0xA8, 0x81, 0xBB, 0xAF, 0x0B, 0xE6, 0xE7, 0xC7, 0x70, 0x46, 0x70,
    0x61, 0x4B, 0xB0, 0xDA, 0x63, 0x3C, 0x90, 0x05, 0x8C, 0xD5, 0x54, 0xCA, 0x2D, 0xF8, 0xBA, 0xBC,
    0x9A, 0xC4, 0x92, 0xF6, 0xA6, 0xD1, 0xBB, 0x65, 0x08, 0x73, 0x51, 0xE8, 0x1B, 0x2E, 0xA5, 0xB3,
    0x67, 0x24, 0x62, 0x84, 0x49, 0xA4, 0x73, 0x13, 0x5C, 0x93, 0x70, 0x34, 0x54, 0x96, 0x9C, 0xDF,
    0x59, 0x82, 0x31, 0xBE, 0x9B, 0x7D, 0x88, 0x5E, 0xBB, 0xB4, 0xFB, 0x87, 0xAC, 0xCA, 0x4F, 0x90,
    0x0A, 0x95, 0xE0, 0xE1, 0x92, 0x84, 0x56, 0xB1, 0x73, 0x7C, 0x02, 0x01, 0x36, 0x91, 0x3E, 0x65,
    0x38, 0xA1, 0x13, 0x28, 0xFF, 0xB7, 0x24, 0xFD, 0xBD, 0xA8, 0xEC, 0x9D, 0x58, 0x7D, 0x92, 0xAA,
    0xE6, 0x4B, 0xB1, 0xCA, 0x02, 0x7B, 0x8F, 0x58, 0x41, 0xEC, 0x98, 0x6B, 0x46, 0x5D, 0xEC, 0x9F,
    0x6B, 0x52, 0xDF, 0x70, 0xEE, 0x8E, 0xB9, 0x7D, 0x69, 0xB8, 0x7E, 0x67, 0x83, 0xA7, 0x78, 0x55,
    0xFA, 0xE6, 0x68, 0x41, 0xFA, 0x1F, 0xEE, 0x86, 0xC7, 0x89, 0x3D, 0x09, 0x1D, 0xBD, 0x33, 0xC8,
    0x01, 0xAC, 0x57, 0x32, 0x9F, 0x42, 0x29, 0x07, 0x32, 0x31, 0xBB, 0xBA, 0xC4, 0xA3, 0xD6, 0xA3,
    0xE1, 0x84, 0x51, 0xFB, 0x68, 0xF7, 0x35, 0x35, 0x78, 0x4C, 0x76, 0x0E, 0x19, 0xF4, 0x65, 0xE7,
    0x90, 0xBF, 0xA9, 0xB2, 0xAB, 0x74, 0x75, 0xDE, 0xE1, 0xD4, 0xC9, 0xFD, 0x79, 0x30, 0xDF, 0x65,
    0x37, 0x99, 0xC7, 0x15, 0x65, 0x2F, 0x98, 0xE7, 0xAD, 0xD9, 0x66, 0x48, 0x10, 0xC0, 0xCE, 0x6F,
    0x8F, 0x48, 0x8A, 0x9D, 0xC5, 0xBE, 0x60, 0x37, 0x65, 0x2C, 0x0D, 0x7C, 0xC1, 0x48, 0x52, 0xF0,
    0x3C, 0xA2, 0x86, 0xA9, 0x78, 0xEE, 0x8B, 0x33, 0xE3, 0x61, 0xE9, 0xC9, 0x5D, 0xC1, 0x6C, 0xED,
    0xB6, 0x7C, 0x99, 0x1C, 0xC1, 0xD1, 0x3B, 0x5F, 0xAC, 0xDD, 0xB9, 0x40, 0x54, 0x9E, 0x44, 0x22,
    0x3B, 0xB8, 0xB4, 0x1B, 0x00, 0xB8, 0xE4, 0x5D, 0xC1, 0xCD, 0x24, 0xAD, 0xBA, 0x80, 0x18, 0x25,
    0x7E, 0x16, 0xF3, 0xF6, 0xF2, 0x59, 0x84, 0xED, 0xE5, 0x8F, 0xED, 0x81, 0xFD, 0x53, 0xB0, 0x09,
    0xD3, 0x48, 0xF9, 0xED, 0xA1, 0xF1, 0xAA, 0xCF, 0x16, 0x3E, 0x9D, 0x07, 0xD4, 0x0B, 0x59, 0x69,
    0x94, 0x89, 0x5C, 0xDD, 0x53, 0x13, 0x9B, 0x11, 0x1B, 0xFE, 0x2C, 0x0C, 0x18, 0x24, 0xC3, 0xD2,
    0xD4, 0x3F, 0x61, 0x85, 0x07, 0xB7, 0x37, 0xFE, 0x7A, 0x1E, 0x19, 0x81, 0x1D, 0x7F, 0x1F, 0x1C,
    0xDD, 0xBA, 0xF8, 0xCD, 0x79, 0xD6, 0x6F, 0x0D, 0x08, 0x4E, 0x0D, 0x36, 0x7E, 0x34, 0x2F, 0x3A,
    0xE0, 0x79, 0x66, 0xB4, 0xFD, 0x13, 0x1C, 0x47, 0x0F, 0x47, 0x21, 0xF8, 0x24, 0xC0, 0x04, 0xE5,
    0x3B, 0xBE, 0xB9, 0x11, 0x2E, 0x2A, 0xE7, 0xAA, 0x99, 0xF9, 0x33, 0x63, 0x69, 0x4B, 0x68, 0x1D,
    0xDF, 0xCA, 0xD5, 0xA4, 0x03, 0x64, 0x21, 0xD9, 0x96, 0x74, 0xB1, 0xFB, 0x73, 0xA0, 0x68, 0xFF,
    0x72, 0x9D, 0xC6, 0xAE, 0x90, 0x02, 0xF5, 0x80, 0xCF, 0x26, 0x52, 0xE7, 0x7F, 0x16, 0xF8, 0x46,
    0x00, 0xB0, 0x5F, 0x8E, 0x19, 0x82, 0xC8, 0xE0, 0xFD, 0x41, 0xFB, 0x1A, 0x3E, 0xBF, 0x33, 0x0F,
    0xCA, 0xDD, 0xCC, 0x7E, 0x13, 0xF0, 0x95, 0xDD, 0xDF, 0xE4, 0x8C, 0xAF, 0xF1, 0x3C, 0x55, 0xF3,
    0x0A, 0x8A, 0xBC, 0x17, 0x26, 0x0C, 0xD7, 0xE9, 0xF2, 0x79, 0xF3, 0xBD, 0x37, 0x23, 0xC0, 0x5B,
    0x6F, 0x85, 0x80, 0x37, 0xBF, 0x1B, 0x30, 0xBC, 0xEF, 0x03, 0xAE, 0x93, 0x34, 0xFC, 0xC1, 0x7F,
    0x63, 0x5D, 0xEF, 0x13, 0x15, 0xFE, 0xBF, 0xAD, 0xB0, 0x47, 0x82, 0x5C, 0xE3, 0xB9, 0xEB, 0xE9,
    0x91, 0x6E, 0x5C, 0xCE, 0x5E, 0x4E, 0x8F, 0xAF, 0xAA, 0x76, 0xCD, 0xED, 0x1F, 0x87, 0x94, 0x5F,
    0x2D, 0x9F, 0x56, 0x66, 0x62, 0xF4, 0x4B, 0x88, 0x60, 0xB4, 0x13, 0xB7, 0xA7, 0xAC, 0x80, 0xFE,
    0x9B, 0xF4, 0x40, 0xA3, 0xB3, 0x6F, 0xB2, 0xBF, 0x3F, 0xE7, 0x0C, 0xA6, 0x11, 0xEE, 0xB3, 0xDB,
    0xBF, 0x27, 0xBB, 0x2E, 0x2D, 0xA8, 0x17, 0x65, 0xD9, 0xC8, 0xF6, 0x8E, 0xAE, 0x2E, 0xC3, 0x8A,
    0x52, 0xCD, 0xEE, 0x60, 0x53, 0xAC, 0x47, 0xB7, 0xD7, 0x79, 0x6F, 0xAC, 0xB2, 0xAB, 0x61, 0xB1,
    0xB5, 0x8B, 0x3D, 0x8A, 0xAA, 0x99, 0x6C, 0x19, 0x75, 0x7E, 0x07, 0x3B, 0xAD, 0x94, 0x25, 0x0E,
    0x62, 0x0C, 0xB0, 0x59, 0x21, 0xD5, 0x0E, 0x89, 0x7F, 0x7A, 0x66, 0x16, 0x20, 0x3C, 0xA2, 0xD4,
    0xE3, 0x73, 0x25, 0xDE, 0x58, 0x88, 0x27, 0x8E, 0xAC, 0x0D, 0x55, 0x71, 0xCB, 0xD5, 0x30, 0x6E,
    0x85, 0x3E, 0x52, 0xF0, 0x01, 0xD1, 0x3B, 0x02, 0x35, 0x14, 0xA7, 0xCA, 0x6A, 0x18, 0xAC, 0x05,
    0x69, 0xA8, 0xF3, 0xB5, 0x7F, 0xB8, 0xC4, 0xBB, 0x02, 0xCF, 0xF3, 0x26, 0xC1, 0x7E, 0x45, 0xCD,
    0x6E, 0xF9, 0x08, 0x5F, 0x2B, 0x65, 0x3F, 0x44, 0xAF, 0x3C, 0x3A, 0xF8, 0x03, 0xD9, 0xA1, 0x2F,
    0xEF, 0x6E, 0x44, 0x2E, 0xC8, 0x96, 0xA8, 0xBC, 0x03, 0x9A, 0x64, 0xB7, 0x49, 0x05, 0xF4, 0x41,
    0xFD, 0x4B, 0xCE, 0xBD, 0xC0, 0x07, 0x9B, 0xC9, 0xFA, 0x27, 0xBB, 0x6B, 0x07, 0x90, 0xC2, 0x21,
    0x41, 0xA0, 0x21, 0x82, 0xDA, 0xE9, 0x55, 0x9C, 0x20, 0x79, 0x88, 0x19, 0x8F, 0xE4, 0x30, 0xDB,
    0x00, 0x01, 0xC7, 0x52, 0xC5, 0x86, 0xD6, 0x00, 0xF1, 0x4B, 0x85, 0xD8, 0x9F, 0x23, 0x18, 0x44,
    0x29, 0xBC, 0x03, 0x62, 0xDE, 0x2F, 0x93, 0xED, 0xF3, 0xC8, 0x23, 0x30, 0xFB, 0xF7, 0xCF, 0xEF,
    0xF8, 0xEC, 0xE1, 0x9A, 0xD1, 0x98, 0x70, 0x6B, 0xBF, 0x7D, 0x3E, 0xFA, 0xFC, 0xCE, 0x97, 0x1E,
    0x3B, 0xF7, 0x1F, 0x46, 0xCD, 0xEC, 0x9F, 0x9E, 0x3B, 0xF7, 0xB7, 0xA3, 0xAF, 0xEC, 0x7E, 0xE9,
    0xF8, 0xB9, 0x7F, 0x45, 0xE7, 0x0E, 0x1F, 0xFE, 0xC2, 0x75, 0xC0, 0xEC, 0x17, 0x5E, 0x02, 0x20,
    0x4F, 0xCB, 0xF0, 0x3A, 0xE4, 0x4A, 0xF2, 0x87, 0xC9, 0x35, 0x91, 0x74, 0x87, 0xC0, 0xE4, 0x04,
    0x3C, 0x1F, 0x7C, 0x0D, 0x49, 0x6F, 0x0D, 0xA4, 0x39, 0x24, 0xF9, 0x28, 0x7B, 0x72, 0xB7, 0xB5,
    0xA1, 0xBA, 0x72, 0x6E, 0x55, 0x49, 0x06, 0xEB, 0x21, 0xC8, 0x3A, 0x91, 0x43, 0x94, 0x87, 0xED,
    0x8D, 0x8C, 0x1D, 0x9F, 0xDD, 0xB3, 0xFF, 0xE7, 0x72, 0xC8, 0xB8, 0x3F, 0x50, 0x03, 0xEC, 0x51,
    0x13, 0x88, 0xA5, 0x3B, 0x3C, 0x28, 0x41, 0x34, 0x45, 0x42, 0xD4, 0x91, 0x08, 0x37, 0x0C, 0xB3,
    0xDF, 0xC0, 0x2E, 0xDC, 0x07, 0x33, 0xD9, 0x8B, 0x3B, 0xFB, 0x51, 0x4F, 0x18, 0xF9, 0x07, 0x7C,
    0xD0, 0x51, 0x26, 0x2C, 0x3A, 0x79, 0xF0, 0x2F, 0xE8, 0x55, 0xEC, 0xB1, 0x78, 0x0B, 0x43, 0x92,
    0x4A, 0xD2, 0xF1, 0x5F, 0x1E, 0xCB, 0x6D, 0xB9, 0x30, 0x34, 0xE8, 0xF7, 0xDD, 0x61, 0xCE, 0xE2,
    0xC2, 0x39, 0xC5, 0x39, 0xE8, 0x97, 0x94, 0xB6, 0x75, 0x49, 0x1A, 0xD0, 0x09, 0x5A, 0xD0, 0x15,
    0x8B, 0xFC, 0x76, 0xAB, 0x0B, 0x8B, 0x7C, 0x5B, 0x72, 0xDE, 0x4F, 0x05, 0x5D, 0x52, 0x87, 0x80,
    0xF0, 0xB6, 0x07, 0x21, 0xD3, 0x7F, 0x33, 0xA7, 0x30, 0xF6, 0x98, 0x59, 0xB0, 0x2A, 0x0F, 0x38,
    0xB3, 0x4F, 0xA3, 0x3A, 0xAB, 0x0B, 0x49, 0x94, 0x98, 0xAF, 0x51, 0xDB, 0xE5, 0x75, 0x98, 0x0B,
    0x92, 0xB2, 0x30, 0x56, 0x35, 0x56, 0x58, 0xF5, 0xCA, 0x6E, 0x13, 0x6C, 0x93, 0xE8, 0x11, 0xF6,
    0x78, 0xED, 0x49, 0x5C, 0xA4, 0xA9, 0xE9, 0x1B, 0x89, 0x7B, 0x91, 0xD6, 0x00, 0xE2, 0x21, 0xDC,
    0x67, 0x42, 0xE5, 0xFC, 0x95, 0x15, 0xB9, 0x4F, 0x11, 0xF3, 0xF2, 0x2C, 0x9C, 0x78, 0x7B, 0xEA,
    0x20, 0x51, 0x6B, 0x44, 0xFE, 0x61, 0x17, 0x61, 0x78, 0x8B, 0x23, 0x69, 0x8F, 0xD8, 0x2F, 0xF6,
    0x34, 0xF6, 0xB5, 0x63, 0xB2, 0x3E, 0x6E, 0xDF, 0x96, 0x28, 0x36, 0xEF, 0x65, 0x99, 0xB5, 0x5D,
    0x95, 0xFD, 0x85, 0xE2, 0x35, 0x8D, 0x35, 0x7C, 0xA5, 0x98, 0x86, 0x4E, 0x26, 0xC9, 0xFB, 0xD4,
    0x58, 0x82, 0xEC, 0x5C, 0xDF, 0xA7, 0x5B, 0x61, 0x98, 0xC5, 0xBC, 0x2B, 0xDD, 0x63, 0xEA, 0x6E,
    0x72, 0x99, 0x33, 0xA2, 0x19, 0x20, 0x3B, 0x6B, 0xDA, 0xFD, 0xAA, 0xDF, 0x64, 0x5F, 0x0D, 0xE7,
    0x67, 0xBD, 0x71, 0x9B, 0x8C, 0xA4, 0x84, 0x34, 0xB3, 0x77, 0xB2, 0x9B, 0x92, 0x20, 0x12, 0x2E,
    0x76, 0x55, 0x64, 0xB8, 0xBC, 0x30, 0x50, 0xF3, 0xFF, 0x15, 0x86, 0xC6, 0x91, 0x11, 0x4B, 0xB7,
    0x48, 0x1D, 0xB9, 0xA1, 0x84, 0x8E, 0xBB, 0x05, 0xCC, 0x8F, 0xE7, 0xE5, 0x2A, 0xB2, 0x91, 0xC1,
    0x7D, 0xCB, 0x21, 0xB7, 0xF1, 0x8A, 0xA6, 0xBD, 0xB3, 0x05, 0xEB, 0xC4, 0xB8, 0x7F, 0xB8, 0xF8,
    0x35, 0x62, 0x70, 0x55, 0x75, 0x5E, 0x04, 0x9D, 0x3E, 0x3B, 0x77, 0x83, 0x74, 0xDF, 0x96, 0xFB,
    0xB9, 0x28, 0xB7, 0xA1, 0x9D, 0x30, 0x38, 0x31, 0xDD, 0xAB, 0xA2, 0x29, 0x75, 0x47, 0x41, 0xAD,
    0x79, 0xDE, 0x3A, 0x41, 0x7D, 0xFC, 0x60, 0xB7, 0x25, 0x8E, 0x93, 0xF9, 0x9E, 0x00, 0x7B, 0xB2,
    0x28, 0xDB, 0x3A, 0xFD, 0x7B, 0x69, 0x87, 0x03, 0xCF, 0xD5, 0x5E, 0x87, 0x65, 0x09, 0x2B, 0x29,
    0x05, 0x6C, 0xD9, 0x0D, 0xEC, 0x4F, 0x74, 0x22, 0x5C, 0xF1, 0x96, 0x99, 0xED, 0x7E, 0x82, 0x76,
    0x2C, 0x11, 0x4D, 0x3E, 0x46, 0x17, 0x7A, 0x77, 0xE8, 0x39, 0x8F, 0x4E, 0xE6, 0xFA, 0xCE, 0xAD,
    0xC4, 0x12, 0x77, 0x76, 0x25, 0xD7, 0xA0, 0x23, 0x86, 0xF8, 0x2A, 0x47, 0x8C, 0xB4, 0xFA, 0xC3,
    0xD0, 0xDF, 0x5D, 0xC9, 0xC7, 0xA6, 0xA7, 0x9F, 0x3E, 0x78, 0x47, 0x8C, 0x8D, 0xE3, 0x07, 0x75,
    0x1E, 0xB5, 0x7C, 0xA2, 0x5E, 0x1E, 0x86, 0xCF, 0xFB, 0xA2, 0x65, 0x87, 0xB8, 0x73, 0xB3, 0x76,
    0x21, 0x52, 0xC7, 0x76, 0x7A, 0x58, 0x4D, 0x9A, 0x41, 0xD3, 0xE0, 0x9C, 0x3E, 0xEE, 0x6D, 0x71,
    0x0E, 0x62, 0x77, 0xA0, 0x03, 0xD9, 0xED, 0xC1, 0x9A, 0x5A, 0xC9, 0x52, 0x1A, 0x7F, 0xBD, 0x26,
    0xBD, 0x8A, 0xB1, 0xD1, 0x9B, 0xD3, 0x6B, 0x8A, 0xDE, 0x16, 0xBD, 0x34, 0xDC, 0x29, 0xB8, 0x3C,
    0x4A, 0xA7, 0xA7, 0xB7, 0xB1, 0xED, 0x8A, 0xEB, 0xA3, 0x78, 0x40, 0x22, 0xCE, 0xA0, 0x8C, 0x41,
    0x67, 0x26, 0xCC, 0x17, 0xC3, 0xAF, 0x90, 0x06, 0xAE, 0x15, 0x55, 0x91, 0xEB, 0xC2, 0x0E, 0x49,
    0xA2, 0x58, 0x7C, 0xC1, 0x09, 0xCB, 0xDB, 0xAA, 0xB3, 0xE7, 0xFA, 0xE5, 0x52, 0x30, 0x57, 0xFA,
    0x96, 0x2A, 0x53, 0xFB, 0xDA, 0x03, 0x62, 0x84, 0x7B, 0xC8, 0x7D, 0xCE, 0xB9, 0x69, 0xFB, 0x62,
    0xFC, 0x49, 0xC5, 0x30, 0x14, 0xCB, 0xD6, 0x39, 0x62, 0x11, 0xAA, 0xCA, 0x26, 0x76, 0xBC, 0x27,
    0x1F, 0x27, 0x4A, 0x2F, 0x4B, 0x68, 0x75, 0x99, 0x55, 0xD2, 0x80, 0xC7, 0x27, 0x16, 0xF8, 0xDC,
    0xC7, 0x40, 0x86, 0xBF, 0x4E, 0xBC, 0xD9, 0x95, 0x4D, 0x26, 0xC4, 0x8F, 0xAA, 0x14, 0x72, 0xC8,
    0xD7, 0x9E, 0xE4, 0xBF, 0xF8, 0x20, 0xE0, 0x30, 0xB8, 0xA7, 0x52, 0x8F, 0xAF, 0xB8, 0xDC, 0xD5,
    0x26, 0x7C, 0x71, 0xC8, 0xE4, 0x5D, 0x11, 0xBC, 0x1E, 0xEE, 0x76, 0x2C, 0x0B, 0x4A, 0xB7, 0x5A,
    0x41, 0xF3, 0x07, 0xBC, 0xB0, 0x3F, 0x4E, 0xC2, 0x07, 0xC7, 0x80, 0x57, 0xD9, 0x9B, 0xFB, 0x80,
    0xDC, 0xAD, 0xF9, 0x4E, 0x04, 0xEE, 0x7E, 0xCB, 0xEC, 0x81, 0xCA, 0xCC, 0xA9, 0xCB, 0x62, 0x21,
    0xD5, 0xDB, 0xCB, 0x72, 0x72, 0x6E, 0x9D, 0xBE, 0xF5, 0x2B, 0x3C, 0x3F, 0xBB, 0x32, 0xAA, 0x9A,
    0x3F, 0x98, 0x08, 0x56, 0x9B, 0xDC, 0xC1, 0xA2, 0xA4, 0xF7, 0x1E, 0xB8, 0xF8, 0x6A, 0x21, 0x8A,
    0x62, 0xE8, 0x85, 0x95, 0xEF, 0x62, 0xC2, 0x19, 0xA4, 0x98, 0x0A, 0xC8, 0xF4, 0x72, 0x42, 0xDE,
    0x36, 0x09, 0x31, 0xB3, 0x92, 0x99, 0x5C, 0xB1, 0x6C, 0xA5, 0xB6, 0x55, 0xE3, 0x31, 0x38, 0x42,
    0x0F, 0x54, 0x6F, 0x15, 0xAA, 0xDC, 0x81, 0xD5, 0xF7, 0x9E, 0x0E, 0x95, 0xF7, 0x57, 0xEE, 0xDF,
    0xD8, 0xC4, 0xA7, 0x57, 0xE7, 0xAB, 0xAE, 0x41, 0x25, 0x8F, 0xCF, 0x3F, 0xE4, 0x84, 0xAB, 0x2C,
    0x49, 0x58, 0x71, 0x4F, 0x24, 0x8A, 0x4F, 0x12, 0x41, 0xEC, 0x44, 0xC3, 0x18, 0x30, 0x9A, 0xFC,
    0x1E, 0x24, 0xC9, 0x44, 0x78, 0xB9, 0x79, 0xA2, 0x82, 0x08, 0x79, 0xC7, 0x1E, 0x23, 0xC8, 0xE9,
    0x32, 0x0F, 0x17, 0x8F, 0xD5, 0xA2, 0x24, 0x32, 0x35, 0xB6, 0x73, 0xEA, 0x72, 0xD6, 0xDB, 0x97,
    0x04, 0x76, 0x32, 0xB9, 0xA0, 0xCE, 0x79, 0x62, 0x89, 0xB3, 0x94, 0xF5, 0x3E, 0xB7, 0xB8, 0xFD,
    0xB6, 0xA4, 0x4B, 0x94, 0x8D, 0x44, 0x40, 0xCA, 0x39, 0xA3, 0x64, 0x2A, 0x6E, 0x86, 0x1D, 0xB9,
    0xF3, 0xA2, 0x50, 0x18, 0x68, 0x08, 0x90, 0x0D, 0x2B, 0xE6, 0xCE, 0xA4, 0x41, 0xC6, 0x29, 0xC7,
    0x06, 0xB2, 0x67, 0x79, 0x35, 0xE2, 0x57, 0x75, 0x7A, 0x67, 0x8A, 0x0A, 0x88, 0x61, 0x48, 0xA1,
    0x2C, 0x67, 0xEE, 0x30, 0xB0, 0xB1, 0x37, 0x56, 0xEB, 0xDE, 0xDD, 0xDE, 0x41, 0x67, 0xD1, 0xDE,
    0xF7, 0x2A, 0x7B, 0xC5, 0x57, 0x41, 0x5F, 0xE0, 0x19, 0xDF, 0xE6, 0x77, 0xF0, 0x9E, 0xE2, 0x3E,
    0xAD, 0xCA, 0x3B, 0xF4, 0xD9, 0x45, 0xCC, 0xE2, 0xFC, 0x14, 0x9C, 0x6D, 0x38, 0xE6, 0x58, 0x5C,
    0x84, 0x53, 0xF5, 0xD8, 0x01, 0x89, 0x13, 0x62, 0x79, 0x7D, 0x1E, 0x40, 0x85, 0xC8, 0x80, 0x07,
    0xE1, 0xBA, 0xF6, 0xD7, 0x5A, 0x07, 0xD0, 0x56, 0xF3, 0x20, 0xB6, 0xF3, 0x19, 0x53, 0x4F, 0x9D,
    0xC1, 0xD8, 0xBA, 0x2D, 0x5B, 0x05, 0x7C, 0x8F, 0x97, 0xAC, 0xE1, 0x16, 0x2E, 0x5C, 0x5D, 0xF7,
    0x8B, 0xD2, 0xF2, 0x42, 0xD0, 0x57, 0xC5, 0xC5, 0xB3, 0xCF, 0xE3, 0x19, 0xB9, 0x6B, 0xE1, 0x76,
    0x73, 0x3B, 0x00, 0xC5, 0xAD, 0xBE, 0x02, 0x0F, 0x2B, 0x63, 0x60, 0xF4, 0xE9, 0x3D, 0x1C, 0x04,
    0x38, 0x94, 0xE2, 0x2E, 0x52, 0x25, 0xDA, 0x78, 0x87, 0x83, 0x63, 0x62, 0xE0, 0xB2, 0xA8, 0xE7,
    0xF4, 0x1E, 0xC6, 0xC5, 0x3D, 0x82, 0x1A, 0x02, 0x5B, 0x68, 0x5D, 0xED, 0x0E, 0x92, 0x87, 0x63,
    0xE6, 0x7B, 0x04, 0x89, 0x96, 0xAE, 0x24, 0xEF, 0x77, 0x66, 0x5A, 0xAF, 0x4C, 0x72, 0x95, 0x79,
    0x77, 0xBC, 0x3F, 0xA5, 0x3B, 0x9A, 0xBC, 0x2B, 0x05, 0x55, 0x1A, 0xE4, 0xD8, 0x91, 0xCD, 0x1D,
    0x68, 0xC0, 0x20, 0xAF, 0x30, 0xDC, 0xE7, 0x33, 0x49, 0xC8, 0x5F, 0xEA, 0x2F, 0xEA, 0x3D, 0x20,
    0x26, 0x3F, 0xAC, 0x24, 0x39, 0x23, 0x50, 0x8D, 0x19, 0x0E, 0xEC, 0x89, 0x95, 0xAE, 0xFA, 0x0C,
    0xC3, 0x01, 0x0E, 0x93, 0xF3, 0xB9, 0x08, 0xFB, 0xC2, 0xE3, 0xB6, 0xBE, 0x30, 0x17, 0x12, 0x30,
    0xCF, 0xA9, 0xFD, 0xC6, 0x92, 0x62, 0x4C, 0xE1, 0x8C, 0xCB, 0x63, 0x5D, 0xAC, 0x15, 0x97, 0x3F,
    0x61, 0x92, 0xE7, 0xBC, 0x29, 0x1E, 0xE9, 0x3E, 0x76, 0x13, 0x20, 0xB2, 0x88, 0x3D, 0x55, 0x30,
    0xF6, 0xBB, 0xBE, 0x01, 0x72, 0xE9, 0xC6, 0xD5, 0x1E, 0x3B, 0x85, 0xF2, 0xAE, 0x0E, 0x93, 0x7B,
    0x30, 0xDE, 0x2B, 0x0D, 0xA8, 0x58, 0x16, 0x23, 0x2F, 0x8F, 0x0E, 0x93, 0x79, 0xD7, 0xE6, 0xA4,
    0x08, 0xA0, 0xFC, 0x06, 0xC7, 0xD0, 0x49, 0xD4, 0xB0, 0xE2, 0x9D, 0x23, 0x49, 0x94, 0xC4, 0x4B,
    0x1C, 0x50, 0xE9, 0x09, 0x1E, 0x75, 0xBB, 0xC3, 0xB0, 0xED, 0xF4, 0x54, 0x6B, 0x3D, 0xE3, 0xC5,
    0x94, 0x58, 0x30, 0xAE, 0xF5, 0xDB, 0x7A, 0x6A, 0x4F, 0x9F, 0x16, 0x7A, 0x53, 0x81, 0x94, 0x07,
    0x29, 0xFA, 0x81, 0x77, 0x75, 0xE8, 0x2D, 0x8E, 0xEF, 0x4C, 0x31, 0x74, 0xCA, 0x69, 0x8C, 0x9A,
    0x67, 0x6C, 0x4E, 0x47, 0x43, 0x6F, 0x58, 0x9D, 0x47, 0xC5, 0xBB, 0x2D, 0x5E, 0x98, 0xDC, 0x34,
    0x2B, 0x29, 0x94, 0x1A, 0xEE, 0x80, 0x0D, 0xA4, 0x07, 0x97, 0x98, 0xC7, 0x99, 0xE2, 0x83, 0x3D,
    0x9C, 0x5E, 0x06, 0x7C, 0x26, 0xDA, 0xB0, 0x88, 0xF6, 0x25, 0xF5, 0x5B, 0xF9, 0xAE, 0xA0, 0x8B,
    0x0C, 0x4B, 0xE6, 0xB9, 0xE2, 0x38, 0x25, 0x29, 0xBD, 0x94, 0x54, 0xAA, 0x36, 0xEA, 0x85, 0xCA,
    0xA4, 0x87, 0x37, 0x58, 0x77, 0xEC, 0xAA, 0x9D, 0x21, 0x68, 0xDB, 0xBE, 0xB5, 0x9E, 0x5C, 0x1A,
    0xB4, 0x9E, 0x0E, 0xA0, 0x77, 0xCB, 0xBE, 0x1D, 0x40, 0xEF, 0xB6, 0x0E, 0x40, 0x6C, 0x66, 0x80,
    0x50, 0x5E, 0x06, 0xE2, 0x7A, 0x51, 0xC4, 0x0A, 0x5D, 0x68, 0x74, 0x6C, 0x01, 0x27, 0x58, 0x60,
    0xFD, 0x8E, 0x5F, 0x61, 0x88, 0xCA, 0x00, 0xAB, 0xD7, 0x61, 0xDD, 0x0F, 0x74, 0xEC, 0x50, 0x9A,
    0x8A, 0x26, 0xC8, 0x96, 0x5F, 0xEE, 0x1E, 0x43, 0xB5, 0xFA, 0xF4, 0xAD, 0x56, 0xA2, 0xFA, 0xEE,
    0x2B, 0x30, 0x65, 0x26, 0xA6, 0x7D, 0xE3, 0x7C, 0x42, 0x0B, 0x06, 0xCE, 0x55, 0x58, 0x1D, 0x52,
    0xDC, 0xDA, 0x61, 0x56, 0x86, 0xE5, 0xBC, 0x10, 0xD9, 0x7D, 0x40, 0xEF, 0x3E, 0x33, 0x7F, 0x50,
    0x7D, 0x65, 0xF7, 0xCA, 0x99, 0x79, 0xEC, 0xCE, 0x97, 0x56, 0xE6, 0x9D, 0xE0, 0x2B, 0xB7, 0x92,
    0xF2, 0x3C, 0x72, 0x62, 0x11, 0x98, 0x30, 0x7F, 0xD7, 0xE7, 0xA1, 0xD8, 0x49, 0x36, 0xE7, 0x89,
    0xBD, 0x37, 0xE2, 0x64, 0x5E, 0xD5, 0x5D, 0xE3, 0x03, 0x82, 0xB9, 0x79, 0xF3, 0x9D, 0x68, 0x1E,
    0x89, 0x18, 0x43, 0x35, 0x4F, 0xFC, 0x09, 0x8D, 0xB5, 0x79, 0x3B, 0x74, 0x88, 0x62, 0xCD, 0xC3,
    0xA1, 0x4D, 0x29, 0x68, 0x1D, 0x9B, 0xE2, 0x82, 0x5E, 0x0D, 0x39, 0xEC, 0xA5, 0xCB, 0xA9, 0xC1,
    0x8D, 0x84, 0x37, 0xA8, 0xB0, 0xA2, 0xC7, 0x40, 0x9B, 0x69, 0xA5, 0xC0, 0x7C, 0xBE, 0x2C, 0x99,
    0x99, 0xCE, 0x2A, 0xB7, 0xB8, 0xD5, 0xCC, 0x92, 0x2C, 0xE0, 0x89, 0x74, 0x85, 0xCE, 0xFF, 0xAD,
    0x73, 0xA9, 0xC7, 0x3C, 0x8A, 0x4C, 0xA4, 0x7B, 0x2E, 0xAB, 0xAF, 0xDC, 0xBA, 0xE2, 0x04, 0x8B,
    0x78, 0x07, 0x6C, 0xC3, 0x40, 0xEF, 0x50, 0x61, 0xD7, 0xEF, 0xA4, 0x43, 0xCB, 0xAC, 0xE3, 0x7F,
    0xBC, 0xBB, 0x91, 0x25, 0xAE, 0xFA, 0x09, 0x46, 0x8F, 0x6B, 0x7C, 0x7F, 0x77, 0x59, 0xD1, 0xBB,
    0x61, 0xF2, 0x9C, 0x3C, 0x23, 0x5A, 0x58, 0x7A, 0x87, 0x4B, 0x48, 0xE8, 0xF0, 0x34, 0xAC, 0x5F,
    0x91, 0xF3, 0x63, 0xFF, 0x8D, 0xDA, 0x73, 0x11, 0xBD, 0x03, 0x1B, 0xC8, 0x9A, 0x02, 0x55, 0x31,
    0x97, 0x75, 0x13, 0x00, 0xBD, 0x03, 0xC0, 0x8A, 0xCF, 0x02, 0xE8, 0x1D, 0x70, 0xDD, 0x36, 0x33,
    0x45, 0xD1, 0x59, 0x8C, 0x2B, 0xBE, 0x3D, 0xD5, 0xDD, 0x37, 0xC4, 0xF7, 0xB0, 0x90, 0x6A, 0x77,
    0x5D, 0x56, 0x24, 0x5B, 0x08, 0x06, 0x27, 0xD1, 0x90, 0xE5, 0x51, 0xC9, 0xCE, 0xAD, 0x43, 0x1F,
    0xB0, 0xA9, 0x7A, 0xB0, 0x6D, 0x9A, 0xBE, 0xDD, 0xC9, 0xAC, 0x0B, 0x8D, 0xFB, 0x64, 0x1B, 0xBE,
    0x27, 0x58, 0x32, 0xA5, 0x2C, 0x3D, 0xFE, 0x97, 0xC7, 0x92, 0x94, 0x69, 0x3F, 0x6D, 0x16, 0x1A,
    0x6A, 0xB5, 0xF3, 0x44, 0xCB, 0xFD, 0xBB, 0x19, 0xBE, 0x0B, 0xF0, 0x65, 0x2C, 0x6B, 0xA6, 0xB8,
    0x76, 0xCA, 0xED, 0x84, 0x5B, 0xB3, 0x45, 0x44, 0x91, 0x1D, 0x92, 0x8C, 0xDE, 0xC8, 0xBF, 0xB1,
    0xC5, 0xD9, 0x67, 0xF2, 0xFD, 0x11, 0x6A, 0x79, 0xCC, 0xEB, 0x54, 0x4F, 0xC8, 0x69, 0x60, 0x67,
    0x3A, 0x5E, 0x66, 0x2C, 0x01, 0xAD, 0xA1, 0xA6, 0x65, 0xA1, 0x09, 0x38, 0xDB, 0xCD, 0x06, 0x49,
    0x3D, 0xAF, 0x6B, 0x76, 0x6F, 0x96, 0x5D, 0x64, 0x97, 0x87, 0x5C, 0x93, 0xF6, 0xF3, 0x42, 0xE2,
    0x0C, 0x9F, 0x5A, 0x80, 0x83, 0xB2, 0xDC, 0x00, 0x6F, 0xCB, 0xAB, 0x6C, 0x49, 0x7C, 0x53, 0xFB,
    0xCC, 0x26, 0x39, 0xB1, 0x72, 0x38, 0x92, 0x4D, 0x55, 0xFF, 0x94, 0x97, 0x8B, 0x33, 0x0B, 0x07,
    0x5B, 0xDD, 0x5B, 0xAD, 0x99, 0x05, 0x91, 0x93, 0x16, 0x66, 0x6B, 0x17, 0x69, 0xE1, 0x5C, 0x18,
    0x4B, 0xF3, 0x7D, 0x17, 0x38, 0xD5, 0x65, 0x40, 0xDA, 0x50, 0x62, 0xEC, 0x72, 0xC3, 0xA5, 0x3F,
    0xD4, 0x33, 0x9F, 0x6A, 0x5D, 0xE5, 0xFC, 0xC7, 0xD4, 0xB6, 0x31, 0x96, 0xD6, 0x2D, 0xD1, 0xC0,
    0xCB, 0x06, 0xC1, 0x86, 0x98, 0x6E, 0x2C, 0xAC, 0x0D, 0x90, 0x9C, 0xAB, 0x3E, 0x47, 0xDA, 0x76,
    0x91, 0xF3, 0xA5, 0x6C, 0xB0, 0xD7, 0x53, 0xD9, 0xFA, 0x30, 0x84, 0x62, 0xDC, 0x7C, 0x2B, 0xA2,
    0x67, 0x96, 0x8F, 0x18, 0x10, 0x2E, 0x68, 0x25, 0x4A, 0x1A, 0xC4, 0x89, 0xFF, 0x40, 0xA5, 0x3D,
    0xD6, 0x8B, 0x35, 0x12, 0xF5, 0x46, 0x59, 0x92, 0x0C, 0x94, 0x65, 0x7C, 0x6A, 0xCD, 0x3C, 0x0E,
    0x46, 0x22, 0x27, 0xF0, 0x39, 0x2B, 0x95, 0x3D, 0xA9, 0xC3, 0x2A, 0x00, 0x51, 0x88, 0x8F, 0x76,
    0x88, 0x55, 0xB2, 0xFA, 0x2E, 0xB6, 0xD0, 0x55, 0x2F, 0xCE, 0xAA, 0xB1, 0xD8, 0xFF, 0x44, 0x52,
    0xFF, 0x76, 0x64, 0x3B, 0xBD, 0x8A, 0xE4, 0x37, 0xF7, 0x54, 0x85, 0x0E, 0x3F, 0xBA, 0xD1, 0xDA,
    0x5E, 0xDF, 0xBD, 0xA2, 0xB7, 0x2C, 0x5A, 0x60, 0xE5, 0x4A, 0xA2, 0xB9, 0xC3, 0x1C, 0xA0, 0x2F,
    0x0A, 0x12, 0x5E, 0x00, 0x23, 0xD9, 0x34, 0xCC, 0x2F, 0xF8, 0x07, 0x97, 0xA2, 0x82, 0x93, 0x7F,
    0x61, 0x93, 0xC2, 0x5E, 0xF5, 0x53, 0x6B, 0x7F, 0x74, 0x34, 0x4D, 0xBE, 0x1E, 0x8C, 0x27, 0x33,
    0x9E, 0xF0, 0xF6, 0x2D, 0x0F, 0xF3, 0xF3, 0xC5, 0x1A, 0x64, 0x8B, 0x1D, 0x86, 0x23, 0x02, 0xE5,
    0x21, 0x8C, 0x87, 0xEF, 0x4C, 0xEE, 0x6D, 0x39, 0xA6, 0x5B, 0xD5, 0xB2, 0x61, 0x55, 0x00, 0x29,
    0x64, 0x64, 0x20, 0x97, 0x65, 0xAD, 0x2D, 0x17, 0x7C, 0xC2, 0xE6, 0xA6, 0x45, 0x06, 0x99, 0x7A,
    0xB7, 0xAC, 0xB1, 0xF4, 0x52, 0xF9, 0xCE, 0x02, 0x61, 0x71, 0x5A, 0x58, 0xC9, 0xA4, 0xE3, 0x90,
    0x6C, 0x54, 0x07, 0xDD, 0xCC, 0x41, 0x01, 0xD6, 0x00, 0x9D, 0xE3, 0xFD, 0x20, 0xFC, 0x21, 0xED,
    0xE8, 0x0F, 0x83, 0x2C, 0x91, 0x4B, 0x40, 0x16, 0x76, 0x47, 0xB6, 0x5C, 0x26, 0xD9, 0xA4, 0x33,
    0x4A, 0xE8, 0xBD, 0x25, 0x8F, 0xC8, 0x62, 0xF1, 0xF3, 0xCB, 0x56, 0x74, 0x4C, 0x9B, 0xCE, 0x76,
    0x25, 0x66, 0xB0, 0xDB, 0x18, 0xF3, 0x07, 0x06, 0x88, 0xCD, 0xC6, 0x8E, 0x1D, 0xCE, 0x9E, 0x6C,
    0x25, 0xDE, 0xF5, 0x39, 0x58, 0xEF, 0xC4, 0xF8, 0x9A, 0x50, 0xE0, 0x37, 0x7A, 0xA3, 0xE0, 0x8E,
    0xBB, 0xF6, 0x43, 0x01, 0x30, 0x7A, 0xDE, 0x8D, 0x67, 0x78, 0x10, 0xF9, 0x6A, 0xDA, 0x47, 0x3B,
    0x2E, 0x0F, 0x39, 0xA4, 0x01, 0x31, 0x4C, 0xAF, 0x29, 0xC9, 0x2C, 0x84, 0xC7, 0x25, 0x32, 0x08,
    0x0A, 0xFB, 0x8F, 0xF2, 0xC6, 0xA3, 0x27, 0x41, 0x29, 0xD1, 0x2F, 0x1E, 0x56, 0xE9, 0xBA, 0xC1,
    0x3B, 0xD0, 0xB6, 0x57, 0x78, 0x57, 0x98, 0x04, 0xF4, 0xAE, 0x54, 0xCC, 0x78, 0x77, 0x65, 0xDF,
    0x58, 0xA2, 0xC7, 0x6E, 0xD3, 0x63, 0xF3, 0xBD, 0xBB, 0x58, 0x31, 0x38, 0x39, 0x03, 0x34, 0x70,
    0xE5, 0x87, 0x13, 0x61, 0xDA, 0x67, 0x6C, 0x7B, 0x21, 0xB8, 0x62, 0xEF, 0xED, 0xDB, 0x5E, 0x88,
    0x3A, 0x07, 0xD9, 0x61, 0xC1, 0xDD, 0x43, 0x6B, 0x80, 0x8C, 0x5A, 0x97, 0x41, 0x9E, 0xDB, 0xD4,
    0x79, 0x1E, 0xCC, 0xED, 0x4E, 0xD4, 0xE4, 0x75, 0x2C, 0x79, 0x84, 0x33, 0xF0, 0x47, 0x32, 0xE9,
    0xF7, 0x27, 0xC6, 0x8E, 0x47, 0xDD, 0xD1, 0x1A, 0xDB, 0xE4, 0xE6, 0x8E, 0x78, 0x52, 0x49, 0x7E,
    0xC1, 0x1C, 0x96, 0x70, 0xEA, 0xBA, 0x9F, 0x07, 0x1D, 0x8D, 0x07, 0x24, 0x69, 0xD0, 0x91, 0x48,
    0xBA, 0xC8, 0x8E, 0xE8, 0x59, 0xC7, 0x03, 0x93, 0x75, 0xA4, 0x80, 0x9E, 0x38, 0xA3, 0x3C, 0xF1,
    0xFB, 0x41, 0x17, 0x19, 0x2F, 0xB9, 0xF4, 0x80, 0x63, 0x29, 0xDF, 0x43, 0x6D, 0x41, 0x4A, 0x4D,
    0x00, 0xFC, 0x11, 0xFF, 0x17, 0xB6, 0xC2, 0x66, 0x4C, 0x9B, 0x07, 0xA2, 0xC9, 0x2D, 0x36, 0xF2,
    0xC2, 0x18, 0x54, 0x94, 0x6C, 0x9E, 0x40, 0x5C, 0xC2, 0x1E, 0xD8, 0x22, 0x64, 0x96, 0xA1, 0x95,
    0x44, 0xC2, 0x19, 0x7D, 0xDE, 0x49, 0xE8, 0x67, 0xEC, 0x34, 0x64, 0xBD, 0x9B, 0x72, 0x8A, 0x9F,
    0x70, 0xC0, 0x72, 0x95, 0x5F, 0x1A, 0xBC, 0x5A, 0x5B, 0x5E, 0x65, 0x1E, 0xA2, 0x57, 0xA7, 0x69,
    0xD2, 0x2D, 0x86, 0x99, 0x3D, 0x7F, 0xB7, 0x28, 0x84, 0x07, 0x79, 0x07, 0xAC, 0x51, 0x9C, 0x95,
    0x55, 0x36, 0x79, 0xF3, 0x95, 0xBD, 0x1F, 0xC6, 0xF7, 0x81, 0xFB, 0x6C, 0x45, 0x8E, 0x5E, 0x7C,
    0xB5, 0x76, 0xE1, 0x46, 0x2E, 0x06, 0xCA, 0xF8, 0xA4, 0x59, 0x65, 0x04, 0x45, 0x4A, 0xA4, 0xA5,
    0x02, 0xC9, 0x5A, 0x31, 0xD5, 0xD3, 0x68, 0x86, 0x64, 0x0B, 0x82, 0x12, 0xEF, 0x85, 0xFA, 0x5B,
    0x6E, 0x44, 0x14, 0x0A, 0x29, 0x97, 0x84, 0x22, 0xBD, 0xC0, 0x4D, 0x27, 0x46, 0x02, 0x47, 0x36,
    0xB1, 0x55, 0x7B, 0xD2, 0x2E, 0x0B, 0x32, 0x70, 0x66, 0x0C, 0xCD, 0xC6, 0xEC, 0x0C, 0x37, 0x84,
    0x8A, 0x6A, 0x9C, 0x47, 0x03, 0xAA, 0xCD, 0x5F, 0x13, 0xDE, 0x84, 0x75, 0xD9, 0x46, 0xFF, 0xC0,
    0x40, 0xF8, 0xB1, 0x52, 0x0C, 0x6B, 0x3E, 0x96, 0x7A, 0x36, 0x16, 0x95, 0x42, 0x16, 0x77, 0x6C,
    0xFF, 0x5E, 0xD1, 0xC3, 0xA5, 0xB1, 0x88, 0x16, 0x6C, 0x1A, 0xAB, 0x10, 0xE7, 0x53, 0x12, 0xC0,
    0x3E, 0xC0, 0xC9, 0x2F, 0xF3, 0x8E, 0xE0, 0x57, 0x94, 0x73, 0x0B, 0x5C, 0x05, 0x16, 0x5B, 0xE4,
    0x16, 0xEE, 0xE7, 0xBB, 0x1A, 0x21, 0x92, 0xD9, 0xD4, 0xEA, 0xC5, 0x3C, 0x0A, 0xB8, 0x89, 0x48,
    0x66, 0x12, 0x8E, 0x10, 0xC9, 0x7C, 0x2C, 0x43, 0x6A, 0xB8, 0x5E, 0x37, 0xC3, 0x0E, 0x9D, 0xE9,
    0x17, 0x78, 0xEB, 0x99, 0x39, 0xD0, 0x69, 0x4E, 0x1A, 0x31, 0x15, 0x68, 0x56, 0xC5, 0x22, 0x3F,
    0x02, 0xA8, 0x11, 0x62, 0x11, 0x10, 0xFC, 0xE9, 0x83, 0xC8, 0x2B, 0x52, 0x53, 0xBD, 0x71, 0xDC,
    0x68, 0xF4, 0xA4, 0x08, 0xE3, 0x3E, 0x4A, 0xF4, 0xA2, 0xEA, 0x2F, 0x11, 0xC9, 0x3B, 0xE9, 0xB0,
    0x0A, 0xAC, 0x43, 0xED, 0x6D, 0xA7, 0xC4, 0xCB, 0x96, 0x7C, 0x37, 0xB4, 0x6F, 0x07, 0x4E, 0x68,
    0xAA, 0xD2, 0x53, 0xB1, 0xC1, 0x93, 0xAA, 0x2F, 0x52, 0x64, 0x55, 0xB4, 0x85, 0x24, 0x45, 0x1A,
    0xD9, 0xAB, 0xB5, 0xF3, 0x99, 0x4E, 0xA7, 0x9B, 0x76, 0x57, 0xE8, 0x55, 0x3E, 0x4A, 0x4F, 0x22,
    0x63, 0x62, 0x32, 0xC7, 0x89, 0x13, 0x25, 0x1D, 0x4C, 0x01, 0x4A, 0xB2, 0x49, 0x58, 0x49, 0x66,
    0xDC, 0x02, 0x07, 0x92, 0x8E, 0x34, 0x60, 0xCF, 0x8F, 0xCD, 0xE2, 0xCE, 0xBE, 0x7E, 0x18, 0x06,
    0x96, 0x73, 0xC2, 0xD5, 0x32, 0x95, 0x20, 0x38, 0xC2, 0x9C, 0xF4, 0x92, 0xA2, 0xD9, 0x3B, 0xB8,
    0x3A, 0xD2, 0x76, 0xD4, 0xF3, 0x69, 0x9C, 0xAB, 0x9E, 0x13, 0x49, 0xAA, 0x26, 0x3C, 0xD1, 0x30,
    0xAF, 0xDC, 0x3E, 0x30, 0x7E, 0xCA, 0x60, 0x7E, 0xE2, 0x03, 0xEC, 0xEF, 0xF9, 0xC9, 0x39, 0xAA,
    0xC6, 0xD7, 0xA1, 0x71, 0x35, 0x06, 0x0E, 0xA0, 0x94, 0x12, 0x5B, 0xD6, 0x3E, 0x96, 0x21, 0xF1,
    0x65, 0xDA, 0xE4, 0xCD, 0x76, 0xA3, 0x5F, 0xBE, 0xC7, 0x64, 0x1E, 0x9F, 0xC5, 0x67, 0xA4, 0x03,
    0x72, 0x00, 0x09, 0xFA, 0x67, 0xC9, 0x11, 0x9C, 0x8C, 0x27, 0x09, 0x3C, 0x52, 0x65, 0x2D, 0x0F,
    0x75, 0xDB, 0x77, 0x6A, 0x5B, 0x35, 0x8E, 0x79, 0x6A, 0x8B, 0xDE, 0xBB, 0x5D, 0x08, 0x6F, 0xA2,
    0x57, 0x87, 0xBE, 0x7C, 0xFC, 0xDC, 0xAE, 0x1C, 0xCC, 0x55, 0xE3, 0xA3, 0xAD, 0x05, 0xD7, 0x68,
    0x81, 0x8E, 0x38, 0xCD, 0xA7, 0xEC, 0x13, 0xC6, 0xCC, 0xBC, 0x99, 0xDC, 0x6D, 0x71, 0x6B, 0xEF,
    0x8B, 0xFD, 0xE4, 0xF9, 0x00, 0x71, 0xD5, 0xF3, 0x0D, 0x80, 0x9D, 0xBA, 0x41, 0xF2, 0xB7, 0xD4,
    0x5A, 0xA7, 0x4A, 0x97, 0xC6, 0xC9, 0x2F, 0xF7, 0x4F, 0xD2, 0x80, 0x4D, 0x9C, 0x78, 0x15, 0x36,
    0xDC, 0xAA, 0xEF, 0xF9, 0xAE, 0xFF, 0x71, 0xCF, 0xFC, 0x76, 0xB4, 0xA8, 0xB2, 0xC8, 0x7C, 0x27,
    0x39, 0x67, 0xEF, 0x29, 0xEC, 0x50, 0x00, 0x31, 0x24, 0x98, 0x6B, 0xDE, 0xF9, 0x95, 0x6C, 0x97,
    0xFA, 0xC6, 0x67, 0x41, 0x71, 0x4E, 0xBF, 0xFB, 0x15, 0xCE, 0xCF, 0x3B, 0x7D, 0xD3, 0x3C, 0x0D,
    0x63, 0x91, 0xDF, 0x45, 0x13, 0x1E, 0xEF, 0xDF, 0xBD, 0x9F, 0x2E, 0x4D, 0xF5, 0x8E, 0x44, 0x9C,
    0xD0, 0xC8, 0xA5, 0x77, 0x69, 0xCC, 0x57, 0x92, 0xAF, 0x08, 0x39, 0xCA, 0xE9, 0x42, 0xC8, 0xBA,
    0x36, 0x7B, 0xF4, 0x4B, 0x9F, 0x1B, 0xD7, 0x5B, 0x49, 0x5B, 0x3B, 0xAF, 0x3E, 0xB7, 0x53, 0x43,
    0x9E, 0x06, 0x13, 0x6A, 0x8B, 0x1C, 0xF2, 0x73, 0xE7, 0x6F, 0xD6, 0x1A, 0xC3, 0x83, 0xFA, 0x57,
    0x7E, 0x8E, 0x2D, 0x1C, 0xB3, 0x93, 0x6A, 0x98, 0x45, 0x51, 0x73, 0xAF, 0x90, 0x80, 0x93, 0x5B,
    0x26, 0x51, 0xB2, 0xD6, 0x10, 0xD5, 0x56, 0xD9, 0x75, 0x9E, 0xC4, 0xC1, 0x59, 0xE7, 0x49, 0x9A,
    0x5D, 0x7F, 0xC1, 0x1C, 0x9E, 0x15, 0xBA, 0x8E, 0xCF, 0xD6, 0xCE, 0x67, 0x7C, 0x2C, 0xC6, 0xD6,
    0xDB, 0x7C, 0xD0, 0x7A, 0xFB, 0x29, 0xB6, 0x7D, 0xFE, 0xF8, 0x49, 0x36, 0xDC, 0xFE, 0x58, 0x5B,
    0x05, 0x9E, 0x95, 0xC7, 0x3F, 0xCB, 0x56, 0x17, 0xF7, 0x4B, 0xCC, 0x88, 0x36, 0xBF, 0x44, 0xBF,
    0x1A, 0x76, 0xF6, 0xAB, 0x74, 0x6E, 0xB9, 0xFA, 0x3D, 0x1F, 0x96, 0xAD, 0x33, 0x0E, 0x49, 0x24,
    0x1D, 0xF0, 0x90, 0xE6, 0xCF, 0x12, 0x66, 0x25, 0xBB, 0x1C, 0x22, 0xC8, 0xE6, 0x34, 0xE7, 0x99,
    0x2C, 0xE8, 0xEE, 0xD1, 0x5D, 0x7E, 0xA0, 0x66, 0x3B, 0x85, 0x50, 0x83, 0x5C, 0x15, 0x73, 0x66,
    0x02, 0x4E, 0xC1, 0xF4, 0x74, 0x06, 0x23, 0xCB, 0x27, 0x38, 0x0A, 0x83, 0x18, 0xCE, 0xB9, 0x47,
    0x6B, 0x97, 0x69, 0xD0, 0x7B, 0xE2, 0xE9, 0xB6, 0x70, 0xAA, 0xD5, 0xBD, 0x6A, 0xE0, 0xC4, 0x19,
    0x85, 0x14, 0x54, 0xD0, 0x0A, 0xD2, 0x9A, 0x41, 0x60, 0xA6, 0x6D, 0x17, 0xC7, 0xB7, 0x68, 0xEC,
    0x9D, 0xC1, 0xD6, 0xA4, 0x56, 0xC8, 0xC9, 0x8A, 0x4D, 0xA4, 0x86, 0x25, 0x76, 0x15, 0x33, 0xCC,
    0xE9, 0xAB, 0x94, 0xC0, 0x6D, 0xAA, 0x17, 0x08, 0xAA, 0x1E, 0x1E, 0xA4, 0x3A, 0xC4, 0xC4, 0x9E,
    0xC1, 0x6E, 0x79, 0x00, 0xDE, 0x3D, 0xF9, 0x0C, 0x67, 0x68, 0xA1, 0x15, 0x17, 0xBA, 0x8E, 0xEA,
    0x1E, 0x6F, 0xDA, 0x55, 0xED, 0xE5, 0x86, 0x47, 0x43, 0x5C, 0x55, 0x2C, 0xE9, 0x23, 0x84, 0xE4,
    0xB5, 0x3A, 0xE2, 0x38, 0x55, 0x1E, 0xC2, 0x0D, 0xEE, 0xB8, 0x62, 0x91, 0xAB, 0x7A, 0xBB, 0xA4,
    0x35, 0x1E, 0x81, 0x66, 0x6C, 0x81, 0x0B, 0xBA, 0x10, 0x29, 0x1D, 0xB6, 0x7E, 0x94, 0x8A, 0x7C,
    0x93, 0x9F, 0x70, 0x70, 0xA8, 0xA5, 0x04, 0xDF, 0xBA, 0xF2, 0xEA, 0xB2, 0x16, 0x77, 0x4E, 0xFD,
    0x29, 0x49, 0xAB, 0xB4, 0xC2, 0xEA, 0xA4, 0xE4, 0x6E, 0x28, 0x5B, 0x9B, 0x69, 0xD7, 0xB1, 0xBE,
    0x80, 0x64, 0xBC, 0x87, 0x35, 0x4B, 0x82, 0xF3, 0xC4, 0x4C, 0x53, 0xDD, 0xDB, 0x67, 0x39, 0x2D,
    0x6C, 0x57, 0x35, 0x84, 0x53, 0x1B, 0xB7, 0x90, 0xF5, 0xB9, 0x8A, 0x71, 0xEC, 0x22, 0x13, 0xB3,
    0x2F, 0xE7, 0x48, 0xB2, 0xBE, 0x4A, 0xC0, 0xB2, 0xA8, 0x8B, 0x2C, 0x55, 0xCB, 0x97, 0x36, 0x6E,
    0xAD, 0x29, 0x57, 0x52, 0x9B, 0xB8, 0xA8, 0xE7, 0x17, 0x03, 0x2E, 0xC9, 0x19, 0x71, 0x10, 0x45,
    0x23, 0xD0, 0xC6, 0x3D, 0x5B, 0x41, 0x59, 0xEE, 0x59, 0x71, 0xC1, 0x33, 0xF8, 0x9E, 0x9C, 0x9B,
    0x71, 0xF7, 0x55, 0xE2, 0x02, 0xDE, 0xE5, 0xF3, 0x5D, 0xDE, 0xE0, 0x36, 0x83, 0xFD, 0xD0, 0x55,
    0xDB, 0x4B, 0x20, 0x97, 0x52, 0xE3, 0xBD, 0x51, 0xFD, 0x25, 0x48, 0xD6, 0x8C, 0x87, 0x29, 0xD3,
    0xED, 0x50, 0xB6, 0x9A, 0x0B, 0x0D, 0x70, 0xD0, 0x04, 0xBB, 0xEB, 0x0C, 0xB1, 0xA9, 0xE1, 0xBB,
    0x44, 0x13, 0xE8, 0x1C, 0x41, 0x46, 0xE7, 0xDE, 0x21, 0xCE, 0x65, 0x74, 0x2E, 0xD2, 0xD7, 0x5D,
    0x91, 0xEB, 0x12, 0x39, 0xD8, 0x10, 0xA8, 0xD8, 0xA1, 0x07, 0xED, 0xAC, 0x80, 0xFB, 0x34, 0x3D,
    0x65, 0x1B, 0xDE, 0xD7, 0xD8, 0xAE, 0xDC, 0xC0, 0x63, 0xDF, 0xC5, 0xE5, 0xCA, 0x7B, 0x92, 0x61,
    0x8B, 0x6F, 0x66, 0x27, 0x0C, 0xD5, 0x80, 0xE1, 0x73, 0x6A, 0x3D, 0x3A, 0x08, 0x57, 0x3A, 0x24,
    0x29, 0x60, 0x6D, 0x8C, 0x21, 0x8A, 0xBC, 0x39, 0xD1, 0x42, 0xF3, 0xD2, 0x2C, 0xAA, 0x13, 0x8F,
    0x33, 0x34, 0xCF, 0x79, 0xAA, 0x4A, 0x2B, 0x7B, 0xC3, 0x83, 0x9D, 0x22, 0x5C, 0xF4, 0xBC, 0xBF,
    0xC4, 0xEA, 0xFB, 0xAD, 0xC3, 0x6E, 0xB0, 0x05, 0xB7, 0x7C, 0xEB, 0xC3, 0x54, 0x99, 0xB7, 0x25,
    0x85, 0xFE, 0x45, 0xB1, 0xEB, 0x78, 0x44, 0xB4, 0xB1, 0xE9, 0x8E, 0x37, 0xE0, 0xBD, 0x77, 0x44,
    0xB6, 0x2C, 0xCD, 0x30, 0xD3, 0xD8, 0xC5, 0xF8, 0xE9, 0x99, 0x19, 0x87, 0xE0, 0xBB, 0xEF, 0xF3,
    0xF8, 0xAC, 0xCA, 0x2E, 0x3D, 0x1D, 0x8F, 0x05, 0xCE, 0x27, 0x3C, 0xA2, 0x28, 0xB8, 0x8E, 0xFE,
    0x63, 0x70, 0x42, 0x06, 0x53, 0x7E, 0x29, 0x0D, 0x97, 0x24, 0x65, 0x33, 0x26, 0x02, 0x55, 0xFE,
    0xA8, 0x08, 0x9F, 0x86, 0x1A, 0xE6, 0x3B, 0xB1, 0x78, 0xD3, 0x84, 0xA3, 0xB5, 0x9D, 0xDA, 0xE5,
    0xDC, 0x66, 0x93, 0x1C, 0xAD, 0x5D, 0x7C, 0xEE, 0x06, 0x04, 0x15, 0x8E, 0x60, 0xD5, 0x6E, 0x61,
    0xE6, 0xAD, 0x8D, 0xF5, 0x5B, 0x1B, 0xCA, 0x8C, 0x38, 0x1C, 0x8B, 0x5A, 0xDA, 0xBA, 0xB9, 0xA2,
    0xCC, 0xEF, 0x25, 0x44, 0xFF, 0x95, 0xF9, 0x97, 0x6C, 0x92, 0xCE, 0xF3, 0x47, 0x62, 0xE6, 0x6C,
    0x88, 0xE6, 0xCD, 0x2D, 0x2A, 0xDC, 0x36, 0x5E, 0xCF, 0x47, 0x31, 0xE2, 0x4F, 0x37, 0x86, 0x7E,
    0x64, 0x98, 0x3D, 0x5E, 0x61, 0x76, 0xA4, 0x32, 0x11, 0xB6, 0x04, 0x8E, 0x3F, 0xBA, 0x21, 0x3A,
    0x39, 0x3D, 0x94, 0xC6, 0x63, 0x59, 0xBD, 0x4F, 0x8D, 0x33, 0x6A, 0xD8, 0x68, 0x34, 0x2D, 0x3D,
    0x76, 0xC6, 0xE0, 0xED, 0x62, 0x7D, 0xB4, 0xBC, 0xC7, 0xAD, 0xD2, 0x90, 0x3C, 0xCE, 0xD8, 0x9A,
    0x8E, 0x85, 0x66, 0xE4, 0xD7, 0x22, 0x76, 0x58, 0x36, 0xDF, 0xEA, 0xE9, 0x46, 0x6B, 0x70, 0xDE,
    0x2A, 0x10, 0x76, 0xEA, 0x3A, 0xA4, 0xC5, 0xC6, 0xAD, 0x38, 0xF7, 0xFA, 0xC3, 0xC3, 0xED, 0xE4,
    0x80, 0x33, 0xD3, 0xEA, 0xA1, 0x7D, 0x1F, 0xF2, 0x35, 0xAF, 0xAB, 0xED, 0xEC, 0x47, 0xFD, 0x71,
    0x72, 0x5B, 0xBE, 0x2B, 0x1C, 0xF0, 0xCB, 0x58, 0x59, 0x10, 0xD5, 0xCA, 0x3D, 0x5D, 0x96, 0x30,
    0xE0, 0x32, 0x2A, 0x83, 0xCD, 0xB2, 0x68, 0x5C, 0xC3, 0xE8, 0x6C, 0x26, 0xA2, 0xA5, 0x48, 0x45,
    0x67, 0xD1, 0x90, 0x51, 0x56, 0x71, 0xF9, 0x2E, 0xC7, 0x8B, 0xF7, 0xF4, 0x04, 0xD8, 0x8A, 0x75,
    0x44, 0xEB, 0x04, 0x73, 0x3D, 0x21, 0x2F, 0xC3, 0xDA, 0x82, 0xB7, 0x22, 0x96, 0x5E, 0xE6, 0x85,
    0xBF, 0xC2, 0x6A, 0x8D, 0xAA, 0xF8, 0x61, 0xE8, 0x8D, 0x3A, 0x47, 0x44, 0x8B, 0xDD, 0xCE, 0x89,
    0xCB, 0x5A, 0xAB, 0xE0, 0x3B, 0x2D, 0xD1, 0xB7, 0x15, 0x3B, 0x21, 0x36, 0xD5, 0x40, 0x48, 0x13,
    0x36, 0x0D, 0x80, 0xB2, 0x58, 0xC5, 0x4E, 0x50, 0xD6, 0xF6, 0xA2, 0x62, 0x3A, 0x1B, 0xF6, 0xBF,
    0xAF, 0x8F, 0x7D, 0xBB, 0xD8, 0x73, 0x23, 0xFF, 0x26, 0x1A, 0x32, 0xF5, 0x9B, 0x16, 0xCA, 0x61,
    0x19, 0x92, 0x28, 0x70, 0x7C, 0xEC, 0x3E, 0x5D, 0xBE, 0x73, 0x33, 0x99, 0x1B, 0xD2, 0xD6, 0xD9,
    0x91, 0x77, 0x0D, 0x9C, 0x6E, 0xFE, 0x33, 0x49, 0x6C, 0xE4, 0xB2, 0x47, 0x2F, 0xCD, 0x01, 0x06,
    0x11, 0xB0, 0x5D, 0x15, 0xE9, 0x21, 0x7C, 0xB0, 0xD5, 0x7A, 0x56, 0xBC, 0x8B, 0xBE, 0x01, 0xE0,
    0x54, 0x78, 0x48, 0xD5, 0x16, 0x78, 0x02, 0xF3, 0x57, 0x94, 0x5B, 0xBB, 0x10, 0x2C, 0xB0, 0x50,
    0x17, 0x9C, 0x49, 0xD4, 0xEC, 0x85, 0x57, 0xFD, 0x72, 0xC2, 0x22, 0x0B, 0x81, 0xF5, 0xCA, 0x97,
    0x54, 0x3D, 0x51, 0xF6, 0x2B, 0xCF, 0xAA, 0xCD, 0x44, 0x39, 0x4F, 0x3F, 0x1D, 0x24, 0x54, 0xD2,
    0x7E, 0x0A, 0xEE, 0xDA, 0xF3, 0xF6, 0x93, 0xEF, 0x45, 0xC9, 0x23, 0x65, 0xDB, 0x7F, 0x3A, 0x4C,
    0x4E, 0xD4, 0x6D, 0x62, 0xBC, 0x92, 0xD3, 0x74, 0xDD, 0xA2, 0x22, 0xD8, 0xF0, 0xFB, 0x18, 0x2D,
    0x99, 0xBA, 0xA6, 0x1E, 0x5D, 0x1B, 0x53, 0x96, 0x68, 0xDE, 0x68, 0x08, 0x6D, 0x35, 0xDC, 0xE0,
    0xCD, 0x15, 0x76, 0x7C, 0x04, 0x77, 0xC4, 0x77, 0x45, 0x67, 0x73, 0xDD, 0x45, 0xC8, 0x38, 0x73,
    0xD3, 0xAE, 0x30, 0xD5, 0xC8, 0xE2, 0x2B, 0x49, 0xC2, 0x90, 0x10, 0x01, 0x9E, 0xC6, 0x11, 0xF2,
    0x42, 0xD2, 0x81, 0x03, 0x59, 0xD4, 0x41, 0x4F, 0x1D, 0x4B, 0xAA, 0x3C, 0x63, 0xD6, 0xDC, 0xB0,
    0x2A, 0x5A, 0x74, 0x71, 0x1A, 0xEB, 0x9F, 0xE5, 0x9D, 0x65, 0x9F, 0x18, 0xEE, 0x02, 0xD7, 0x1C,
    0x88, 0x92, 0x59, 0x6F, 0x1F, 0x78, 0x20, 0xD3, 0x11, 0x08, 0x13, 0x69, 0x6C, 0x54, 0xEE, 0x8A,
    0xA5, 0x21, 0x11, 0x7D, 0xC0, 0x38, 0xEC, 0x2B, 0x02, 0xE3, 0x11, 0xB5, 0x6C, 0x17, 0x2A, 0x85,
    0x0B, 0x3C, 0x0A, 0x3F, 0xCA, 0xD8, 0x62, 0x9B, 0x2C, 0xD1, 0xE8, 0xF2, 0x61, 0xAE, 0xF9, 0x1F,
    0x89, 0x51, 0x4A, 0x66, 0xBB, 0xD9, 0xAE, 0x6F, 0x7C, 0x9C, 0x65, 0xDF, 0xC4, 0x8E, 0xB8, 0x3F,
    0x72, 0x7D, 0x9D, 0x6E, 0xF1, 0x42, 0x1F, 0x5B, 0x97, 0x64, 0xD9, 0x5F, 0x5B, 0xD7, 0x57, 0x90,
    0x6E, 0xC2, 0x7E, 0x9B, 0x2F, 0x77, 0x7E, 0x8F, 0x2E, 0x57, 0x27, 0xC4, 0x01, 0xEB, 0x8C, 0xC7,
    0x43, 0xB3, 0xBC, 0xC8, 0x1E, 0x35, 0xF0, 0x26, 0x35, 0xB2, 0x91, 0x36, 0xAF, 0x2B, 0x9C, 0x80,
    0x86, 0xB6, 0x0C, 0xE3, 0x71, 0x40, 0x28, 0xDB, 0x85, 0x61, 0x11, 0x56, 0xD7, 0x4F, 0x7A, 0xD0,
    0x75, 0x45, 0x37, 0xAA, 0x21, 0x95, 0x33, 0x89, 0x64, 0xAE, 0x80, 0xAB, 0x0D, 0x80, 0x88, 0xB3,
    0x4A, 0x8D, 0x18, 0xFB, 0xE2, 0xA4, 0x96, 0x86, 0x08, 0x40, 0x4B, 0x1F, 0x03, 0x72, 0x93, 0x66,
    0x58, 0xC5, 0x09, 0x8C, 0x84, 0x17, 0x07, 0x33, 0x3E, 0x4D, 0x44, 0xC2, 0xDE, 0x88, 0x66, 0x58,
    0x7C, 0x0D, 0x72, 0xC3, 0x82, 0x8E, 0xCE, 0x17, 0xD1, 0x92, 0x9F, 0x67, 0x4C, 0x02, 0x5C, 0x79,
    0xD6, 0x87, 0x45, 0x7A, 0xA2, 0x9C, 0x49, 0xC7, 0x60, 0x57, 0xBC, 0x7E, 0xB4, 0xAB, 0xC6, 0x1D,
    0x88, 0xF3, 0x48, 0xD1, 0x6B, 0x88, 0xE3, 0x75, 0x01, 0x38, 0xBD, 0x67, 0xC6, 0xDB, 0x68, 0x20,
    0x67, 0x42, 0x54, 0x67, 0x2E, 0x56, 0xC0, 0x0E, 0xEB, 0x12, 0xE2, 0xCA, 0xE0, 0xFA, 0x97, 0xC1,
    0xE8, 0x96, 0x98, 0x10, 0x10, 0x2B, 0xB8, 0x2A, 0xB9, 0x71, 0x8E, 0x14, 0xF9, 0xF9, 0x7B, 0x0D,
    0x94, 0x74, 0x6C, 0xA0, 0xEC, 0x8A, 0x5B, 0x1F, 0x62, 0x91, 0xCF, 0x28, 0x8E, 0x4C, 0x46, 0xC0,
    0xB3, 0x09, 0xED, 0x1A, 0x27, 0xFA, 0xDD, 0x59, 0x52, 0x1F, 0xCB, 0x0A, 0xF4, 0x11, 0xBD, 0xC9,
    0xEE, 0x6B, 0x2C, 0x3C, 0x26, 0x72, 0xBB, 0x11, 0x7C, 0x40, 0x8B, 0xE3, 0xCE, 0xB2, 0xF9, 0x43,
    0x5E, 0x07, 0xAD, 0x77, 0xD7, 0xA9, 0xE4, 0xEB, 0x16, 0xC7, 0x68, 0x2B, 0xDE, 0xB3, 0x19, 0xC9,
    0x96, 0x59, 0xDB, 0xE8, 0x81, 0xF5, 0x4C, 0xD4, 0xA2, 0xCD, 0xD9, 0x81, 0x4F, 0x63, 0x01, 0xD9,
    0x9F, 0xB6, 0x36, 0x2B, 0xE8, 0xCC, 0xB2, 0x44, 0x8B, 0x67, 0x13, 0x68, 0x14, 0xCE, 0x0F, 0xB4,
    0x6B, 0x62, 0xCA, 0xBB, 0xA6, 0x15, 0xF0, 0xFC, 0xCE, 0xF9, 0x9B, 0x74, 0xDF, 0x8F, 0xB5, 0x5A,
    0x9D, 0xDE, 0x60, 0x9D, 0xDE, 0x00, 0x59, 0x5E, 0xF9, 0x7C, 0x8E, 0x1F, 0x51, 0xB9, 0x9D, 0x9A,
    0x32, 0x3E, 0xD1, 0x82, 0xD6, 0x4F, 0x37, 0xE8, 0x55, 0x5F, 0x57, 0xD8, 0x2F, 0x0A, 0x8A, 0x47,
    0x2B, 0x9A, 0xA7, 0xD5, 0x20, 0xA2, 0xA6, 0x9F, 0x57, 0x1E, 0xF6, 0x85, 0x26, 0x74, 0x78, 0x6B,
    0xA5, 0x79, 0xE3, 0x5F, 0xB0, 0x5D, 0xA0, 0xD4, 0x85, 0x61, 0x73, 0x51, 0x75, 0x07, 0x48, 0xF1,
    0x71, 0x1A, 0x22, 0x5E, 0xAE, 0xDE, 0x57, 0xFB, 0x5E, 0x8B, 0x5B, 0xFC, 0x5E, 0xD3, 0x36, 0x56,
    0x92, 0x6E, 0x9F, 0xDA, 0xFF, 0xD2, 0x06, 0xF6, 0x1F, 0xCE, 0xB2, 0xDD, 0x25, 0x1E, 0x27, 0x5C,
    0xE9, 0x53, 0x54, 0x39, 0x6A, 0xCA, 0xA6, 0x38, 0x52, 0xBE, 0x68, 0xC4, 0x70, 0x67, 0xAF, 0x03,
    0xF4, 0x18, 0x32, 0x12, 0x04, 0xB4, 0xC1, 0x7D, 0x17, 0x17, 0x98, 0xEF, 0x4A, 0xCE, 0xCD, 0x77,
    0xE9, 0xDD, 0x5B, 0xA9, 0x05, 0x4F, 0xF1, 0x70, 0xD3, 0x06, 0x24, 0x9B, 0xEE, 0x93, 0xDF, 0x45,
    0x4E, 0x59, 0xCF, 0xFC, 0xCB, 0x56, 0xED, 0xFF, 0x69, 0xED, 0x7A, 0x42, 0xE3, 0x38, 0xAF, 0xF8,
    0xFC, 0xD1, 0x7A, 0x5C, 0x2F, 0xD6, 0xE8, 0x60, 0xB7, 0xAA, 0xFF, 0x6D, 0x0A, 0xBD, 0x34, 0xCD,
    0xEE, 0x5C, 0x5A, 0x50, 0x61, 0xFF, 0x4C, 0xDC, 0x83, 0x8E, 0xD5, 0xC1, 0x6B, 0x1F, 0x72, 0xF0,
    0xA5, 0xA7, 0x90, 0xD6, 0x2D, 0xB8, 0xC5, 0x29, 0xF2, 0x6A, 0x9C, 0x40, 0x0B, 0xE9, 0xA1, 0x0A,
    0x54, 0x14, 0x7A, 0x89, 0x0F, 0xBE, 0x78, 0x45, 0xBB, 0x17, 0x1D, 0xB6, 0x78, 0xED, 0x1D, 0x5B,
    0x04, 0x83, 0x0D, 0xF5, 0xD8, 0xC6, 0x04, 0xD2, 0x83, 0x57, 0x20, 0x53, 0xAA, 0x1C, 0x3C, 0x81,
    0x55, 0xB3, 0x56, 0xB4, 0x9A, 0xBE, 0xDF, 0x7B, 0xDF, 0xEC, 0xCC, 0xAC, 0x24, 0xC7, 0x29, 0x31,
    0x46, 0x3F, 0xB4, 0x3B, 0x33, 0x9A, 0x3F, 0xDF, 0xBC, 0xEF, 0x7D, 0xEF, 0xFD, 0xDE, 0xEF, 0xBD,
    0xB3, 0x52, 0x85, 0x3B, 0xF2, 0xDD, 0xFE, 0x09, 0x80, 0x23, 0x0A, 0x57, 0xB9, 0xD8, 0x00, 0xE9,
    0x01, 0xBB, 0xA3, 0x7A, 0x20, 0xFA, 0xAA, 0xB0, 0x08, 0x3B, 0x80, 0x5A, 0xF3, 0xA6, 0xF6, 0xE1,
    0x23, 0x6F, 0x48, 0xF3, 0xE9, 0xDA, 0xE3, 0x55, 0x7A, 0xFB, 0x08, 0x9E, 0xDE, 0x5F, 0x0D, 0x08,
    0xFE, 0x09, 0x71, 0xCA, 0xB5, 0xC7, 0x3E, 0xC8, 0xFC, 0x04, 0x88, 0x9E, 0x13, 0x38, 0x9F, 0x0C,
    0x09, 0xEE, 0x0F, 0xB5, 0x6E, 0x8F, 0xB6, 0x24, 0x67, 0x34, 0x58, 0x7B, 0xFC, 0x71, 0xFD, 0x72,
    0x9D, 0x3E, 0xBC, 0x83, 0x78, 0xFE, 0xDA, 0xE3, 0xDB, 0xB4, 0xFC, 0xE7, 0xFD, 0xE6, 0xB1, 0xDF,
    0x6D, 0x5A, 0xDB, 0x03, 0x60, 0x84, 0xD5, 0x87, 0xFF, 0x8D, 0x7C, 0x61, 0xC2, 0x81, 0x15, 0x18,
    0x9C, 0x31, 0x1F, 0xC4, 0xD1, 0xE5, 0x3D, 0xF3, 0x86, 0xE2, 0x25, 0x1C, 0x95, 0xE5, 0x2E, 0xAD,
    0x9B, 0xE7, 0x68, 0xCC, 0x95, 0xD0, 0x9A, 0x2C, 0x0B, 0xE8, 0xCB, 0xD4, 0x0C, 0x45, 0xA0, 0x34,
    0xD4, 0x33, 0x8A, 0x20, 0xE4, 0x97, 0x79, 0x34, 0xBE, 0xC8, 0x4B, 0xF3, 0xD1, 0x89, 0xB9, 0x87,
    0x08, 0x31, 0x39, 0xC2, 0x5C, 0x27, 0x14, 0x83, 0xFA, 0x4E, 0x41, 0xF6, 0x3B, 0x01, 0x53, 0xBE,
    0x33, 0x37, 0x96, 0xFD, 0x2D, 0xFA, 0x43, 0x3E, 0xA4, 0x4D, 0x43, 0xCB, 0x03, 0x97, 0x1E, 0x8A,
    0x94, 0xAB, 0xE8, 0x18, 0xA9, 0x99, 0x77, 0x09, 0xAA, 0x7A, 0xF4, 0xC0, 0x5D, 0x08, 0x4F, 0x68,
    0xD1, 0xCF, 0x38, 0x89, 0x15, 0xFF, 0xFB, 0xB9, 0x14, 0x11, 0xB4, 0x35, 0xC3, 0x65, 0xCB, 0x69,
    0xF9, 0x63, 0xB0, 0x8B, 0xAC, 0x3C, 0xA7, 0xF1, 0x9C, 0x1B, 0xA6, 0x41, 0xDF, 0xE2, 0xA4, 0x2C,
    0xBD, 0x13, 0x03, 0x82, 0x2F, 0x9E, 0xD4, 0x57, 0xE8, 0x43, 0xBC, 0xA2, 0x04, 0x28, 0x81, 0x22,
    0xB0, 0xE9, 0xDC, 0x08, 0x4A, 0xE6, 0x1D, 0x30, 0xC8, 0x26, 0x50, 0xF5, 0x2B, 0x0C, 0x1A, 0x1C,
    0x85, 0x46, 0x3E, 0xC0, 0x16, 0x65, 0x5B, 0x67, 0x9E, 0x61, 0x9E, 0x7B, 0x23, 0x68, 0x7D, 0xDB,
    0x25, 0xB0, 0x7A, 0xF9, 0x80, 0x3E, 0x74, 0x3C, 0x63, 0x40, 0x50, 0x84, 0x4C, 0xF1, 0xCB, 0x59,
    0x53, 0xDF, 0x1C, 0x6D, 0xFB, 0xD5, 0x61, 0x9F, 0x1E, 0x68, 0x71, 0x2A, 0xD9, 0xD7, 0x52, 0x42,
    0x72, 0x8A, 0x8C, 0x1B, 0x2B, 0x7F, 0xB9, 0x7B, 0x10, 0xA7, 0xB3, 0xF4, 0x8B, 0xCE, 0x1E, 0x52,
    0x60, 0x86, 0x74, 0xE3, 0x30, 0x9F, 0x73, 0x78, 0xDF, 0xBA, 0xC7, 0x31, 0x78, 0x55, 0x2D, 0x58,
    0x90, 0x73, 0xAA, 0x66, 0xA4, 0xCA, 0xFA, 0x0C, 0xA0, 0xF2, 0xB5, 0x45, 0xA0, 0xAA, 0x2D, 0xD9,
    0x68, 0x82, 0xA2, 0x81, 0xF4, 0xC5, 0xF5, 0x09, 0x53, 0x19, 0x2C, 0x1E, 0xAE, 0xAF, 0x8B, 0x15,
    0x5C, 0x10, 0x4B, 0x72, 0x54, 0xDA, 0x7D, 0x64, 0x95, 0x52, 0x99, 0x73, 0x11, 0x4A, 0x1F, 0xF2,
    0xFD, 0x40, 0x76, 0x8F, 0x01, 0xE1, 0x97, 0xEC, 0x26, 0xDA, 0x5E, 0x60, 0x04, 0x02, 0xBD, 0xBC,
    0xA8, 0x3F, 0xF3, 0x8D, 0x23, 0x07, 0xD6, 0x17, 0x1A, 0x22, 0x2E, 0x3D, 0xF2, 0x74, 0xC5, 0x57,
    0xFC, 0x36, 0xFD, 0x36, 0x27, 0x81, 0xB6, 0x20, 0x86, 0x0A, 0x7A, 0xEF, 0x06, 0xE9, 0xCC, 0xE1,
    0x57, 0x40, 0x45, 0x20, 0x7B, 0x94, 0xD4, 0x26, 0xC6, 0xE2, 0x4B, 0x16, 0x06, 0x13, 0x5A, 0x4A,
    0xE4, 0x29, 0x86, 0x82, 0x08, 0x8E, 0xD4, 0x34, 0x07, 0x8B, 0x33, 0xC5, 0xAF, 0x1C, 0xC8, 0x42,
    0xCC, 0xDD, 0x95, 0x45, 0xCA, 0x26, 0xEA, 0xF9, 0x7A, 0xC7, 0xD5, 0xF1, 0xD4, 0x98, 0x68, 0xCB,
    0x98, 0x0A, 0x55, 0x37, 0x69, 0x53, 0xEE, 0x09, 0x43, 0x61, 0x63, 0x79, 0xA3, 0xB9, 0x18, 0x3F,
    0xB2, 0xE8, 0xC9, 0x5B, 0xCF, 0xCE, 0x86, 0xD6, 0x97, 0x1E, 0x2C, 0xB9, 0x73, 0x5F, 0x20, 0xCF,
    0x70, 0x50, 0x40, 0xDB, 0x0F, 0xEE, 0x2C, 0xF7, 0x18, 0xE8, 0x1E, 0x1C, 0x70, 0x4D, 0xFF, 0x4C,
    0x56, 0x81, 0x7C, 0x34, 0xB0, 0xC7, 0x02, 0x54, 0xA2, 0xF1, 0x25, 0x30, 0x23, 0x5C, 0x38, 0x40,
    0x98, 0x82, 0x1C, 0x4D, 0xEC, 0x04, 0xB8, 0x26, 0x8F, 0xA0, 0xB9, 0xD5, 0x02, 0xC0, 0x58, 0xBC,
    0x0A, 0x54, 0x04, 0xCA, 0x0C, 0x9A, 0x82, 0x79, 0x81, 0x36, 0xBB, 0x63, 0x64, 0x32, 0x68, 0x7E,
    0x73, 0x0D, 0x72, 0xC9, 0xC2, 0x1D, 0x4D, 0xB9, 0x03, 0xB6, 0x24, 0xD8, 0x1C, 0x19, 0xBA, 0x27,
    0x93, 0x11, 0x3C, 0x35, 0xAA, 0x7F, 0x41, 0xFD, 0x18, 0xCA, 0x6A, 0xBB, 0xEB, 0x9A, 0x34, 0xC4,
    0x7D, 0xC8, 0xBE, 0xB4, 0x25, 0xD9, 0x26, 0x69, 0xF8, 0x79, 0x3C, 0x5A, 0xEC, 0xD2, 0x6D, 0x89,
    0x3E, 0xF3, 0x2D, 0x3A, 0xF4, 0x3A, 0xBD, 0x6B, 0xBF, 0x88, 0x57, 0x97, 0x63, 0xF9, 0x6C, 0xBD,
    0x3F, 0x21, 0xAC, 0xF4, 0x53, 0x22, 0x06, 0xC7, 0xE0, 0x2C, 0x5D, 0x48, 0x16, 0x0C, 0x66, 0xC4,
    0xCC, 0xF6, 0xC2, 0x73, 0xED, 0x14, 0xA2, 0x37, 0x05, 0x86, 0x1F, 0x09, 0x68, 0xBB, 0x20, 0x77,
    0x81, 0x01, 0x34, 0xA1, 0x43, 0xDA, 0x29, 0xD6, 0x99, 0x8B, 0xEB, 0xF1, 0x54, 0x0A, 0x60, 0x91,
    0x5F, 0x1A, 0x5D, 0x7C, 0x28, 0x3D, 0xC4, 0x5B, 0xDE, 0x81, 0x24, 0x31, 0xDD, 0x73, 0x82, 0xF8,
    0x04, 0x7D, 0x05, 0xA2, 0x8E, 0x37, 0x82, 0x1A, 0xB7, 0xC5, 0xBC, 0x54, 0x6D, 0x36, 0x5B, 0xB3,
    0xFE, 0x14, 0x18, 0x0F, 0x6F, 0x32, 0x4F, 0x9A, 0x3B, 0x7C, 0xD4, 0xEB, 0xE7, 0x5D, 0x09, 0x63,
    0xBB, 0x29, 0xCE, 0x61, 0x28, 0x35, 0x6C, 0xF0, 0x3E, 0xE3, 0x18, 0xEC, 0x06, 0xF9, 0x11, 0xBC,
    0x4E, 0xC1, 0xE2, 0x77, 0x5F, 0x58, 0x60, 0x85, 0xFE, 0xB0, 0xD6, 0x4F, 0x19, 0x92, 0xB9, 0x3D,
    0x64, 0x2F, 0x75, 0x3E, 0x28, 0xC3, 0x20, 0x2B, 0x82, 0x59, 0x63, 0x62, 0x83, 0x4F, 0x50, 0x25,
    0xB7, 0x75, 0xE6, 0xD2, 0x0C, 0xA2, 0x89, 0xBB, 0x00, 0x9B, 0x10, 0x90, 0x11, 0xF3, 0x08, 0xB0,
    0xDF, 0x08, 0x7E, 0x82, 0x67, 0x94, 0x40, 0xCF, 0xD6, 0x56, 0x62, 0xF8, 0xDD, 0x0B, 0x9A, 0x34,
    0x57, 0x66, 0xDE, 0xFD, 0x1C, 0xDF, 0x4D, 0x5D, 0xD2, 0xB7, 0x5A, 0xCD, 0x3E, 0x9D, 0x04, 0xBE,
    0x4B, 0x60, 0xF3, 0x7C, 0xBD, 0x2F, 0x67, 0x06, 0xD8, 0xAC, 0xD3, 0x6F, 0x53, 0xEA, 0x65, 0x3E,
    0xA2, 0xC2, 0x86, 0x97, 0xD8, 0x8C, 0xC5, 0xBA, 0xF4, 0x09, 0xB3, 0xBA, 0xA3, 0x6C, 0xFF, 0xF7,
    0xD1, 0xCD, 0x51, 0x25, 0x07, 0x5C, 0x49, 0xAF, 0xB4, 0x3C, 0xD5, 0x90, 0xDE, 0x4B, 0x7E, 0xAF,
    0x29, 0xA9, 0xCE, 0xF8, 0xF3, 0x0A, 0x37, 0x97, 0x48, 0x3E, 0x8F, 0xC5, 0xEE, 0x54, 0x68, 0x63,
    0x24, 0xBD, 0xB2, 0xBC, 0xD5, 0x5D, 0x46, 0xE9, 0xAE, 0xED, 0x97, 0x38, 0xF7, 0xB4, 0xB0, 0xD4,
    0x00, 0x65, 0xC4, 0x52, 0x93, 0x93, 0xF3, 0xB4, 0xFE, 0xCB, 0x7A, 0xA3, 0xAB, 0x1D, 0xB6, 0xC9,
    0x57, 0x29, 0x1E, 0xC4, 0x12, 0xB4, 0x24, 0x21, 0x64, 0xAD, 0x94, 0xBB, 0x2C, 0x08, 0xAD, 0x71,
    0xBA, 0x98, 0x52, 0x5A, 0x4F, 0x52, 0x79, 0x02, 0x49, 0x11, 0xD3, 0x8E, 0xF8, 0x05, 0x3C, 0x0D,
    0x5E, 0x24, 0x98, 0x11, 0x3A, 0x66, 0x47, 0xFA, 0x11, 0x71, 0xC7, 0x2C, 0x66, 0x65, 0xDA, 0x8A,
    0x95, 0xE9, 0xB6, 0x61, 0xDF, 0xA0, 0x8C, 0xE1, 0x8A, 0x25, 0xDB, 0x7F, 0xFA, 0xFC, 0x66, 0x66,
    0xE6, 0xB4, 0x90, 0x40, 0xB6, 0x1E, 0xA8, 0x90, 0x2A, 0xAD, 0x08, 0xE4, 0xCF, 0x07, 0xD2, 0x89,
    0x39, 0x0E, 0x15, 0xE7, 0x25, 0x34, 0xE6, 0x48, 0x17, 0xB0, 0xC6, 0x51, 0x70, 0x99, 0xDC, 0xE9,
    0x9A, 0x38, 0x19, 0x35, 0x90, 0xA8, 0xBC, 0x38, 0x8C, 0xFC, 0x12, 0xA8, 0x37, 0xEA, 0x17, 0x96,
    0xEA, 0x67, 0x12, 0xDA, 0x5A, 0x4B, 0x68, 0x6B, 0x7B, 0x75, 0xF8, 0xDB, 0x1B, 0x62, 0x9F, 0x19,
    0x4F, 0x42, 0x09, 0x27, 0xAB, 0x1E, 0xF4, 0x71, 0x13, 0xD6, 0x50, 0x5C, 0x89, 0x3E, 0x86, 0x41,
    0xAE, 0xFE, 0xAC, 0x7E, 0xAB, 0x3E, 0x27, 0x43, 0x21, 0x3C, 0x86, 0xFE, 0x3E, 0x34, 0x89, 0x4B,
    0x9F, 0xD6, 0x57, 0x80, 0xB1, 0xE7, 0x20, 0x5D, 0x46, 0x63, 0x49, 0x7D, 0x4B, 0x40, 0x42, 0x6F,
    0x71, 0xCB, 0xC3, 0x05, 0x01, 0x89, 0x79, 0x82, 0xD8, 0x57, 0x10, 0x46, 0x52, 0x41, 0xB2, 0x4A,
    0x2A, 0x18, 0x97, 0xDB, 0x8F, 0x2D, 0xCE, 0x04, 0x8D, 0x54, 0xC4, 0x72, 0x47, 0xEA, 0x60, 0x77,
    0x3F, 0x4D, 0x75, 0x07, 0xE3, 0x33, 0x53, 0x8A, 0xFC, 0x96, 0x0A, 0xA9, 0xAA, 0x02, 0x41, 0x54,
    0x2D, 0xAA, 0xE6, 0x00, 0x9E, 0x99, 0x15, 0xBA, 0xCD, 0xC0, 0x31, 0x29, 0xA5, 0x49, 0x9A, 0x44,
    0xED, 0xC1, 0x12, 0x79, 0x59, 0xEF, 0x1F, 0x96, 0x9A, 0x8F, 0x61, 0x2A, 0xA7, 0x07, 0xD3, 0xBA,
    0xDB, 0xB6, 0x75, 0x70, 0x59, 0xDB, 0x93, 0x7A, 0x30, 0x43, 0x50, 0xD4, 0x03, 0xF2, 0x84, 0xDB,
    0x65, 0x3D, 0x80, 0x14, 0xC5, 0xC5, 0xEF, 0x3D, 0x0C, 0xFE, 0xE2, 0xB5, 0xC3, 0xDF, 0x3C, 0xBE,
    0xFD, 0x89, 0xF7, 0x8F, 0xE0, 0xF3, 0x7F, 0x9D, 0xBB, 0xEB, 0xDD, 0x88, 0x1E, 0x3E, 0x8F, 0x66,
    0xBD, 0x1B, 0x5F, 0xDE, 0xFE, 0xF4, 0x3C, 0x6D, 0x62, 0x5E, 0x09, 0x4E, 0x42, 0x6E, 0x42, 0x0F,
    0xAA, 0xB3, 0x5E, 0xFB, 0xF0, 0x5A, 0xF0, 0xDB, 0xBB, 0xB4, 0xFB, 0xAF, 0x83, 0x1E, 0xC1, 0xAF,
    0x7E, 0xFC, 0xC8, 0xFF, 0xB7, 0xD7, 0x5E, 0x7B, 0xF7, 0x93, 0xBF, 0x7E, 0x41, 0xFB, 0xED, 0x3C,
    0x8F, 0x6E, 0x78, 0x37, 0xD6, 0x27, 0x3F, 0x75, 0x6B, 0x10, 0xA6, 0x08, 0xB4, 0xEF, 0x78, 0xA2,
    0x01, 0x33, 0xA6, 0x48, 0x21, 0xE3, 0x3E, 0x03, 0xE9, 0x49, 0xA3, 0x92, 0x89, 0x8B, 0xAA, 0x37,
    0x82, 0xDF, 0x80, 0x6C, 0x7B, 0x85, 0x8C, 0x87, 0xF2, 0x7F, 0x43, 0xC6, 0x7D, 0x88, 0xFD, 0x1C,
    0x7F, 0x2F, 0x87, 0x38, 0x23, 0xD7, 0xD6, 0xC9, 0xCC, 0x0B, 0x53, 0xE3, 0x84, 0x2E, 0x3B, 0xD1,
    0x00, 0xA5, 0xD1, 0x43, 0xEE, 0xCF, 0x75, 0xE9, 0x1E, 0x12, 0xE9, 0xBC, 0x2E, 0xBE, 0x4E, 0x4B,
    0xD6, 0x6F, 0x49, 0x74, 0xA5, 0x20, 0x80, 0xC3, 0xEA, 0x6B, 0x3C, 0x88, 0x62, 0xE8, 0x71, 0xDC,
    0x84, 0x56, 0xBC, 0xC8, 0x46, 0x63, 0x3D, 0x56, 0x64, 0x09, 0x52, 0x97, 0xA1, 0xD6, 0xBC, 0xD5,
    0x5C, 0x34, 0x02, 0x4E, 0x84, 0x9B, 0xC1, 0x0F, 0x10, 0xB3, 0xC7, 0x15, 0x15, 0xE5, 0x52, 0x14,
    0x20, 0x50, 0xB5, 0xCA, 0x7F, 0x36, 0xFF, 0x3E, 0xDB, 0x60, 0x9C, 0x56, 0x51, 0x2E, 0xA5, 0x28,
    0x97, 0x42, 0xF0, 0x46, 0xE2, 0x2B, 0x4D, 0x8C, 0x4A, 0x87, 0x77, 0x3D, 0x07, 0xEC, 0x7A, 0xA0,
    0x09, 0xFB, 0x72, 0x4D, 0x0C, 0x76, 0xDF, 0x7A, 0xC2, 0xCB, 0xC7, 0xE4, 0x41, 0x4E, 0xD0, 0xD5,
    0x5B, 0xB0, 0x3E, 0x96, 0x6F, 0xBD, 0x47, 0x36, 0x9E, 0x5C, 0xE2, 0xF7, 0x7D, 0xB4, 0xB6, 0xB3,
    0xDE, 0xA3, 0x39, 0x8A, 0xD6, 0x54, 0x57, 0x42, 0xF4, 0x9B, 0xC9, 0x7B, 0xFD, 0xBC, 0x87, 0x40,
    0x30, 0x99, 0x5D, 0xB0, 0x46, 0xE6, 0xB9, 0xE5, 0xBD, 0x5B, 0x31, 0x03, 0x58, 0x8C, 0x92, 0xF1,
    0x08, 0xF1, 0x38, 0xE9, 0x1F, 0x42, 0x87, 0xB4, 0xE4, 0xB5, 0xB6, 0xE5, 0xBD, 0x2D, 0xC9, 0x69,
    0xA1, 0x6A, 0x8B, 0xDF, 0x92, 0xED, 0x8E, 0xC0, 0xCA, 0x78, 0x14, 0x42, 0xCF, 0x14, 0x18, 0x5A,
    0xEA, 0x39, 0x6C, 0x25, 0xCF, 0x61, 0x93, 0x57, 0x13, 0xA3, 0xE2, 0x5F, 0x56, 0x9C, 0xD5, 0x7B,
    0x3F, 0x94, 0xC2, 0xE0, 0x5A, 0xB4, 0x83, 0x32, 0xF6, 0x32, 0xD3, 0x1C, 0x12, 0x38, 0x85, 0x3B,
    0x5F, 0x16, 0xFE, 0x46, 0x85, 0x0C, 0xEF, 0x9C, 0x34, 0x2C, 0xDF, 0x36, 0x82, 0x2A, 0x66, 0x54,
    0x16, 0x9B, 0xF4, 0x98, 0xFD, 0xCC, 0x79, 0x2D, 0xCE, 0x27, 0xA2, 0xC3, 0xDD, 0x2A, 0xF2, 0x48,
    0x65, 0x63, 0x2D, 0x3C, 0x9C, 0xF7, 0xCA, 0x13, 0x61, 0xDF, 0xB6, 0xDD, 0xCA, 0xCD, 0xF6, 0xFC,
    0x64, 0x41, 0xEB, 0x0E, 0xCA, 0xB5, 0x53, 0x55, 0x6D, 0xC7, 0x2D, 0xDA, 0xDB, 0x6F, 0x90, 0xBB,
    0x34, 0x6D, 0xA4, 0x78, 0x44, 0xBB, 0x9F, 0x83, 0xC1, 0x86, 0x5A, 0x3D, 0x80, 0x81, 0x3C, 0x80,
    0x33, 0x56, 0xA6, 0x21, 0x9A, 0x3C, 0x70, 0x2F, 0x06, 0x9F, 0xB5, 0xA2, 0x62, 0xB8, 0x47, 0xBB,
    0xB7, 0xD6, 0xAD, 0xA7, 0x7C, 0xCF, 0xAC, 0x8F, 0xEB, 0xE7, 0x97, 0xDE, 0xFA, 0xB3, 0xE5, 0xF1,
    0x77, 0x79, 0x05, 0xBF, 0xA7, 0x2B, 0x69, 0x79, 0xF9, 0x59, 0xDE, 0x9D, 0x0E, 0xE8, 0x70, 0xDD,
    0x02, 0x73, 0x4F, 0x91, 0xEC, 0x1A, 0x70, 0x21, 0x54, 0xBF, 0xCA, 0xC9, 0x8E, 0xA0, 0xE0, 0x6B,
    0x65, 0xBD, 0xEB, 0x5A, 0x2F, 0xB4, 0x8E, 0xC3, 0x6C, 0xF2, 0x15, 0x94, 0x24, 0xE4, 0xC3, 0x5D,
    0xC9, 0xE2, 0xD4, 0x35, 0xA8, 0x41, 0x14, 0xF7, 0xA5, 0xD9, 0x60, 0xE2, 0x11, 0xD9, 0xCD, 0x43,
    0x2C, 0x4B, 0xDB, 0xB1, 0xDF, 0x44, 0x17, 0x9C, 0x81, 0xAD, 0xC1, 0x98, 0x86, 0x10, 0x40, 0xCD,
    0x9F, 0xEE, 0x95, 0xE8, 0x8F, 0xE6, 0x67, 0xB7, 0xBA, 0xCD, 0xBF, 0x5F, 0x95, 0x33, 0x0B, 0xF3,
    0xA7, 0xB9, 0xA0, 0x38, 0xEF, 0xF2, 0xF2, 0x13, 0x09, 0x04, 0x06, 0x93, 0x4B, 0xC6, 0xE0, 0x52,
    0x00, 0xEC, 0x80, 0x13, 0xAB, 0x4E, 0xC8, 0x7D, 0x84, 0x3A, 0x97, 0x69, 0x76, 0x2A, 0x19, 0x61,
    0xA1, 0xE5, 0x92, 0x23, 0x11, 0x58, 0x58, 0xBB, 0x2C, 0xB8, 0x50, 0x34, 0x9E, 0x9F, 0xD7, 0xBA,
    0x1F, 0xBD, 0xD0, 0xDA, 0x53, 0xCE, 0x40, 0x8F, 0xC2, 0x8B, 0xC8, 0x72, 0xA4, 0x9B, 0x11, 0x4C,
    0x67, 0xDE, 0xFC, 0xC2, 0xFE, 0xCF, 0x21, 0xEF, 0xB2, 0xE2, 0x15, 0x93, 0x01, 0x2C, 0xDF, 0xF6,
    0x00, 0x4F, 0xE5, 0x5D, 0xB9, 0xD7, 0xA2, 0xD1, 0x77, 0x75, 0xF4, 0x5D, 0x0C, 0x4B, 0x67, 0x7B,
    0x12, 0xD2, 0x20, 0xF0, 0x72, 0x60, 0x3D, 0xC5, 0x8D, 0x7A, 0x3E, 0x80, 0x99, 0x90, 0x54, 0x7E,
    0x24, 0xA9, 0x72, 0x54, 0xEC, 0x17, 0x5C, 0x03, 0x19, 0x28, 0xC4, 0x1E, 0x30, 0x1A, 0x87, 0x5D,
    0xBE, 0xB5, 0x35, 0x2E, 0x19, 0x3C, 0x8E, 0xD2, 0xEC, 0x76, 0x2D, 0x0A, 0x8E, 0x47, 0x83, 0x8B,
    0xB5, 0x6B, 0x5C, 0xB8, 0x31, 0x4E, 0xD2, 0x64, 0xCE, 0xF2, 0xB2, 0xCB, 0x2D, 0xCB, 0xA2, 0x3F,
    0xB2, 0x06, 0xC6, 0xF9, 0x03, 0xCB, 0xB4, 0xDC, 0xE1, 0xF0, 0x90, 0xC5, 0x29, 0x21, 0x00, 0x14,
    0x59, 0xC9, 0x04, 0x21, 0x0A, 0xD7, 0x5A, 0xE7, 0xF5, 0x8A, 0xE5, 0xE5, 0x9F, 0x30, 0x38, 0xB2,
    0x5F, 0xA9, 0xF5, 0x01, 0x2B, 0x69, 0xE4, 0xF9, 0x60, 0x9C, 0x35, 0xD6, 0xB4, 0x13, 0x36, 0x33,
    0xCE, 0x4E, 0x16, 0x0E, 0x21, 0x7A, 0x67, 0x97, 0xF8, 0xC3, 0xFC, 0xBC, 0x10, 0x09, 0xA1, 0x6C,
    0x10, 0xF5, 0x8D, 0x3E, 0x22, 0x7B, 0x57, 0x75, 0xE9, 0x9B, 0x86, 0xAA, 0x23, 0x6C, 0xF2, 0xA0,
    0x0F, 0x92, 0x4A, 0xE1, 0x74, 0xF4, 0x1F, 0xBA, 0x91, 0x0D, 0x76, 0x19, 0x07, 0x33, 0xBC, 0x86,
    0xBE, 0x9A, 0xCA, 0x7C, 0xEB, 0x92, 0x96, 0x11, 0xA7, 0xED, 0xAB, 0xC1, 0x83, 0x3B, 0x32, 0xE6,
    0x3A, 0xA0, 0x51, 0x7C, 0xF0, 0xB5, 0x8E, 0xF2, 0x0A, 0xB0, 0xD1, 0x5C, 0x0E, 0x64, 0x61, 0x9C,
    0xFA, 0x2D, 0xB3, 0x89, 0x38, 0x1A, 0xE2, 0xA9, 0x2E, 0x2A, 0x2F, 0x28, 0x77, 0x76, 0x93, 0x9C,
    0xB0, 0x39, 0x18, 0x1F, 0x5B, 0x6C, 0xD0, 0x2B, 0x02, 0x92, 0x8F, 0xEE, 0xF8, 0x85, 0x19, 0xF2,
    0x9D, 0x72, 0x39, 0x4C, 0xF1, 0x12, 0x2D, 0x01, 0xD5, 0x0F, 0xDD, 0x16, 0x9F, 0xB1, 0x36, 0x6A,
    0x8B, 0x6E, 0x0B, 0xE5, 0xDF, 0x96, 0x57, 0xD6, 0xE6, 0xAA, 0x90, 0xD8, 0xD2, 0xDA, 0xD9, 0x4A,
    0x6D, 0x6D, 0xC4, 0x86, 0x90, 0x5A, 0x5E, 0x9E, 0x3E, 0xCB, 0xE3, 0xA0, 0x36, 0x51, 0xC0, 0x33,
    0xAC, 0x2B, 0x10, 0x0A, 0x6F, 0x22, 0x34, 0x10, 0xC5, 0x6E, 0x05, 0x71, 0x0E, 0x44, 0x97, 0x00,
    0xE4, 0x01, 0x8F, 0x79, 0x13, 0x56, 0xFA, 0xAC, 0xDF, 0xA6, 0x59, 0xB3, 0x15, 0x17, 0x46, 0x0D,
    0x40, 0x57, 0x44, 0x13, 0x48, 0xC5, 0x37, 0x50, 0xD7, 0xD0, 0x91, 0xC6, 0xEA, 0x7D, 0x06, 0x65,
    0xA9, 0x52, 0x27, 0xBF, 0x17, 0xA5, 0xB4, 0x93, 0xA8, 0x11, 0x8C, 0xB8, 0x8F, 0x5D, 0xE1, 0x3E,
    0x36, 0x98, 0xA0, 0x43, 0x77, 0xA4, 0x21, 0xA5, 0xB5, 0x58, 0xA0, 0xA3, 0x33, 0x36, 0x8A, 0x48,
    0xDF, 0x5E, 0x26, 0x8B, 0x22, 0x9E, 0x87, 0xAB, 0x6F, 0x2C, 0xB9, 0x4A, 0x4B, 0x3D, 0xA7, 0x6B,
    0x23, 0x6F, 0x34, 0x0D, 0x7B, 0x3B, 0xAC, 0x59, 0x4F, 0x55, 0xF5, 0x24, 0x96, 0xF6, 0xF4, 0x96,
    0xF4, 0x1F, 0x59, 0x10, 0x17, 0xB5, 0x9A, 0xF8, 0x1B, 0xB9, 0xF4, 0x45, 0x18, 0xE1, 0x8A, 0x5C,
    0xCB, 0x2D, 0x01, 0xCE, 0x9D, 0xE9, 0xA1, 0xAA, 0x36, 0xD0, 0x77, 0xAF, 0x57, 0xF4, 0x6C, 0x6C,
    0x2C, 0x29, 0x03, 0xA4, 0xA1, 0x78, 0x6D, 0xC0, 0x6B, 0xB3, 0x01, 0x39, 0x92, 0x87, 0x96, 0x37,
    0xAE, 0x75, 0xB4, 0x51, 0xD3, 0xA7, 0x44, 0xC4, 0xB6, 0x22, 0x50, 0x4A, 0xBC, 0x6D, 0x6E, 0xEB,
    0x35, 0x43, 0x30, 0x6D, 0x7B, 0xF4, 0xC4, 0x3F, 0x1B, 0xD2, 0xCC, 0xA6, 0x5F, 0x88, 0xD6, 0xCD,
    0x1E, 0xCD, 0xC8, 0xEB, 0x74, 0xF7, 0x2E, 0x71, 0x23, 0x94, 0x6E, 0x9F, 0x7D, 0x22, 0xA7, 0x97,
    0x49, 0xEE, 0x71, 0xF9, 0x46, 0x99, 0x55, 0x92, 0xCA, 0x0E, 0xFF, 0x8C, 0xB9, 0xF3, 0xE3, 0x3F,
    0x0F, 0x20, 0x79, 0x50, 0xB6, 0x79, 0x1B, 0x1B, 0x63, 0xA4, 0x2C, 0x59, 0x69, 0x8E, 0x2F, 0x94,
    0x99, 0x18, 0x56, 0xE6, 0x49, 0x45, 0x1D, 0x6D, 0x21, 0x73, 0x34, 0x26, 0x63, 0xA9, 0x9F, 0x12,
    0x29, 0x53, 0x3F, 0x7D, 0xA5, 0x6D, 0x54, 0x56, 0x0C, 0xFE, 0x85, 0x08, 0x21, 0x05, 0x10, 0x6C,
    0xCA, 0x99, 0x92, 0x64, 0x76, 0xED, 0x6C, 0x77, 0x21, 0xF2, 0x41, 0x04, 0x20, 0x60, 0x25, 0x6E,
    0x64, 0xA5, 0xE6, 0x39, 0x55, 0x05, 0x32, 0xA1, 0x79, 0xBB, 0x7E, 0x76, 0x93, 0x86, 0xC7, 0x2A,
    0x57, 0xC1, 0xB7, 0x56, 0x9F, 0x35, 0xCE, 0x86, 0xB5, 0x68, 0xD5, 0xAF, 0xE8, 0x61, 0xA5, 0xFE,
    0x53, 0x80, 0xBC, 0x11, 0x29, 0x50, 0x1F, 0x02, 0x68, 0xCB, 0x27, 0xB2, 0x83, 0x74, 0x5F, 0xB8,
    0x03, 0x87, 0x4E, 0xDC, 0x27, 0x6D, 0x04, 0x2D, 0x89, 0x61, 0x5C, 0x10, 0x18, 0xB5, 0x2D, 0xAD,
    0xC8, 0x10, 0xAF, 0x08, 0xB9, 0x06, 0xE5, 0xE8, 0x49, 0x6C, 0x36, 0xA5, 0xB0, 0x47, 0x53, 0x89,
    0xCB, 0x1E, 0x09, 0x4D, 0xD7, 0x79, 0x8F, 0x26, 0x3E, 0x37, 0x95, 0x76, 0xEF, 0x21, 0xED, 0x6E,
    0x84, 0x79, 0x74, 0x48, 0x0C, 0xE3, 0xB4, 0xFB, 0x84, 0xF2, 0x59, 0x6B, 0x49, 0xC5, 0x6E, 0x3F,
    0x35, 0x70, 0x32, 0x3F, 0xD9, 0x98, 0xF5, 0x79, 0xD5, 0xDD, 0x87, 0x90, 0x4A, 0x7D, 0xDF, 0x2D,
    0xBB, 0x42, 0x27, 0x1D, 0x3F, 0xDA, 0x5C, 0xD6, 0x5C, 0xA4, 0xDD, 0xEA, 0xA4, 0xBC, 0x52, 0x0D,
    0xE4, 0x54, 0xF8, 0x7A, 0x54, 0xBF, 0xCB, 0xA9, 0xEE, 0x17, 0x73, 0x63, 0x9C, 0x7A, 0x14, 0x3A,
    0x1C, 0x84, 0x6C, 0xC4, 0x4D, 0x18, 0x89, 0x1D, 0xAD, 0x8B, 0x4E, 0x44, 0x05, 0xBF, 0xFB, 0x07,
    0xD6, 0xFF, 0xED, 0xF2, 0xEA, 0x63, 0xF6, 0xC5, 0x50, 0xA4, 0xEB, 0x1B, 0x4C, 0xDF, 0x6D, 0x93,
    0x1B, 0x63, 0x44, 0xE4, 0x8E, 0xF6, 0xA1, 0xB8, 0xD3, 0xD6, 0x22, 0xAF, 0x80, 0xFC, 0x03, 0x7A,
    0x6B, 0xD7, 0x25, 0xDD, 0xA9, 0x88, 0xF6, 0x47, 0xC7, 0xBD, 0x4C, 0xD3, 0x7B, 0x9D, 0x67, 0x69,
    0x44, 0xB0, 0x76, 0xE8, 0x85, 0x3E, 0xBA, 0x79, 0xEE, 0x09, 0xD6, 0x9C, 0x21, 0x1A, 0x7E, 0x30,
    0x80, 0x30, 0x41, 0x30, 0x94, 0xD0, 0xE8, 0x6B, 0x71, 0x84, 0x94, 0x7B, 0x1E, 0x33, 0xAD, 0x8D,
    0x1B, 0x27, 0xF1, 0x24, 0x5F, 0xE3, 0xAB, 0xD4, 0x65, 0x77, 0x34, 0x27, 0x27, 0x60, 0x61, 0x5E,
    0xD3, 0x9F, 0xC1, 0xC0, 0xC6, 0x7E, 0x9C, 0x00, 0xA3, 0x8B, 0x47, 0xB6, 0x85, 0x76, 0x37, 0x01,
    0xB6, 0x6F, 0x21, 0xCE, 0x5A, 0x93, 0x40, 0x29, 0x1C, 0x1E, 0xDA, 0x1D, 0x3A, 0x53, 0xA6, 0xBF,
    0xE0, 0xD1, 0xDD, 0x30, 0x57, 0x87, 0x88, 0x83, 0x98, 0x77, 0x7A, 0x49, 0xE8, 0x5F, 0xD7, 0x62,
    0x35, 0xBF, 0x41, 0x32, 0xA4, 0xAA, 0xE2, 0xA0, 0x6D, 0xF3, 0xE0, 0xC2, 0xF9, 0x83, 0x8D, 0xC3,
    0x71, 0x95, 0xED, 0x49, 0xFD, 0xA3, 0xD8, 0xA6, 0x3B, 0x32, 0xB2, 0xB2, 0x5D, 0xD5, 0x0B, 0x22,
    0x35, 0x00, 0x43, 0x26, 0xE0, 0x0C, 0x59, 0x74, 0xA8, 0xC6, 0x62, 0xF7, 0xE1, 0xC1, 0x8A, 0xC1,
    0xA3, 0xBC, 0x22, 0x3B, 0x7C, 0x0D, 0x38, 0xC6, 0x2A, 0xF7, 0x15, 0x11, 0x65, 0xAB, 0x08, 0xBB,
    0xE1, 0xC8, 0xC8, 0xC5, 0xCF, 0x69, 0x89, 0x55, 0x8D, 0xCD, 0xAA, 0xE2, 0xDE, 0xD0, 0x75, 0x18,
    0xB4, 0xEF, 0x35, 0xBA, 0x10, 0x66, 0xE9, 0x83, 0x67, 0xC0, 0x32, 0x48, 0x93, 0xBA, 0x18, 0xE3,
    0xD8, 0x28, 0xC7, 0x17, 0xA3, 0x39, 0x05, 0xE1, 0x40, 0x34, 0x04, 0xF5, 0xA1, 0xBC, 0x65, 0x96,
    0x42, 0xE7, 0x6F, 0x82, 0x55, 0xD4, 0x3D, 0x75, 0x9B, 0xDA, 0x74, 0x51, 0xC9, 0x6E, 0x14, 0x21,
    0x59, 0x70, 0x06, 0x6B, 0xA8, 0xD7, 0x78, 0xE2, 0x29, 0x22, 0x9E, 0xC6, 0x58, 0x53, 0x68, 0xBB,
    0x82, 0x96, 0x2F, 0x68, 0x7A, 0xB6, 0x5A, 0x73, 0x29, 0x2C, 0x44, 0x82, 0xF6, 0x70, 0x5C, 0x0F,
    0x39, 0xAD, 0x1E, 0x72, 0x45, 0x1C, 0x8C, 0x1A, 0xAD, 0x21, 0xE1, 0x61, 0x6C, 0xEB, 0xAC, 0xB6,
    0x64, 0x85, 0x82, 0x05, 0x5F, 0x70, 0x52, 0xFF, 0x50, 0xB6, 0x33, 0x1F, 0x0A, 0xD2, 0xB2, 0x8B,
    0xE7, 0x62, 0x47, 0xBE, 0xD7, 0x1A, 0x82, 0xFA, 0x90, 0xD6, 0x40, 0xE7, 0x68, 0xFF, 0x21, 0x13,
    0xDF, 0x35, 0xE7, 0xA6, 0xBE, 0x05, 0x13, 0x54, 0x2D, 0xB2, 0xDE, 0x05, 0x5D, 0x1F, 0x58, 0xCD,
    0x34, 0xDF, 0x10, 0x16, 0x30, 0xC5, 0x16, 0xA1, 0x1E, 0xE3, 0x33, 0x72, 0x99, 0x30, 0x21, 0x97,
    0x11, 0x41, 0x34, 0x70, 0xA0, 0xB0, 0x21, 0xF8, 0x0E, 0x96, 0x01, 0x45, 0x23, 0xDA, 0x46, 0x9D,
    0x7E, 0xD1, 0x8C, 0x16, 0x51, 0x7D, 0x53, 0x34, 0xD7, 0x79, 0xB1, 0x79, 0x24, 0xBB, 0x3A, 0x90,
    0x5C, 0x7C, 0xDC, 0xC1, 0xA0, 0xA6, 0x63, 0x29, 0xAB, 0x6D, 0xF3, 0xB0, 0xA1, 0x4B, 0xAB, 0x93,
    0x8D, 0x04, 0x9B, 0xB3, 0xA2, 0x85, 0x78, 0x70, 0x28, 0x4D, 0x33, 0x9F, 0x8A, 0x4F, 0xFC, 0x27,
    0x06, 0x47, 0x5A, 0x7A, 0x5D, 0x66, 0xD0, 0x87, 0x78, 0xE6, 0xA1, 0x35, 0xE4, 0xDD, 0xF1, 0xC4,
    0x2A, 0x78, 0x60, 0x0C, 0x74, 0x3D, 0x7C, 0xE8, 0xA2, 0xE8, 0x22, 0xC6, 0xBF, 0x89, 0xE1, 0x8C,
    0xC1, 0xE1, 0x48, 0x65, 0x0C, 0xD9, 0xEF, 0x32, 0x30, 0xC1, 0xFF, 0xFF, 0x07, 0xA4, 0xBD, 0x7D,
    0x8C, 0x1C, 0x67, 0x7A, 0x27, 0xF6, 0x56, 0xD5, 0x0C, 0x8B, 0x62, 0x79, 0x59, 0x93, 0x03, 0x67,
    0x2D, 0x93, 0x52, 0x97, 0x82, 0x53, 0x02, 0x1D, 0xCD, 0xE9, 0x36, 0x02, 0x05, 0x60, 0x92, 0xEA,
    0xEE, 0x92, 0x98, 0x9C, 0x2E, 0x10, 0x02, 0xCD, 0x9D, 0xD9, 0x24, 0x6C, 0x26, 0xCB, 0x4D, 0xB0,
    0x06, 0x72, 0xF4, 0x59, 0xDC, 0x04, 0x34, 0xD2, 0xF2, 0xF5, 0x4C, 0x97, 0xA4, 0xBB, 0x13, 0x70,
    0x9B, 0x44, 0xC4, 0x9D, 0x79, 0x0B, 0xDC, 0x01, 0x27, 0xFA, 0x42, 0xC7, 0x54, 0x33, 0xDE, 0xA1,
    0x83, 0xDE, 0xBB, 0x96, 0x3C, 0x9C, 0x2E, 0x91, 0x89, 0xF5, 0x87, 0x82, 0xA8, 0x24, 0x99, 0x5E,
    0x20, 0x8B, 0xAC, 0x4A, 0x5A, 0xD1, 0x7B, 0x3B, 0x9B, 0xB3, 0x5E, 0x49, 0x35, 0xAB, 0xE6, 0xA8,
    0xA7, 0x2B, 0xCF, 0xEF, 0x79, 0xDE, 0xEE, 0xE9, 0x19, 0x7E, 0x48, 0xC6, 0x8D, 0xA4, 0xF9, 0x69,
    0xEA, 0xFB, 0xFD, 0x7A, 0xBE, 0x9F, 0xE7, 0x55, 0x96, 0xE2, 0x1F, 0x37, 0xE9, 0x74, 0x3A, 0x17,
    0x95, 0x1F, 0x17, 0x45, 0xA1, 0x55, 0x4D, 0x69, 0x65, 0x69, 0x6B, 0xC8, 0xE0, 0x66, 0x6A, 0xB3,
    0xD3, 0xD1, 0x95, 0x58, 0xE1, 0xDC, 0xC3, 0xD6, 0x79, 0x1C, 0x54, 0x4E, 0xCA, 0xE0, 0xC7, 0x38,
    0xA7, 0x2A, 0x7C, 0x4E, 0x5D, 0xE3, 0x67, 0xD9, 0x5B, 0x0C, 0xDE, 0x96, 0x4F, 0x07, 0xB7, 0x2A,
    0xD7, 0x18, 0xAA, 0x55, 0x3A, 0x54, 0x55, 0x8F, 0x0A, 0xA8, 0xEA, 0xC1, 0x4E, 0xA7, 0xFF, 0xAA,
    0xAA, 0x56, 0xE8, 0x5C, 0xA1, 0xAA, 0xB3, 0x8D, 0xC6, 0xF2, 0x71, 0x3A, 0xDE, 0xE5, 0x73, 0x6A,
    0x49, 0x20, 0x10, 0xF0, 0x12, 0x06, 0x27, 0x62, 0x50, 0x07, 0xAF, 0x31, 0x04, 0x43, 0xA5, 0x66,
    0x94, 0x9A, 0x8D, 0xE8, 0x81, 0xD2, 0x88, 0xAA, 0x17, 0x03, 0x56, 0x7D, 0x3E, 0xA4, 0xFD, 0xC6,
    0xF1, 0x62, 0xCB, 0x4D, 0x83, 0x62, 0xB8, 0x79, 0x2D, 0x88, 0x6A, 0xFD, 0xCB, 0x7A, 0xA1, 0x36,
    0xDB, 0x5A, 0x50, 0x7A, 0xE1, 0x80, 0x9F, 0x03, 0x54, 0xED, 0x2A, 0x43, 0x4B, 0x31, 0xE4, 0xFD,
    0x62, 0xA8, 0x17, 0x1C, 0x01, 0x2F, 0xE7, 0x83, 0x81, 0xC0, 0x52, 0xF7, 0x31, 0xC0, 0xD1, 0x6E,
    0xC8, 0x57, 0x76, 0xC3, 0xCA, 0x50, 0xE0, 0x32, 0x83, 0x39, 0xB8, 0x1B, 0x3E, 0xDB, 0x22, 0x28,
    0xFF, 0xE1, 0xA7, 0x03, 0xD5, 0x6D, 0x17, 0x23, 0xAD, 0xD4, 0xF7, 0x8B, 0xCD, 0x88, 0xA0, 0x7B,
    0x49, 0x29, 0x80, 0x62, 0x98, 0x23, 0x58, 0xC4, 0x77, 0xCF, 0xF1, 0xFF, 0x56, 0xD5, 0x39, 0xD5,
    0x44, 0x2B, 0x08, 0x7B, 0x68, 0xC6, 0xE3, 0xE7, 0xAE, 0xD2, 0x95, 0x6E, 0x4A, 0x98, 0x53, 0xAB,
    0x23, 0x42, 0xBA, 0xAB, 0x36, 0x4B, 0xB8, 0xD1, 0x50, 0x07, 0xFC, 0x73, 0xE7, 0xFE, 0x88, 0x7A,
    0x50, 0xD5, 0xEA, 0xC5, 0xA7, 0xB7, 0x96, 0x94, 0x6A, 0xD5, 0x8B, 0xCF, 0xD2, 0x50, 0x29, 0xBA,
    0xD6, 0x49, 0x9B, 0xCA, 0x21, 0xF4, 0xB2, 0xA6, 0xF2, 0xA8, 0x59, 0x45, 0xD6, 0x55, 0x01, 0xE1,
    0x48, 0x6B, 0xB5, 0x84, 0xB7, 0xD3, 0x83, 0x8E, 0x76, 0x67, 0x1B, 0xD1, 0x6F, 0x67, 0xF4, 0x35,
    0x41, 0x91, 0xFC, 0xC7, 0x29, 0x61, 0xE9, 0x64, 0x52, 0x4F, 0x08, 0x1F, 0xB6, 0x13, 0x1A, 0x72,
    0xC6, 0x80, 0x3A, 0xB4, 0xBB, 0xE0, 0xFC, 0x28, 0xA0, 0x7B, 0xBA, 0x47, 0x9C, 0xAD, 0x3A, 0x8E,
    0x87, 0x6E, 0xF6, 0x05, 0xAE, 0x0F, 0x9D, 0x27, 0x3F, 0x41, 0x6B, 0xBA, 0x34, 0x4E, 0x34, 0x24,
    0xDF, 0xD7, 0xAA, 0x4E, 0xFF, 0xA8, 0x6E, 0xAA, 0x8E, 0xA8, 0xAF, 0x49, 0xF3, 0x94, 0x0C, 0xD1,
    0x03, 0x3C, 0x2B, 0x62, 0x85, 0xC7, 0xE0, 0x57, 0x19, 0xB8, 0x14, 0xF0, 0x0C, 0xB0, 0xF2, 0x83,
    0x9D, 0x7E, 0xA7, 0x43, 0xED, 0x54, 0x8A, 0xBE, 0x5E, 0xE1, 0xD5, 0x2D, 0xC2, 0x05, 0xE7, 0x3D,
    0x3A, 0x3D, 0x54, 0x33, 0xEE, 0x8D, 0x3F, 0xBB, 0xB5, 0xB1, 0xAA, 0x94, 0x7F, 0xEC, 0xF9, 0x44,
    0xD3, 0x15, 0x15, 0x47, 0x70, 0xC9, 0xE0, 0xD0, 0xF9, 0xD9, 0xFA, 0xE6, 0xAA, 0x72, 0x86, 0x0E,
    0x5F, 0xEF, 0x0F, 0xE5, 0xB5, 0xF5, 0x50, 0x70, 0x21, 0x94, 0x99, 0x36, 0x63, 0x10, 0x2F, 0x79,
    0x0C, 0x27, 0x42, 0x79, 0x9F, 0x0A, 0xBD, 0x52, 0x60, 0x51, 0x3F, 0x84, 0x7E, 0xC9, 0xC3, 0xB0,
    0x84, 0xA5, 0x92, 0x9A, 0xA1, 0x2F, 0x08, 0xAB, 0x25, 0xB5, 0x9F, 0xA6, 0x5B, 0xD8, 0x2A, 0xA9,
    0x12, 0x7D, 0x74, 0x78, 0x2E, 0x28, 0xB6, 0xBE, 0x86, 0x9B, 0xBC, 0x62, 0x40, 0xF7, 0x1D, 0x30,
    0xED, 0xC3, 0x5C, 0xC4, 0x4F, 0x59, 0x20, 0x48, 0x18, 0xD0, 0xFD, 0xF8, 0x59, 0x13, 0xA8, 0xC8,
    0x51, 0x57, 0xE3, 0xF7, 0xA2, 0xA5, 0x79, 0x9E, 0x2A, 0x99, 0xAE, 0xE8, 0x1F, 0xE7, 0x0D, 0x82,
    0x8A, 0x72, 0x01, 0xBE, 0xF2, 0x9E, 0xD7, 0xE8, 0x2F, 0x06, 0x37, 0xF1, 0x9F, 0xD0, 0x18, 0x52,
    0x1F, 0x57, 0xDA, 0x3A, 0xE0, 0x9B, 0x75, 0x99, 0x61, 0x50, 0x25, 0xB0, 0xD2, 0xD5, 0x10, 0xA0,
    0x5B, 0xAB, 0x80, 0xEC, 0xD1, 0x03, 0x04, 0x76, 0xA6, 0x64, 0xB1, 0x12, 0x6C, 0xA8, 0x43, 0x78,
    0x3D, 0xB5, 0x1E, 0xCB, 0xE4, 0x97, 0x8B, 0xDB, 0x74, 0xAC, 0x41, 0x3F, 0xC7, 0x15, 0xBA, 0x8C,
    0xFA, 0xCC, 0x26, 0x12, 0xD0, 0x59, 0x95, 0x2F, 0x0D, 0x77, 0x83, 0x5C, 0x32, 0x06, 0x2D, 0xC7,
    0xB5, 0x0C, 0x2C, 0x80, 0xDE, 0x04, 0xA0, 0x37, 0x8D, 0x2E, 0x34, 0x1A, 0x67, 0x13, 0xD5, 0xC6,
    0xA5, 0x11, 0xBF, 0xE2, 0x38, 0x2E, 0x33, 0x1D, 0xA2, 0xD5, 0x83, 0xCA, 0x7E, 0x89, 0x66, 0x0A,
    0x2D, 0xE8, 0x37, 0x93, 0x1A, 0xCD, 0x03, 0xF7, 0xCD, 0xC4, 0x8F, 0xFC, 0xC8, 0x7B, 0x2A, 0x71,
    0xDF, 0x78, 0x2A, 0xF1, 0xDD, 0xC4, 0xB2, 0x7F, 0x9C, 0x96, 0xDD, 0x44, 0xD9, 0xEF, 0xE8, 0xAA,
    0x73, 0xB3, 0x71, 0x32, 0xCD, 0x8F, 0xE0, 0x0B, 0x93, 0xF3, 0x4A, 0x9D, 0xE9, 0xBC, 0xCA, 0x8F,
    0x39, 0x2E, 0xEF, 0xEF, 0xDD, 0x01, 0xF3, 0x8D, 0xC6, 0xB5, 0x46, 0x63, 0x91, 0x5F, 0x5E, 0x0C,
    0x04, 0xF2, 0xBB, 0x5E, 0xB9, 0x13, 0x5C, 0xBE, 0x32, 0x11, 0x88, 0xC7, 0x14, 0x45, 0x79, 0xA9,
    0x7C, 0xF5, 0x80, 0xA7, 0x70, 0xD4, 0xA6, 0x51, 0x76, 0x6E, 0x24, 0x3E, 0x2D, 0x30, 0x02, 0x47,
    0xD3, 0x50, 0xBD, 0x98, 0xA8, 0x98, 0x3E, 0xFF, 0x18, 0x35, 0xCF, 0x4B, 0x02, 0x27, 0x51, 0x16,
    0x7D, 0x3C, 0x81, 0xFD, 0xAE, 0x6E, 0x51, 0x67, 0x38, 0x69, 0xFE, 0x20, 0x7F, 0xFC, 0x45, 0xA5,
    0x68, 0xE5, 0xF1, 0xD3, 0x16, 0xE5, 0xD9, 0x66, 0x6A, 0x98, 0x0E, 0x5F, 0xC2, 0x64, 0xE5, 0xB7,
    0x6B, 0x03, 0x3C, 0xFF, 0x95, 0xBA, 0x2F, 0x2C, 0x61, 0x00, 0x95, 0xF4, 0x75, 0xAC, 0x0E, 0x63,
    0x00, 0xA3, 0xF1, 0x84, 0x54, 0x98, 0xCE, 0xF8, 0x19, 0x8C, 0xDF, 0x30, 0x8B, 0xAF, 0x0E, 0xA2,
    0x00, 0xE0, 0x25, 0x34, 0xB3, 0x5E, 0x4C, 0x9C, 0xC8, 0x49, 0x7C, 0xFA, 0x5C, 0xF5, 0x42, 0x56,
    0xC1, 0xC7, 0x6B, 0xEA, 0x72, 0x82, 0x6C, 0xD0, 0x72, 0x36, 0x1A, 0xA7, 0xD2, 0x73, 0xCA, 0xC2,
    0xC7, 0xD3, 0xDD, 0x5F, 0xEF, 0xFC, 0xBE, 0xCC, 0xF6, 0x03, 0x3B, 0x56, 0xCD, 0x3D, 0xB0, 0xFA,
    0x02, 0xDD, 0x96, 0xA9, 0x7D, 0xB5, 0xF7, 0x18, 0xFD, 0x90, 0x28, 0x0E, 0xCD, 0x90, 0xFD, 0x61,
    0x57, 0x85, 0x8C, 0x4D, 0xC6, 0x87, 0xC3, 0xA3, 0x8C, 0x0B, 0xB8, 0x8F, 0x30, 0x9C, 0xC2, 0x16,
    0xE6, 0x6E, 0x18, 0x98, 0xD5, 0x1A, 0x4C, 0x56, 0x6D, 0x7F, 0x3C, 0x21, 0x63, 0x46, 0xEB, 0xB3,
    0x84, 0xD1, 0xF9, 0x71, 0xC6, 0xE8, 0xBE, 0x91, 0x33, 0xFA, 0xF1, 0x2A, 0x23, 0x13, 0x23, 0xC2,
    0x21, 0x2F, 0xC9, 0x90, 0x96, 0x9E, 0x4B, 0xFD, 0x11, 0xD2, 0x4A, 0xB4, 0xF0, 0x3C, 0x2C, 0xD7,
    0x85, 0xED, 0x55, 0x6C, 0x49, 0xEF, 0x39, 0x32, 0xEC, 0x9E, 0xCC, 0x59, 0xFF, 0x02, 0x77, 0x72,
    0x5D, 0x3A, 0x79, 0x6D, 0x65, 0x7D, 0x6D, 0x25, 0xB6, 0xB5, 0x1F, 0xB7, 0xBC, 0xC8, 0x4B, 0x03,
    0x95, 0xFB, 0x51, 0x3D, 0xA2, 0x15, 0xE8, 0x47, 0x0B, 0x6A, 0x40, 0x0B, 0x14, 0x93, 0xDC, 0x4B,
    0x08, 0xFC, 0x24, 0xA0, 0x55, 0xAC, 0xDA, 0xD4, 0xF3, 0x81, 0xB2, 0x87, 0xD6, 0x00, 0xC4, 0x21,
    0x23, 0x76, 0x0A, 0x1E, 0x18, 0xC4, 0x75, 0x90, 0xA8, 0x07, 0x54, 0x3D, 0x1B, 0xAF, 0x24, 0xFB,
    0x29, 0x5A, 0x16, 0xBF, 0xA4, 0xBC, 0x97, 0x68, 0x59, 0x54, 0x14, 0x2D, 0x04, 0x3F, 0xA6, 0x7F,
    0x5C, 0x5A, 0x16, 0x6E, 0x42, 0xEB, 0xC1, 0x72, 0xDE, 0xCB, 0x42, 0x5A, 0x16, 0x44, 0x24, 0x56,
    0x09, 0xDC, 0x24, 0x9F, 0x73, 0xCC, 0x62, 0x1E, 0xCF, 0xAC, 0x6F, 0xDD, 0x6D, 0x7A, 0xE7, 0xB2,
    0x2C, 0x6E, 0xD3, 0x3A, 0x34, 0xCB, 0xE2, 0x70, 0xE7, 0x4A, 0xD1, 0xE9, 0x10, 0x17, 0x72, 0xDE,
    0xE7, 0xF6, 0x7A, 0x6F, 0x72, 0x43, 0xFD, 0x63, 0xBC, 0xAC, 0xEB, 0x32, 0x61, 0x86, 0x6A, 0x19,
    0xEB, 0xE2, 0xF3, 0x38, 0xA0, 0xCE, 0xA8, 0xBC, 0x99, 0x53, 0xB7, 0xED, 0x19, 0x11, 0x21, 0x2B,
    0xD2, 0xF6, 0x47, 0xC4, 0x86, 0x82, 0x41, 0x4D, 0xA9, 0xBF, 0xA7, 0xAC, 0x8B, 0xA0, 0x46, 0xB4,
    0x2C, 0xEC, 0x17, 0x65, 0x4D, 0xDF, 0x48, 0xEA, 0x58, 0xD3, 0xB4, 0x48, 0x68, 0x55, 0x63, 0x82,
    0x25, 0x4F, 0xF1, 0x04, 0xA3, 0x65, 0x81, 0xD5, 0x61, 0x7F, 0x48, 0x13, 0xEC, 0x16, 0xAD, 0x69,
    0x7D, 0xC4, 0xC6, 0xCC, 0xCA, 0xB0, 0xA6, 0x3B, 0x93, 0x29, 0xCB, 0x94, 0x68, 0xA4, 0x9C, 0xCD,
    0xCE, 0xA8, 0xB3, 0x86, 0x61, 0xE8, 0xA9, 0xD2, 0x6E, 0x58, 0x97, 0x73, 0xE6, 0xCA, 0x9B, 0x8D,
    0xD7, 0x1A, 0xCF, 0xDE, 0xE3, 0x4A, 0x73, 0x89, 0xC0, 0xEE, 0x35, 0x6D, 0x0F, 0xF0, 0xD5, 0xEF,
    0x66, 0x6D, 0x12, 0x2B, 0x9C, 0xEB, 0x99, 0x97, 0xD2, 0x62, 0xBE, 0x9E, 0xD9, 0xD4, 0xE9, 0xDE,
    0x0B, 0x99, 0x72, 0xE8, 0xAB, 0x69, 0x02, 0x3A, 0x37, 0x74, 0x99, 0x80, 0x08, 0x72, 0xCB, 0xDE,
    0x68, 0x9C, 0x8E, 0x07, 0x07, 0x40, 0x01, 0x41, 0xB1, 0x0F, 0x77, 0x2E, 0xCB, 0x7A, 0x98, 0x95,
    0xE9, 0x08, 0xA1, 0x23, 0x54, 0x55, 0x81, 0x70, 0x0A, 0xAA, 0x71, 0x8B, 0x60, 0x5F, 0x2D, 0x7B,
    0xED, 0xF4, 0x85, 0xE3, 0xB4, 0x10, 0x40, 0x40, 0xF7, 0x87, 0xBF, 0x2D, 0x50, 0xCB, 0xE8, 0xDC,
    0xC3, 0xE1, 0x2F, 0x53, 0x5F, 0xA9, 0x23, 0xA1, 0x47, 0x94, 0x84, 0xE6, 0xBE, 0x87, 0x87, 0x1D,
    0x9D, 0x3C, 0xD3, 0x00, 0x13, 0xB2, 0x09, 0xEC, 0x3C, 0xF7, 0xE5, 0xE0, 0x73, 0x1F, 0xF0, 0x32,
    0x22, 0x98, 0x65, 0xA2, 0x3C, 0x61, 0x5D, 0xD2, 0xF5, 0x09, 0xCF, 0x77, 0x87, 0x56, 0x6B, 0xCC,
    0xB3, 0xA6, 0x22, 0xD4, 0xA9, 0xCA, 0xEB, 0x99, 0x27, 0xD3, 0x99, 0xD7, 0x3B, 0x9B, 0x97, 0x31,
    0xDB, 0x98, 0x07, 0x10, 0x9D, 0x6D, 0xAC, 0xCA, 0x2C, 0x6B, 0xDD, 0x03, 0xCC, 0x25, 0xE6, 0x06,
    0x1A, 0x68, 0xEE, 0x34, 0x35, 0x19, 0x00, 0x1A, 0x93, 0x63, 0x69, 0x5B, 0x3D, 0x4C, 0xF3, 0x25,
    0xC5, 0x6A, 0xF1, 0x5E, 0x4C, 0x9D, 0x8C, 0xD6, 0xCE, 0xB1, 0x54, 0xC5, 0x4E, 0x16, 0x60, 0x19,
    0x3E, 0xAF, 0x6B, 0x04, 0x56, 0xD6, 0x03, 0x3D, 0xB0, 0xB3, 0xC7, 0x0F, 0xD8, 0x86, 0x20, 0xF5,
    0xC1, 0x5D, 0xC6, 0x3F, 0x8B, 0x3C, 0x0C, 0xB4, 0x8A, 0x4A, 0x02, 0x65, 0x81, 0x85, 0x29, 0xF8,
    0x39, 0xD6, 0xEF, 0xE0, 0xE1, 0x2F, 0x18, 0x16, 0x3E, 0x8F, 0x41, 0xA7, 0x8E, 0x7C, 0x96, 0x34,
    0xED, 0x54, 0x85, 0x9F, 0x26, 0x5D, 0xC0, 0x27, 0x69, 0x6E, 0x27, 0xEA, 0xA8, 0x56, 0xFA, 0xC3,
    0x44, 0x77, 0xB5, 0xA5, 0x7F, 0x9C, 0x64, 0x57, 0xB5, 0xFD, 0xC1, 0x7B, 0x6F, 0xA4, 0x4A, 0x3B,
    0xD7, 0x6F, 0x5C, 0x4F, 0x94, 0x76, 0x6F, 0xDC, 0x20, 0x92, 0xAF, 0xBD, 0x97, 0x9E, 0x7A, 0x29,
    0x52, 0xDA, 0xF7, 0xBC, 0xB7, 0x99, 0x0D, 0xFB, 0xF4, 0x49, 0xBA, 0xA5, 0xB0, 0x56, 0xF4, 0x40,
    0x55, 0x69, 0x21, 0x7D, 0x4A, 0x04, 0x9C, 0xBA, 0x41, 0x27, 0x2A, 0xAF, 0xE2, 0x23, 0x1C, 0x1D,
    0x00, 0x82, 0x84, 0xE6, 0x9F, 0xB6, 0x46, 0x68, 0xBE, 0xC6, 0xDA, 0xFC, 0xF6, 0x98, 0x1F, 0x4C,
    0x96, 0xAF, 0xD0, 0x6B, 0xE6, 0xEC, 0x4C, 0xD9, 0xF3, 0x09, 0x40, 0x30, 0xEC, 0x4E, 0x60, 0x99,
    0xFA, 0xF3, 0xDF, 0xFE, 0x1C, 0x09, 0x0E, 0xF2, 0xBE, 0x9C, 0x49, 0x50, 0xBC, 0x24, 0x2C, 0x99,
    0x48, 0x57, 0xE4, 0x3F, 0x95, 0x78, 0xCF, 0xBB, 0xC2, 0x92, 0xDF, 0xCB, 0x6A, 0xA0, 0x3D, 0xEF,
    0xE8, 0x16, 0x89, 0x68, 0x44, 0x7B, 0x1E, 0x1B, 0xD3, 0x9E, 0x95, 0x62, 0x93, 0x17, 0xC2, 0x1E,
    0x61, 0x4B, 0x2C, 0x7C, 0xB7, 0x44, 0xC6, 0x6B, 0x91, 0x22, 0xC1, 0x50, 0xC7, 0xAC, 0x5B, 0x8E,
    0x47, 0x9D, 0xCE, 0xAB, 0xFB, 0x97, 0x21, 0xDC, 0xA8, 0xFD, 0x4B, 0xEF, 0xE1, 0xB5, 0xFB, 0x5B,
    0x5F, 0xDC, 0x24, 0x76, 0xBD, 0xBF, 0xF5, 0x47, 0x6D, 0xE8, 0x16, 0xAD, 0x73, 0x4B, 0xBF, 0xD1,
    0x20, 0x50, 0xBD, 0x50, 0xE9, 0x23, 0x2D, 0xD5, 0xF5, 0x23, 0x1D, 0xB6, 0x54, 0xEE, 0x24, 0xD4,
    0x99, 0xF3, 0x1B, 0x8D, 0x7F, 0xB2, 0x01, 0xF9, 0x16, 0x2B, 0xB0, 0x75, 0x78, 0xB3, 0x73, 0x65,
    0x53, 0xB5, 0xAC, 0xAC, 0x4B, 0xF3, 0x82, 0xA0, 0x46, 0x03, 0xD8, 0xB2, 0x53, 0xEF, 0x05, 0x02,
    0x27, 0xB5, 0x8F, 0x01, 0xD6, 0x3B, 0x57, 0x7E, 0x4A, 0x00, 0xF5, 0x83, 0x19, 0x26, 0x35, 0xA0,
    0x25, 0x22, 0x28, 0xC1, 0x9E, 0x95, 0x08, 0xE0, 0x8E, 0x26, 0x32, 0xAA, 0x25, 0xFF, 0xE3, 0xC5,
    0xCC, 0x99, 0x7D, 0x11, 0x72, 0xAA, 0x36, 0x29, 0x38, 0x99, 0x5A, 0x85, 0x64, 0xA0, 0x2D, 0xA2,
    0xF5, 0x34, 0x09, 0xDD, 0xBC, 0xA6, 0x42, 0x27, 0x09, 0xF2, 0x55, 0x62, 0x28, 0xF1, 0x72, 0xF7,
    0x57, 0x68, 0x45, 0xA9, 0x66, 0x57, 0xE5, 0xC4, 0xB7, 0xE6, 0xBA, 0x96, 0x0E, 0x69, 0xE9, 0x74,
    0x9D, 0x34, 0xA4, 0x85, 0xD4, 0xF5, 0x13, 0xBA, 0x52, 0x75, 0x2B, 0xC4, 0xD7, 0x34, 0x09, 0xD3,
    0xB4, 0x20, 0x33, 0x1A, 0x03, 0x16, 0x4F, 0xBB, 0xEA, 0x19, 0x7E, 0x93, 0x9D, 0xC9, 0xDB, 0x07,
    0x60, 0xD0, 0x2F, 0x4D, 0xC9, 0x44, 0x31, 0xB1, 0x02, 0x37, 0x16, 0x99, 0x48, 0x7D, 0x96, 0x41,
    0x26, 0xB2, 0x3E, 0xD1, 0x55, 0x0C, 0x40, 0x66, 0x64, 0xA2, 0xC5, 0xF1, 0x00, 0x2C, 0x0A, 0x13,
    0xEB, 0xB2, 0x6E, 0x34, 0x81, 0x80, 0x57, 0x1E, 0xC9, 0xF8, 0xCB, 0xB4, 0xDE, 0xFF, 0x38, 0xC2,
    0xC1, 0xFD, 0xFF, 0xEA, 0x4F, 0x48, 0xD2, 0xBE, 0xB8, 0xFF, 0xFB, 0x3F, 0xC4, 0xF8, 0xEF, 0xEF,
    0x32, 0x3B, 0x7A, 0xB8, 0x1B, 0x09, 0x70, 0xEF, 0x1E, 0xE9, 0xB2, 0x24, 0x11, 0x76, 0xB9, 0x5B,
    0x8E, 0x76, 0x21, 0x18, 0x9E, 0xA7, 0x16, 0x31, 0x2F, 0xEF, 0xB2, 0x7C, 0xB0, 0x0D, 0xE6, 0xE0,
    0x5F, 0xFA, 0x5C, 0xA2, 0xAE, 0x08, 0xD0, 0x6A, 0x9E, 0x13, 0xBE, 0xBB, 0x38, 0x96, 0x2A, 0x89,
    0x6C, 0xD0, 0xE2, 0x52, 0xBC, 0xD2, 0xB5, 0xB5, 0xB1, 0x74, 0x12, 0x90, 0x1E, 0xA1, 0x8B, 0x37,
    0x7E, 0xF9, 0xD6, 0xD2, 0xC9, 0x7F, 0xFD, 0xE0, 0x17, 0x98, 0xBC, 0xC3, 0x23, 0x9F, 0x7F, 0x37,
    0x09, 0xDD, 0xDF, 0x0D, 0x3F, 0xBB, 0x91, 0x1C, 0x75, 0xA3, 0xF0, 0xD3, 0x1B, 0xC4, 0x99, 0xA3,
    0xA3, 0x9F, 0x40, 0xE6, 0x88, 0x9A, 0x22, 0xA2, 0x76, 0x05, 0xAE, 0x6A, 0x8F, 0xA7, 0xAB, 0xF6,
    0x2E, 0x34, 0x4E, 0x01, 0x22, 0xE5, 0x32, 0x7C, 0x4B, 0xA0, 0x77, 0x37, 0xC8, 0x05, 0x34, 0x40,
    0x39, 0x9F, 0x46, 0xBC, 0x7C, 0xDF, 0xA4, 0x21, 0xC3, 0xF2, 0xED, 0xD3, 0xC1, 0x7E, 0x4E, 0x7A,
    0x95, 0xD2, 0x23, 0xEE, 0xF0, 0xC9, 0x2A, 0xFE, 0xE6, 0x36, 0xF7, 0xB5, 0x58, 0x1A, 0x55, 0x9E,
    0x48, 0x95, 0xD6, 0x89, 0x9B, 0x8D, 0xD3, 0x17, 0x22, 0xB0, 0x27, 0x5F, 0x16, 0x78, 0x19, 0x7C,
    0x64, 0xB3, 0xB3, 0xD6, 0xB9, 0x38, 0x96, 0xF9, 0xCC, 0xCF, 0xBC, 0x48, 0xCD, 0x6D, 0x21, 0x9C,
    0x4D, 0xA1, 0xA6, 0x06, 0xCC, 0xC1, 0x65, 0x11, 0xD6, 0xCD, 0xC1, 0x25, 0xA1, 0xB4, 0xE6, 0x9C,
    0xB2, 0x79, 0x4D, 0x47, 0x7F, 0x73, 0x40, 0xD2, 0x36, 0x4D, 0x99, 0x7A, 0x54, 0xC3, 0xD2, 0xF5,
    0xFE, 0x53, 0x62, 0xC9, 0xB4, 0xFC, 0x68, 0x3E, 0x41, 0x7F, 0xF0, 0x6D, 0x5D, 0x55, 0x58, 0x99,
    0xD9, 0x0C, 0xDD, 0x38, 0xDC, 0x66, 0x05, 0x86, 0xAB, 0x8D, 0x99, 0x07, 0xA3, 0xE8, 0x48, 0xC2,
    0x49, 0x43, 0xD7, 0x60, 0xC4, 0xA4, 0x75, 0x5F, 0x35, 0x63, 0xA9, 0x6F, 0x7F, 0xA8, 0x89, 0x28,
    0xA7, 0x84, 0x57, 0x5F, 0xEF, 0x5C, 0x49, 0xD5, 0xD7, 0xC2, 0x73, 0x57, 0xF1, 0x25, 0x24, 0xE5,
    0xAD, 0xE1, 0xEF, 0x23, 0xE1, 0xA3, 0xAF, 0x0B, 0x2A, 0x3E, 0x4E, 0xAB, 0x85, 0xFF, 0xA6, 0x9B,
    0xF9, 0x3E, 0x65, 0x8E, 0x13, 0xBE, 0x46, 0x12, 0xC2, 0xDD, 0x8E, 0xE7, 0x82, 0x81, 0xE8, 0x16,
    0x13, 0x54, 0x6E, 0xF4, 0x30, 0x7F, 0x67, 0x25, 0x86, 0xE2, 0x18, 0x5A, 0x5B, 0xCA, 0xCD, 0x71,
    0x5D, 0xC6, 0xAA, 0x57, 0x08, 0x05, 0x76, 0x4A, 0xCA, 0x1B, 0x63, 0xA8, 0x78, 0x62, 0xD3, 0xF5,
    0x3C, 0x43, 0x09, 0x33, 0x16, 0x9A, 0x43, 0x6B, 0xA3, 0x71, 0x82, 0xB0, 0xFA, 0xBC, 0x48, 0xB1,
    0xD5, 0x77, 0xF8, 0xF8, 0xFE, 0xF0, 0x03, 0x3E, 0xBE, 0x3F, 0xFC, 0x84, 0x8F, 0x7F, 0x2D, 0xBC,
    0xCA, 0x8F, 0x79, 0x38, 0xFC, 0x75, 0xE6, 0x6C, 0x47, 0x98, 0xCB, 0x0E, 0xA9, 0x5D, 0x24, 0xF0,
    0x90, 0x4E, 0x7A, 0xD4, 0x20, 0x71, 0xDF, 0x93, 0x37, 0x37, 0x5A, 0x86, 0x0B, 0x0F, 0x27, 0x5A,
    0x95, 0xF0, 0xE1, 0x45, 0xD3, 0x1E, 0xE8, 0x9C, 0xB3, 0xB7, 0x1B, 0x27, 0xF1, 0x7E, 0x92, 0x18,
    0xC1, 0x84, 0x43, 0x92, 0x12, 0x97, 0x45, 0xBA, 0xFD, 0x22, 0x37, 0x52, 0x6F, 0xCA, 0x78, 0xB6,
    0x18, 0x81, 0xAB, 0x57, 0x8A, 0xB8, 0x8F, 0x71, 0xA8, 0x5F, 0x52, 0x7B, 0xB6, 0xB6, 0xDB, 0x35,
    0x2B, 0x82, 0x2C, 0x8D, 0x19, 0x4D, 0x5D, 0xD2, 0x77, 0xE9, 0xB5, 0xD9, 0xFC, 0xD9, 0xC6, 0xEC,
    0xA9, 0x9B, 0x8B, 0xE6, 0xA0, 0x5F, 0x8C, 0x68, 0x0C, 0x93, 0xD9, 0xD3, 0xC7, 0xAD, 0x53, 0x37,
    0x23, 0x50, 0x6B, 0x3A, 0x48, 0x73, 0xF0, 0x15, 0x7C, 0x87, 0x2F, 0x92, 0xAF, 0x5C, 0x09, 0x76,
    0x4B, 0xE4, 0x93, 0x75, 0xC3, 0x6B, 0x46, 0x97, 0x16, 0x56, 0x7E, 0x4D, 0x18, 0xFB, 0xD6, 0xF8,
    0x20, 0x2B, 0x93, 0xBF, 0x25, 0xE2, 0x16, 0x1F, 0x3C, 0xCF, 0x64, 0x2D, 0x66, 0xB2, 0x76, 0x23,
    0xAD, 0xD3, 0x5C, 0x22, 0xF0, 0x9E, 0x70, 0x13, 0x62, 0xF3, 0x96, 0x73, 0x83, 0xF9, 0x3B, 0x09,
    0xB3, 0x65, 0xBC, 0x22, 0xCE, 0x67, 0x26, 0x52, 0xAC, 0x11, 0xC2, 0xC1, 0x65, 0x8C, 0x64, 0xB2,
    0x66, 0x30, 0x48, 0x05, 0x85, 0x62, 0x12, 0x39, 0xA0, 0x2B, 0x3B, 0xC4, 0x07, 0xA0, 0x15, 0x16,
    0xE6, 0xBD, 0xD4, 0x85, 0xB7, 0xB0, 0x76, 0xB4, 0x59, 0x04, 0xDA, 0xE8, 0x41, 0x50, 0x8D, 0x71,
    0x1F, 0xF5, 0xB3, 0x86, 0xC2, 0x03, 0x44, 0x27, 0x13, 0xE6, 0x81, 0x48, 0xE0, 0xBD, 0x9A, 0x60,
    0x73, 0x55, 0x70, 0x49, 0x0B, 0x1B, 0xAE, 0xA7, 0xA2, 0x4C, 0x61, 0x6E, 0xE1, 0x11, 0xAC, 0x06,
    0xA6, 0xD4, 0x35, 0x91, 0x07, 0x9E, 0xE2, 0xFF, 0x80, 0xA4, 0x7D, 0x62, 0x2A, 0xFD, 0x63, 0xDA,
    0x27, 0xC9, 0xD8, 0x1D, 0xAA, 0xAD, 0x12, 0x71, 0x3E, 0xBA, 0xAB, 0xBD, 0xA5, 0x1E, 0xC2, 0x22,
    0xF7, 0x8C, 0x0A, 0xC6, 0xAA, 0xFE, 0x44, 0xC9, 0xB8, 0x2E, 0xAD, 0x78, 0x63, 0x4B, 0x1A, 0x83,
    0xA7, 0xD3, 0x63, 0xDD, 0x98, 0x3A, 0x92, 0x9A, 0xB0, 0xE8, 0x88, 0xB0, 0x2E, 0x90, 0xE3, 0x7D,
    0x19, 0x6B, 0x26, 0x96, 0x01, 0xED, 0xC4, 0x10, 0x90, 0x48, 0xD7, 0x60, 0xA0, 0xDE, 0x05, 0x04,
    0x10, 0x90, 0x2F, 0x92, 0xC8, 0x41, 0xF7, 0xE9, 0xDE, 0xAA, 0x22, 0x61, 0x7B, 0xB1, 0x97, 0xA3,
    0xAF, 0x54, 0x3B, 0xC3, 0xD7, 0xAA, 0x7A, 0x22, 0x10, 0xE1, 0x9B, 0xA9, 0x2D, 0x8F, 0x80, 0xA7,
    0x15, 0x34, 0x39, 0xE9, 0x3B, 0x7F, 0x16, 0x83, 0x77, 0xD5, 0x5F, 0x4C, 0xC3, 0xAA, 0xB2, 0xB7,
    0xEC, 0x01, 0x3D, 0xC0, 0xCF, 0x55, 0x5F, 0x9F, 0x63, 0xBB, 0x4D, 0x36, 0x25, 0x2E, 0x8E, 0x95,
    0xD8, 0x23, 0x02, 0x15, 0x6E, 0x53, 0x4E, 0xFA, 0x10, 0x2D, 0xC8, 0xAE, 0xAD, 0x01, 0x3D, 0xCC,
    0x00, 0x5F, 0xD4, 0x90, 0x40, 0xF5, 0xAC, 0xBF, 0xED, 0xA9, 0xD2, 0x6C, 0xBF, 0xD8, 0xF2, 0x92,
    0x85, 0x76, 0x31, 0xFA, 0x5D, 0x27, 0xAB, 0xFE, 0xCE, 0x2A, 0x3A, 0xB8, 0x45, 0x13, 0xFA, 0xBC,
    0x5A, 0xED, 0x11, 0x07, 0xD2, 0xAA, 0xA6, 0x89, 0xE5, 0x92, 0x0C, 0x4A, 0xC4, 0x11, 0x12, 0x69,
    0xA6, 0x2A, 0xF4, 0x66, 0xD2, 0x99, 0x02, 0x1A, 0x23, 0xFA, 0x14, 0x9F, 0xF4, 0xE4, 0x0A, 0x7D,
    0x14, 0x75, 0xE8, 0x52, 0x4D, 0x79, 0x34, 0x38, 0x83, 0x80, 0xB4, 0xB0, 0xBD, 0x0E, 0x8D, 0x65,
    0x25, 0xF3, 0xFD, 0xC4, 0xA6, 0xAF, 0xF5, 0x49, 0xE5, 0x73, 0xF3, 0x41, 0xE9, 0x17, 0xE8, 0xDA,
    0xB4, 0xCF, 0x9A, 0xB5, 0xAA, 0x0C, 0xD9, 0x46, 0xE3, 0xE5, 0xDB, 0x03, 0x31, 0x1E, 0x87, 0x1B,
    0x32, 0xAB, 0xAE, 0xEF, 0x18, 0x07, 0x62, 0xBC, 0x34, 0xE7, 0xAF, 0xAC, 0x77, 0x2E, 0x89, 0x4D,
    0x60, 0xE0, 0xAE, 0x63, 0xA2, 0x5D, 0x82, 0x5D, 0x22, 0x65, 0x51, 0x02, 0xC3, 0xC1, 0xE0, 0xC6,
    0x74, 0xEE, 0x09, 0xFA, 0x00, 0xBA, 0xF2, 0x09, 0x1A, 0x00, 0xF7, 0xE6, 0xE9, 0x48, 0x97, 0xE9,
    0x1C, 0xB1, 0x90, 0x2A, 0xC3, 0x60, 0x15, 0x06, 0x9C, 0xE8, 0xB5, 0x9C, 0x81, 0xC6, 0x01, 0x92,
    0x3E, 0x8D, 0x03, 0x01, 0xC6, 0x81, 0x58, 0x3D, 0x8D, 0xC3, 0x51, 0xDF, 0x2F, 0xAC, 0x22, 0x0A,
    0x03, 0x7F, 0xE8, 0x16, 0x09, 0x34, 0xD3, 0xCA, 0x8D, 0xB4, 0x49, 0x5C, 0xB9, 0xB0, 0x07, 0x24,
    0x69, 0x38, 0x03, 0x55, 0xD0, 0x38, 0x90, 0xB4, 0x56, 0x49, 0xA7, 0xC6, 0x81, 0xDB, 0x70, 0xE8,
    0x7A, 0x46, 0xE3, 0x71, 0xA8, 0xF8, 0x30, 0x23, 0xB1, 0xBD, 0xB8, 0x6D, 0x67, 0xCB, 0xAA, 0xFE,
    0xB3, 0xC4, 0xCA, 0x82, 0x98, 0x1A, 0x62, 0x65, 0x24, 0x30, 0x10, 0x68, 0x5B, 0x80, 0x5B, 0x07,
    0xD8, 0x61, 0x24, 0x19, 0xC0, 0xF4, 0x96, 0xCB, 0xAA, 0xCA, 0x2D, 0x86, 0x1E, 0x04, 0x3E, 0x02,
    0x9A, 0x1F, 0xCE, 0x9F, 0xE4, 0xAD, 0x0A, 0xDE, 0x90, 0x93, 0x38, 0x76, 0xB6, 0xB8, 0xAD, 0x6A,
    0x34, 0x2B, 0xBE, 0x48, 0x54, 0x25, 0x53, 0xCF, 0xD1, 0x25, 0xE8, 0x32, 0x02, 0x9A, 0x4B, 0x58,
    0x9C, 0x05, 0xC9, 0xD6, 0x4E, 0xE2, 0xFF, 0x24, 0x01, 0xF4, 0x8F, 0x65, 0x30, 0x96, 0x90, 0xF6,
    0xDB, 0xF4, 0x0A, 0x92, 0xA3, 0xFB, 0xB9, 0x0B, 0xB9, 0xBD, 0x92, 0x59, 0x8B, 0xE3, 0x21, 0x18,
    0x8F, 0xC3, 0x3B, 0xB9, 0xE8, 0xDE, 0x7D, 0x01, 0x88, 0xD4, 0xA4, 0x8E, 0xD8, 0xF1, 0x0E, 0xB3,
    0x48, 0x4E, 0xAC, 0xF1, 0xC4, 0x06, 0xA8, 0x26, 0xF4, 0x4E, 0x11, 0x94, 0x2D, 0x98, 0x6F, 0xDE,
    0xD0, 0x2E, 0xCC, 0x37, 0x09, 0xC6, 0x21, 0x76, 0x09, 0x14, 0x20, 0x2F, 0x33, 0x0C, 0xAA, 0x0C,
    0xAB, 0xAB, 0x0C, 0xAD, 0x1C, 0x37, 0x24, 0xA4, 0x79, 0x13, 0xC4, 0x75, 0xD1, 0xF2, 0x65, 0x06,
    0x2F, 0xD6, 0xD5, 0xE3, 0x4A, 0x9D, 0xD5, 0x34, 0x0E, 0x56, 0xBF, 0xF8, 0xF1, 0x17, 0x49, 0x58,
    0x2F, 0x2E, 0x05, 0x37, 0xB2, 0x66, 0xFD, 0xBC, 0xEA, 0xDB, 0x39, 0xCD, 0x65, 0x17, 0xE3, 0xC0,
    0x1C, 0xB6, 0x92, 0x8D, 0x2D, 0x9B, 0x07, 0x44, 0x86, 0x0C, 0x85, 0x1D, 0x03, 0xCE, 0x09, 0x54,
    0x05, 0x7C, 0x01, 0x0F, 0x34, 0x36, 0x09, 0x6D, 0xC5, 0x60, 0xCC, 0x25, 0x07, 0xC1, 0x3C, 0xF7,
    0xF4, 0xE9, 0x99, 0x21, 0x1D, 0xFE, 0x7D, 0x1C, 0xFC, 0x6B, 0x2D, 0x8B, 0xCF, 0x2D, 0x38, 0xC9,
    0xFC, 0x52, 0x03, 0x00, 0x65, 0xA7, 0xE4, 0x45, 0x6B, 0x9D, 0x95, 0xA8, 0xE4, 0x93, 0xB0, 0xE1,
    0x45, 0x7E, 0x59, 0xA0, 0x25, 0x90, 0x33, 0x78, 0x99, 0x40, 0xC2, 0x50, 0x49, 0xBE, 0x0D, 0xE8,
    0xA7, 0xDF, 0xA6, 0xDB, 0x9F, 0xDC, 0xD0, 0x57, 0x09, 0x4E, 0xA7, 0xB7, 0x35, 0x1D, 0xEC, 0xAB,
    0x76, 0x7A, 0x4E, 0xED, 0xF9, 0x1B, 0x63, 0x3B, 0xA5, 0xC5, 0xA3, 0x70, 0x5C, 0x4C, 0x1F, 0xBD,
    0x47, 0x04, 0xAE, 0x11, 0x9B, 0x28, 0xF2, 0x5E, 0x10, 0x11, 0x0C, 0x9A, 0x98, 0x44, 0xA9, 0x6A,
    0x12, 0xF5, 0x01, 0x90, 0x88, 0x42, 0x34, 0xEA, 0xDA, 0x94, 0x49, 0xA1, 0x43, 0x62, 0xCC, 0x25,
    0xD5, 0xFD, 0x36, 0x73, 0x37, 0xAC, 0x69, 0x3B, 0xB2, 0xB3, 0x2A, 0xE4, 0x64, 0xEA, 0xE4, 0x21,
    0xC9, 0xC9, 0xFE, 0xFA, 0xDA, 0xE5, 0x2A, 0xA6, 0x7D, 0xA8, 0xCA, 0x81, 0xEA, 0xAF, 0xAF, 0x5D,
    0x2A, 0xD5, 0xD4, 0x5F, 0xA5, 0x7B, 0x83, 0x16, 0xCD, 0x93, 0x10, 0xAB, 0x9B, 0x41, 0x83, 0x74,
    0x0D, 0xBC, 0x74, 0xCE, 0xB9, 0xB9, 0x74, 0x9C, 0xC5, 0x67, 0xE2, 0xEB, 0x69, 0xE8, 0xD0, 0xED,
    0x6B, 0xFA, 0x28, 0xC8, 0x61, 0x3E, 0x84, 0xDC, 0x18, 0xA4, 0x75, 0x6D, 0xC7, 0xCA, 0x1B, 0x2B,
    0xF4, 0xFC, 0xF3, 0xA0, 0x40, 0xD5, 0x58, 0x61, 0x05, 0x7C, 0x99, 0x60, 0x5E, 0xA4, 0x26, 0x56,
    0x1C, 0x03, 0x55, 0x51, 0x07, 0xC2, 0x2F, 0x87, 0x9D, 0xF7, 0x6D, 0xAB, 0x11, 0x80, 0xD5, 0x3B,
    0xEC, 0x2D, 0x6A, 0x6C, 0x22, 0x35, 0x73, 0xD4, 0xC9, 0x0C, 0x47, 0x93, 0xEF, 0x89, 0x65, 0xC6,
    0xED, 0xB0, 0x18, 0xEF, 0xFE, 0xB1, 0x62, 0x65, 0x75, 0x95, 0xD5, 0xD7, 0xD6, 0xCA, 0x90, 0x38,
    0x64, 0xDC, 0x2F, 0xCE, 0x3B, 0xA3, 0x45, 0x6B, 0x74, 0x5E, 0xB1, 0x9D, 0x4E, 0xED, 0x06, 0xAC,
    0x80, 0x6D, 0x48, 0x9C, 0x37, 0x48, 0x6F, 0x01, 0xD0, 0xF7, 0x02, 0x36, 0x4E, 0xDF, 0x04, 0x68,
    0x2F, 0x76, 0xD6, 0xAF, 0x30, 0xD0, 0x95, 0x19, 0xC1, 0xCD, 0xC6, 0x93, 0x04, 0x4C, 0xC8, 0x08,
    0x88, 0x60, 0xA4, 0x02, 0xB0, 0x0F, 0xC6, 0xA0, 0x5E, 0x30, 0x4A, 0xE0, 0xFF, 0x7D, 0x10, 0x2A,
    0x50, 0x2C, 0xEA, 0x56, 0x2F, 0xA6, 0x8F, 0x27, 0xFA, 0x1B, 0x57, 0x61, 0x28, 0xF2, 0xE2, 0x87,
    0xA0, 0xC7, 0x8A, 0xFB, 0x65, 0xFC, 0x23, 0x4A, 0xD5, 0x29, 0x22, 0xBB, 0xB3, 0x67, 0x0A, 0xA2,
    0x18, 0x20, 0xA3, 0xB7, 0xE8, 0xCB, 0x36, 0x2F, 0x98, 0xEE, 0x6A, 0xDE, 0x0D, 0x70, 0x4E, 0xC4,
    0xE5, 0xC4, 0xC0, 0xBD, 0xAE, 0x6C, 0x4E, 0xAC, 0xBD, 0xC7, 0xFB, 0x7C, 0xE5, 0x70, 0x4C, 0xC8,
    0xEE, 0x73, 0xC3, 0x1D, 0xC0, 0x63, 0x26, 0x96, 0x7C, 0xEA, 0xBB, 0x69, 0x06, 0x77, 0xE0, 0xAE,
    0x86, 0x70, 0xF1, 0x2E, 0x8C, 0x81, 0xC7, 0xF7, 0xCC, 0xDA, 0x65, 0x8C, 0x40, 0x9F, 0x0E, 0x10,
    0x34, 0xAE, 0x1D, 0xE7, 0xF1, 0x08, 0xD5, 0x7D, 0xE0, 0xEF, 0x30, 0x90, 0x74, 0x40, 0x70, 0xA8,
    0xF8, 0x88, 0x6F, 0x1F, 0xF2, 0xB9, 0xE7, 0x5A, 0xEA, 0xCB, 0x6F, 0xDF, 0x01, 0x2D, 0xFE, 0x08,
    0x62, 0x6F, 0x3E, 0x7D, 0x3E, 0xB1, 0x68, 0xAF, 0x88, 0xA7, 0xDA, 0x60, 0xC5, 0xF2, 0xF5, 0x22,
    0x0B, 0x7D, 0x09, 0xCE, 0x2E, 0x2F, 0xB2, 0x64, 0x55, 0x29, 0x3E, 0x67, 0x6B, 0xEB, 0xC1, 0xB5,
    0x7F, 0x71, 0x65, 0xB3, 0x6F, 0xCE, 0xFB, 0x22, 0x88, 0x8E, 0x31, 0xD9, 0x81, 0xFF, 0xFE, 0x8F,
    0x19, 0xEB, 0x3F, 0x2F, 0x80, 0x7B, 0x8A, 0xAC, 0x0E, 0xAC, 0x6F, 0x91, 0xE4, 0x43, 0x58, 0xA6,
    0x55, 0x5D, 0xC8, 0xF5, 0x7E, 0xF0, 0x3E, 0x63, 0xD9, 0x7E, 0x9B, 0xB1, 0xAA, 0xE4, 0x38, 0xB1,
    0xF4, 0x19, 0x08, 0xDE, 0xC4, 0xE1, 0x41, 0x2C, 0x89, 0xE1, 0x7B, 0xCF, 0x40, 0x30, 0x26, 0x59,
    0xE5, 0x65, 0xD2, 0x96, 0xE9, 0x23, 0x9C, 0x11, 0x71, 0xFD, 0xA3, 0xD4, 0xE6, 0xA1, 0x31, 0xE4,
    0xCD, 0x4D, 0x29, 0x8C, 0x42, 0x74, 0x64, 0x49, 0x69, 0xD1, 0x56, 0xD8, 0x77, 0x42, 0x00, 0xE9,
    0x72, 0x78, 0x78, 0xF3, 0x05, 0x99, 0x21, 0xEF, 0xA2, 0x7D, 0xF3, 0xB7, 0x9F, 0x14, 0xD1, 0xD0,
    0xBE, 0x0F, 0xC8, 0x25, 0x05, 0x9B, 0x29, 0x0E, 0x15, 0x2F, 0x02, 0xFA, 0x39, 0x1B, 0x86, 0x9F,
    0x63, 0xF9, 0xD1, 0x88, 0x91, 0x04, 0xB2, 0xAA, 0xB5, 0x4C, 0x7F, 0x2D, 0xC4, 0x46, 0xFB, 0xF2,
    0x65, 0xB2, 0xB8, 0x35, 0xD3, 0xA3, 0xBA, 0xE6, 0x99, 0x5F, 0x4F, 0xAF, 0xAA, 0x2F, 0x9D, 0x67,
    0xA2, 0x72, 0x87, 0xF8, 0x78, 0x52, 0x94, 0x48, 0x21, 0x3E, 0x99, 0xB6, 0x31, 0x4B, 0xED, 0xB4,
    0x2F, 0x30, 0xBF, 0xB4, 0xC8, 0x4C, 0x28, 0x54, 0x77, 0x05, 0xDC, 0xA0, 0xC2, 0x03, 0x7C, 0x7B,
    0x7B, 0x48, 0x82, 0x4C, 0x7A, 0x8A, 0xE6, 0x19, 0x6E, 0x17, 0xF5, 0xB0, 0xD9, 0x52, 0xF7, 0xBB,
    0x7D, 0x07, 0x38, 0xFC, 0x14, 0xB6, 0xA3, 0xA4, 0x2C, 0x46, 0x39, 0x69, 0xA0, 0x27, 0x4A, 0xE6,
    0xB4, 0x42, 0xB5, 0xA0, 0x58, 0xC4, 0xFE, 0x32, 0x3C, 0xD8, 0xBF, 0xC4, 0x58, 0x29, 0x86, 0x84,
    0x73, 0x6A, 0x7E, 0xF9, 0x38, 0x61, 0x0B, 0xE7, 0x73, 0xFB, 0xC3, 0x01, 0xB0, 0xF8, 0xF9, 0xCF,
    0x52, 0xC1, 0xC2, 0xDC, 0x87, 0x25, 0xBA, 0xF0, 0xA0, 0x3C, 0xA7, 0x32, 0x64, 0xDC, 0x53, 0x7C,
    0xC4, 0x58, 0x1F, 0xC9, 0x73, 0xCB, 0xF7, 0x7D, 0xEF, 0x8C, 0x41, 0x1F, 0xF8, 0xC9, 0xBF, 0x14,
    0x2C, 0x7E, 0xCE, 0x68, 0x17, 0xCF, 0xDF, 0x7E, 0x56, 0xF9, 0x5B, 0x76, 0xAE, 0x48, 0x87, 0x20,
    0xE9, 0x32, 0x56, 0x87, 0x2F, 0x6D, 0x8F, 0xD1, 0xAC, 0x99, 0x6A, 0x25, 0x5A, 0x71, 0x8F, 0x18,
    0x1C, 0x18, 0xAC, 0x33, 0x8A, 0x2E, 0x51, 0x92, 0x49, 0x71, 0xB0, 0x7F, 0x59, 0x91, 0x50, 0x82,
    0xF6, 0x29, 0x3D, 0xFF, 0xBF, 0xA9, 0xF9, 0xB3, 0xC7, 0x7F, 0x9D, 0x75, 0x93, 0x12, 0x29, 0x9A,
    0x9B, 0xC7, 0x71, 0xDD, 0x4F, 0x07, 0xF2, 0x3C, 0x22, 0x40, 0x11, 0x63, 0x0B, 0x62, 0x7D, 0xE9,
    0x97, 0xA8, 0xB7, 0x61, 0x6E, 0xDF, 0x22, 0x5D, 0x3B, 0x41, 0xFB, 0xD8, 0xA2, 0x4C, 0xED, 0x53,
    0x65, 0xD2, 0x4D, 0xCA, 0x34, 0x9B, 0x82, 0x55, 0xB9, 0xCF, 0xD7, 0x06, 0x53, 0xC1, 0x4A, 0xF2,
    0x00, 0x63, 0x91, 0x12, 0x9B, 0x2B, 0x29, 0xF7, 0xE7, 0x98, 0x81, 0x25, 0xD5, 0x4E, 0x86, 0x58,
    0x80, 0xB4, 0x78, 0xDA, 0xDF, 0xA3, 0xF6, 0xD1, 0x4B, 0x68, 0x04, 0x59, 0x1D, 0x71, 0xF3, 0xED,
    0xF6, 0xCD, 0xB3, 0xC1, 0x85, 0x99, 0x5B, 0x0E, 0x93, 0x44, 0x67, 0x45, 0x4F, 0x7B, 0x31, 0x45,
    0x2D, 0xF3, 0xE4, 0x58, 0xFD, 0xAF, 0xD3, 0x07, 0x15, 0x71, 0xCB, 0x8D, 0x2F, 0x02, 0x9C, 0x37,
    0x72, 0xE5, 0x9D, 0x2D, 0x3E, 0x7B, 0x33, 0x55, 0xFE, 0xD9, 0xE2, 0xD3, 0xF7, 0x49, 0xB7, 0xA4,
    0xB6, 0x8C, 0xC0, 0x24, 0x5A, 0xB0, 0x64, 0x96, 0xE7, 0xAF, 0x1D, 0xC7, 0xFA, 0xA4, 0xD9, 0x4B,
    0xB4, 0xB6, 0x45, 0x7F, 0xB5, 0xC0, 0x22, 0x5B, 0xB4, 0xF2, 0x2D, 0xCD, 0x86, 0x42, 0xE7, 0x5D,
    0x7A, 0xAD, 0x1F, 0x7B, 0xD7, 0x09, 0x5C, 0xF8, 0x9A, 0x49, 0x1C, 0xD0, 0xCB, 0x4C, 0xD8, 0x86,
    0x2D, 0x86, 0x73, 0x73, 0x63, 0x87, 0x97, 0x10, 0x6A, 0xD5, 0xDF, 0xA5, 0x89, 0x1C, 0x10, 0xB6,
    0x1B, 0xDE, 0x13, 0xA0, 0x78, 0xEB, 0x33, 0x9B, 0xAF, 0x00, 0xFA, 0x05, 0x9B, 0x2B, 0x1A, 0xB7,
    0x17, 0xEF, 0x76, 0xA5, 0xD5, 0x58, 0xA3, 0xAE, 0xC8, 0x5D, 0x9E, 0xF3, 0xF9, 0xDF, 0xDA, 0xEC,
    0x5C, 0x49, 0x54, 0x91, 0x21, 0xD0, 0xE1, 0x50, 0x71, 0xBE, 0x47, 0x9F, 0x4B, 0x9F, 0x10, 0x12,
    0xEB, 0x7B, 0x2E, 0x27, 0xC6, 0xBD, 0x8A, 0xFB, 0xFC, 0xE7, 0x73, 0x80, 0xFB, 0x83, 0x0C, 0x60,
    0x83, 0xFC, 0xD2, 0x81, 0x82, 0x9F, 0xE9, 0xCA, 0x5F, 0x95, 0x1F, 0xE2, 0x12, 0x77, 0x64, 0x15,
    0xF1, 0x2F, 0xEB, 0x36, 0x51, 0xEB, 0x41, 0x3D, 0xAB, 0xC1, 0xE4, 0x3A, 0xB3, 0x73, 0x01, 0x2D,
    0xA8, 0x59, 0xA8, 0xAE, 0x0B, 0x44, 0x2E, 0x87, 0x0C, 0xB0, 0xF0, 0x10, 0xB0, 0x30, 0x48, 0xEF,
    0x0E, 0x31, 0xB5, 0x4A, 0xB0, 0x73, 0x14, 0xC3, 0x05, 0x02, 0x5A, 0x38, 0xA1, 0x9C, 0x1B, 0xA8,
    0xDA, 0xAB, 0x6A, 0xC1, 0xD5, 0x98, 0x3A, 0x0B, 0x34, 0x75, 0xAC, 0xE3, 0x6A, 0x41, 0xC8, 0xE4,
    0xC2, 0x5F, 0x61, 0x52, 0x52, 0x01, 0x49, 0xCF, 0xF6, 0x14, 0x1F, 0xDC, 0x6E, 0x9C, 0x4A, 0x69,
    0x42, 0xF5, 0x48, 0xC7, 0x2F, 0xE3, 0x19, 0x01, 0x6E, 0xAF, 0xC0, 0x52, 0x4B, 0x2F, 0x4A, 0xF8,
    0xB5, 0xCE, 0x67, 0x9A, 0xB5, 0x7C, 0x30, 0xDF, 0x05, 0xF1, 0xB4, 0x2D, 0x08, 0x93, 0x5C, 0xB0,
    0xFA, 0xCF, 0x17, 0xE7, 0xFD, 0xAD, 0xFA, 0x50, 0x55, 0x46, 0xFE, 0x80, 0x64, 0x66, 0x6B, 0x75,
    0x8A, 0x08, 0x1C, 0x30, 0xE6, 0x81, 0x96, 0xC1, 0x9A, 0xC1, 0xC0, 0x20, 0xD3, 0xC6, 0x05, 0xD5,
    0xF8, 0xB5, 0x46, 0x83, 0x5A, 0xD2, 0x61, 0x4B, 0x6E, 0xA5, 0xD8, 0x82, 0x6D, 0x01, 0x6D, 0x99,
    0x98, 0x17, 0xA6, 0x3B, 0x83, 0x7B, 0x63, 0x24, 0xB8, 0xBE, 0xC6, 0x44, 0xC0, 0x67, 0x33, 0x7F,
    0x65, 0xC8, 0xB8, 0xA7, 0xC8, 0x19, 0xA9, 0x4D, 0x8C, 0xE5, 0x05, 0x41, 0xB5, 0x8D, 0x81, 0xC1,
    0xB2, 0x2A, 0x31, 0x11, 0xA8, 0xAA, 0x92, 0x07, 0x5C, 0x35, 0x98, 0x0B, 0x3A, 0x5A, 0x05, 0x1E,
    0x2D, 0x12, 0x9A, 0xF5, 0x7E, 0x41, 0x44, 0x00, 0x0A, 0xF1, 0xD6, 0xB6, 0x67, 0xFF, 0xC0, 0x44,
    0x62, 0x68, 0x09, 0xD4, 0x04, 0xD0, 0xA8, 0x9E, 0x30, 0x9B, 0x9E, 0x6A, 0x9C, 0x6A, 0x2C, 0x9E,
    0x19, 0x5D, 0xC4, 0x3C, 0x6B, 0x17, 0x1A, 0xB1, 0x31, 0xF3, 0x5B, 0x8B, 0x30, 0x35, 0xD0, 0xB9,
    0xFB, 0xC0, 0x37, 0xD9, 0x00, 0xD4, 0x87, 0x73, 0x48, 0x1F, 0x2A, 0xD2, 0x9C, 0xD6, 0x46, 0x31,
    0xE0, 0x73, 0xCF, 0xF5, 0x44, 0x92, 0xEC, 0x89, 0x3F, 0xA0, 0x27, 0xA6, 0x8F, 0x9E, 0x78, 0x28,
    0x7B, 0xC2, 0x81, 0x7A, 0xE2, 0xA8, 0xEC, 0x09, 0xEB, 0xE9, 0xB1, 0x5C, 0x59, 0xC9, 0x97, 0x78,
    0x05, 0xEB, 0x23, 0xD3, 0xCC, 0x66, 0xD6, 0x60, 0x49, 0x89, 0xE5, 0xA9, 0x04, 0x13, 0x8E, 0x06,
    0xAE, 0x21, 0x8C, 0x87, 0xB0, 0xC7, 0x9C, 0x13, 0x48, 0x2F, 0xA4, 0xD9, 0xC6, 0x48, 0xD3, 0xAD,
    0x07, 0x19, 0x16, 0x7F, 0xFB, 0x98, 0x15, 0x74, 0x7E, 0x5F, 0x47, 0x99, 0xEB, 0x95, 0xB9, 0xFF,
    0x92, 0x79, 0x1E, 0xCD, 0xA1, 0xD2, 0x83, 0x6B, 0x1B, 0x8D, 0x01, 0xC6, 0xA8, 0x07, 0x27, 0xC7,
    0x1E, 0x5A, 0xFC, 0x5D, 0x7A, 0x4E, 0xBD, 0x50, 0xEC, 0xC7, 0x29, 0x3F, 0xAB, 0x7A, 0x35, 0x47,
    0x9E, 0xE3, 0x0B, 0xE1, 0xEC, 0x79, 0xEF, 0xCB, 0xF3, 0x9C, 0x2D, 0x41, 0x6B, 0x68, 0xFE, 0x1E,
    0x09, 0xFA, 0x1F, 0x27, 0x90, 0x95, 0x7B, 0x6D, 0x22, 0x5C, 0x07, 0xD7, 0xD4, 0xEB, 0x43, 0xAB,
    0x40, 0x0C, 0xD0, 0xEB, 0x99, 0x3A, 0x82, 0x20, 0x20, 0x11, 0x37, 0xE7, 0x77, 0x88, 0xD4, 0x65,
    0x69, 0x65, 0x19, 0x1F, 0x45, 0x2F, 0xA5, 0x6F, 0xBC, 0x02, 0xE8, 0x92, 0xA8, 0x4B, 0x2D, 0x01,
    0x50, 0xC3, 0x00, 0x44, 0xA0, 0x01, 0xE6, 0xDC, 0xF6, 0x95, 0xE6, 0xBE, 0xD7, 0x60, 0xF5, 0x2B,
    0x3F, 0xC8, 0xE7, 0x2A, 0x7C, 0x03, 0x51, 0x66, 0x00, 0xCD, 0x39, 0x40, 0xF9, 0x1E, 0xF7, 0xCD,
    0x83, 0xAA, 0x96, 0x77, 0x7D, 0x92, 0x00, 0xFB, 0xE3, 0x7C, 0x8E, 0x90, 0x2A, 0x26, 0xD6, 0xA1,
    0x09, 0x3D, 0x7B, 0x44, 0x08, 0x52, 0x4F, 0xA0, 0xB5, 0x83, 0x4A, 0x55, 0x05, 0x68, 0x36, 0x1E,
    0x1E, 0x7D, 0x17, 0x04, 0xBB, 0x5D, 0xFC, 0x80, 0xF5, 0xE2, 0xDB, 0xD1, 0x44, 0xFD, 0x98, 0x05,
    0x84, 0x10, 0x83, 0x72, 0x59, 0xE1, 0x63, 0x88, 0xB0, 0x08, 0x88, 0x9E, 0x95, 0xE8, 0x31, 0x34,
    0xCF, 0x40, 0x51, 0xFA, 0x03, 0xA6, 0x2F, 0x44, 0xCF, 0x7C, 0xC5, 0xA4, 0xD9, 0x8F, 0x7A, 0x00,
    0x2F, 0xEA, 0x32, 0xC4, 0x9A, 0x09, 0x99, 0x80, 0x65, 0x31, 0x91, 0x63, 0xD6, 0x9F, 0x57, 0x58,
    0xB2, 0xD2, 0x0C, 0xC6, 0x36, 0x34, 0xBB, 0xCB, 0x3A, 0x64, 0xC0, 0x65, 0x41, 0x7E, 0x0C, 0xE2,
    0x25, 0x02, 0xFD, 0xAC, 0xA9, 0x33, 0x9B, 0xE7, 0xE1, 0xA9, 0x27, 0x9A, 0x0C, 0x07, 0x3E, 0x68,
    0xB2, 0x50, 0x4C, 0x4B, 0x20, 0xF8, 0x82, 0xFA, 0x26, 0xB7, 0x0B, 0x52, 0x62, 0x55, 0x1E, 0xE4,
    0xEA, 0xD0, 0x50, 0x6D, 0xFC, 0x53, 0x8E, 0x91, 0x2A, 0xD8, 0x6F, 0x71, 0x76, 0xF4, 0x44, 0x63,
    0xB9, 0x11, 0x15, 0x39, 0x3B, 0x43, 0xBE, 0x95, 0x5B, 0xA4, 0x84, 0x46, 0x53, 0xBD, 0xC4, 0x20,
    0xDE, 0x8F, 0x5C, 0x7C, 0x21, 0xF9, 0x3E, 0xD6, 0x53, 0x77, 0x5C, 0x52, 0xD7, 0x0C, 0xD0, 0xE7,
    0xAB, 0xDB, 0x6B, 0x7D, 0x51, 0x74, 0x98, 0x6D, 0x8F, 0xCA, 0x35, 0x81, 0x82, 0xC1, 0xFE, 0x02,
    0x41, 0x50, 0xCA, 0x25, 0xF9, 0xF0, 0xCC, 0xE8, 0x3C, 0x78, 0x00, 0xAD, 0xF7, 0x3A, 0x91, 0x94,
    0xF9, 0xDB, 0x8B, 0xAB, 0x90, 0x43, 0xBB, 0x24, 0x4B, 0x10, 0x73, 0xEE, 0xFA, 0xAC, 0x93, 0x74,
    0x2B, 0x6D, 0x4C, 0xB5, 0xEE, 0x5E, 0x16, 0x5C, 0xBB, 0xE2, 0x23, 0xE8, 0xF3, 0x92, 0xA6, 0x71,
    0x00, 0xFD, 0xA3, 0x71, 0x00, 0x39, 0x7C, 0xAE, 0xAB, 0x36, 0x1A, 0xA7, 0xF1, 0x68, 0x36, 0xC4,
    0x7E, 0x25, 0xC0, 0x7D, 0xF5, 0x9C, 0xA1, 0x92, 0xC9, 0x41, 0xE3, 0x12, 0xDD, 0xF6, 0x4F, 0x7B,
    0xD1, 0x9D, 0xD0, 0x59, 0x59, 0xBF, 0x24, 0x2E, 0xE5, 0xC1, 0xC1, 0xB5, 0x8B, 0x8D, 0xD3, 0x17,
    0x16, 0xEB, 0x44, 0x0C, 0xE8, 0x1C, 0x84, 0x4B, 0x6F, 0xCA, 0x7B, 0xCC, 0x26, 0xB0, 0x09, 0xB0,
    0x73, 0x4C, 0x85, 0xDF, 0x64, 0xA8, 0xB3, 0xB8, 0xED, 0x16, 0xEF, 0x92, 0xD0, 0xB0, 0x5E, 0xE7,
    0xE8, 0xAB, 0xA2, 0x1A, 0x5A, 0x8D, 0xC6, 0xE9, 0xE3, 0x74, 0xE5, 0x5E, 0xBE, 0x12, 0xD1, 0x0C,
    0x12, 0x93, 0xE1, 0x4F, 0x74, 0x06, 0x52, 0x29, 0xB4, 0x98, 0x45, 0x52, 0x01, 0xBA, 0x04, 0x5E,
    0x31, 0xAF, 0x80, 0x21, 0x40, 0x79, 0xDB, 0xA6, 0xE0, 0x03, 0x63, 0xB6, 0x12, 0x8E, 0x81, 0x94,
    0x1A, 0xC0, 0xD9, 0x0C, 0x70, 0x76, 0x04, 0x2F, 0x44, 0xBD, 0x38, 0x0F, 0xEA, 0x54, 0x8B, 0xD4,
    0x0C, 0xAD, 0x69, 0x7C, 0x37, 0xF3, 0x46, 0x22, 0x1C, 0x7C, 0x5F, 0x99, 0x2F, 0xA1, 0xE1, 0x07,
    0x1F, 0x2B, 0xF2, 0x31, 0x8F, 0x59, 0x10, 0x73, 0x41, 0x65, 0x8B, 0x56, 0xEA, 0x71, 0x5A, 0xD3,
    0x74, 0xC9, 0x80, 0xD6, 0x74, 0xB5, 0xD1, 0xE8, 0x31, 0x6F, 0xA4, 0x15, 0x38, 0x81, 0x5A, 0xA7,
    0x33, 0x90, 0xA7, 0x0C, 0xD4, 0xEE, 0x73, 0x06, 0x70, 0x6E, 0xDF, 0x35, 0x06, 0x8F, 0xB5, 0xC3,
    0x1E, 0x7D, 0xFF, 0x01, 0xB5, 0x23, 0x4E, 0x20, 0xD8, 0xF6, 0xA7, 0x8C, 0x7B, 0xD7, 0x66, 0xC3,
    0x35, 0x8B, 0xD9, 0xA3, 0xC3, 0x6B, 0x7F, 0x40, 0x4B, 0xAB, 0x5C, 0x2F, 0x3E, 0x4F, 0x1E, 0x25,
    0xD9, 0x69, 0xF9, 0x57, 0x93, 0x16, 0x7D, 0x7C, 0xE8, 0x24, 0x08, 0x68, 0x90, 0xB0, 0x3E, 0x74,
    0x80, 0x1E, 0x7B, 0x63, 0x8A, 0x31, 0x54, 0xFF, 0x5B, 0x44, 0xF4, 0xA8, 0xFA, 0x10, 0xB1, 0x54,
    0x34, 0xA5, 0xD0, 0xE5, 0xA4, 0x7F, 0x55, 0xA9, 0xEF, 0xFF, 0x5A, 0xA8, 0xD6, 0x14, 0x5B, 0xA2,
    0x2A, 0xD9, 0x2A, 0xF7, 0xFC, 0x48, 0xC8, 0x49, 0x5D, 0x14, 0xA7, 0x60, 0xC0, 0xCF, 0x1C, 0xF5,
    0x61, 0xEC, 0x08, 0x72, 0x5F, 0xEF, 0x5B, 0x75, 0x8A, 0xD8, 0xDA, 0xF2, 0x07, 0x08, 0x5F, 0x0B,
    0xC7, 0xE6, 0xF8, 0x45, 0x71, 0x6D, 0x69, 0xA1, 0x4B, 0xDB, 0x3A, 0x17, 0x1B, 0xCD, 0x03, 0x9E,
    0xE5, 0x3A, 0xA0, 0x99, 0x3C, 0x38, 0xB3, 0xF9, 0x0D, 0x28, 0xD8, 0x45, 0xF1, 0xCF, 0x2D, 0x15,
    0x35, 0x4F, 0x6C, 0xFC, 0x9A, 0xFF, 0x82, 0xFE, 0x96, 0x42, 0x5C, 0x20, 0x22, 0xC7, 0xAC, 0x01,
    0x4C, 0x6D, 0xDA, 0xCB, 0x60, 0xB7, 0xD1, 0x24, 0xEE, 0x91, 0xF6, 0xFA, 0xF3, 0xBF, 0x07, 0x4B,
    0xA6, 0x55, 0xDC, 0x40, 0x47, 0xB4, 0x47, 0x0E, 0x00, 0x8B, 0x83, 0x2E, 0x02, 0xF3, 0x6C, 0xB3,
    0xEB, 0x8D, 0x35, 0x00, 0x2D, 0x02, 0x2F, 0x42, 0x54, 0x69, 0x1D, 0x69, 0x48, 0x98, 0x47, 0x49,
    0xE6, 0x4E, 0xA1, 0xD0, 0xB3, 0x3E, 0x46, 0x8B, 0xC2, 0x59, 0x27, 0x5E, 0xF6, 0x9F, 0xB0, 0xE2,
    0x97, 0xD5, 0x53, 0xA6, 0xC2, 0x33, 0x77, 0x78, 0x7E, 0x98, 0x36, 0x13, 0xB6, 0xD9, 0xC4, 0x10,
    0xAA, 0xA5, 0xC6, 0x49, 0xC6, 0x16, 0x9B, 0xCA, 0x0D, 0xD2, 0xAA, 0x60, 0xAC, 0x83, 0xCA, 0xD2,
    0x75, 0xB4, 0x2E, 0xCE, 0x74, 0x3A, 0xF1, 0x94, 0x07, 0x67, 0x82, 0xC6, 0x83, 0xC3, 0xA1, 0xB2,
    0x40, 0x2D, 0x7D, 0x33, 0xD0, 0xB3, 0xF0, 0x3C, 0xF4, 0x73, 0x0D, 0x7F, 0x32, 0x14, 0x15, 0xC6,
    0x55, 0xC1, 0xB9, 0x10, 0x06, 0x7B, 0xB9, 0x7E, 0x8C, 0x35, 0xC1, 0xC5, 0xD5, 0xB9, 0x45, 0x1E,
    0xAB, 0x5C, 0xE2, 0x98, 0x82, 0xAC, 0xCE, 0x9E, 0xAD, 0x22, 0x22, 0xFE, 0xE7, 0x0F, 0x31, 0x66,
    0x24, 0xF0, 0xC0, 0x1F, 0x3D, 0x6D, 0x40, 0x9A, 0xC4, 0x41, 0xB0, 0x89, 0x49, 0x8B, 0xE0, 0x05,
    0xBE, 0xBB, 0x05, 0xE8, 0x33, 0xD0, 0xE4, 0x59, 0x25, 0xBA, 0xFB, 0x54, 0x6A, 0xE3, 0xC8, 0x2B,
    0xB1, 0x9B, 0xAA, 0x13, 0x1B, 0x6D, 0xE3, 0x1E, 0x45, 0x6C, 0x13, 0x3A, 0x32, 0xF4, 0xEE, 0x80,
    0x63, 0x0C, 0xC5, 0x8D, 0xA4, 0xE5, 0x91, 0x2C, 0xFC, 0x62, 0xD2, 0xF4, 0xE2, 0x22, 0x3F, 0x74,
    0xF3, 0xDA, 0xA9, 0x3F, 0x7D, 0x4D, 0xB7, 0x65, 0xF8, 0xE7, 0x4F, 0x8C, 0x88, 0xD2, 0x6A, 0xC5,
    0x3C, 0x9B, 0x28, 0xC9, 0xDB, 0xE2, 0x33, 0x3D, 0x06, 0xC7, 0x84, 0x5A, 0x42, 0x84, 0x81, 0x26,
    0xAA, 0xB8, 0x86, 0xF9, 0x92, 0xC2, 0x7E, 0xF7, 0x09, 0xD1, 0x52, 0x77, 0x58, 0x61, 0xC3, 0x6F,
    0xF7, 0x1E, 0x0A, 0xB1, 0x25, 0xA6, 0x16, 0x6B, 0x13, 0xEE, 0xCE, 0x90, 0xDD, 0x73, 0x06, 0x0E,
    0xAE, 0xFD, 0x1E, 0xA0, 0x5E, 0x7C, 0x82, 0x73, 0xF3, 0xD7, 0xFE, 0xA6, 0xB9, 0x72, 0xE3, 0xE4,
    0xAD, 0xE3, 0xB8, 0x84, 0x5D, 0x85, 0xB6, 0x01, 0x3A, 0xD8, 0x50, 0xE1, 0x7F, 0xC3, 0x6B, 0xA5,
    0xFE, 0xE9, 0x2D, 0xFA, 0xCB, 0x2D, 0x3E, 0x4C, 0xE9, 0x1C, 0xD1, 0x2C, 0x40, 0xB5, 0xE5, 0x24,
    0x7C, 0xA5, 0xF3, 0x36, 0x3F, 0xC5, 0x15, 0xF0, 0x5E, 0x96, 0x40, 0x9E, 0x67, 0x04, 0x98, 0x54,
    0x85, 0x15, 0x81, 0xAA, 0x4F, 0xAF, 0xF5, 0x87, 0x2D, 0xA2, 0xF0, 0x43, 0x5F, 0x9F, 0x33, 0x64,
    0x6C, 0x76, 0x97, 0x07, 0x35, 0xD8, 0x81, 0xAE, 0x38, 0xA9, 0x26, 0x28, 0xC7, 0x69, 0x9E, 0x31,
    0x12, 0xF9, 0xE5, 0x79, 0x34, 0x7F, 0x6D, 0xB1, 0xB3, 0xD2, 0x31, 0xAB, 0x53, 0x8D, 0x31, 0x37,
    0x1E, 0x44, 0xC4, 0xAD, 0xED, 0xA3, 0xF3, 0x9B, 0xC4, 0x99, 0xAE, 0xCA, 0xF9, 0xBE, 0x66, 0xAC,
    0x8C, 0x22, 0xBE, 0x9F, 0xC4, 0x73, 0xF8, 0xF8, 0xD5, 0x81, 0x50, 0x5D, 0x34, 0xEF, 0xD7, 0x82,
    0x56, 0x16, 0x40, 0x4E, 0xA3, 0x6E, 0x09, 0xA0, 0xEA, 0x85, 0x8E, 0x39, 0xEE, 0x0E, 0x05, 0xFD,
    0xB3, 0x82, 0x81, 0xF7, 0x31, 0x3C, 0xBB, 0xC3, 0x25, 0x74, 0x3F, 0xCD, 0xB3, 0x26, 0xB1, 0xA9,
    0x91, 0x04, 0x5B, 0xEF, 0x5C, 0x47, 0xCA, 0xFA, 0x4D, 0x7C, 0x9F, 0xBD, 0x22, 0x1E, 0x54, 0xA7,
    0x58, 0x5F, 0x94, 0xE3, 0x7B, 0x15, 0xDB, 0xC0, 0x49, 0xD4, 0xC8, 0xD5, 0xE1, 0xB5, 0x8B, 0xB9,
    0xCF, 0xF2, 0x9F, 0x6E, 0x22, 0x18, 0x8C, 0xDA, 0x17, 0xEE, 0x83, 0xC0, 0x1C, 0xCE, 0xFE, 0x06,
    0xB1, 0x9D, 0x29, 0xCF, 0xB2, 0x77, 0xA1, 0xD1, 0x78, 0x16, 0x28, 0x5A, 0x71, 0x78, 0x45, 0xB0,
    0xAD, 0xC5, 0xCF, 0x51, 0x9C, 0x67, 0xCF, 0x2B, 0xB5, 0x8F, 0x3D, 0xCA, 0x8F, 0xB5, 0x38, 0x3C,
    0x9C, 0x79, 0x8B, 0x21, 0xA9, 0x5E, 0x5C, 0x13, 0xC3, 0x54, 0x36, 0x30, 0x1E, 0x53, 0x89, 0x0B,
    0x24, 0x4D, 0x58, 0x0C, 0x59, 0x1C, 0xF3, 0xD2, 0x52, 0xED, 0x0F, 0x8A, 0x48, 0x1D, 0x1C, 0x04,
    0x23, 0xEA, 0x34, 0xAC, 0xA3, 0xF3, 0xCA, 0xBA, 0x36, 0x11, 0x5F, 0xC6, 0x11, 0xA6, 0x2D, 0x22,
    0x75, 0x2D, 0x50, 0xB8, 0x1E, 0x3A, 0x3F, 0x20, 0x61, 0x94, 0x64, 0xE0, 0x95, 0xCE, 0xE8, 0xCA,
    0xFA, 0xC5, 0x8A, 0x38, 0x25, 0xCA, 0xE2, 0x81, 0x10, 0x7E, 0xA2, 0x17, 0xD8, 0x91, 0x4B, 0x40,
    0x64, 0x50, 0x73, 0x30, 0x92, 0xC5, 0xC2, 0x34, 0x83, 0x71, 0xF2, 0x1A, 0x9F, 0x2F, 0xCC, 0xA2,
    0xB9, 0x78, 0x57, 0x69, 0x3C, 0x3A, 0x8D, 0xA9, 0x98, 0x3D, 0x63, 0xF8, 0xDC, 0xD3, 0xE9, 0x8C,
    0x98, 0xD8, 0x8C, 0x03, 0x5B, 0x5F, 0x9B, 0x04, 0xB6, 0xDE, 0x11, 0xD1, 0xDA, 0x90, 0x00, 0x55,
    0x13, 0x40, 0xD0, 0x30, 0xB4, 0xC0, 0x8A, 0x16, 0xB1, 0xAE, 0x10, 0x3D, 0x73, 0x0F, 0xB0, 0xAF,
    0x24, 0x9B, 0x97, 0x20, 0x47, 0x26, 0xF0, 0x03, 0x7D, 0x70, 0x32, 0xD9, 0x38, 0x4E, 0x72, 0xE4,
    0xDD, 0xAE, 0xB4, 0xE8, 0xDC, 0x22, 0x62, 0x39, 0x12, 0x7A, 0x7B, 0xF7, 0x6F, 0xD1, 0x7D, 0x17,
    0x69, 0xD6, 0xE1, 0x1C, 0x31, 0x1B, 0x00, 0xC9, 0x2F, 0x80, 0xE7, 0xBA, 0xB3, 0x78, 0x0A, 0xE4,
    0x9E, 0x04, 0xA1, 0x27, 0xFB, 0xE8, 0xCA, 0xCB, 0xF7, 0xFF, 0x08, 0x86, 0x4A, 0xCE, 0x40, 0x72,
    0x24, 0x1F, 0x54, 0xF2, 0xF1, 0x07, 0x76, 0x06, 0xBD, 0xBA, 0xBC, 0xC2, 0x5B, 0xEE, 0x3A, 0x68,
    0x41, 0xCB, 0x15, 0x42, 0xCD, 0x70, 0x70, 0xED, 0xBB, 0x09, 0xD3, 0x82, 0x9F, 0xE0, 0x92, 0xF9,
    0x6B, 0x27, 0xCD, 0x95, 0x89, 0xDC, 0x97, 0xD8, 0x09, 0xE0, 0x3B, 0x76, 0x72, 0x94, 0xE0, 0x65,
    0x3B, 0x69, 0xAA, 0xD6, 0x49, 0x86, 0xF6, 0x4F, 0x00, 0x6E, 0xF1, 0x83, 0x97, 0xED, 0xB4, 0x59,
    0x1F, 0x7A, 0xCF, 0x10, 0x21, 0xAB, 0xB6, 0xBC, 0xBF, 0x7E, 0x85, 0x44, 0xA3, 0x96, 0x17, 0xF1,
    0x7D, 0xFE, 0x03, 0x76, 0xF2, 0x18, 0xC1, 0x7E, 0x3B, 0x09, 0x27, 0x50, 0x12, 0xA8, 0x0A, 0x84,
    0xFE, 0x95, 0xF5, 0xD5, 0x60, 0xD0, 0x13, 0x5A, 0xF0, 0xED, 0x29, 0xD6, 0x30, 0x65, 0xA4, 0x54,
    0x63, 0x4E, 0xA9, 0x27, 0x50, 0xE2, 0x33, 0x02, 0xC4, 0x37, 0xBD, 0x27, 0x13, 0xDD, 0x2F, 0xFE,
    0x8F, 0xC0, 0xD6, 0x73, 0x5F, 0xDF, 0x88, 0xAA, 0x10, 0x39, 0x99, 0x61, 0xC2, 0xCA, 0x98, 0x61,
    0xA6, 0xEB, 0x20, 0x3E, 0x40, 0x93, 0x50, 0xEF, 0xA3, 0x3E, 0x89, 0xD5, 0xCF, 0xD9, 0x05, 0x61,
    0x15, 0x1C, 0xD7, 0x14, 0x8C, 0x30, 0x27, 0xF3, 0xBE, 0x3E, 0x78, 0xA5, 0x58, 0xBF, 0x74, 0x0E,
    0x6E, 0x14, 0x76, 0x6F, 0x7B, 0x7D, 0x26, 0xBF, 0x95, 0x16, 0xB3, 0xA4, 0x56, 0x6B, 0x15, 0x54,
    0x58, 0xC3, 0x9D, 0xA7, 0xBD, 0xB4, 0x45, 0xEC, 0x54, 0xB7, 0x55, 0xCB, 0x21, 0xEA, 0xBD, 0x8A,
    0xF9, 0x5E, 0xD7, 0x73, 0x04, 0x73, 0x70, 0x79, 0xB7, 0xEE, 0x30, 0x52, 0xC2, 0x6A, 0x1E, 0x1A,
    0xE4, 0x99, 0xDF, 0xB4, 0x1A, 0x67, 0xA1, 0xA4, 0x37, 0x1D, 0x13, 0xA9, 0x62, 0xFD, 0x5A, 0xE3,
    0xD7, 0x8E, 0x13, 0x3D, 0x3B, 0xFF, 0x30, 0x0B, 0x87, 0x45, 0xE6, 0x83, 0xB0, 0xD1, 0x7A, 0x77,
    0xE1, 0x2A, 0xA0, 0xFB, 0x20, 0xC9, 0x10, 0xEE, 0xEB, 0x74, 0x36, 0x5F, 0x85, 0x67, 0x4C, 0xE8,
    0x19, 0x3D, 0xE7, 0x37, 0xF8, 0x39, 0x91, 0x4C, 0xE8, 0x76, 0xCA, 0xFD, 0xE5, 0x16, 0x37, 0x4F,
    0x6E, 0x34, 0x1A, 0x90, 0x6A, 0x44, 0xC8, 0x69, 0xCE, 0x9E, 0xBE, 0x00, 0x7A, 0xD1, 0xA4, 0xD7,
    0xFB, 0xFC, 0xBC, 0x90, 0x3F, 0xA4, 0x49, 0xCC, 0xB0, 0xC5, 0x78, 0xF6, 0xB6, 0x38, 0x00, 0x64,
    0x2D, 0x34, 0xD9, 0xCA, 0x0E, 0x3C, 0xB4, 0x45, 0xCF, 0xF4, 0x07, 0x34, 0x59, 0x5D, 0x52, 0x78,
    0xB4, 0xFF, 0xD1, 0x64, 0x05, 0xE1, 0xE7, 0x51, 0xA3, 0xE5, 0x87, 0xA6, 0x5D, 0x93, 0x88, 0x17,
    0xE3, 0xAC, 0x31, 0xA2, 0xEF, 0x18, 0x2B, 0xC5, 0x4F, 0x62, 0xD0, 0x83, 0x4A, 0xF1, 0x39, 0x23,
    0xCD, 0xA9, 0xE7, 0x75, 0x73, 0x3F, 0xC7, 0x1F, 0xA7, 0x42, 0x7F, 0x82, 0x48, 0x22, 0x38, 0x96,
    0x11, 0xF2, 0x4E, 0xF4, 0x71, 0x00, 0x47, 0x89, 0x0A, 0xFF, 0x4A, 0x06, 0x81, 0x45, 0xD5, 0x84,
    0x9E, 0x59, 0xFD, 0x8C, 0xA7, 0x41, 0x65, 0x4B, 0xE4, 0x87, 0xFA, 0xAA, 0xBC, 0x77, 0x6E, 0xFA,
    0xFD, 0x5F, 0x05, 0x5B, 0xE0, 0x07, 0x1D, 0x92, 0xE4, 0x24, 0x4E, 0xDA, 0xD7, 0xB3, 0x12, 0x18,
    0x7E, 0x07, 0x4F, 0xF5, 0x8E, 0x09, 0xB5, 0xE4, 0xE0, 0xEA, 0x31, 0x6F, 0xA9, 0xAA, 0x81, 0x88,
    0x40, 0xDF, 0x3F, 0x4E, 0x94, 0x1A, 0x1A, 0x7C, 0xBD, 0xD8, 0x18, 0x5D, 0xD9, 0xBC, 0x3C, 0xBF,
    0xF4, 0xAB, 0x03, 0x66, 0xB5, 0x9E, 0x40, 0x20, 0x50, 0x5B, 0x3A, 0x41, 0x2B, 0x3C, 0x0C, 0xDB,
    0xCC, 0x22, 0x1F, 0x5D, 0xEE, 0x6C, 0x5E, 0x22, 0xFD, 0x03, 0xAE, 0xC1, 0x3D, 0x45, 0x06, 0x20,
    0xC1, 0x13, 0x50, 0x6E, 0xA9, 0x65, 0x7A, 0x8A, 0x48, 0x59, 0x10, 0x88, 0xE9, 0x3E, 0x18, 0xDD,
    0x9A, 0xC2, 0xC5, 0x77, 0x02, 0x5D, 0xD9, 0x91, 0x2B, 0x0B, 0xD2, 0x03, 0x10, 0xCF, 0x44, 0x7A,
    0x40, 0x53, 0x7C, 0x93, 0x73, 0xD2, 0x86, 0xD9, 0x68, 0x56, 0x48, 0xBC, 0x7F, 0x07, 0x58, 0xA7,
    0x2E, 0x40, 0xE1, 0x60, 0xD2, 0x79, 0x70, 0xED, 0x7F, 0x5D, 0x59, 0x5F, 0xE9, 0x10, 0xB3, 0xC1,
    0x39, 0x9A, 0x7B, 0x3B, 0x6F, 0xD8, 0x13, 0x3D, 0xB0, 0x53, 0xBA, 0x18, 0xA8, 0xF0, 0x6F, 0x32,
    0xB4, 0x3F, 0xA1, 0xE9, 0x4A, 0xB4, 0xE0, 0x1D, 0x40, 0x7D, 0x68, 0x01, 0xAA, 0x2D, 0x44, 0x76,
    0xF7, 0x26, 0x57, 0x5A, 0x9B, 0x2B, 0xEB, 0x00, 0x9C, 0xBB, 0x03, 0xE8, 0x4A, 0x22, 0x2C, 0x7C,
    0x25, 0x75, 0x15, 0xC0, 0xD7, 0x68, 0x5D, 0x73, 0xEC, 0xA8, 0xBF, 0x23, 0xF2, 0x68, 0x22, 0x37,
    0x6A, 0xE3, 0xD3, 0x19, 0x23, 0xCB, 0x91, 0x34, 0x1A, 0x32, 0x2F, 0x88, 0xA9, 0xE0, 0x38, 0xB5,
    0x65, 0xFB, 0xFC, 0x15, 0x3D, 0x7D, 0xFF, 0x2E, 0x79, 0xF4, 0xA4, 0xC8, 0x17, 0xED, 0xCF, 0x19,
    0xDD, 0x42, 0x42, 0xCE, 0x88, 0x6F, 0x7E, 0x13, 0x58, 0x45, 0x68, 0xA5, 0x91, 0x0B, 0x7C, 0x92,
    0x13, 0x18, 0xF9, 0x39, 0x56, 0x2E, 0xC7, 0xED, 0xA1, 0xA0, 0xF3, 0x23, 0x13, 0xF9, 0xF5, 0xF2,
    0x2B, 0x22, 0x17, 0x38, 0x50, 0x7F, 0x83, 0xC1, 0x12, 0x6C, 0x1C, 0x34, 0xCF, 0xCE, 0xD1, 0x90,
    0x8F, 0x76, 0x47, 0x85, 0xE0, 0x0B, 0xAD, 0xB3, 0xB1, 0xA5, 0xAD, 0x15, 0x84, 0xBD, 0x69, 0xA7,
    0x18, 0x2D, 0xEE, 0xF2, 0x5C, 0x9D, 0xD9, 0x8C, 0x98, 0x29, 0x17, 0xFF, 0x10, 0xEA, 0xF8, 0xD7,
    0x37, 0x4E, 0xA3, 0xB3, 0x2C, 0xCD, 0xAA, 0xFA, 0xF6, 0x95, 0x33, 0x02, 0x6B, 0xE1, 0x99, 0xF3,
    0x96, 0x76, 0x6F, 0x87, 0xFD, 0xCC, 0x2A, 0xDE, 0x8C, 0xC3, 0xF9, 0xEC, 0x50, 0xF1, 0x52, 0x44,
    0xBD, 0x5E, 0xE4, 0x2E, 0xE0, 0x75, 0xCD, 0x40, 0x97, 0x14, 0xB8, 0x64, 0x02, 0xE6, 0xE0, 0x2E,
    0xA8, 0xCA, 0x95, 0x24, 0x47, 0x54, 0x32, 0x86, 0x20, 0x71, 0x23, 0x8E, 0xAA, 0xB1, 0xB8, 0x05,
    0x8B, 0x4C, 0x0E, 0xB6, 0x15, 0x9C, 0x4A, 0x8B, 0x9D, 0x3C, 0xA3, 0x90, 0x24, 0x09, 0xA2, 0x98,
    0xE1, 0x15, 0x00, 0x1E, 0x76, 0x66, 0xF3, 0x3B, 0x80, 0x7E, 0xF1, 0xD6, 0xAB, 0xE1, 0x99, 0xEC,
    0xC4, 0xC6, 0xD3, 0x5B, 0x72, 0x09, 0x0E, 0xDE, 0x01, 0x2C, 0xB7, 0xFC, 0xFC, 0x4F, 0xA8, 0xB5,
    0xE7, 0x41, 0xAF, 0x21, 0xD0, 0x89, 0xFC, 0xD7, 0xA7, 0x46, 0x5F, 0x6B, 0x44, 0xE7, 0xB4, 0xCF,
    0x26, 0x67, 0xED, 0x92, 0xFA, 0x9F, 0x70, 0x68, 0x30, 0xC7, 0x0B, 0x2F, 0x21, 0x33, 0x84, 0xF8,
    0xE2, 0x0B, 0x39, 0x07, 0x11, 0x17, 0x1C, 0xB9, 0x64, 0x09, 0x65, 0x47, 0x20, 0x46, 0x5D, 0xAF,
    0x8C, 0xAC, 0xFE, 0xA0, 0x92, 0xF6, 0xCF, 0xAB, 0x3D, 0xF9, 0xD8, 0xED, 0x0A, 0x3D, 0x60, 0x11,
    0x6D, 0x2A, 0x49, 0xFC, 0x53, 0x19, 0x26, 0x95, 0x8C, 0xED, 0xFB, 0x56, 0x56, 0x11, 0xE0, 0x73,
    0x34, 0x0E, 0x25, 0xD6, 0x0C, 0xDE, 0x80, 0x0B, 0xE0, 0xC4, 0xC6, 0x53, 0x90, 0x3C, 0xAC, 0xCC,
    0x85, 0xE7, 0x77, 0x1B, 0xCC, 0x41, 0x81, 0xA7, 0xF8, 0x20, 0x8D, 0x03, 0x01, 0x8D, 0x03, 0x0E,
    0x16, 0x7A, 0x0F, 0xC9, 0x2A, 0xD1, 0x6B, 0x19, 0x8B, 0xF1, 0xC6, 0x46, 0x64, 0x65, 0x6D, 0x79,
    0x91, 0x01, 0xCE, 0x36, 0x20, 0xF0, 0xDF, 0xE4, 0x08, 0xD0, 0xBA, 0x8D, 0x4F, 0xB2, 0x49, 0x92,
    0x53, 0xED, 0xAC, 0x9F, 0xD1, 0x9C, 0xAA, 0x23, 0xCE, 0xCB, 0xD6, 0xDB, 0x73, 0x69, 0x8E, 0x53,
    0xB4, 0xBA, 0xF4, 0x4F, 0xC8, 0x18, 0x0A, 0xCE, 0x2F, 0x1D, 0xE7, 0x48, 0xE6, 0x3A, 0x2C, 0x2A,
    0xF8, 0x7B, 0xE3, 0xF8, 0x6B, 0x0D, 0x75, 0x70, 0xF3, 0x85, 0x77, 0x22, 0xA6, 0xCD, 0x37, 0xAE,
    0x27, 0x1B, 0xD7, 0xD4, 0xFC, 0xED, 0xA7, 0xAD, 0x0F, 0x32, 0xA2, 0xB5, 0xDD, 0x4A, 0xF1, 0xA9,
    0x6E, 0x02, 0x7F, 0xFA, 0x3F, 0xD0, 0x7C, 0xC5, 0x17, 0xFE, 0xA2, 0xA6, 0x5F, 0xDD, 0x7D, 0x9D,
    0x57, 0xAE, 0x5E, 0x55, 0x90, 0x54, 0xFE, 0xFC, 0x71, 0xC8, 0xD0, 0xFF, 0xB7, 0xCA, 0x8E, 0x6A,
    0x9A, 0xCF, 0x3F, 0x52, 0x59, 0x95, 0xBE, 0x6F, 0xE0, 0x77, 0xB2, 0x72, 0xAA, 0xCA, 0xB9, 0x8F,
    0x29, 0x42, 0xD7, 0xED, 0x57, 0x19, 0x68, 0x3A, 0x23, 0x32, 0xE2, 0xFC, 0x2B, 0x06, 0x69, 0x26,
    0x99, 0xF3, 0xCB, 0x99, 0x60, 0xAE, 0x19, 0x7F, 0x9C, 0xB5, 0xD4, 0x3E, 0xBD, 0xFF, 0xD0, 0xC7,
    0x09, 0xA9, 0xE3, 0xD9, 0x7E, 0xFF, 0x2D, 0x64, 0xC4, 0xA9, 0x3B, 0x65, 0xE8, 0x59, 0xF8, 0x5B,
    0xC2, 0x3D, 0xD4, 0x4F, 0xA0, 0x09, 0xCE, 0xE6, 0x8A, 0x1C, 0x7F, 0xB4, 0xE4, 0x70, 0xD4, 0x63,
    0x58, 0x12, 0x5D, 0x74, 0xA1, 0xE4, 0xC1, 0xF7, 0xA2, 0x1F, 0x2E, 0xED, 0x07, 0x4F, 0x3D, 0x6D,
    0x64, 0x66, 0xDF, 0x20, 0x49, 0x93, 0x5A, 0x72, 0x60, 0x7E, 0xD4, 0x92, 0x68, 0xC8, 0x12, 0x02,
    0x1F, 0x6B, 0x7A, 0x58, 0x72, 0x11, 0xB5, 0xF6, 0x05, 0x89, 0x19, 0x23, 0x75, 0x68, 0xD4, 0x8E,
    0x67, 0x49, 0xA2, 0xA8, 0x0F, 0x1F, 0x60, 0x49, 0xF2, 0x31, 0xA2, 0x25, 0x7D, 0xA3, 0xB3, 0x96,
    0xD4, 0x0E, 0x1C, 0xD3, 0x96, 0x09, 0x8D, 0xDA, 0x75, 0x7E, 0x13, 0x3A, 0xCA, 0xBE, 0xA1, 0x9C,
    0x27, 0x6A, 0xCD, 0x02, 0x06, 0xE9, 0x08, 0xD1, 0x34, 0x2D, 0xC8, 0x48, 0x74, 0x3D, 0x0E, 0x60,
    0x07, 0x79, 0xA6, 0x5E, 0x6B, 0xB4, 0x38, 0x00, 0x18, 0x26, 0x07, 0x81, 0xDF, 0xDC, 0x8C, 0x5E,
    0xEF, 0xC0, 0x06, 0x18, 0xE1, 0x92, 0x13, 0x1B, 0xE6, 0xBE, 0x83, 0x9D, 0x7F, 0xD0, 0xB9, 0x48,
    0xFA, 0x4A, 0xF1, 0x66, 0x41, 0x44, 0xF4, 0x21, 0xE7, 0xCD, 0xE8, 0xEA, 0x18, 0x3E, 0xFC, 0x2F,
    0x19, 0x8A, 0xD3, 0x57, 0xDE, 0x5C, 0xD7, 0xC1, 0x88, 0x2F, 0x29, 0x84, 0xCE, 0x7E, 0x5F, 0x40,
    0x26, 0xFB, 0x60, 0x02, 0xEC, 0x89, 0x21, 0x08, 0xFA, 0x1C, 0xCA, 0x79, 0xAD, 0x89, 0x6F, 0x71,
    0xF3, 0x66, 0x25, 0xA6, 0x05, 0x1C, 0x37, 0xBD, 0x41, 0xE5, 0x03, 0xE2, 0x59, 0x6A, 0x10, 0x24,
    0x11, 0xC1, 0xDC, 0xF6, 0xF8, 0x1C, 0xFF, 0x92, 0xC4, 0xB1, 0x5D, 0x39, 0x5B, 0xF7, 0xB9, 0x92,
    0x83, 0x81, 0x17, 0x25, 0xD3, 0x6C, 0x38, 0x06, 0xF6, 0x58, 0xE7, 0x6C, 0x08, 0x72, 0x38, 0xCD,
    0x8F, 0xD5, 0x19, 0x5A, 0x04, 0x18, 0x39, 0x35, 0x94, 0xC4, 0xC1, 0xFA, 0x31, 0x16, 0xEF, 0xFD,
    0x8F, 0x25, 0x50, 0x4D, 0xF2, 0x1E, 0x02, 0x56, 0x6C, 0xF6, 0x14, 0xFF, 0x6C, 0x14, 0xA9, 0x3D,
    0x24, 0x7C, 0xF7, 0x47, 0xD4, 0x7D, 0xF4, 0xBF, 0xC4, 0xBC, 0x11, 0x78, 0x79, 0x48, 0xEF, 0x0E,
    0x12, 0x9B, 0xF6, 0x20, 0xCC, 0x8A, 0x07, 0xC1, 0x17, 0x0F, 0x82, 0xCF, 0xA1, 0x5E, 0x00, 0x0F,
    0x2C, 0x4B, 0x89, 0x14, 0xAB, 0x7A, 0x41, 0xE3, 0xD4, 0x79, 0x82, 0x3A, 0x07, 0xA8, 0xF5, 0xDA,
    0x31, 0x74, 0xAC, 0x5E, 0xC1, 0x59, 0x4D, 0xAF, 0x7F, 0x96, 0x40, 0x02, 0xFB, 0xE3, 0x0F, 0x32,
    0x78, 0xF0, 0x7B, 0x08, 0x73, 0x45, 0xA4, 0x5F, 0x77, 0x95, 0xA1, 0x95, 0x93, 0x84, 0x31, 0x40,
    0x2C, 0x5F, 0x40, 0x5F, 0x46, 0xBA, 0x7E, 0x65, 0xD4, 0x53, 0x7E, 0xA2, 0xEA, 0xF0, 0xA0, 0x91,
    0xDA, 0x46, 0x97, 0xB4, 0x45, 0x87, 0x19, 0xC0, 0xBA, 0xD1, 0x73, 0x75, 0x1D, 0x4E, 0x94, 0x4A,
    0x02, 0xE3, 0xCE, 0x6B, 0x23, 0x45, 0x54, 0x41, 0xF5, 0x38, 0x37, 0x62, 0x92, 0x3F, 0x3A, 0x65,
    0x52, 0x26, 0x55, 0x08, 0x53, 0xAD, 0x5E, 0x8C, 0xD0, 0xA2, 0xC3, 0x9D, 0x35, 0xF1, 0x89, 0x94,
    0xC5, 0x27, 0x52, 0x76, 0xB8, 0x5F, 0xCB, 0x1E, 0x87, 0x82, 0x94, 0x7D, 0x44, 0xB1, 0xA8, 0x72,
    0x90, 0x60, 0xE9, 0x96, 0xEB, 0x89, 0x1F, 0x05, 0xC5, 0xA8, 0x9F, 0x92, 0x58, 0x5A, 0x8C, 0x7E,
    0x9E, 0x05, 0x44, 0x64, 0x2D, 0x4D, 0x5A, 0x1C, 0xD1, 0x5A, 0x04, 0xEB, 0x41, 0xF9, 0xED, 0xAD,
    0x8A, 0x91, 0x6E, 0xC0, 0x50, 0x11, 0x23, 0x0A, 0xE9, 0x25, 0x00, 0x6A, 0x43, 0xA0, 0x9E, 0x45,
    0x1B, 0x82, 0x43, 0x23, 0xB4, 0xA1, 0x52, 0xA4, 0xD6, 0xF0, 0x9A, 0xAA, 0xDF, 0x56, 0x68, 0x03,
    0xB5, 0x82, 0xDE, 0xA0, 0x0F, 0x28, 0x5B, 0xDA, 0x80, 0xCF, 0xFC, 0xB6, 0xDA, 0xCE, 0x80, 0x9D,
    0x35, 0xD1, 0x48, 0x81, 0x09, 0x06, 0x2A, 0x9B, 0x30, 0x56, 0xB6, 0x3A, 0xDB, 0x12, 0x6B, 0x44,
    0xD4, 0x59, 0xB7, 0x0C, 0x82, 0xC7, 0xCE, 0x2E, 0x35, 0x16, 0x59, 0xF6, 0x6C, 0x21, 0xD2, 0x8D,
    0x03, 0x3E, 0x9C, 0x1C, 0x2D, 0x26, 0x1C, 0xA0, 0xC9, 0xED, 0xE2, 0xED, 0x21, 0x87, 0x77, 0x16,
    0xEF, 0x23, 0x3D, 0x8C, 0x64, 0xD1, 0xD1, 0x02, 0xDA, 0xDC, 0x72, 0xFE, 0xAF, 0x00, 0xF4, 0xA9,
    0xE9, 0x26, 0x3E, 0x5E, 0x48, 0xE8, 0x7D, 0x8F, 0x7B, 0x3B, 0x71, 0x21, 0x13, 0x77, 0xDD, 0xD8,
    0xE1, 0x6F, 0x74, 0x63, 0x3B, 0x17, 0x44, 0x9E, 0x23, 0xC2, 0x80, 0xFC, 0x91, 0xE2, 0x38, 0xA0,
    0x7A, 0x25, 0xA2, 0xF9, 0xE8, 0x45, 0x43, 0x2F, 0xC5, 0x1C, 0x78, 0x5A, 0xD3, 0x05, 0x75, 0xAF,
    0xA8, 0xC7, 0xAA, 0xAF, 0x8E, 0xB8, 0x5B, 0xA4, 0xF5, 0x3E, 0x7C, 0x87, 0x93, 0x3C, 0x10, 0x23,
    0x65, 0x20, 0x1A, 0x4F, 0x20, 0xB6, 0xCA, 0x40, 0x92, 0x1C, 0x02, 0xCE, 0xAC, 0xA3, 0x56, 0xBD,
    0x49, 0x63, 0x44, 0x8D, 0x7A, 0x0B, 0x43, 0x45, 0xA4, 0x11, 0x01, 0x47, 0x24, 0x4D, 0x27, 0x9C,
    0x1C, 0x8C, 0x31, 0x22, 0xC0, 0x18, 0xA9, 0xC0, 0xC2, 0x18, 0xCD, 0x9E, 0x3D, 0xF1, 0x01, 0x8D,
    0x11, 0xF5, 0x08, 0x22, 0x29, 0x2A, 0x9D, 0x15, 0x8C, 0x11, 0xA6, 0x5F, 0x2B, 0x67, 0xA8, 0x6B,
    0x86, 0x20, 0x63, 0xF0, 0x13, 0xF9, 0x2B, 0x65, 0x80, 0xB7, 0xB5, 0x28, 0xAC, 0xC1, 0x10, 0xE0,
    0x65, 0x75, 0xF4, 0x79, 0x3F, 0xF2, 0xD3, 0xB2, 0x72, 0xB6, 0x14, 0xDA, 0x8F, 0x2F, 0xEA, 0x4E,
    0x25, 0xF1, 0xCE, 0x48, 0xF8, 0x58, 0x49, 0xDA, 0xB0, 0x20, 0x11, 0x5E, 0x18, 0x20, 0xD7, 0x48,
    0x2C, 0x3C, 0x3C, 0x87, 0x3B, 0x9D, 0x8B, 0xA0, 0x56, 0xD1, 0x0C, 0x51, 0xBF, 0x81, 0x9D, 0x85,
    0x30, 0x93, 0x39, 0x49, 0x60, 0x67, 0x2E, 0x27, 0x56, 0x52, 0x27, 0x52, 0x63, 0xDF, 0x24, 0xF6,
    0x5F, 0x55, 0xFF, 0xDE, 0xC7, 0xDA, 0x57, 0xAB, 0x51, 0xAB, 0x42, 0x32, 0xD7, 0x7F, 0x90, 0xE5,
    0x0F, 0x21, 0xB4, 0x73, 0xA0, 0x55, 0x08, 0xCF, 0x03, 0x0B, 0xC9, 0xF8, 0x64, 0x44, 0xB4, 0x52,
    0x2F, 0xC3, 0xC9, 0x1E, 0x68, 0x8E, 0x17, 0xAB, 0xAD, 0x4A, 0x7C, 0x6B, 0x4D, 0x55, 0x06, 0x30,
    0x96, 0x47, 0x4B, 0x4B, 0x74, 0xA1, 0x67, 0xE5, 0x95, 0xA8, 0x0D, 0xD3, 0xA8, 0x87, 0x88, 0x89,
    0x7E, 0x64, 0x0F, 0xE7, 0x98, 0xE2, 0x9D, 0x1B, 0xB7, 0x61, 0x0F, 0xAF, 0xF6, 0x59, 0xEF, 0x79,
    0x68, 0x5C, 0xBE, 0xF7, 0x22, 0xB2, 0xC1, 0xBD, 0xA7, 0x5F, 0x42, 0xC2, 0x93, 0xF3, 0xD6, 0xCB,
    0xB8, 0xD4, 0x7E, 0xFA, 0xEF, 0xA3, 0xC9, 0x34, 0x0E, 0x39, 0x7D, 0xFC, 0x99, 0xFE, 0xE6, 0x25,
    0xAC, 0x95, 0x7A, 0x6E, 0x21, 0x86, 0xA5, 0xBF, 0xE6, 0xD0, 0x57, 0x3B, 0x3F, 0xFB, 0xCE, 0x7B,
    0x39, 0xAD, 0x95, 0xEF, 0xBC, 0xF0, 0x16, 0x11, 0x84, 0x6B, 0x34, 0x25, 0x42, 0x5F, 0xFD, 0xCA,
    0x8C, 0xAA, 0x85, 0x70, 0xB1, 0xAA, 0x5F, 0x28, 0x55, 0xD5, 0xFC, 0x72, 0x23, 0xF2, 0x11, 0xB3,
    0x58, 0x24, 0x7E, 0x4F, 0xCD, 0x6F, 0x9C, 0x4A, 0x5C, 0x24, 0x1C, 0xD3, 0xBD, 0x1A, 0xA1, 0xDA,
    0x68, 0x83, 0x9B, 0x87, 0x1C, 0x71, 0xDB, 0xCF, 0x39, 0x6E, 0x81, 0x58, 0xC4, 0x12, 0xD1, 0xBB,
    0x4A, 0x9F, 0xA4, 0xCC, 0x78, 0xCF, 0x70, 0xBF, 0x97, 0xBA, 0x9A, 0xB4, 0xB2, 0x76, 0xA4, 0x86,
    0xFF, 0x11, 0xAB, 0x45, 0x8F, 0x4F, 0xCD, 0xA5, 0x19, 0x89, 0xD8, 0xA3, 0x36, 0x1C, 0x5E, 0x59,
    0xBF, 0x68, 0x7A, 0x7E, 0x55, 0x0E, 0xD2, 0xB4, 0x39, 0xB8, 0xD2, 0x79, 0x61, 0xF3, 0xCA, 0x47,
    0xA4, 0xEF, 0x50, 0x27, 0xC7, 0x0F, 0x7B, 0x4F, 0xBE, 0xDF, 0xF3, 0x15, 0xC1, 0x8F, 0x16, 0xCA,
    0xB0, 0xB4, 0x24, 0x7E, 0x0B, 0x96, 0x9A, 0x18, 0x51, 0x0E, 0xF5, 0x01, 0x68, 0xAB, 0xF5, 0xC5,
    0xD9, 0x88, 0xF4, 0xAC, 0xE0, 0xAD, 0x63, 0x6F, 0x6C, 0x55, 0xD2, 0x35, 0x2F, 0xF2, 0x33, 0x77,
    0xF0, 0xC8, 0x9E, 0x68, 0x1F, 0x2D, 0xD1, 0x3D, 0xF0, 0x40, 0x77, 0x62, 0x63, 0x78, 0xB1, 0xD8,
    0xD4, 0x12, 0x8D, 0xA9, 0x37, 0x69, 0xE1, 0x50, 0x4D, 0xAB, 0xCC, 0xC0, 0x08, 0x5E, 0x93, 0xBF,
    0xD8, 0x28, 0xB3, 0x8C, 0x2B, 0xC7, 0xF1, 0x67, 0x67, 0xF8, 0x29, 0x97, 0x26, 0x29, 0x20, 0x96,
    0x71, 0x7F, 0x0D, 0xB7, 0x33, 0x7C, 0x95, 0x98, 0xCB, 0x89, 0x82, 0xFD, 0xED, 0x3B, 0xE3, 0xD6,
    0xCA, 0x22, 0xFD, 0xF8, 0x12, 0x2E, 0xC8, 0xC1, 0x77, 0x4C, 0x1D, 0x7C, 0x09, 0x3B, 0x0F, 0x84,
    0xFC, 0xD5, 0x24, 0x4C, 0x8E, 0x1F, 0x5A, 0xB7, 0x25, 0x55, 0xE9, 0x4D, 0x26, 0x80, 0xEE, 0xC7,
    0x1C, 0x81, 0x64, 0x17, 0xF2, 0x76, 0x13, 0xB5, 0xC1, 0x11, 0x74, 0xAA, 0xFD, 0x12, 0xC7, 0x7C,
    0x90, 0x9E, 0x19, 0x71, 0x20, 0x78, 0x25, 0x57, 0x87, 0x0A, 0xC4, 0x7D, 0x9F, 0xEF, 0x7F, 0xC4,
    0xBE, 0x74, 0x7E, 0xAC, 0x75, 0x75, 0x3A, 0x7C, 0xCF, 0x32, 0x5D, 0x00, 0xE2, 0x82, 0xB6, 0x00,
    0xDD, 0x11, 0x9C, 0x11, 0x34, 0x47, 0x4F, 0x27, 0x15, 0xA8, 0x92, 0xCB, 0x4E, 0xEE, 0xBD, 0x97,
    0xC0, 0x36, 0x7F, 0x0D, 0x99, 0xB8, 0x3E, 0xA4, 0xCA, 0xFF, 0x85, 0x08, 0xFD, 0x7A, 0xE7, 0x77,
    0x71, 0x7D, 0x0D, 0x22, 0x2D, 0xAE, 0x3F, 0x71, 0x2B, 0xCA, 0x80, 0x76, 0x66, 0x0D, 0x05, 0x89,
    0xAB, 0x25, 0x6A, 0xF6, 0xE4, 0xC6, 0x71, 0xEF, 0x46, 0x82, 0xB5, 0x39, 0xB4, 0x5F, 0x4C, 0xD4,
    0x3C, 0xFD, 0xAD, 0xCC, 0x79, 0xE5, 0xFC, 0x99, 0x52, 0xFF, 0x28, 0x8B, 0xE9, 0x43, 0x95, 0xFD,
    0xE1, 0x87, 0x29, 0xA4, 0x5D, 0xE7, 0xDD, 0xEC, 0xD3, 0xE2, 0x67, 0x09, 0x62, 0xE7, 0xBF, 0xFF,
    0x11, 0xE2, 0xC3, 0x5F, 0x40, 0x74, 0x71, 0x02, 0x7D, 0x96, 0xB1, 0x6C, 0x67, 0x8F, 0x01, 0xF7,
    0xF2, 0xFD, 0xF4, 0x1C, 0xA4, 0x97, 0x00, 0xFB, 0xD2, 0x95, 0xCC, 0xD4, 0xD1, 0x2E, 0xFE, 0x4F,
    0x2D, 0xC2, 0xBC, 0x13, 0xA4, 0xDD, 0x27, 0x93, 0xE8, 0x50, 0x11, 0x7F, 0xFF, 0xDD, 0xEB, 0x37,
    0x8A, 0x8F, 0x54, 0xF7, 0xC3, 0x1B, 0x2F, 0x51, 0x9F, 0x74, 0xFF, 0xF7, 0x37, 0x9F, 0x82, 0xB4,
    0xF7, 0xDF, 0xBF, 0xED, 0x32, 0xFC, 0xBF, 0x0C, 0x76, 0x02, 0xF8, 0x97, 0x57, 0x36, 0xBF, 0x4B,
    0xF0, 0xAF, 0x8A, 0xE2, 0x07, 0xEB, 0x9D, 0x8B, 0x5D, 0x37, 0x25, 0x6E, 0xAE, 0xBB, 0x9E, 0x76,
    0x6F, 0x2E, 0x2D, 0x76, 0xFD, 0xA1, 0x4B, 0x6B, 0xAD, 0x5B, 0x79, 0x9F, 0xE1, 0x77, 0xDE, 0xC4,
    0xCA, 0xEB, 0x7E, 0x7A, 0xE3, 0x2D, 0x82, 0x7F, 0xF5, 0x2E, 0x11, 0xD3, 0x50, 0xFD, 0xF1, 0x75,
    0x86, 0xEF, 0xDB, 0x44, 0xE9, 0x42, 0x3C, 0x13, 0x0E, 0xD8, 0xAE, 0x15, 0x01, 0xD6, 0x3A, 0x9D,
    0x6F, 0x48, 0xE2, 0xCB, 0x1F, 0x8A, 0x97, 0xA2, 0x25, 0x4A, 0x9D, 0x81, 0x73, 0x63, 0x15, 0xEF,
    0xC0, 0x24, 0x2E, 0x01, 0xF3, 0x62, 0x4F, 0x0C, 0xB6, 0x42, 0xDA, 0xF7, 0xFC, 0xE9, 0x9B, 0x7F,
    0x0B, 0x5A, 0x41, 0x51, 0xFC, 0xF8, 0xA7, 0x4A, 0x7D, 0xFD, 0xC2, 0xAF, 0xFF, 0x2A, 0x37, 0x1C,
    0xA9, 0xB7, 0x04, 0x0B, 0xDC, 0xB5, 0x29, 0x8F, 0xA0, 0x95, 0x36, 0xB9, 0x63, 0x8A, 0xE2, 0xB3,
    0xF5, 0xCE, 0x65, 0x00, 0x88, 0x31, 0xAD, 0xDE, 0x5B, 0x67, 0x8F, 0x03, 0x92, 0x92, 0x32, 0x40,
    0xF3, 0xF3, 0xC7, 0x09, 0x7B, 0xF6, 0x3F, 0xDB, 0x3E, 0x68, 0x3F, 0xFD, 0x9F, 0x03, 0xBC, 0xA7,
    0x9F, 0x71, 0xE3, 0x12, 0x91, 0x99, 0xA7, 0x9F, 0x26, 0x58, 0xF0, 0x8E, 0xBD, 0x4D, 0xFA, 0x44,
    0x8B, 0x56, 0x23, 0xCD, 0x83, 0x5F, 0xF1, 0x22, 0x8E, 0xBC, 0xF0, 0x89, 0x06, 0x22, 0x32, 0x89,
    0xDA, 0x40, 0xF0, 0x2A, 0x69, 0x57, 0xA5, 0x3B, 0xE2, 0x44, 0xC7, 0x49, 0xEA, 0xAD, 0xED, 0x45,
    0x62, 0x22, 0x64, 0xA9, 0x0B, 0x7E, 0xAB, 0xD1, 0x58, 0x34, 0xD1, 0xDF, 0x87, 0x51, 0x25, 0x02,
    0x1A, 0x6B, 0x75, 0x87, 0xC2, 0xBB, 0x33, 0x2B, 0x7E, 0xB9, 0xC3, 0x65, 0x02, 0xFA, 0x92, 0x87,
    0xB2, 0xD5, 0x68, 0x2C, 0x4D, 0x3C, 0xE8, 0x46, 0xB7, 0xB4, 0x05, 0x1C, 0x66, 0xA3, 0xBC, 0xCE,
    0x5A, 0x62, 0xE9, 0xE9, 0xC9, 0x4B, 0x7B, 0xB2, 0x5C, 0xF3, 0xB1, 0xD3, 0x09, 0x84, 0x98, 0x68,
    0x48, 0x1B, 0x01, 0xC0, 0x29, 0x57, 0x1F, 0x99, 0x4A, 0x3E, 0x1D, 0x0B, 0x27, 0x86, 0xF3, 0x61,
    0x24, 0x58, 0xD2, 0x72, 0x63, 0xC9, 0x3C, 0x71, 0x62, 0x07, 0x19, 0x2A, 0x07, 0x3B, 0x9D, 0x97,
    0x20, 0xA8, 0xD3, 0x5C, 0x7F, 0xFB, 0x02, 0x89, 0x30, 0xB3, 0xD7, 0x1A, 0x67, 0x99, 0x54, 0x34,
    0xE9, 0x5D, 0x87, 0x06, 0xC0, 0x9E, 0x0B, 0x05, 0xA0, 0xA9, 0xFE, 0x0A, 0x5B, 0x78, 0xDB, 0x85,
    0x73, 0x2B, 0x13, 0x4C, 0x34, 0x0D, 0x76, 0x93, 0x46, 0x11, 0x91, 0x84, 0x30, 0xA1, 0x7F, 0x7F,
    0x00, 0xC5, 0xC3, 0x49, 0x10, 0x09, 0x05, 0x84, 0x8B, 0x2C, 0xF7, 0x1D, 0x8E, 0x2A, 0xD7, 0x84,
    0xE0, 0x5B, 0xBA, 0x04, 0x32, 0x4C, 0x4B, 0x89, 0x10, 0xF2, 0x65, 0x4A, 0xE8, 0x21, 0xA4, 0xBF,
    0xE4, 0xBC, 0xF1, 0x1E, 0x72, 0x10, 0x16, 0x9C, 0xF7, 0x3F, 0x80, 0xDB, 0xBF, 0xEA, 0x16, 0xD1,
    0x96, 0xAA, 0xF9, 0x43, 0x5A, 0xBE, 0x35, 0xF5, 0x90, 0x97, 0xBB, 0x30, 0xDF, 0xAB, 0xDD, 0x02,
    0x64, 0xD5, 0xE4, 0xA4, 0x1A, 0x66, 0x4E, 0xFD, 0x25, 0x12, 0x17, 0xC9, 0x13, 0x9B, 0x9D, 0x0E,
    0xC8, 0xF4, 0xCB, 0x62, 0x1C, 0x2B, 0xDE, 0x87, 0xF1, 0x69, 0xF6, 0xB5, 0xC6, 0xB2, 0xE4, 0xE0,
    0x99, 0x00, 0xE9, 0x2E, 0x26, 0xF7, 0x65, 0xA0, 0xCF, 0x23, 0xD3, 0x1F, 0xCD, 0x9E, 0xBC, 0x05,
    0x1E, 0x36, 0x42, 0x40, 0x22, 0x4A, 0x8F, 0x10, 0x6A, 0xFE, 0xEE, 0x17, 0xD2, 0x8B, 0x40, 0xF7,
    0x05, 0x76, 0xF6, 0x11, 0xAE, 0x5F, 0x62, 0x7C, 0x92, 0x8B, 0x4F, 0x94, 0xBC, 0x27, 0x6F, 0x41,
    0xA5, 0x28, 0x21, 0xDB, 0x93, 0xEE, 0x59, 0xF0, 0xAF, 0xF3, 0x32, 0x5F, 0xF0, 0xDF, 0xE5, 0xD4,
    0x8C, 0x85, 0xD2, 0xA7, 0x29, 0x08, 0x68, 0x35, 0x24, 0xEE, 0x82, 0xB0, 0xA9, 0x56, 0xE5, 0x16,
    0xCD, 0xA9, 0x60, 0x88, 0x08, 0x04, 0xF5, 0x90, 0xAF, 0x2F, 0xAA, 0x33, 0xA3, 0xE9, 0x19, 0x38,
    0x2B, 0x36, 0x4D, 0x5F, 0x5A, 0x69, 0xEA, 0x93, 0x94, 0x91, 0x82, 0xE7, 0x63, 0x29, 0x6D, 0x1D,
    0xFE, 0xDE, 0x65, 0xA4, 0xCF, 0x93, 0xC4, 0xF9, 0x49, 0x64, 0xA9, 0xD9, 0x8D, 0x93, 0xEF, 0x11,
    0xAF, 0x27, 0x81, 0xE9, 0xBB, 0x37, 0x4F, 0xFE, 0xA9, 0xD2, 0x16, 0x7B, 0x96, 0xB5, 0xFA, 0xC5,
    0x9B, 0xA7, 0xFE, 0x54, 0x6D, 0x5E, 0x86, 0x1C, 0xA0, 0x8A, 0xA1, 0xB3, 0x7E, 0x25, 0x51, 0x1B,
    0x88, 0x9A, 0xA4, 0x2B, 0x43, 0x1C, 0xB4, 0xB2, 0x09, 0xB0, 0x22, 0x1D, 0x3A, 0x37, 0x4F, 0x25,
    0xBC, 0x1A, 0xF1, 0xCF, 0xD1, 0x93, 0x37, 0x4F, 0xDD, 0x74, 0x92, 0x66, 0xC1, 0x01, 0xDB, 0x4D,
    0xD8, 0xEF, 0xDC, 0xB8, 0xA9, 0xF4, 0xC3, 0x34, 0x9F, 0xBA, 0x4E, 0x16, 0x10, 0x75, 0xD0, 0x5E,
    0xE2, 0x66, 0x0B, 0x75, 0x84, 0x1C, 0x0E, 0x1E, 0x0A, 0xD2, 0xE6, 0xB6, 0xBD, 0x67, 0x27, 0x03,
    0xA3, 0xBF, 0x36, 0xC5, 0x73, 0xA0, 0x77, 0xDA, 0x9E, 0xA7, 0xC1, 0xD2, 0xDB, 0x45, 0x22, 0x76,
    0x65, 0x82, 0x28, 0x57, 0xEA, 0x02, 0xB8, 0x6F, 0x0B, 0x0B, 0x79, 0x59, 0xA2, 0xD6, 0x9F, 0x91,
    0x35, 0x29, 0x91, 0xAD, 0x55, 0x01, 0x31, 0x13, 0xB1, 0xD5, 0xE8, 0x71, 0xE5, 0x66, 0xE2, 0xED,
    0x87, 0x7F, 0xBF, 0x45, 0xAA, 0x8B, 0x8F, 0xD0, 0xA4, 0x81, 0xF2, 0x6F, 0x9D, 0xC8, 0x69, 0x20,
    0xE8, 0xE3, 0x30, 0x7B, 0xAD, 0xED, 0x12, 0x15, 0x9C, 0x10, 0xCE, 0x69, 0x5B, 0x23, 0xE4, 0x93,
    0x61, 0xCE, 0x57, 0xEF, 0xFF, 0x8B, 0x46, 0xA1, 0xB1, 0x34, 0xB9, 0x63, 0xEB, 0x2B, 0xDC, 0xC1,
    0xBF, 0xF8, 0x0E, 0xFE, 0x35, 0x39, 0x16, 0xDE, 0x91, 0xCA, 0xD4, 0x1D, 0x43, 0xBF, 0x48, 0xA7,
    0x00, 0x99, 0xE1, 0x0C, 0xEF, 0x76, 0x3A, 0xA3, 0x8B, 0x5D, 0x1B, 0xD9, 0xA5, 0xBA, 0x6B, 0xBF,
    0xD3, 0x68, 0xDC, 0x5E, 0x9C, 0x9C, 0x63, 0x58, 0xBB, 0x92, 0x5E, 0x95, 0xFB, 0x48, 0x11, 0x52,
    0xAF, 0x9D, 0x48, 0xAB, 0x72, 0x2E, 0x10, 0xF0, 0x13, 0x06, 0x27, 0x65, 0xB0, 0xB5, 0xDC, 0x17,
    0x4F, 0x6E, 0xDF, 0xF5, 0x5A, 0xA5, 0xA6, 0x60, 0x6E, 0x12, 0x4D, 0xE3, 0x16, 0x92, 0x25, 0x53,
    0xA4, 0xBB, 0xF2, 0x05, 0xCE, 0x74, 0x2E, 0xC2, 0x47, 0xDD, 0x47, 0xE0, 0x59, 0x91, 0xBC, 0xD6,
    0xD0, 0xB0, 0xB5, 0x77, 0xD5, 0xDD, 0x01, 0x5E, 0xED, 0xAE, 0xA5, 0xA7, 0x6E, 0x20, 0xB8, 0xDF,
    0x0D, 0x3D, 0x81, 0xBE, 0x3C, 0xBA, 0x90, 0x1B, 0x20, 0xE7, 0xAD, 0x75, 0x7E, 0x4F, 0xF3, 0x39,
    0x54, 0x4B, 0x48, 0xE0, 0xCB, 0xA1, 0x7F, 0x17, 0x15, 0xD3, 0x19, 0x94, 0x2B, 0x62, 0xA8, 0x49,
    0x9A, 0x02, 0x62, 0xD4, 0x39, 0x5B, 0xC1, 0x2B, 0x26, 0x89, 0x70, 0x52, 0x81, 0x46, 0x99, 0xE4,
    0xBD, 0x8D, 0x06, 0x13, 0x6B, 0x2D, 0x32, 0xB8, 0x01, 0x73, 0x6E, 0x53, 0x72, 0x0E, 0x77, 0x9E,
    0x33, 0x07, 0xCD, 0x25, 0x0F, 0x8B, 0xD2, 0x5E, 0x13, 0xC1, 0x6D, 0x55, 0xD4, 0x6E, 0x9E, 0xD4,
    0x91, 0xA4, 0xD1, 0x45, 0x24, 0x69, 0xB3, 0xD6, 0x2E, 0xB2, 0xDD, 0x91, 0xF9, 0x06, 0xCB, 0x76,
    0x26, 0x8F, 0xB1, 0xD1, 0xD8, 0xE2, 0x88, 0xC3, 0xBB, 0x14, 0x94, 0x99, 0xB0, 0x9F, 0x8E, 0xB0,
    0x9F, 0x09, 0xDF, 0xEA, 0xE2, 0x36, 0x89, 0x0B, 0x2A, 0x18, 0x60, 0xBC, 0xE9, 0x32, 0x11, 0xC6,
    0xFB, 0xB6, 0x21, 0xE9, 0x79, 0x80, 0xB8, 0xBB, 0x1B, 0x68, 0xB9, 0x4F, 0x41, 0x3E, 0x3E, 0xE7,
    0x26, 0xB9, 0x17, 0x6B, 0xBF, 0xCE, 0x1E, 0xC5, 0x31, 0x28, 0x6B, 0x8B, 0x63, 0xCB, 0x49, 0xBF,
    0x44, 0xD6, 0xA2, 0xF3, 0x36, 0xBF, 0xD6, 0x7B, 0x2B, 0x56, 0xC4, 0x58, 0x90, 0x4F, 0x89, 0xAC,
    0x45, 0xEA, 0x60, 0x8E, 0x96, 0x80, 0x88, 0x48, 0x5A, 0x10, 0x54, 0x6B, 0xEA, 0x6F, 0x04, 0x0C,
    0x0F, 0xC6, 0xC9, 0xE6, 0xEC, 0x25, 0xBC, 0x4F, 0xCF, 0x9B, 0xBF, 0xBE, 0xC2, 0x39, 0xF3, 0x14,
    0xF9, 0x91, 0xEE, 0xB9, 0xD4, 0x9E, 0x64, 0x6A, 0xA1, 0xEB, 0xD4, 0x2F, 0x09, 0x5F, 0x2E, 0x0B,
    0x54, 0x61, 0xDB, 0x07, 0xB4, 0x11, 0x71, 0xD0, 0x07, 0xB3, 0x26, 0x81, 0x3E, 0xE2, 0x78, 0xF4,
    0xCF, 0x53, 0x4E, 0xD3, 0x7F, 0xE3, 0x76, 0x8B, 0x2B, 0xA4, 0xB4, 0x89, 0x75, 0x1F, 0x5F, 0x63,
    0x7F, 0xE8, 0x80, 0x88, 0xDD, 0xC1, 0x95, 0x22, 0xDF, 0x35, 0xE9, 0xEF, 0x37, 0x35, 0xEE, 0xD7,
    0x86, 0xBB, 0xCE, 0x9E, 0xED, 0x1C, 0x22, 0xCE, 0x5C, 0x5D, 0xB0, 0x32, 0x0B, 0x4C, 0xC5, 0xCA,
    0xFC, 0x98, 0x78, 0x8C, 0x95, 0x41, 0xA5, 0x25, 0xA0, 0xFB, 0x7A, 0x04, 0x34, 0x39, 0xC2, 0x05,
    0xEB, 0x03, 0x44, 0xCA, 0x2E, 0x58, 0x1F, 0x26, 0x72, 0x03, 0x37, 0x10, 0x94, 0xB5, 0x10, 0xD1,
    0xDE, 0x00, 0xE7, 0x57, 0x49, 0xE2, 0x0F, 0xCB, 0xF4, 0x29, 0x07, 0xFE, 0x20, 0x85, 0x4C, 0x29,
    0xF6, 0x6C, 0x15, 0xA9, 0x01, 0xB5, 0x58, 0xB2, 0xD3, 0x07, 0xC1, 0xE3, 0xEC, 0x14, 0x2F, 0x2A,
    0x31, 0x67, 0x0C, 0x4B, 0xCC, 0x18, 0x17, 0x4A, 0xF6, 0xBB, 0x88, 0x67, 0x39, 0x7B, 0xF2, 0xD6,
    0x85, 0x71, 0xE2, 0x15, 0x42, 0xB7, 0xA7, 0x46, 0xC0, 0xD4, 0xD8, 0xB8, 0x6B, 0xE2, 0xF8, 0x9D,
    0xF9, 0xE3, 0x77, 0x5C, 0xB2, 0x33, 0x8D, 0xFC, 0x39, 0xF9, 0x6B, 0xEE, 0x8E, 0xF9, 0x62, 0x2A,
    0x40, 0x85, 0x13, 0x30, 0x07, 0xD1, 0xC9, 0xAD, 0xDD, 0x07, 0xC1, 0x8C, 0x2E, 0x8F, 0xF9, 0xCE,
    0x3C, 0xD6, 0xD8, 0xC4, 0x8D, 0x2D, 0x1F, 0x3F, 0xC9, 0x9C, 0x97, 0x28, 0x12, 0xFE, 0xB2, 0x81,
    0x7C, 0x52, 0x6F, 0x02, 0xE6, 0xA0, 0xB9, 0x64, 0x9C, 0xB8, 0x93, 0xF4, 0x60, 0x27, 0x6B, 0x33,
    0x9B, 0xA1, 0x7F, 0x7B, 0xAA, 0x1F, 0xB7, 0xE3, 0x79, 0xFA, 0x7F, 0xFD, 0x20, 0x22, 0xE2, 0x30,
    0x90, 0xF3, 0xDB, 0x02, 0xCC, 0x38, 0x63, 0x41, 0xA2, 0x66, 0x31, 0xAF, 0x6E, 0x10, 0x21, 0x0B,
    0x56, 0xD6, 0x5F, 0x24, 0xA8, 0xBA, 0x31, 0xD8, 0x70, 0x28, 0x70, 0x66, 0x65, 0xFD, 0x1F, 0x27,
    0x9C, 0x77, 0xF7, 0x63, 0x82, 0xF9, 0xD3, 0x8D, 0x63, 0xE0, 0xEA, 0x95, 0x94, 0x99, 0xFB, 0xD2,
    0x90, 0x19, 0x78, 0x5E, 0xC1, 0x7D, 0xA4, 0xC4, 0xE2, 0x71, 0x6D, 0x79, 0xC3, 0xA3, 0x87, 0x45,
    0x05, 0x34, 0xDF, 0xD9, 0xDA, 0x11, 0x30, 0x6C, 0x60, 0x67, 0x33, 0x77, 0x9E, 0xDB, 0xD9, 0x4C,
    0x0C, 0x47, 0x4F, 0x94, 0x96, 0xB9, 0x1D, 0x15, 0xC6, 0x0E, 0x25, 0x67, 0x88, 0xF0, 0xF6, 0x0B,
    0xD8, 0xD6, 0x3F, 0x1D, 0xFD, 0x2E, 0xE4, 0x59, 0xB4, 0xCD, 0x79, 0xE3, 0x3C, 0xC0, 0x7F, 0x92,
    0x83, 0x5E, 0xEA, 0x57, 0x36, 0xFF, 0x05, 0x3D, 0x86, 0xE4, 0xB1, 0x4F, 0xF1, 0x34, 0x3B, 0xB3,
    0x21, 0x16, 0xDA, 0x19, 0x4B, 0x87, 0x27, 0x49, 0x98, 0x5F, 0xC0, 0x7B, 0xFE, 0x20, 0x5E, 0x50,
    0xCB, 0xFF, 0x24, 0x43, 0xF5, 0x22, 0x3A, 0x17, 0xC0, 0xE2, 0x61, 0xA5, 0xB3, 0x80, 0x8E, 0xCC,
    0x25, 0x33, 0x8C, 0xF9, 0x8E, 0x01, 0xBF, 0x2D, 0x23, 0xFD, 0x15, 0xCE, 0x99, 0x39, 0xB1, 0x28,
    0x3A, 0xCB, 0x4E, 0xA2, 0xA3, 0x25, 0xDC, 0xDB, 0xC0, 0x9D, 0x2B, 0x75, 0xE1, 0x8E, 0x25, 0xAA,
    0x59, 0xF0, 0xB7, 0x18, 0x64, 0xC9, 0x24, 0xB3, 0x27, 0x36, 0x10, 0x03, 0x6A, 0xCE, 0xCD, 0x37,
    0xF0, 0xD7, 0x84, 0x5E, 0x5F, 0x59, 0xE7, 0x20, 0xC7, 0x20, 0xFE, 0x16, 0x4C, 0x00, 0xA3, 0xA8,
    0xB9, 0x67, 0x2D, 0xAA, 0xFC, 0x38, 0x6B, 0xFA, 0xA7, 0x07, 0xCB, 0x2A, 0x6F, 0x56, 0xAD, 0xEE,
    0x9C, 0x6A, 0x34, 0xB9, 0x40, 0xD9, 0xDA, 0xDF, 0xBD, 0x8D, 0x71, 0xFC, 0xA8, 0x79, 0xF6, 0x23,
    0xE5, 0xDC, 0x9E, 0xEF, 0x59, 0x7D, 0x62, 0x50, 0x75, 0xCD, 0x92, 0xF0, 0xEC, 0x0E, 0x69, 0x7F,
    0x57, 0xFE, 0xCF, 0x9D, 0x70, 0xB8, 0xB3, 0x49, 0x2F, 0x8E, 0xE4, 0x23, 0xA2, 0xEA, 0x89, 0x8D,
    0x53, 0xB7, 0x4E, 0x47, 0x6C, 0x22, 0xF2, 0xEE, 0x0F, 0x96, 0x76, 0x53, 0x7F, 0x7C, 0x9F, 0x81,
    0xAF, 0x72, 0x9F, 0x40, 0x0D, 0xAF, 0x5D, 0x99, 0xBC, 0x16, 0x7D, 0x8D, 0xD7, 0xB2, 0xCD, 0xC4,
    0x78, 0x1B, 0x4C, 0xBF, 0xD4, 0x27, 0x61, 0x24, 0xD3, 0x9A, 0x93, 0x54, 0xAB, 0x30, 0x0C, 0xD3,
    0xDA, 0xA0, 0xBF, 0x4E, 0x47, 0x44, 0xD3, 0x5A, 0x74, 0xFB, 0x18, 0x50, 0x98, 0x69, 0x25, 0x1A,
    0x5F, 0xB2, 0xF3, 0x9C, 0x01, 0x73, 0x4E, 0x40, 0x3D, 0x26, 0x62, 0x4B, 0xD5, 0xA8, 0x0E, 0xC7,
    0x8C, 0xA5, 0x22, 0x91, 0x78, 0x15, 0x11, 0x33, 0x91, 0x99, 0xA4, 0xAC, 0xFE, 0x9F, 0x17, 0x3F,
    0x8D, 0x54, 0x9B, 0x15, 0x24, 0xB6, 0x61, 0xFF, 0x7A, 0x31, 0xD8, 0x45, 0xD6, 0xEE, 0x47, 0x7B,
    0x6E, 0x0B, 0xB1, 0xBA, 0xEB, 0x1C, 0xDC, 0xCE, 0x72, 0x21, 0x6A, 0x23, 0x56, 0x97, 0xC1, 0x6F,
    0xAE, 0xAF, 0xAC, 0xD3, 0x52, 0x75, 0x58, 0xA1, 0x57, 0xCE, 0xAD, 0x53, 0xFF, 0xB0, 0xD3, 0x39,
    0x4F, 0xEB, 0x9A, 0x74, 0x98, 0xCC, 0x49, 0x51, 0x89, 0x88, 0x96, 0xBA, 0xFB, 0x7C, 0xE6, 0x22,
    0x53, 0x92, 0x18, 0x31, 0x52, 0x2B, 0xE3, 0x56, 0x95, 0x33, 0xC3, 0x2B, 0x88, 0x75, 0xF1, 0x32,
    0x62, 0xA9, 0xBF, 0x48, 0x6C, 0x39, 0xC8, 0x49, 0x80, 0xF8, 0x38, 0x1E, 0xF5, 0xA3, 0xDF, 0x50,
    0xEE, 0x2B, 0x1A, 0x96, 0x3C, 0xF7, 0xE5, 0xC8, 0xEA, 0x8E, 0x2B, 0x4E, 0x49, 0xEC, 0x82, 0xF9,
    0x1D, 0x41, 0xB5, 0xF0, 0xD5, 0x3D, 0x7E, 0x7F, 0x85, 0x2B, 0x03, 0xF9, 0x6D, 0xE2, 0x10, 0xF0,
    0xBB, 0xC6, 0x9A, 0x72, 0xA8, 0x24, 0xE7, 0x06, 0xBF, 0xD1, 0x6F, 0x52, 0x21, 0x30, 0xE0, 0xCC,
    0xD3, 0x80, 0x73, 0xA9, 0x2B, 0x24, 0x09, 0x58, 0xC5, 0xE8, 0xE1, 0xED, 0x3C, 0x9A, 0xED, 0xE4,
    0x06, 0x93, 0x22, 0x1B, 0x4C, 0x45, 0xA9, 0x8B, 0xAA, 0x7D, 0x69, 0x92, 0x76, 0x7D, 0x9B, 0x49,
    0xB5, 0x51, 0x1B, 0xC6, 0x15, 0xD2, 0x6E, 0xF2, 0x72, 0x96, 0xD0, 0x6A, 0x58, 0x7D, 0xC0, 0x52,
    0x0A, 0x0E, 0x7C, 0xE0, 0x00, 0xE9, 0x90, 0x64, 0x93, 0x0B, 0x18, 0x89, 0xFA, 0xD3, 0x12, 0x90,
    0xE3, 0x71, 0xE8, 0xCE, 0x23, 0x9E, 0xC4, 0x50, 0x8E, 0x81, 0x2F, 0x61, 0x3E, 0x8F, 0x08, 0x60,
    0xBE, 0x44, 0xED, 0xBA, 0x64, 0x02, 0x7C, 0x49, 0x0C, 0x93, 0xA2, 0xE9, 0x5E, 0xAB, 0xD1, 0x98,
    0xC5, 0x97, 0x39, 0xC5, 0x08, 0x89, 0xCA, 0xCA, 0x59, 0x5F, 0xF3, 0xD7, 0x3B, 0x18, 0xA1, 0x92,
    0x8F, 0x70, 0x92, 0x7B, 0x22, 0x5D, 0x17, 0xD1, 0x63, 0x70, 0x5F, 0x74, 0x98, 0x04, 0xD5, 0x5B,
    0xCF, 0x72, 0x2F, 0xE0, 0xFC, 0x05, 0x54, 0x45, 0x24, 0x04, 0xD1, 0x01, 0xAE, 0xD1, 0x17, 0x01,
    0x7F, 0x0B, 0x56, 0x77, 0xBA, 0xEF, 0x1B, 0x88, 0x5A, 0xA2, 0xFB, 0x9E, 0x81, 0x4F, 0xF6, 0xE6,
    0xB3, 0xFE, 0xD3, 0xCF, 0x6B, 0x3E, 0x7F, 0xEC, 0x46, 0x4A, 0xEA, 0x7E, 0xC9, 0x7F, 0xE2, 0x67,
    0x09, 0xA9, 0xFF, 0xF4, 0x9E, 0x02, 0x6B, 0x8F, 0x70, 0x19, 0x5D, 0x2C, 0x7F, 0xFB, 0x8A, 0xAE,
    0x2B, 0xE0, 0x48, 0x28, 0xF9, 0xCF, 0xDC, 0xC8, 0xD5, 0xC2, 0xBE, 0x35, 0xBF, 0x0F, 0x83, 0xBA,
    0x37, 0xF4, 0x9B, 0x1C, 0x2C, 0x16, 0xCD, 0xEE, 0xA8, 0xCB, 0xE5, 0x45, 0x06, 0x68, 0xAE, 0x19,
    0xA0, 0xC9, 0x7B, 0x89, 0xA4, 0x3C, 0x22, 0xDF, 0x39, 0xC1, 0x2F, 0xDE, 0x3C, 0x7D, 0x5E, 0x0B,
    0x09, 0x30, 0xB0, 0xD1, 0xD0, 0x34, 0x5D, 0xF9, 0x06, 0x22, 0x08, 0x9B, 0x9D, 0xE9, 0x73, 0x00,
    0x54, 0x28, 0x50, 0x7C, 0x89, 0xF9, 0xCB, 0x5C, 0x22, 0x6F, 0x78, 0x82, 0x6E, 0x27, 0x42, 0x72,
    0x2B, 0x53, 0x90, 0xF4, 0x7F, 0x0E, 0xA9, 0x32, 0x02, 0x7F, 0xA1, 0x6B, 0x61, 0x33, 0xD2, 0x4E,
    0x56, 0x65, 0xF5, 0x37, 0x09, 0x10, 0x17, 0x1A, 0x44, 0xDE, 0xCB, 0x91, 0xD2, 0xCB, 0xCA, 0x79,
    0x45, 0x41, 0x89, 0x20, 0x29, 0xBC, 0x3F, 0xA5, 0x9C, 0x98, 0x94, 0x8C, 0x49, 0x94, 0xEA, 0x57,
    0x42, 0x1A, 0xD0, 0xB3, 0xAC, 0x7E, 0x9B, 0xAA, 0x1E, 0x7E, 0x31, 0x59, 0xC9, 0x62, 0xCF, 0x54,
    0xB6, 0x49, 0xD6, 0x75, 0x8C, 0x4C, 0xE8, 0x7F, 0x4F, 0x28, 0x59, 0xA5, 0x2C, 0xB6, 0xA3, 0xA5,
    0xB2, 0x64, 0x59, 0x0F, 0xCA, 0x28, 0x29, 0xAA, 0x1C, 0x5D, 0x66, 0x5B, 0xA9, 0x9F, 0x94, 0x39,
    0x8E, 0xBF, 0x4D, 0xEF, 0xC1, 0x72, 0x18, 0x12, 0x7A, 0x52, 0x6E, 0x02, 0x75, 0x6B, 0xEB, 0x31,
    0xFB, 0x07, 0xE0, 0xA6, 0x25, 0x7C, 0xE8, 0x7E, 0xDF, 0x39, 0xF3, 0x97, 0x6A, 0x5F, 0x07, 0x8B,
    0xE9, 0xBC, 0x91, 0x0B, 0x53, 0x90, 0xDA, 0xB6, 0x98, 0x98, 0xEF, 0x7F, 0xDF, 0x3E, 0xBE, 0xEF,
    0xF2, 0xA4, 0x1F, 0xE8, 0xEF, 0x62, 0x9D, 0x8D, 0x5B, 0xE3, 0xF6, 0x1B, 0x7D, 0x50, 0x05, 0xCF,
    0x8A, 0x7D, 0x79, 0xB9, 0xCC, 0x9E, 0x43, 0x6B, 0x50, 0xE6, 0xB4, 0x78, 0x2F, 0x2B, 0xB3, 0x09,
    0xAB, 0x1E, 0x97, 0xA9, 0xCD, 0x50, 0x1F, 0xCA, 0xEC, 0xCB, 0x42, 0x7B, 0x1D, 0x52, 0x19, 0xB8,
    0xBD, 0xCB, 0x68, 0x4C, 0xD9, 0xD8, 0x7C, 0x76, 0xB7, 0xEF, 0xCB, 0x1C, 0xA0, 0x87, 0x39, 0x4C,
    0xF1, 0xD2, 0xB6, 0x82, 0x34, 0x12, 0x1B, 0xF8, 0xFD, 0xFD, 0xA0, 0x8D, 0x68, 0x77, 0x96, 0xB7,
    0x2B, 0x79, 0xCB, 0x81, 0x28, 0xB6, 0xD5, 0xD7, 0xB8, 0x34, 0xD9, 0xA0, 0x87, 0x56, 0xB9, 0x59,
    0x8F, 0x3E, 0x54, 0x55, 0xE2, 0x1E, 0xFC, 0xD8, 0x23, 0xD5, 0xA3, 0x66, 0x78, 0x39, 0x3D, 0xAC,
    0x1E, 0xB7, 0xA1, 0xCF, 0xF9, 0xC4, 0xCB, 0x91, 0xB0, 0x94, 0xCF, 0xF1, 0x1B, 0xE6, 0xB6, 0xDF,
    0x37, 0xF7, 0xD5, 0xDA, 0x70, 0x57, 0x5D, 0x6F, 0xC2, 0x23, 0xCB, 0xAF, 0x73, 0x57, 0x87, 0x3D,
    0xF1, 0x9F, 0xF6, 0xF8, 0x0E, 0xDD, 0x0B, 0x39, 0xAF, 0x9F, 0xB3, 0xAD, 0x48, 0x0E, 0xC5, 0x6C,
    0xF3, 0xA3, 0x1E, 0x26, 0x5B, 0x5D, 0xF5, 0x60, 0x5F, 0x1C, 0xD2, 0x33, 0x87, 0xB0, 0x1A, 0xD2,
    0x77, 0x2A, 0xFF, 0x26, 0xB8, 0x69, 0xDA, 0x86, 0xCF, 0xFE, 0x27, 0x83, 0x16, 0x08, 0x66, 0x7A,
    0xE7, 0xE7, 0xDE, 0x15, 0x76, 0xB6, 0x61, 0xF5, 0x21, 0x81, 0x7A, 0x24, 0xB5, 0x8E, 0xF9, 0xD3,
    0x56, 0xD9, 0xD9, 0x48, 0x0A, 0xEF, 0x92, 0xC0, 0xDC, 0x38, 0x95, 0x7E, 0xB7, 0x77, 0xDA, 0x2A,
    0xCC, 0xA2, 0x89, 0x45, 0x00, 0xE6, 0xBE, 0x0E, 0xB6, 0xB8, 0x61, 0xB5, 0x55, 0x36, 0xD3, 0x0D,
    0x57, 0xEB, 0xBC, 0x5E, 0x56, 0xC1, 0x33, 0xFC, 0x64, 0x15, 0x6E, 0xE9, 0x7A, 0xB4, 0x8A, 0x74,
    0xAC, 0x2D, 0x7A, 0x66, 0x1B, 0x89, 0xA3, 0xAB, 0x08, 0xDE, 0x4E, 0x08, 0xDC, 0xC1, 0x1A, 0x5E,
    0x64, 0xE5, 0x8F, 0xF2, 0xFB, 0xE6, 0xB6, 0xEB, 0x99, 0xEE, 0x84, 0x03, 0xD3, 0xC9, 0x41, 0x5E,
    0x34, 0x46, 0x97, 0x6B, 0xF8, 0x4D, 0x21, 0x8A, 0x0C, 0x6C, 0x63, 0xCC, 0x08, 0x17, 0x8F, 0xC1,
    0x97, 0xF8, 0xB8, 0x6F, 0xCE, 0x07, 0x06, 0xEB, 0xB1, 0xC1, 0x94, 0x8B, 0x14, 0x10, 0x6B, 0x10,
    0xFC, 0xE2, 0x1A, 0xA3, 0xF5, 0xC3, 0xD3, 0x5E, 0x04, 0xFB, 0xE7, 0x5B, 0x4F, 0xBF, 0x0C, 0xF4,
    0xBE, 0x73, 0xCC, 0x07, 0xBF, 0xF3, 0xE9, 0x28, 0xB0, 0x06, 0x33, 0x35, 0x0A, 0x2F, 0x7A, 0x51,
    0x59, 0xF9, 0xC7, 0xA2, 0x39, 0xC8, 0x53, 0xFE, 0xB1, 0x98, 0xBE, 0xA3, 0x85, 0xBF, 0x09, 0x73,
    0xC1, 0x27, 0xB5, 0xF2, 0x9F, 0x22, 0x7C, 0x0A, 0xC6, 0x2C, 0xFA, 0x3E, 0xBA, 0x06, 0x91, 0xEE,
    0xD6, 0xAE, 0xE4, 0x3A, 0xC3, 0x4B, 0xA7, 0xB0, 0xCF, 0xD2, 0x3C, 0xE3, 0x10, 0x58, 0x06, 0xBF,
    0x9B, 0x3D, 0x7D, 0xA1, 0x04, 0xF5, 0x06, 0x05, 0x9A, 0x60, 0x32, 0x38, 0xD8, 0x5F, 0xE7, 0x84,
    0x2D, 0x55, 0x89, 0xC4, 0x82, 0x5C, 0x47, 0x0D, 0x1A, 0xA4, 0x37, 0x93, 0xC4, 0xCE, 0x7E, 0xD3,
    0x01, 0x6B, 0x1F, 0xAA, 0x58, 0x86, 0x8F, 0x56, 0x59, 0xEF, 0x3F, 0x13, 0x21, 0x85, 0xC6, 0x79,
    0xFB, 0x29, 0x94, 0x39, 0x21, 0x99, 0xE3, 0xC9, 0xB8, 0xB5, 0x04, 0x3B, 0x1D, 0xB5, 0x09, 0xB9,
    0x77, 0xE8, 0x33, 0x64, 0x36, 0xA1, 0xCD, 0x88, 0x23, 0x31, 0x7F, 0xCF, 0x11, 0xB6, 0x87, 0xFC,
    0x5D, 0xD6, 0xA0, 0xCD, 0xE8, 0x65, 0xA8, 0xAC, 0xE4, 0x47, 0xED, 0x18, 0xC5, 0x51, 0xFD, 0x63,
    0x5B, 0x9C, 0xE5, 0xE4, 0x3F, 0xC1, 0x29, 0xD8, 0x53, 0x51, 0xD1, 0xC7, 0xEF, 0xB6, 0x64, 0xB6,
    0x26, 0x4B, 0x46, 0xCB, 0xEA, 0xBF, 0x78, 0xD7, 0x99, 0x2C, 0x06, 0x98, 0x09, 0xA0, 0x44, 0xA7,
    0x7F, 0x0F, 0x80, 0x90, 0xD9, 0x1F, 0x5F, 0x09, 0xCA, 0x10, 0x89, 0x18, 0xC5, 0x94, 0xBF, 0xFE,
    0xBA, 0xA1, 0x0C, 0x6B, 0x4C, 0xDE, 0x7A, 0x08, 0xCD, 0x69, 0xD3, 0xC2, 0x1B, 0x28, 0x77, 0x28,
    0x0A, 0x20, 0x9E, 0x12, 0x0C, 0xAA, 0x42, 0x12, 0x76, 0xAF, 0xA3, 0x59, 0x35, 0x5D, 0x7B, 0x43,
    0x68, 0xA6, 0x35, 0xA6, 0x40, 0x4C, 0x9A, 0x2B, 0x29, 0xFC, 0xB1, 0x8A, 0x56, 0x3E, 0x2D, 0x04,
    0x2F, 0xBF, 0x86, 0x99, 0x1F, 0x24, 0xC1, 0x5B, 0x19, 0xAA, 0xB5, 0xBA, 0xE3, 0x95, 0x13, 0xF3,
    0x7D, 0x3F, 0xC4, 0xF0, 0xF7, 0xB7, 0x54, 0x7F, 0x13, 0xC1, 0x17, 0xC7, 0xF7, 0x14, 0xC3, 0xF6,
    0x79, 0x7A, 0xDF, 0x1E, 0xBD, 0xB3, 0x00, 0x9C, 0x2D, 0x4D, 0xB1, 0xB8, 0x7B, 0x26, 0xFD, 0xE2,
    0x90, 0xF6, 0xCA, 0x46, 0x81, 0x9E, 0xCF, 0x36, 0x32, 0x50, 0x0D, 0x0B, 0x4A, 0xEC, 0x2A, 0x58,
    0x52, 0x0F, 0x85, 0xA0, 0xA3, 0x83, 0x03, 0x16, 0xFB, 0x7C, 0xBD, 0xC3, 0xEC, 0x71, 0x5F, 0x9E,
    0x63, 0x0A, 0x46, 0x4D, 0x90, 0x8F, 0xCF, 0x88, 0x49, 0x5B, 0x82, 0x18, 0xA2, 0x32, 0xCB, 0x8C,
    0x2E, 0xF1, 0x42, 0x26, 0x62, 0x69, 0x99, 0x3F, 0xC8, 0x36, 0xE5, 0xA4, 0x15, 0xF1, 0x8C, 0x74,
    0xCC, 0x7B, 0x5E, 0x15, 0x51, 0xB3, 0x18, 0x4D, 0xF1, 0x1E, 0xC7, 0xC4, 0x99, 0x7B, 0x7F, 0xB1,
    0x6A, 0x78, 0x6E, 0x5D, 0x8C, 0xC1, 0x65, 0xA9, 0xD9, 0xA3, 0xCB, 0x0E, 0xCB, 0x9E, 0xF4, 0x7C,
    0xE8, 0x6C, 0x7D, 0x7A, 0x6F, 0x25, 0x81, 0x7E, 0x5E, 0x46, 0xF5, 0x9C, 0x0A, 0x1C, 0xF3, 0x44,
    0x88, 0xF6, 0xDF, 0xC9, 0x63, 0x67, 0xA6, 0x87, 0x88, 0xDA, 0x1D, 0x1D, 0x01, 0x58, 0x30, 0x1B,
    0xFB, 0xC8, 0xB3, 0x54, 0x3C, 0x49, 0x02, 0xCE, 0x38, 0x4B, 0xFC, 0x68, 0xF6, 0xF4, 0x71, 0x2F,
    0xF6, 0x92, 0x0A, 0x04, 0x38, 0x27, 0x39, 0xD8, 0x7F, 0xB5, 0x02, 0x72, 0x8B, 0x5C, 0x66, 0x1A,
    0x77, 0xA2, 0x59, 0xFB, 0x89, 0xFE, 0xD6, 0xDF, 0x18, 0x04, 0x74, 0xA0, 0xFF, 0xA9, 0xAE, 0xA8,
    0x23, 0xAA, 0xE8, 0x46, 0x55, 0x7A, 0xCB, 0xC7, 0x21, 0x97, 0xCD, 0x78, 0x9F, 0xDB, 0xED, 0xBC,
    0xFC, 0x35, 0xAC, 0x3A, 0xEF, 0x19, 0x7A, 0xD1, 0x03, 0x28, 0x3F, 0xE1, 0x64, 0x3E, 0xCC, 0xDB,
    0xA8, 0xBF, 0x7B, 0x04, 0x85, 0xBD, 0xDC, 0x64, 0x06, 0x91, 0x2F, 0xA8, 0x8C, 0x4A, 0x4F, 0xB2,
    0x91, 0x5F, 0xB7, 0x0C, 0x53, 0x94, 0x8F, 0xE2, 0x79, 0x08, 0x78, 0xE9, 0xFF, 0xAE, 0x24, 0x5B,
    0x4E, 0x5C, 0x09, 0xD3, 0x89, 0xB6, 0x06, 0xAD, 0x0E, 0x8F, 0x7C, 0xC9, 0x96, 0x39, 0x5D, 0xB2,
    0x4E, 0xDD, 0x7C, 0x96, 0xCF, 0xBB, 0x31, 0x12, 0xA3, 0x8B, 0xA1, 0x07, 0x07, 0x3D, 0x90, 0x35,
    0x36, 0x92, 0x4A, 0xA2, 0x26, 0x1B, 0x2A, 0x41, 0x7D, 0x40, 0xE3, 0xFC, 0x68, 0x13, 0x76, 0x85,
    0xD4, 0x7F, 0x1E, 0x34, 0x64, 0xA4, 0xFD, 0x04, 0xA6, 0x81, 0x51, 0xD3, 0x47, 0xD9, 0x26, 0xFB,
    0x47, 0x61, 0x00, 0xAB, 0x9F, 0xF3, 0xA3, 0xB9, 0x32, 0x4A, 0x1E, 0xB8, 0xDF, 0x50, 0x0B, 0xAB,
    0x30, 0x33, 0x95, 0x54, 0x58, 0x45, 0xA0, 0x49, 0x49, 0xB5, 0x40, 0x0F, 0x42, 0x24, 0xD2, 0xAE,
    0x28, 0xF5, 0x60, 0x89, 0xA4, 0x38, 0x4E, 0xB0, 0xB5, 0xA4, 0xB2, 0x42, 0xC9, 0x49, 0x5D, 0x4E,
    0xB4, 0x25, 0xA1, 0x0E, 0x6E, 0x64, 0x12, 0x55, 0xD7, 0xE0, 0xB9, 0x2F, 0xD5, 0xDC, 0x01, 0x98,
    0x46, 0x09, 0xC5, 0x17, 0x17, 0xB6, 0xA5, 0x82, 0xED, 0x31, 0xE2, 0x0A, 0x68, 0x5C, 0xF3, 0x83,
    0x60, 0x0F, 0x94, 0x74, 0xEA, 0xAC, 0x4D, 0x2E, 0x3F, 0xC7, 0x04, 0x10, 0xB1, 0x43, 0xAC, 0x21,
    0xBC, 0x2C, 0xAA, 0xD0, 0x33, 0x6A, 0xA2, 0xCC, 0x80, 0xD2, 0xC1, 0x13, 0x56, 0x4F, 0x20, 0xDF,
    0xA8, 0xB6, 0xF6, 0x69, 0xC6, 0xA9, 0x7E, 0xCF, 0xC7, 0x84, 0xF8, 0x78, 0x09, 0x60, 0xBD, 0x1F,
    0x00, 0x9C, 0xB7, 0xF7, 0x01, 0x68, 0x8C, 0x00, 0xBE, 0xCF, 0x73, 0xB9, 0x86, 0xFC, 0xEE, 0xB2,
    0xA2, 0x31, 0x42, 0x56, 0xEB, 0x8C, 0x2F, 0xB1, 0xE0, 0x13, 0xE8, 0x09, 0xE4, 0x0C, 0x36, 0x17,
    0x5B, 0xF4, 0x2D, 0xCC, 0x3D, 0xFE, 0xF8, 0x99, 0x49, 0x58, 0x8E, 0xCC, 0xEE, 0x31, 0x68, 0xBE,
    0x6F, 0x1B, 0x56, 0x79, 0xB2, 0xCA, 0x39, 0xA9, 0x4A, 0xBC, 0xEB, 0x12, 0xA8, 0xC9, 0xCB, 0xE3,
    0x4B, 0x14, 0x56, 0xF8, 0xAB, 0x77, 0x0D, 0x11, 0xDB, 0x96, 0x27, 0xC6, 0x84, 0x6C, 0x8D, 0x09,
    0xD9, 0xB0, 0xB7, 0x6C, 0x08, 0x59, 0xCA, 0x84, 0xCC, 0x19, 0x13, 0xB2, 0xF3, 0x7D, 0x10, 0x32,
    0x0F, 0x9E, 0xF9, 0x9E, 0x78, 0x27, 0x7A, 0x53, 0xCC, 0xF4, 0xC0, 0x8E, 0x42, 0x47, 0x02, 0xF3,
    0xCB, 0x8D, 0x27, 0x0B, 0xB6, 0x09, 0x5D, 0x27, 0x38, 0xBC, 0x76, 0xE5, 0x7A, 0x4A, 0x73, 0xA1,
    0xE9, 0x30, 0x74, 0x05, 0xB4, 0x0B, 0xB0, 0x33, 0xF7, 0x05, 0x02, 0x17, 0xF5, 0x52, 0xED, 0x2C,
    0x78, 0x61, 0x05, 0xF7, 0xF5, 0x9D, 0x82, 0x66, 0x67, 0x7A, 0xD4, 0x3A, 0x7E, 0xFC, 0x1E, 0x52,
    0xDE, 0xB8, 0x4C, 0xE5, 0x7C, 0xE3, 0x54, 0x71, 0x01, 0x76, 0x3B, 0x23, 0xAD, 0xAD, 0xBE, 0x36,
    0xE0, 0x62, 0xF7, 0xBD, 0x36, 0x2F, 0xFB, 0x1E, 0x49, 0x25, 0x16, 0x89, 0x69, 0xF6, 0x08, 0x71,
    0x06, 0x24, 0xFE, 0xE4, 0x6D, 0x28, 0x5C, 0x2E, 0xA4, 0x04, 0x23, 0xF0, 0x7C, 0x99, 0x60, 0x66,
    0x0C, 0x84, 0x13, 0x8F, 0x94, 0x79, 0xD1, 0x12, 0x8B, 0x85, 0x76, 0xCE, 0x7D, 0xE6, 0xA7, 0x3D,
    0xC4, 0x8B, 0xB5, 0x15, 0xF7, 0x19, 0x08, 0x67, 0xFB, 0x3C, 0x11, 0xFF, 0x39, 0xA2, 0x34, 0x55,
    0x10, 0xAD, 0xEC, 0xAA, 0xAA, 0x74, 0x90, 0x90, 0xCD, 0x91, 0x15, 0xDB, 0x50, 0x91, 0x6A, 0x8F,
    0xF7, 0x3B, 0x77, 0x50, 0xC2, 0xB3, 0xE5, 0xE7, 0xA0, 0x18, 0xFD, 0x27, 0x6D, 0x17, 0x9B, 0xE5,
    0x78, 0x85, 0x07, 0x26, 0x04, 0x3F, 0x10, 0x25, 0x15, 0xC8, 0x96, 0xA0, 0xC0, 0x54, 0x7D, 0x0A,
    0xB8, 0x94, 0x13, 0x35, 0x60, 0x8B, 0x25, 0xF8, 0xA0, 0x18, 0x89, 0x29, 0xAB, 0x62, 0xCA, 0x41,
    0x55, 0xCC, 0xF5, 0x75, 0x71, 0x95, 0x20, 0x4F, 0x89, 0xB1, 0xAF, 0x05, 0x8B, 0xA6, 0x04, 0x60,
    0x7C, 0x5C, 0xE5, 0xCD, 0x11, 0x9C, 0xF7, 0x4B, 0x9C, 0x82, 0xEA, 0xBE, 0xB2, 0xF7, 0xF0, 0xCA,
    0x26, 0x69, 0x06, 0xE6, 0x7D, 0x65, 0x83, 0x55, 0x83, 0x0F, 0x4E, 0x7F, 0xC7, 0x5D, 0xD1, 0x42,
    0x75, 0x3B, 0x58, 0x08, 0x84, 0xCD, 0x06, 0x96, 0xA4, 0x0C, 0xCC, 0xDE, 0xB9, 0xC2, 0x19, 0x58,
    0xC7, 0x46, 0xD8, 0x1C, 0x53, 0xBE, 0xC0, 0x14, 0x8A, 0xC4, 0x85, 0xA7, 0x39, 0xD1, 0xA0, 0xC2,
    0x74, 0x0D, 0x52, 0x8C, 0x18, 0x9A, 0xD8, 0xDC, 0x42, 0x4B, 0xBB, 0xCF, 0x4B, 0x3B, 0xEB, 0x63,
    0x79, 0x14, 0x5D, 0xB4, 0x99, 0x9B, 0x92, 0x10, 0xF9, 0x0D, 0x00, 0xEE, 0xCB, 0x0F, 0xEC, 0x77,
    0xAF, 0x27, 0xA4, 0x4A, 0xFB, 0xEE, 0x8D, 0x14, 0xAB, 0xDD, 0x7D, 0x23, 0xAB, 0xC2, 0x29, 0x9D,
    0xE8, 0x90, 0x16, 0xB3, 0x9B, 0xF4, 0x24, 0x40, 0xB1, 0x85, 0x92, 0xBC, 0x6E, 0x52, 0x55, 0xBE,
    0x93, 0x81, 0x75, 0xF9, 0x4E, 0xE2, 0x4A, 0x85, 0x75, 0x2F, 0x9E, 0x01, 0x7D, 0x06, 0x4F, 0x06,
    0x6C, 0x7F, 0xFC, 0xAC, 0x14, 0xA1, 0x2C, 0x89, 0x85, 0xB2, 0x24, 0xC6, 0x8B, 0x92, 0xC4, 0x18,
    0x97, 0xF6, 0x70, 0xDD, 0xC8, 0x12, 0xD7, 0x32, 0x9D, 0x7D, 0xB6, 0x71, 0xEA, 0x66, 0xE3, 0x78,
    0xA5, 0xC8, 0x21, 0xC7, 0x1F, 0xEC, 0x5F, 0xF2, 0xC5, 0x8F, 0x14, 0x40, 0x56, 0xAD, 0xAB, 0x2A,
    0xA0, 0x1D, 0x73, 0x56, 0x5A, 0x1F, 0x8E, 0x1C, 0x22, 0xBC, 0x9F, 0x6C, 0xAE, 0xAC, 0x5F, 0xB2,
    0x46, 0xBF, 0xCD, 0xC5, 0x19, 0xFF, 0xE2, 0xF1, 0x0B, 0xA7, 0x2F, 0x2C, 0xBA, 0xFF, 0x9C, 0x85,
    0x5B, 0x9F, 0x83, 0x24, 0x54, 0x50, 0xA2, 0xFB, 0x9E, 0x8C, 0xAB, 0x88, 0x87, 0x38, 0x96, 0x82,
    0xF2, 0x7A, 0x4F, 0xE8, 0xB9, 0x12, 0x57, 0x96, 0x25, 0x7A, 0x9B, 0x41, 0xBC, 0x2C, 0x21, 0xBA,
    0xAE, 0x0A, 0x6A, 0xEB, 0x45, 0x15, 0x55, 0x9A, 0x75, 0x8A, 0x68, 0x2F, 0x2A, 0x97, 0x8F, 0xB6,
    0x29, 0xD4, 0xEC, 0x78, 0x9A, 0x79, 0x90, 0x8F, 0x02, 0xE6, 0x47, 0x08, 0xA4, 0x93, 0x28, 0x39,
    0x58, 0x6C, 0x39, 0xD6, 0xAE, 0xCA, 0x35, 0x43, 0x16, 0x5B, 0x00, 0x16, 0x37, 0x79, 0x4B, 0x96,
    0xE1, 0x58, 0xD0, 0x31, 0x45, 0xEE, 0xDA, 0xD9, 0x54, 0xE2, 0xB9, 0x2A, 0x58, 0x65, 0xC6, 0x70,
    0x60, 0xF5, 0xBE, 0xFF, 0x10, 0x0D, 0x61, 0xEA, 0xBE, 0x82, 0x91, 0x4C, 0x7D, 0xB1, 0x04, 0x95,
    0x05, 0x42, 0x81, 0x07, 0x83, 0x1D, 0x65, 0xD5, 0xC6, 0x20, 0x5B, 0x3C, 0xF0, 0x3C, 0x1A, 0x4D,
    0x60, 0x87, 0x12, 0x69, 0xC2, 0xB9, 0x30, 0x10, 0x55, 0x83, 0x81, 0x41, 0x2E, 0x5D, 0x51, 0xE2,
    0xE8, 0x3A, 0xA9, 0x8F, 0x83, 0x34, 0xC3, 0xB3, 0x0D, 0x46, 0xAE, 0x82, 0x42, 0x37, 0xEE, 0xEB,
    0x5F, 0x76, 0x92, 0x32, 0x0F, 0x88, 0x97, 0xB0, 0xA4, 0x8F, 0x12, 0xC9, 0x58, 0xFA, 0xB1, 0xC4,
    0x24, 0x14, 0xE9, 0x80, 0x55, 0x8D, 0xD1, 0x67, 0x3F, 0x53, 0x3E, 0x1D, 0xFA, 0x8B, 0xDF, 0xFE,
    0x4E, 0x1C, 0xCC, 0x10, 0x37, 0x0C, 0x1D, 0xEC, 0x1D, 0xE3, 0x7E, 0xE3, 0x51, 0x2E, 0x2F, 0x84,
    0x81, 0xC9, 0x41, 0x4C, 0x08, 0xD7, 0x20, 0x19, 0x97, 0xA4, 0xB6, 0xE7, 0x91, 0x92, 0x94, 0xBA,
    0x99, 0x29, 0x29, 0x29, 0xC7, 0x4F, 0x33, 0x65, 0x24, 0xE5, 0x27, 0x5C, 0xDD, 0xE6, 0x0C, 0xC4,
    0x76, 0x0C, 0xB3, 0x5E, 0xC9, 0xD9, 0xE2, 0xF0, 0xAA, 0x12, 0xE4, 0xA3, 0x23, 0xDB, 0x4C, 0xE4,
    0x80, 0xB8, 0x18, 0x50, 0x59, 0xC4, 0xD6, 0x5C, 0x70, 0xC4, 0x41, 0x6E, 0xBA, 0x8F, 0xA1, 0x5A,
    0x60, 0x51, 0x05, 0x55, 0x55, 0x62, 0x98, 0xED, 0x36, 0xB8, 0x5A, 0x42, 0x71, 0x9B, 0x07, 0xA7,
    0x26, 0x4A, 0x82, 0x81, 0xB6, 0x40, 0x3F, 0x61, 0x28, 0x52, 0x04, 0xBC, 0x59, 0x5B, 0x30, 0xF2,
    0x68, 0x7B, 0xAB, 0xC9, 0x21, 0xC2, 0x7F, 0xF8, 0x2B, 0x00, 0xEF, 0xB7, 0xF8, 0x4A, 0x5F, 0x2A,
    0xAA, 0x94, 0x17, 0xF6, 0x74, 0x56, 0xD6, 0x5F, 0x0D, 0x17, 0x78, 0x26, 0x3F, 0xB8, 0x60, 0x35,
    0x4E, 0x5F, 0x38, 0x3E, 0xAE, 0xB6, 0xF2, 0x15, 0x60, 0x46, 0x34, 0x98, 0xBB, 0xA4, 0xDD, 0xC6,
    0x9C, 0x76, 0xBB, 0x12, 0x73, 0xBE, 0xAD, 0x37, 0x86, 0x76, 0xB1, 0x01, 0xE8, 0x73, 0x53, 0x62,
    0xB5, 0x6A, 0x19, 0xE0, 0x4B, 0x46, 0x02, 0x05, 0x83, 0x5D, 0xBC, 0xB1, 0xD1, 0x38, 0x15, 0x3B,
    0x5B, 0x1F, 0xE0, 0x12, 0xB7, 0xF5, 0xC9, 0xE6, 0xA8, 0x13, 0xF9, 0xE1, 0x7F, 0x97, 0x21, 0x31,
    0x9F, 0x1E, 0x56, 0xA5, 0x7F, 0x43, 0x84, 0x71, 0x64, 0x2D, 0xA4, 0xD0, 0xB4, 0xA3, 0x9C, 0xC0,
    0x1B, 0xAA, 0x47, 0x08, 0x1C, 0xA9, 0xC7, 0xCB, 0x81, 0x3A, 0xF4, 0xB0, 0x21, 0xC3, 0xDF, 0x21,
    0x22, 0x19, 0xDA, 0x05, 0xE2, 0x54, 0x42, 0xA7, 0x38, 0x4F, 0x12, 0x4C, 0x68, 0x7F, 0x84, 0x10,
    0xDB, 0x03, 0x93, 0x79, 0x36, 0x67, 0x88, 0x56, 0xCB, 0xA0, 0xA9, 0xE5, 0x6D, 0x6F, 0x34, 0x22,
    0xA1, 0x0E, 0x20, 0xEF, 0x24, 0x9A, 0xAC, 0x5F, 0xE1, 0xD0, 0x90, 0x0A, 0xAF, 0xA6, 0x62, 0x44,
    0x72, 0x15, 0x6B, 0x98, 0xB7, 0x35, 0x16, 0x4C, 0xC5, 0xC9, 0x56, 0x5B, 0x4C, 0x93, 0xE3, 0x7A,
    0x2E, 0xAB, 0x87, 0xD3, 0xCE, 0x11, 0x4C, 0xAA, 0x65, 0xE1, 0x8C, 0xB0, 0x44, 0x3F, 0xAE, 0x7A,
    0x39, 0x89, 0xB3, 0xF6, 0xDB, 0xBF, 0xD0, 0x8F, 0x49, 0x7C, 0x72, 0x5E, 0xF6, 0x46, 0x8D, 0x46,
    0x41, 0x62, 0x8A, 0xFB, 0x31, 0xC8, 0x24, 0x11, 0xB3, 0x0A, 0xD2, 0x78, 0xAA, 0xBE, 0xC8, 0x0B,
    0xA1, 0x41, 0x75, 0x6F, 0xAC, 0xB0, 0x9A, 0xBE, 0x8D, 0x72, 0x7C, 0x56, 0xDD, 0x99, 0xC0, 0x2E,
    0xDA, 0x05, 0x5B, 0xC9, 0x3C, 0x63, 0x1D, 0xF3, 0x3A, 0xB2, 0x83, 0x0B, 0x11, 0x1F, 0x4E, 0xA9,
    0xF2, 0x22, 0xC9, 0x1F, 0x98, 0x05, 0x71, 0x9B, 0xB2, 0xA6, 0xCD, 0x92, 0xCE, 0x86, 0x1C, 0x69,
    0x76, 0xC5, 0x63, 0xFD, 0xB9, 0x1F, 0xF1, 0x2E, 0x19, 0xF4, 0xA0, 0x75, 0xB1, 0x96, 0xEF, 0x11,
    0x7F, 0xE8, 0xEC, 0xCA, 0xA8, 0x0F, 0x81, 0xAE, 0x18, 0x45, 0x16, 0x8A, 0x5D, 0xBF, 0x0A, 0x2B,
    0x59, 0x36, 0x91, 0xD8, 0x0F, 0xEE, 0xD2, 0x10, 0xB6, 0xAD, 0x71, 0xC1, 0xF7, 0xA4, 0x56, 0xF0,
    0xB5, 0x32, 0x97, 0xEC, 0x3D, 0xA4, 0xCB, 0xD8, 0x14, 0x6A, 0x4F, 0x41, 0x9A, 0x47, 0xFB, 0x23,
    0x08, 0x05, 0xA4, 0x09, 0x8C, 0x35, 0x80, 0x87, 0x77, 0x48, 0xFE, 0xB3, 0xA6, 0xAC, 0x15, 0xC3,
    0xA2, 0x4F, 0xE3, 0x59, 0x82, 0xC3, 0x7B, 0x95, 0x20, 0x87, 0x30, 0x57, 0x52, 0x4D, 0x64, 0x12,
    0x57, 0xA8, 0x33, 0xED, 0xB4, 0x52, 0x6C, 0x95, 0x89, 0x0D, 0x10, 0x04, 0x3E, 0xCD, 0xBA, 0x9A,
    0x7A, 0xC0, 0xF7, 0xD8, 0xB9, 0x8F, 0xDB, 0xDB, 0x6F, 0xD0, 0xB2, 0xB8, 0xAC, 0x8A, 0x0F, 0x59,
    0x82, 0x18, 0xE5, 0xF0, 0xA5, 0x59, 0x7F, 0x81, 0x8E, 0x6B, 0x3A, 0x3F, 0x3A, 0xC2, 0x01, 0xD1,
    0xDF, 0xC0, 0x6B, 0x9B, 0x44, 0x16, 0x70, 0x49, 0x49, 0x20, 0x64, 0x91, 0xBD, 0x77, 0x94, 0xA1,
    0x39, 0x27, 0xA0, 0xC6, 0xE0, 0xF0, 0xC3, 0xC6, 0x60, 0xB1, 0x7F, 0xCE, 0x9C, 0xDB, 0x2E, 0x13,
    0xB4, 0xD7, 0x8C, 0x50, 0xC5, 0x60, 0xDD, 0x60, 0x5F, 0xB6, 0x2C, 0xB1, 0x3F, 0x33, 0x5B, 0x95,
    0x24, 0xD0, 0xD2, 0x8B, 0x3C, 0x88, 0x6A, 0x8C, 0xCB, 0xAC, 0x77, 0x56, 0x49, 0x05, 0x44, 0xDD,
    0x85, 0x25, 0x6F, 0xA3, 0xD1, 0xA0, 0x3E, 0xED, 0x57, 0x5E, 0x29, 0x46, 0xF4, 0xA4, 0xE2, 0x7F,
    0x9A, 0x6D, 0x1C, 0x9F, 0x31, 0x15, 0xA0, 0xB1, 0xC9, 0x96, 0xE6, 0x37, 0x3A, 0xC3, 0xEE, 0xF9,
    0x23, 0x28, 0xD0, 0xD2, 0x7A, 0x24, 0x7B, 0x18, 0x89, 0xFF, 0xA1, 0xD2, 0xFB, 0x49, 0xCC, 0x0D,
    0x42, 0x8E, 0x0B, 0x53, 0xD5, 0x50, 0x1D, 0xF5, 0xDD, 0x18, 0x45, 0xB7, 0x43, 0x8F, 0x3A, 0x67,
    0x86, 0x70, 0xDF, 0x7E, 0x7E, 0xFF, 0x01, 0x8E, 0x6E, 0x0E, 0xA7, 0xFE, 0xEB, 0x2A, 0x93, 0x4E,
    0xB2, 0x35, 0x85, 0xBB, 0xEC, 0x81, 0x07, 0x68, 0x88, 0x2C, 0xA6, 0x1E, 0x08, 0x04, 0xBC, 0x1B,
    0x9E, 0xBE, 0x70, 0xF2, 0x26, 0xD7, 0x54, 0x93, 0x68, 0xB7, 0xDB, 0x2B, 0xEB, 0x57, 0x7E, 0x8A,
    0x12, 0x42, 0x72, 0xBE, 0xA6, 0x26, 0xB8, 0xBE, 0xC2, 0xBA, 0xBB, 0xC7, 0xDA, 0x77, 0x91, 0xC8,
    0xF1, 0x22, 0x63, 0x24, 0xC2, 0xE7, 0x5D, 0x38, 0x49, 0xB2, 0xD0, 0xBF, 0x69, 0xF1, 0x79, 0xF7,
    0x0F, 0x1F, 0xF7, 0x2E, 0x9C, 0x22, 0x2D, 0xD2, 0xBC, 0xC7, 0x37, 0x58, 0x5D, 0x10, 0xF9, 0x25,
    0x34, 0xF8, 0xE8, 0x76, 0xF9, 0x28, 0x3B, 0x95, 0xB2, 0x4F, 0x6E, 0x1A, 0x70, 0x05, 0xAB, 0x20,
    0x82, 0xF9, 0x70, 0x01, 0xF6, 0x5F, 0x94, 0xB2, 0x42, 0x27, 0xD7, 0xB8, 0xC8, 0x2A, 0xCF, 0xB8,
    0xED, 0xF6, 0x59, 0xEC, 0x2C, 0x43, 0x3C, 0xE9, 0x82, 0x19, 0xA7, 0xB2, 0x9A, 0x2A, 0x7A, 0x3E,
    0x49, 0xDD, 0xE7, 0xF3, 0x01, 0x2C, 0xE6, 0x0B, 0x18, 0x3F, 0x2D, 0xAE, 0xEC, 0xAA, 0x25, 0xA6,
    0x36, 0xDE, 0x93, 0x09, 0xC5, 0x2B, 0x2C, 0x29, 0x05, 0xD1, 0x7F, 0x5E, 0x8E, 0x17, 0x6F, 0x30,
    0x5A, 0x5B, 0x1F, 0xF0, 0x71, 0x7B, 0xF8, 0x7D, 0x46, 0x67, 0xF5, 0x3F, 0xE4, 0xE3, 0x5E, 0x6B,
    0xAE, 0xB3, 0x82, 0x9D, 0xD8, 0x42, 0x51, 0x1E, 0xCB, 0xA1, 0x04, 0xA1, 0x87, 0x66, 0x3C, 0x1E,
    0x9C, 0x1A, 0x97, 0x2F, 0xA4, 0x18, 0xB8, 0xAD, 0xC5, 0xFF, 0xEA, 0xA5, 0x4B, 0x8C, 0xFD, 0x28,
    0xE0, 0x22, 0xE9, 0x03, 0xDE, 0xDC, 0x20, 0xF4, 0xCF, 0xB3, 0x9D, 0x63, 0xBB, 0x38, 0xB8, 0xF8,
    0x17, 0x4A, 0xA6, 0x76, 0xE3, 0x04, 0xAD, 0x62, 0x52, 0xA3, 0x8E, 0xD1, 0x1C, 0x2F, 0x0B, 0xD2,
    0xF8, 0x71, 0x34, 0xA1, 0xAC, 0x75, 0x6C, 0x38, 0x66, 0xE4, 0xC6, 0x9A, 0x31, 0xE8, 0x19, 0xEE,
    0x45, 0x93, 0xDC, 0xEC, 0x14, 0x95, 0x6E, 0xAE, 0x10, 0x2D, 0xB2, 0xFE, 0x42, 0x23, 0x07, 0x8E,
    0x78, 0x71, 0x8B, 0xD1, 0xFD, 0xC6, 0x11, 0xD9, 0xA0, 0xAB, 0xA4, 0xF8, 0x7C, 0x89, 0x05, 0x22,
    0xE4, 0x38, 0x09, 0x1E, 0x2D, 0x89, 0xDC, 0x32, 0x27, 0xAB, 0x91, 0x79, 0x31, 0x8F, 0x4D, 0x89,
    0xDA, 0x17, 0x18, 0x5E, 0x8C, 0x70, 0xCC, 0x92, 0x3B, 0xE4, 0xCA, 0x74, 0x25, 0x08, 0x02, 0xE5,
    0x29, 0x85, 0x6E, 0x57, 0xF1, 0x21, 0xCD, 0x72, 0x03, 0x4B, 0x7E, 0x95, 0x94, 0x25, 0x72, 0x77,
    0x80, 0x0A, 0x21, 0xB1, 0xBA, 0xC6, 0x7B, 0x3A, 0xA8, 0x87, 0xFC, 0x75, 0xCE, 0xA5, 0x0C, 0xB8,
    0x32, 0xBF, 0xAA, 0x58, 0xEC, 0xC2, 0xAD, 0x72, 0x30, 0xBC, 0x1A, 0x22, 0xA7, 0x53, 0x59, 0xB9,
    0xCD, 0x75, 0x12, 0x1E, 0xB1, 0x35, 0x51, 0xAB, 0x5F, 0x50, 0xEC, 0x4A, 0xA8, 0xC8, 0xB6, 0x50,
    0x4B, 0x9C, 0x45, 0x40, 0x33, 0x0A, 0xB5, 0xC2, 0x60, 0x1C, 0x78, 0x05, 0xBB, 0xB5, 0xB1, 0xF5,
    0x8D, 0x96, 0xF3, 0x32, 0xB1, 0x97, 0x0A, 0x76, 0x27, 0x43, 0x26, 0x1F, 0xFD, 0x42, 0x16, 0x6C,
    0x80, 0x4A, 0xC9, 0xBC, 0x91, 0x51, 0x90, 0x41, 0xD7, 0x83, 0xEE, 0xC2, 0xFE, 0xB4, 0xAB, 0xBB,
    0xCB, 0x42, 0x3E, 0xB6, 0x57, 0xE4, 0xA5, 0x56, 0x20, 0xCB, 0x30, 0xF7, 0x12, 0x8E, 0x93, 0xD1,
    0x36, 0x47, 0xC2, 0xD3, 0x6B, 0x06, 0xD7, 0x1A, 0xBF, 0xA6, 0x82, 0xE7, 0xE3, 0xA3, 0x18, 0x8B,
    0xB2, 0x93, 0x12, 0xBF, 0xFE, 0x9E, 0x9A, 0x71, 0xB5, 0x9D, 0x5D, 0x84, 0xBE, 0x3B, 0x70, 0x12,
    0xD4, 0x26, 0x08, 0x6A, 0x9E, 0x29, 0x44, 0xFF, 0x8A, 0x02, 0x0E, 0x9C, 0x3F, 0x43, 0x64, 0x97,
    0xAD, 0xAD, 0x1C, 0x1D, 0x43, 0x3C, 0x60, 0x95, 0xEB, 0x9C, 0xAF, 0x77, 0x7A, 0x68, 0x5A, 0x99,
    0x04, 0x40, 0xB4, 0xCD, 0xDA, 0x38, 0x99, 0xA2, 0x71, 0xC4, 0x8D, 0x53, 0xA4, 0x8C, 0x00, 0xFD,
    0x67, 0x0D, 0xFA, 0x82, 0x65, 0x58, 0x22, 0x09, 0x51, 0xB7, 0xD0, 0xDA, 0xBC, 0x92, 0x0E, 0x60,
    0xC4, 0x2A, 0x8A, 0xF7, 0xD0, 0x54, 0xD2, 0x8D, 0x9F, 0x49, 0xD5, 0x32, 0x62, 0x0C, 0x5D, 0x63,
    0xE9, 0xD9, 0x55, 0x88, 0x2C, 0xF8, 0x8A, 0xD0, 0xBB, 0x07, 0x40, 0x4B, 0xEB, 0x61, 0x4E, 0xB2,
    0xCD, 0x0F, 0x1E, 0x95, 0xDE, 0xFD, 0x6F, 0xF8, 0x6A, 0x30, 0x7F, 0x0D, 0x8C, 0x75, 0xEC, 0x29,
    0x36, 0x30, 0x2B, 0x8A, 0x9F, 0x2C, 0x80, 0xCC, 0xC0, 0x6E, 0x15, 0xFC, 0x6E, 0xD0, 0x14, 0xE8,
    0x8D, 0xA1, 0x26, 0xDF, 0x59, 0x87, 0xD8, 0x44, 0x80, 0xF8, 0xA7, 0xDE, 0xAE, 0x4B, 0xBE, 0x3A,
    0xD4, 0xEE, 0x12, 0xBE, 0x39, 0x59, 0x07, 0x8B, 0xB2, 0x0E, 0xF4, 0xFD, 0xC1, 0x8E, 0x18, 0x50,
    0x6E, 0x5F, 0x5B, 0x09, 0x83, 0x47, 0x8A, 0xD6, 0xED, 0x45, 0x5D, 0xA7, 0xBF, 0x8A, 0xFC, 0xE7,
    0x5B, 0x74, 0x6E, 0xF3, 0x52, 0x91, 0xF1, 0x25, 0x23, 0xB9, 0x32, 0x37, 0x37, 0x7C, 0x15, 0x78,
    0x44, 0xA0, 0x2A, 0x40, 0x1A, 0xDD, 0xC6, 0xB7, 0x72, 0x82, 0x3F, 0x29, 0x06, 0xB9, 0x6A, 0x9D,
    0x2D, 0x8A, 0x8B, 0xA3, 0xCE, 0xA0, 0x3F, 0x5A, 0x44, 0x05, 0xAD, 0xE7, 0xD8, 0xF9, 0x77, 0x8F,
    0xBA, 0xA8, 0x55, 0x54, 0x66, 0x02, 0xD4, 0x41, 0x88, 0xAB, 0xAA, 0x06, 0x53, 0x4B, 0x75, 0x7C,
    0x6E, 0x0A, 0x0E, 0xAF, 0x75, 0xD6, 0x26, 0x1A, 0xFB, 0x24, 0x0E, 0xCD, 0x08, 0x85, 0x4E, 0xDA,
    0x52, 0xBF, 0x84, 0x49, 0xCF, 0xDB, 0xD3, 0x54, 0xE8, 0xE0, 0x2A, 0x56, 0x71, 0x8B, 0xF8, 0x2E,
    0xFD, 0xDB, 0x42, 0x9D, 0x85, 0x8C, 0x56, 0x1C, 0xE7, 0x5D, 0xB4, 0xFA, 0x2C, 0x1C, 0x9F, 0x15,
    0xA9, 0x48, 0x0A, 0x7E, 0xEF, 0x29, 0x24, 0x75, 0x9F, 0xAD, 0x37, 0xFD, 0x11, 0xD3, 0xBE, 0x82,
    0x8D, 0x05, 0xF5, 0xF3, 0x3B, 0x03, 0x32, 0xA7, 0x82, 0xE1, 0x06, 0xF3, 0xA7, 0x6F, 0x36, 0x6E,
    0x43, 0x06, 0x8B, 0x4C, 0x5E, 0xD4, 0x74, 0x28, 0x9A, 0x89, 0x99, 0xEA, 0x17, 0x19, 0xD1, 0x1E,
    0x8B, 0x23, 0xFD, 0x32, 0xE7, 0xD6, 0x09, 0x4D, 0xCA, 0x87, 0x97, 0xD8, 0xD9, 0xA7, 0x43, 0x22,
    0x4E, 0x4E, 0x4A, 0x03, 0xB0, 0x4C, 0x5D, 0x49, 0xAF, 0xEF, 0x0D, 0x79, 0x93, 0x9A, 0xB9, 0xBA,
    0x6C, 0x52, 0xE3, 0x8F, 0x64, 0xEF, 0xBD, 0xA1, 0x0C, 0xEA, 0x40, 0xFE, 0x82, 0x3D, 0xF0, 0x71,
    0xD0, 0x20, 0xAE, 0x2C, 0x8E, 0x37, 0x84, 0x36, 0x07, 0x4F, 0x34, 0xE1, 0x05, 0x18, 0x75, 0x60,
    0x94, 0x41, 0x97, 0x3F, 0x36, 0xEE, 0xF2, 0xB1, 0xE6, 0xDF, 0x8F, 0xB8, 0x74, 0x40, 0x65, 0x64,
    0x81, 0xBE, 0xDB, 0xC5, 0x79, 0x6B, 0xE3, 0x2C, 0x5B, 0x47, 0x90, 0xE6, 0x7E, 0x27, 0xDE, 0x6A,
    0x70, 0x71, 0x60, 0x1B, 0x61, 0xCB, 0xC0, 0xCD, 0x0E, 0xEF, 0x7E, 0x86, 0x8C, 0x95, 0x88, 0xBE,
    0x8C, 0x70, 0x59, 0xED, 0x79, 0x15, 0xC8, 0x1B, 0x2E, 0xD2, 0xF5, 0x33, 0x50, 0x96, 0xE8, 0xFA,
    0x00, 0x0B, 0x88, 0xAE, 0x3F, 0x04, 0x61, 0x9C, 0xE3, 0x47, 0x1D, 0x2E, 0xAB, 0x6F, 0xA7, 0x44,
    0x54, 0x78, 0xAF, 0x06, 0x6C, 0x4D, 0xF0, 0xE7, 0xFD, 0xB8, 0xC7, 0x02, 0x52, 0x11, 0xD5, 0x68,
    0xA4, 0xEA, 0x9B, 0x11, 0x57, 0x08, 0xFB, 0x7A, 0x26, 0x66, 0x71, 0xDE, 0x90, 0x61, 0x8B, 0xD1,
    0x1D, 0xD6, 0xF9, 0x39, 0x05, 0x6C, 0x99, 0x84, 0xB7, 0x77, 0xD4, 0xB0, 0x18, 0x6F, 0xFF, 0x95,
    0x4C, 0x3B, 0x67, 0x2A, 0x12, 0xCF, 0xD9, 0x16, 0xFF, 0xD8, 0x6D, 0x5E, 0xE1, 0x26, 0x05, 0xD9,
    0x15, 0x41, 0x2B, 0xF8, 0xA7, 0x1C, 0x7B, 0xB2, 0x5C, 0x91, 0x00, 0x86, 0xF2, 0x09, 0x8E, 0x55,
    0xA8, 0xBA, 0x99, 0x6C, 0x76, 0xB7, 0x25, 0x10, 0xC0, 0x7A, 0xDB, 0x52, 0x0E, 0xE9, 0xF4, 0x26,
    0xAB, 0xC7, 0x00, 0xF6, 0x30, 0x42, 0x0C, 0x5B, 0x4E, 0x93, 0xAA, 0x89, 0xDE, 0xBF, 0x26, 0x25,
    0x16, 0x03, 0x78, 0x27, 0x48, 0x3B, 0x6A, 0xDC, 0x5E, 0x14, 0xEF, 0x80, 0x26, 0x61, 0xB2, 0xD3,
    0xD9, 0x3C, 0xBF, 0x1D, 0x9B, 0x6D, 0x9D, 0xCC, 0xC4, 0xD3, 0x9D, 0x4C, 0xD9, 0xCA, 0x66, 0x45,
    0xAD, 0x09, 0xBE, 0x0A, 0xB8, 0x02, 0x15, 0xA9, 0xD9, 0xDD, 0x8F, 0xFC, 0x0B, 0xC7, 0x03, 0x07,
    0x41, 0xB8, 0x5B, 0x01, 0x9C, 0x1C, 0x9D, 0xCB, 0x41, 0x21, 0x57, 0xE6, 0x02, 0xF1, 0x57, 0x78,
    0xA6, 0x2D, 0x0F, 0xE3, 0x21, 0x0F, 0xB8, 0x1C, 0xF4, 0x0C, 0x83, 0xBD, 0x05, 0x9B, 0x44, 0xD0,
    0x1F, 0xC2, 0xA8, 0x53, 0x2F, 0x22, 0x9F, 0xF4, 0x46, 0xD2, 0xA5, 0x49, 0x58, 0xC1, 0xB0, 0x5B,
    0x9D, 0xED, 0x6A, 0xBA, 0xE3, 0x7A, 0x62, 0x26, 0x84, 0x64, 0x5C, 0x14, 0x9D, 0x63, 0x49, 0x10,
    0x4C, 0xE2, 0x1B, 0x57, 0x7F, 0xDD, 0xC4, 0x9F, 0x8D, 0x87, 0xD0, 0x10, 0x36, 0xFB, 0x53, 0x71,
    0x18, 0xBB, 0xEF, 0x70, 0xC8, 0x3B, 0x7F, 0xF5, 0x0E, 0x1F, 0x42, 0xDF, 0x10, 0xC1, 0xF6, 0x14,
    0x31, 0xEC, 0xED, 0x42, 0x53, 0xFD, 0x7B, 0xF2, 0xEC, 0xD6, 0xAE, 0xFA, 0x09, 0xD5, 0x31, 0x8E,
    0x63, 0xEE, 0x3C, 0xC3, 0x8C, 0x0C, 0xFA, 0x2F, 0x9B, 0x6F, 0x37, 0x69, 0x04, 0xD6, 0x70, 0x3A,
    0x9B, 0xE5, 0xC0, 0xDD, 0x5C, 0xA0, 0xF7, 0x80, 0x7D, 0x02, 0x41, 0x5C, 0x2F, 0x06, 0xAB, 0xD8,
    0xAD, 0xB0, 0x18, 0xAC, 0x71, 0xE4, 0x6E, 0xDE, 0x67, 0x27, 0x8A, 0xEE, 0xBF, 0xCC, 0x09, 0xC1,
    0xFD, 0x82, 0xBB, 0xEC, 0x1A, 0xD7, 0x5F, 0x4E, 0x56, 0x07, 0xEC, 0x38, 0x5A, 0xE5, 0x9D, 0x04,
    0xD5, 0x6A, 0x85, 0x65, 0x9C, 0x55, 0x4C, 0xED, 0x55, 0x05, 0x8F, 0xAD, 0x05, 0x1F, 0xED, 0x16,
    0x68, 0x00, 0x3D, 0x33, 0x0A, 0xE0, 0xAA, 0xF5, 0x75, 0x1B, 0x67, 0x1D, 0x14, 0xC7, 0x5B, 0x95,
    0x74, 0x41, 0xF9, 0x88, 0xBE, 0x74, 0x52, 0x5B, 0x4F, 0xBB, 0x96, 0xC6, 0x69, 0xB7, 0x26, 0xAC,
    0x11, 0x61, 0x59, 0x6A, 0x9B, 0xEC, 0xB1, 0x53, 0x4E, 0x4D, 0x95, 0x6B, 0x9D, 0x37, 0xC5, 0x46,
    0x8C, 0x11, 0x90, 0x34, 0xC3, 0xFE, 0xB6, 0x79, 0x94, 0x63, 0xD8, 0x83, 0x88, 0xFD, 0x0C, 0xB2,
    0xFF, 0x59, 0x50, 0x0C, 0x82, 0xB4, 0x0E, 0x85, 0x7B, 0x18, 0x64, 0xA8, 0x10, 0xDF, 0xE8, 0x05,
    0x5F, 0xF0, 0x64, 0xCF, 0x83, 0x36, 0x7B, 0xD6, 0x74, 0x50, 0x93, 0xBA, 0xF9, 0x41, 0x20, 0x8B,
    0x36, 0xE0, 0x75, 0xEB, 0x47, 0x01, 0xF7, 0x0A, 0x0C, 0x40, 0x43, 0x4E, 0xAD, 0x0B, 0x60, 0x38,
    0x75, 0xB1, 0x9E, 0x88, 0x28, 0x54, 0x60, 0x20, 0xB3, 0xD9, 0xFA, 0x54, 0x31, 0x5B, 0x6A, 0x9A,
    0xEF, 0xAE, 0x0C, 0x77, 0xFA, 0x65, 0x26, 0x96, 0x67, 0x53, 0x33, 0xD5, 0x93, 0xB2, 0xAA, 0xD6,
    0x96, 0xCC, 0x92, 0xB2, 0x18, 0xBC, 0xBF, 0x77, 0x71, 0x47, 0x58, 0xC3, 0x45, 0xD3, 0x67, 0x34,
    0x83, 0xAF, 0x29, 0x37, 0x22, 0x02, 0xB1, 0x46, 0xF4, 0x95, 0x24, 0xA6, 0x3E, 0xE8, 0xEB, 0x35,
    0x12, 0x7D, 0x39, 0xA1, 0xFB, 0x8F, 0x6F, 0x40, 0x75, 0x4F, 0x5E, 0xC3, 0xBA, 0xB5, 0x55, 0x8F,
    0x7B, 0xC4, 0x1D, 0xB0, 0xAB, 0xB1, 0x32, 0xC0, 0x50, 0xD9, 0x23, 0xF6, 0xF8, 0x05, 0x59, 0x0F,
    0x43, 0x85, 0x8D, 0x52, 0x86, 0x28, 0xC2, 0xC7, 0xF1, 0x0C, 0x10, 0x09, 0xFC, 0x9C, 0x9D, 0x97,
    0xDC, 0x61, 0x3D, 0x54, 0x03, 0xB5, 0x8B, 0xBB, 0xD4, 0x77, 0xDA, 0xE1, 0x4C, 0xF7, 0x59, 0x20,
    0xC9, 0xAC, 0x2D, 0x06, 0x54, 0xD8, 0x63, 0x01, 0xF1, 0xDE, 0x91, 0x05, 0x47, 0x4D, 0x2C, 0xAA,
    0xE4, 0x3C, 0x79, 0x52, 0x6D, 0xD4, 0xCA, 0x25, 0xF2, 0x77, 0xCE, 0x04, 0x00, 0x9B, 0xF0, 0x78,
    0xB9, 0x6F, 0x56, 0xC0, 0x17, 0xA8, 0x08, 0x54, 0x05, 0x7A, 0x72, 0xBB, 0xD4, 0x06, 0x84, 0x90,
    0xDD, 0x13, 0x42, 0xDB, 0xDB, 0x9D, 0x55, 0xF5, 0xC0, 0x1D, 0x71, 0x0D, 0xD8, 0x38, 0x0A, 0xF1,
    0x30, 0x8B, 0x90, 0x86, 0x41, 0x84, 0xED, 0x2D, 0xB5, 0x89, 0x7A, 0x04, 0xCB, 0x88, 0x37, 0x82,
    0x32, 0xAD, 0x85, 0xAD, 0xE9, 0x5D, 0xFB, 0xCC, 0x6A, 0x64, 0xEC, 0x24, 0x8A, 0xE4, 0xB3, 0x98,
    0x7A, 0xBF, 0x3F, 0xF4, 0xF2, 0x2D, 0xA1, 0x9D, 0x92, 0x7D, 0x39, 0x77, 0x58, 0x3C, 0x6E, 0x75,
    0xD9, 0xA7, 0x2E, 0xB8, 0x89, 0x6C, 0xAB, 0xBD, 0x44, 0x6C, 0x50, 0x48, 0xDB, 0xC6, 0xC2, 0xC0,
    0x7E, 0x52, 0x16, 0x37, 0x7C, 0xC9, 0xE5, 0x8D, 0x81, 0x82, 0x57, 0x98, 0xFD, 0x78, 0x2C, 0xE2,
    0x20, 0x59, 0x12, 0x1F, 0xDF, 0x2E, 0x30, 0xA9, 0x0E, 0x6D, 0xB9, 0xA3, 0xA8, 0x86, 0xAC, 0x8B,
    0xFE, 0x70, 0x2F, 0x06, 0x66, 0xCF, 0x74, 0x28, 0xFA, 0x71, 0x19, 0x87, 0x1E, 0xA7, 0xB8, 0x72,
    0x4F, 0x14, 0xD2, 0xCC, 0xC0, 0xB8, 0x81, 0x61, 0x71, 0x89, 0x84, 0xB4, 0x25, 0xC8, 0xD6, 0x19,
    0x71, 0x76, 0x0E, 0xCE, 0x55, 0xCD, 0x38, 0x24, 0xD3, 0xE3, 0x80, 0x25, 0xD3, 0x1B, 0x87, 0x6B,
    0xE6, 0x13, 0x10, 0x87, 0xC2, 0xAC, 0x50, 0x4C, 0x5F, 0x2A, 0x13, 0x55, 0xE8, 0x1D, 0x9C, 0x0E,
    0x57, 0x83, 0x48, 0x46, 0xAB, 0x9F, 0xF3, 0xC4, 0x79, 0xFB, 0x46, 0x07, 0x46, 0xB4, 0x80, 0x24,
    0x08, 0xEF, 0xFF, 0x41, 0x42, 0x6C, 0x4C, 0x53, 0xE3, 0x0F, 0xB2, 0x8A, 0xF2, 0x7F, 0xCA, 0x8E,
    0xCE, 0xA9, 0x84, 0xA0, 0xF1, 0x0F, 0xDB, 0x60, 0x0F, 0xC5, 0x88, 0x29, 0x39, 0x55, 0xA4, 0xD6,
    0x68, 0x4F, 0x1F, 0x9B, 0x04, 0x57, 0x02, 0xEC, 0xDB, 0xA0, 0x66, 0x1F, 0x88, 0x76, 0x6C, 0x8E,
    0x6A, 0x02, 0x01, 0xF1, 0xD6, 0xA3, 0xA6, 0xD2, 0x52, 0x3C, 0xDF, 0xF8, 0x8D, 0x46, 0xE4, 0xB1,
    0xA7, 0x2B, 0xC3, 0x8E, 0xCE, 0x1D, 0x52, 0xF0, 0xE7, 0x78, 0xF1, 0x4F, 0x67, 0xF5, 0x0D, 0x78,
    0x2E, 0x39, 0x92, 0xEA, 0x8A, 0x85, 0x50, 0x11, 0x13, 0x49, 0x15, 0xF2, 0x97, 0x12, 0xEF, 0x37,
    0x36, 0x6B, 0x82, 0xDB, 0xDF, 0xC9, 0x78, 0xAB, 0x3C, 0x2F, 0x61, 0x17, 0x33, 0xF6, 0x5C, 0xBD,
    0xDD, 0xB8, 0x5C, 0x51, 0x5D, 0x12, 0x4D, 0x86, 0x0F, 0xD0, 0xCA, 0x38, 0x38, 0xC5, 0x58, 0x78,
    0x03, 0xC5, 0xF1, 0x38, 0xC8, 0x54, 0xC4, 0x7A, 0x46, 0x47, 0x96, 0x67, 0x1B, 0xAF, 0xD1, 0x0C,
    0x9B, 0xA9, 0x08, 0x4F, 0xA8, 0x48, 0x7F, 0x2E, 0x48, 0xFD, 0xE5, 0x05, 0xD4, 0x44, 0x58, 0x02,
    0x38, 0x49, 0x3B, 0xC6, 0x5F, 0xA4, 0x60, 0x2E, 0x48, 0x95, 0xCB, 0x8A, 0xCC, 0x9E, 0x0A, 0xC7,
    0xB2, 0xAA, 0x6A, 0x8F, 0x2D, 0x4B, 0x55, 0x54, 0x34, 0x55, 0x73, 0x61, 0x99, 0xAB, 0x6A, 0x86,
    0xB0, 0x4E, 0xA9, 0x56, 0xE8, 0x61, 0xE7, 0xD9, 0xBC, 0x85, 0x3A, 0xB6, 0x96, 0xEE, 0x21, 0x4E,
    0xCD, 0x49, 0x73, 0x68, 0x7A, 0x6E, 0xA2, 0x51, 0xF2, 0xC5, 0x7F, 0x21, 0xF3, 0x3E, 0x1F, 0xA8,
    0x8A, 0x93, 0x92, 0x8A, 0x1C, 0xD7, 0xFC, 0xEF, 0x6C, 0xA9, 0x60, 0xB8, 0xD7, 0x23, 0x2A, 0x62,
    0xE5, 0x3B, 0x53, 0xED, 0xA8, 0x0D, 0x18, 0x69, 0x3F, 0x97, 0x3A, 0x2A, 0x85, 0x50, 0x9D, 0x8A,
    0xB0, 0x27, 0xCB, 0x6C, 0x5C, 0x5D, 0xDF, 0xB1, 0x33, 0xE4, 0xFD, 0xD6, 0xB4, 0x74, 0xC1, 0x9C,
    0x99, 0x52, 0x5C, 0x6D, 0x46, 0xA6, 0x62, 0xAA, 0x66, 0x04, 0xCC, 0x9A, 0x2E, 0x0B, 0x84, 0x02,
    0x83, 0x7B, 0xAF, 0xE9, 0x20, 0x02, 0x3D, 0xBC, 0x5C, 0x91, 0xF8, 0xDA, 0xBD, 0x3B, 0x93, 0x40,
    0xA4, 0x0D, 0xFB, 0x44, 0x32, 0xF3, 0xB9, 0xF6, 0x18, 0x6B, 0xCA, 0x78, 0xE6, 0x1A, 0xEE, 0xBB,
    0xA4, 0x1E, 0x32, 0x3C, 0x7A, 0xFE, 0xB4, 0xC8, 0xE5, 0x35, 0x51, 0x7D, 0x31, 0x77, 0x8F, 0xF2,
    0x6E, 0x16, 0xD0, 0xF1, 0xDF, 0x39, 0xB1, 0x12, 0x4F, 0xE6, 0x52, 0x7D, 0xF3, 0xF7, 0x9F, 0xD0,
    0x42, 0x32, 0xAE, 0x42, 0x63, 0x39, 0xFF, 0x18, 0x27, 0x58, 0x42, 0x99, 0xDD, 0x2B, 0x10, 0x08,
    0xD4, 0x04, 0x5A, 0x02, 0xB9, 0x17, 0x69, 0xA9, 0x34, 0xAB, 0xC3, 0x03, 0x88, 0x1C, 0xD0, 0xE1,
    0x43, 0x7E, 0x52, 0x25, 0x38, 0x42, 0x6C, 0x13, 0x50, 0x83, 0x9C, 0x5C, 0x1F, 0xEC, 0x45, 0x26,
    0xB0, 0x97, 0xED, 0x54, 0x50, 0xE1, 0xC4, 0xD9, 0x07, 0xDA, 0xAA, 0x02, 0x6A, 0x07, 0xCD, 0x25,
    0xDF, 0x66, 0x9B, 0x11, 0x17, 0x4A, 0x9E, 0x99, 0xB8, 0xC6, 0x4E, 0x20, 0xDC, 0xF1, 0xA0, 0x04,
    0x8F, 0xF4, 0x11, 0xC3, 0xDC, 0x54, 0x7F, 0xFB, 0x19, 0x76, 0x18, 0xB1, 0x47, 0xD0, 0xD3, 0x00,
    0x14, 0x2B, 0x75, 0xFF, 0x0C, 0xBC, 0xF6, 0xEB, 0xD4, 0xF8, 0x8F, 0x10, 0x09, 0xC8, 0x05, 0x9B,
    0x37, 0x7F, 0x15, 0x94, 0xEC, 0x11, 0x84, 0xE5, 0x67, 0x5C, 0xD9, 0x55, 0x32, 0x94, 0xF2, 0x36,
    0x8F, 0xFD, 0xEB, 0x03, 0xB1, 0x21, 0xA5, 0x8F, 0x70, 0x00, 0x50, 0x84, 0x02, 0x0F, 0x1E, 0xF6,
    0xEA, 0x8A, 0xAC, 0xE2, 0xE5, 0xB8, 0x49, 0xFD, 0x34, 0x70, 0xB3, 0x6E, 0x55, 0x21, 0xDE, 0x5A,
    0xEF, 0x45, 0xDD, 0xE8, 0x76, 0x3A, 0x2D, 0xEC, 0xAA, 0xF3, 0x33, 0xBC, 0x22, 0x34, 0xBB, 0xDA,
    0x64, 0xAF, 0x30, 0x2B, 0xD2, 0xA4, 0xF8, 0x67, 0x28, 0xB3, 0xF7, 0x47, 0x9D, 0xF5, 0x7F, 0x9C,
    0xF0, 0x7E, 0x3B, 0x9F, 0x11, 0x58, 0x8D, 0xB3, 0xBF, 0xCA, 0xB5, 0xF7, 0x4A, 0x74, 0xEE, 0x11,
    0x54, 0xD2, 0x48, 0xF4, 0x92, 0xBA, 0xB8, 0x40, 0x10, 0xC4, 0x79, 0x48, 0xE0, 0xA6, 0x2D, 0x80,
    0x8A, 0x2B, 0x4D, 0xAE, 0xD2, 0xE7, 0xF3, 0xCE, 0x9C, 0xB4, 0x94, 0x19, 0x6C, 0x86, 0xAB, 0x36,
    0x1F, 0xD4, 0xCE, 0x90, 0xC0, 0xCA, 0xBC, 0x35, 0x02, 0x92, 0x0F, 0x91, 0xBB, 0xEA, 0x26, 0x35,
    0xA2, 0x59, 0x24, 0xD4, 0xA3, 0x2E, 0x9F, 0x0E, 0xAC, 0xDC, 0x21, 0x65, 0xA8, 0xC6, 0x72, 0xB6,
    0x3E, 0x82, 0xAE, 0x3A, 0x43, 0xB2, 0xBF, 0x9A, 0xB4, 0x61, 0xDE, 0x6C, 0x83, 0x83, 0xC6, 0xF0,
    0x7A, 0x90, 0x9D, 0x6E, 0xDC, 0x7C, 0x96, 0x34, 0x29, 0xE2, 0xB7, 0x75, 0x5E, 0x94, 0x47, 0x48,
    0x4E, 0x5C, 0x89, 0x98, 0x90, 0xFA, 0xBB, 0xE0, 0x71, 0x5E, 0x24, 0x51, 0x3B, 0xE2, 0x4B, 0x82,
    0x8C, 0x0F, 0xDA, 0xB9, 0x5C, 0xB2, 0x68, 0xAE, 0x94, 0xA7, 0x18, 0x98, 0xAB, 0x4A, 0x00, 0x79,
    0x95, 0x0B, 0xA3, 0x90, 0x78, 0x85, 0x1D, 0x48, 0xE8, 0x86, 0xDA, 0x9A, 0xC2, 0x66, 0x89, 0xD8,
    0xA2, 0x28, 0x65, 0x3F, 0xAC, 0x47, 0x93, 0xC8, 0x41, 0xAD, 0xEC, 0xEA, 0xA1, 0x64, 0x84, 0x6A,
    0x3A, 0x45, 0x52, 0x49, 0x17, 0x10, 0x95, 0xEC, 0x0E, 0x66, 0x78, 0xE7, 0xE4, 0xAB, 0xDB, 0x1C,
    0x2E, 0x62, 0xDA, 0xCA, 0x04, 0xD3, 0x97, 0x2D, 0x44, 0xAC, 0x91, 0x68, 0x17, 0xA8, 0x52, 0x22,
    0x21, 0x01, 0x0C, 0xB5, 0x69, 0x69, 0xD4, 0x42, 0x22, 0x44, 0x34, 0x67, 0xFF, 0x18, 0x4C, 0x63,
    0x59, 0x1D, 0x5B, 0x5F, 0xBF, 0x42, 0xEF, 0x70, 0x9F, 0x47, 0x34, 0x98, 0x76, 0x63, 0x44, 0xE2,
    0x9E, 0xF7, 0x22, 0x94, 0x06, 0xB2, 0x4E, 0x5F, 0xF8, 0xAF, 0x4E, 0xFD, 0xA9, 0x44, 0x19, 0x0D,
    0xD5, 0xBF, 0xBB, 0x42, 0xAD, 0xFD, 0xD7, 0xC8, 0x12, 0x46, 0x59, 0x8D, 0x3C, 0xB0, 0x10, 0x2C,
    0xA6, 0x4B, 0xAA, 0xE9, 0x45, 0x08, 0xA1, 0x39, 0x02, 0xB3, 0x29, 0xA7, 0x93, 0xB9, 0x0C, 0xB9,
    0x44, 0x69, 0x88, 0xF9, 0xA3, 0xCC, 0x62, 0x74, 0x6D, 0x8B, 0x4D, 0xD8, 0xF5, 0x1D, 0xD9, 0x56,
    0x8F, 0xE2, 0xA2, 0x19, 0x94, 0x1D, 0xF4, 0x89, 0x89, 0xB4, 0x88, 0x3E, 0x0F, 0x69, 0x20, 0x69,
    0x5C, 0x6A, 0x6E, 0x82, 0xF1, 0xDC, 0xEB, 0x64, 0xD8, 0xE8, 0x18, 0xFB, 0xB9, 0xB1, 0x28, 0x1E,
    0xB7, 0x66, 0xC6, 0x92, 0x6E, 0x4B, 0x18, 0x5F, 0x3B, 0x66, 0xF0, 0x38, 0x68, 0x2D, 0x51, 0x06,
    0xE6, 0x04, 0xC6, 0xBC, 0x51, 0x60, 0x46, 0x0E, 0x2E, 0x08, 0x84, 0x02, 0x3D, 0x39, 0xC7, 0x85,
    0xB2, 0x12, 0xDE, 0xC7, 0x03, 0x71, 0x71, 0x0C, 0xAC, 0x71, 0x3A, 0xE2, 0x0D, 0x76, 0x92, 0x1A,
    0x3B, 0x7A, 0x92, 0xBD, 0x0C, 0xD1, 0x94, 0xD0, 0x77, 0x60, 0x52, 0x00, 0xDB, 0xCF, 0x24, 0x0F,
    0x7C, 0xCB, 0x3E, 0x0F, 0xA2, 0x5A, 0xB3, 0x53, 0x24, 0x76, 0xEF, 0x05, 0x64, 0x9C, 0x22, 0x2F,
    0xE9, 0x42, 0xDB, 0xB0, 0xA4, 0x7E, 0x73, 0x73, 0xAD, 0x73, 0xB9, 0xCD, 0xFE, 0x6C, 0x92, 0x35,
    0x44, 0x34, 0xD2, 0xE3, 0xC1, 0xD2, 0x2D, 0x4B, 0xDA, 0x8E, 0xE1, 0x75, 0xD2, 0x16, 0x1A, 0xE6,
    0x24, 0x2D, 0x0F, 0x1F, 0xCF, 0x1B, 0x40, 0x93, 0x8C, 0xDE, 0x22, 0x16, 0x96, 0x2F, 0xA8, 0xD6,
    0x2A, 0x4F, 0x63, 0x3B, 0x67, 0x4E, 0xEA, 0xC9, 0xA6, 0x7C, 0x6D, 0x4E, 0xE0, 0x77, 0x39, 0x2E,
    0xC0, 0xEA, 0x73, 0x21, 0x72, 0x16, 0xB9, 0xF7, 0xEE, 0x32, 0x2A, 0xEC, 0x90, 0xF9, 0x38, 0xAE,
    0x73, 0x68, 0x6D, 0x71, 0x8D, 0x23, 0x70, 0x25, 0x0E, 0x6C, 0x09, 0xC7, 0xA5, 0x01, 0x05, 0x0E,
    0xAF, 0x70, 0xA1, 0x39, 0xBA, 0x86, 0x78, 0x5C, 0x88, 0xB7, 0xB4, 0x13, 0x3E, 0xE7, 0x6A, 0xB9,
    0x24, 0x33, 0x57, 0x56, 0x85, 0x26, 0x87, 0x06, 0x78, 0x43, 0xDF, 0x47, 0xE4, 0x5C, 0x4B, 0x72,
    0xA3, 0x07, 0xCD, 0x33, 0x30, 0x4D, 0xEB, 0x2E, 0x66, 0x8F, 0x9D, 0x69, 0x22, 0xDF, 0x8B, 0x4E,
    0x2A, 0x1B, 0x46, 0xBE, 0x91, 0x31, 0x37, 0x3F, 0xC6, 0xCC, 0xA4, 0xE2, 0xFE, 0x9F, 0x70, 0x42,
    0x56, 0x7D, 0x8E, 0xFA, 0xDF, 0xEB, 0xCD, 0xEE, 0xE2, 0x0F, 0x22, 0xF3, 0xB1, 0x3A, 0xC0, 0xD5,
    0xC1, 0x32, 0x9B, 0x8B, 0x60, 0x68, 0xBC, 0x88, 0x3B, 0xA7, 0x69, 0x36, 0x62, 0x5C, 0xE0, 0xBA,
    0xF3, 0x73, 0x34, 0xCD, 0x22, 0x16, 0x35, 0x06, 0x74, 0xC6, 0x45, 0x92, 0x7A, 0x3F, 0x26, 0xBD,
    0xCF, 0x27, 0x3E, 0xBD, 0xAC, 0x2E, 0xBA, 0xA9, 0xA5, 0x1F, 0x53, 0x5A, 0xF4, 0x4A, 0x2D, 0xEA,
    0x08, 0xEF, 0x10, 0xD7, 0xE7, 0x67, 0x3E, 0x72, 0x66, 0xA5, 0xC0, 0x5E, 0x3A, 0xD8, 0xD4, 0x01,
    0x92, 0x55, 0xF9, 0x0B, 0xAE, 0xA1, 0xD6, 0xFA, 0x0C, 0xFB, 0x49, 0x5B, 0xB9, 0x46, 0xE1, 0x51,
    0x37, 0x25, 0x4A, 0xE7, 0xC5, 0x95, 0x48, 0x93, 0xB2, 0x4C, 0x84, 0x5E, 0xBB, 0xBA, 0x66, 0xC3,
    0x1C, 0x96, 0x87, 0x0A, 0xBB, 0xBF, 0xCE, 0xCD, 0xDC, 0x29, 0x2D, 0x4D, 0x6C, 0x08, 0xFE, 0xCE,
    0x36, 0x84, 0x63, 0xCB, 0xC1, 0xCE, 0xDD, 0xBE, 0x7C, 0xD1, 0xE5, 0xD1, 0xBB, 0x4B, 0x8E, 0xD4,
    0xFD, 0x48, 0xD4, 0xD0, 0x41, 0xC9, 0x17, 0xA9, 0xEB, 0x93, 0x52, 0xC3, 0xC0, 0xE7, 0xFD, 0x7F,
    0x10, 0x41, 0xD6, 0xE9, 0xBB, 0x10, 0xC4, 0x9C, 0x81, 0x1B, 0xDB, 0x43, 0xDE, 0x16, 0xF2, 0x81,
    0x73, 0xEA, 0xBF, 0xF6, 0x9E, 0xFA, 0x87, 0xF0, 0x69, 0xFA, 0xEE, 0xCB, 0x5E, 0x6C, 0xE9, 0x92,
    0xFB, 0x9D, 0x63, 0xA9, 0x93, 0x55, 0xDD, 0x17, 0x9F, 0x27, 0xD2, 0xDB, 0x73, 0x5F, 0x4C, 0x7A,
    0xDE, 0xF3, 0xDA, 0x7D, 0x21, 0x25, 0xFE, 0x40, 0x84, 0x22, 0x3E, 0x5A, 0xE1, 0x2D, 0x3C, 0xE1,
    0x95, 0x06, 0x85, 0xDC, 0x3B, 0x2E, 0x0D, 0x32, 0xD9, 0xAB, 0x76, 0x91, 0xF9, 0x34, 0x1A, 0x16,
    0xA4, 0xB2, 0x8B, 0x18, 0x1B, 0x3B, 0x33, 0xD5, 0x92, 0x3D, 0xF6, 0xE6, 0x4C, 0xA3, 0xB1, 0x49,
    0x6D, 0x2C, 0x34, 0x32, 0x31, 0x9D, 0x6C, 0x06, 0xAA, 0x7F, 0x8C, 0x5B, 0xE4, 0x7D, 0xC8, 0xB6,
    0x2E, 0x2B, 0x9B, 0x0A, 0x99, 0x91, 0xA8, 0xAF, 0x62, 0xE2, 0xCF, 0x7B, 0x44, 0x20, 0x94, 0x83,
    0x3D, 0x81, 0xBC, 0x24, 0x11, 0x7E, 0x25, 0x13, 0xDA, 0x87, 0x83, 0x6E, 0xC2, 0xE0, 0xC7, 0x25,
    0xA1, 0x4B, 0x0C, 0x35, 0x82, 0x3D, 0x2B, 0x0A, 0xD1, 0x11, 0xEE, 0x54, 0x74, 0xC4, 0x8C, 0xCC,
    0x25, 0x18, 0xA3, 0xD3, 0x80, 0x48, 0x82, 0xD5, 0x07, 0x5D, 0xA2, 0xA1, 0x8E, 0xD4, 0x72, 0x51,
    0xBC, 0xBC, 0xC8, 0x5D, 0xFE, 0x3F, 0x8B, 0x9E, 0xBA, 0x5F, 0x96, 0x85, 0xC0, 0xE2, 0x7E, 0x2C,
    0xDD, 0x26, 0x88, 0x50, 0x3B, 0xBE, 0xAA, 0x11, 0x78, 0xA7, 0xB5, 0xF6, 0x89, 0x70, 0x66, 0x99,
    0xDE, 0x8F, 0x0D, 0xD0, 0xE8, 0x3E, 0xD9, 0xFF, 0xF4, 0x9F, 0x73, 0x86, 0x10, 0xF5, 0xF6, 0x04,
    0xAE, 0x0A, 0x68, 0xF5, 0xC5, 0xBF, 0x71, 0x69, 0x1C, 0x7E, 0xB3, 0xF8, 0x43, 0x37, 0x76, 0xDE,
    0x2B, 0x74, 0xE8, 0xC6, 0xEE, 0x8D, 0x8F, 0x00, 0x20, 0xB9, 0x4D, 0x17, 0xB6, 0x12, 0xDD, 0x75,
    0x63, 0x22, 0x88, 0x5A, 0x73, 0x05, 0xD4, 0x4F, 0x32, 0x37, 0x7E, 0x90, 0x40, 0xB2, 0x8E, 0xA6,
    0x6A, 0x60, 0xEC, 0x17, 0x89, 0x8B, 0xC6, 0x01, 0xB2, 0x12, 0xFD, 0x87, 0x1A, 0x4C, 0x88, 0xB7,
    0x86, 0x04, 0x75, 0xC0, 0x19, 0xC0, 0x7F, 0x0A, 0xFD, 0xB6, 0x4E, 0x73, 0xA2, 0x68, 0x34, 0x4E,
    0xD2, 0x9C, 0xF8, 0x90, 0x3A, 0xFE, 0x9B, 0x4D, 0x78, 0x81, 0x8F, 0x8F, 0xF5, 0x74, 0x4F, 0x1F,
    0xEE, 0xC4, 0x76, 0x82, 0xB2, 0x67, 0xD7, 0xAF, 0xA3, 0xD2, 0xA7, 0xC3, 0x70, 0x54, 0xA0, 0x76,
    0x85, 0x41, 0xCE, 0x75, 0xE5, 0x9C, 0xE6, 0x73, 0x96, 0xAE, 0x9E, 0x24, 0x70, 0x52, 0x3E, 0xE7,
    0x26, 0x7C, 0xCE, 0x8B, 0x8F, 0x3A, 0x6F, 0xBC, 0x40, 0x94, 0xF5, 0xA8, 0x93, 0xD8, 0x49, 0x45,
    0xA0, 0xAA, 0x8E, 0xD6, 0x93, 0x2B, 0xC9, 0x83, 0xEA, 0x68, 0x25, 0xEA, 0xC7, 0x77, 0xD1, 0x1F,
    0x20, 0x78, 0x72, 0x38, 0x9F, 0x55, 0xF8, 0xC4, 0x88, 0x90, 0x7C, 0x24, 0x93, 0x7F, 0x0C, 0x7C,
    0x90, 0xE9, 0xFC, 0xD8, 0xA6, 0xD4, 0x94, 0x73, 0x28, 0x30, 0x46, 0x60, 0x6E, 0x17, 0x3A, 0x3F,
    0xAD, 0x26, 0x4E, 0x52, 0x8C, 0x63, 0xB5, 0x57, 0xA6, 0x62, 0xB9, 0xFA, 0x8D, 0xD3, 0x27, 0x89,
    0xC4, 0x86, 0x5F, 0xF3, 0xC0, 0x1F, 0x04, 0x34, 0x83, 0x9D, 0x31, 0x50, 0x53, 0x00, 0x7E, 0xCC,
    0x50, 0xB1, 0x96, 0x9E, 0x3D, 0xFD, 0xDD, 0x3F, 0xAD, 0x79, 0x22, 0xB7, 0xCE, 0x1A, 0xB9, 0x75,
    0x06, 0x12, 0xC6, 0x7E, 0xC4, 0xDB, 0x62, 0x57, 0x41, 0xAE, 0x18, 0x46, 0xEB, 0x8E, 0x23, 0x4D,
    0x7A, 0x4E, 0xEC, 0x77, 0x2E, 0x23, 0xCD, 0xEB, 0x15, 0x38, 0xD8, 0x8B, 0x62, 0x0D, 0xC5, 0xEC,
    0x96, 0x1A, 0xAB, 0x32, 0x97, 0x72, 0x29, 0x41, 0x4B, 0x6B, 0xA5, 0x1D, 0x87, 0x30, 0x6B, 0x78,
    0xBA, 0xF6, 0xEA, 0xBE, 0x2B, 0x5A, 0x51, 0x47, 0xB2, 0xB0, 0x5C, 0x3D, 0xCB, 0x9A, 0x6F, 0xC8,
    0x5B, 0xF8, 0x60, 0x23, 0x48, 0x82, 0xA8, 0xE9, 0x37, 0x96, 0x88, 0x77, 0x74, 0x4B, 0x7D, 0xA2,
    0xDE, 0x59, 0x5E, 0x3A, 0xB3, 0x76, 0x99, 0xC8, 0x28, 0xEA, 0xFB, 0x3B, 0x6F, 0x30, 0x78, 0x2F,
    0x64, 0x00, 0xFF, 0x58, 0xC2, 0x3B, 0xF4, 0x20, 0x44, 0x34, 0x54, 0x35, 0x14, 0x8B, 0xA1, 0x7F,
    0x6A, 0xC1, 0xF0, 0xE0, 0xAA, 0x7A, 0xF0, 0x88, 0x8F, 0x0D, 0x31, 0xA6, 0x6C, 0x1A, 0x34, 0xD7,
    0x3D, 0x51, 0x1D, 0xFD, 0x0C, 0x12, 0x52, 0x64, 0x6F, 0x09, 0xC3, 0xAC, 0xFB, 0xAA, 0x4B, 0x2D,
    0x7B, 0x40, 0x40, 0xF9, 0x8D, 0xDB, 0xA7, 0xB6, 0xF9, 0xED, 0x44, 0x71, 0xE8, 0xC2, 0xD8, 0xC3,
    0xFD, 0xE2, 0x6B, 0xB6, 0xBC, 0x8D, 0x15, 0xBC, 0x39, 0xD9, 0x3A, 0x9B, 0x6F, 0xE0, 0x24, 0x07,
    0x96, 0x6A, 0xFD, 0x68, 0x8E, 0xE0, 0x21, 0x3F, 0x3A, 0x87, 0xF2, 0x58, 0x02, 0xC4, 0xE7, 0xBA,
    0x04, 0x39, 0x03, 0x1C, 0x67, 0xD8, 0x66, 0x30, 0x9D, 0x75, 0x3E, 0xB0, 0xD0, 0x17, 0xFE, 0x5B,
    0x1F, 0x21, 0xE4, 0xBC, 0x6F, 0x15, 0x51, 0x05, 0x21, 0x00, 0x41, 0x36, 0xCB, 0x29, 0x38, 0xD9,
    0x2E, 0xE6, 0x66, 0x68, 0xAB, 0x54, 0xEE, 0xB3, 0x87, 0xC2, 0xDC, 0x96, 0x42, 0x36, 0x1D, 0xCC,
    0x84, 0xE3, 0x7A, 0xEA, 0x52, 0xA6, 0xF7, 0x70, 0x9F, 0x99, 0x1B, 0x11, 0xDE, 0x8C, 0xC6, 0xA1,
    0x89, 0x9A, 0x93, 0x31, 0x83, 0xA7, 0xC3, 0xA5, 0xC6, 0x89, 0xCC, 0xCA, 0xF8, 0x9C, 0x92, 0x73,
    0xCC, 0xC8, 0xB8, 0x1E, 0x2B, 0xCE, 0xA9, 0xB9, 0x1E, 0x9F, 0x6B, 0x76, 0x89, 0x8F, 0x45, 0x2A,
    0xCF, 0x99, 0x8A, 0x68, 0xFD, 0xD7, 0x7C, 0x12, 0x94, 0x3E, 0xD0, 0xA1, 0xEF, 0x26, 0xCE, 0xF5,
    0xAC, 0xE7, 0x3B, 0x99, 0x77, 0xE3, 0x1D, 0xED, 0x53, 0x7B, 0x9E, 0xBA, 0x41, 0xD2, 0x46, 0xAF,
    0xE2, 0xBF, 0x44, 0x13, 0xF5, 0x68, 0x35, 0xB0, 0x88, 0x1E, 0xA9, 0xBD, 0x5F, 0x93, 0x68, 0x2D,
    0xBA, 0x75, 0x71, 0x42, 0x91, 0x1E, 0xB2, 0x32, 0xDF, 0xEE, 0x9C, 0xAF, 0x20, 0x8D, 0xBF, 0xD0,
    0x5E, 0x4A, 0x7C, 0xEC, 0x02, 0xC9, 0xC2, 0x61, 0x08, 0x76, 0x16, 0x3D, 0xDA, 0x04, 0x50, 0x77,
    0xFE, 0x84, 0x60, 0xDF, 0x95, 0xF5, 0xEF, 0xC6, 0xBC, 0x63, 0xA3, 0xBB, 0xAE, 0xCF, 0x59, 0xCE,
    0x1B, 0x74, 0x43, 0xFF, 0xD8, 0x8B, 0x37, 0x5E, 0x8A, 0xB5, 0xFF, 0x1E, 0x83, 0xFD, 0x22, 0x83,
    0x72, 0x76, 0xC1, 0x8B, 0x2F, 0xAD, 0x13, 0xFC, 0xF0, 0x07, 0x2F, 0x15, 0xDA, 0x7A, 0xAF, 0x28,
    0xBE, 0xD3, 0xD0, 0xF6, 0x3B, 0xA7, 0xBE, 0xFB, 0x1D, 0x24, 0x79, 0xF9, 0xD6, 0x33, 0x28, 0xE7,
    0x86, 0xA8, 0x65, 0x8D, 0x68, 0x6F, 0x0E, 0xA1, 0x08, 0xB1, 0xFD, 0x59, 0x59, 0x61, 0xFB, 0x2A,
    0xCD, 0x9B, 0xD1, 0x2B, 0xBD, 0x0A, 0x39, 0xFC, 0xB0, 0x3E, 0x60, 0x13, 0xF5, 0x34, 0xBB, 0xCA,
    0x4E, 0x64, 0x25, 0x97, 0x37, 0x74, 0xA6, 0x71, 0x70, 0xE1, 0xF6, 0xB6, 0x87, 0xEE, 0x05, 0x14,
    0x66, 0x6F, 0x13, 0xDD, 0x22, 0x7A, 0xFC, 0x35, 0x77, 0xFD, 0x52, 0x49, 0xB2, 0x8F, 0x18, 0xE2,
    0x73, 0x13, 0x38, 0xAA, 0xAE, 0xAC, 0xBF, 0xBE, 0x72, 0xA9, 0xFD, 0x84, 0xCC, 0xA5, 0x0F, 0x30,
    0xBC, 0xAB, 0xD6, 0x27, 0x19, 0xCB, 0xB5, 0xFF, 0xCE, 0x9F, 0xD3, 0xCC, 0x22, 0x89, 0x09, 0x72,
    0x81, 0x08, 0x63, 0x81, 0xC8, 0x33, 0xD8, 0x84, 0xCD, 0x93, 0x12, 0xCB, 0xDE, 0x3A, 0x8C, 0x87,
    0x3D, 0x39, 0x98, 0xF3, 0x25, 0x36, 0xD7, 0x4F, 0x45, 0x49, 0xBA, 0x0B, 0x8D, 0xB3, 0x5C, 0x91,
    0x8E, 0xA3, 0x8B, 0x19, 0x2A, 0x74, 0xFB, 0xEC, 0x59, 0xFA, 0x6E, 0x2F, 0xE2, 0xDD, 0x9A, 0xAC,
    0xF1, 0x40, 0x2C, 0xCA, 0x46, 0xD8, 0x19, 0x73, 0x60, 0x6B, 0xB3, 0x73, 0xDE, 0x65, 0xCF, 0x24,
    0x98, 0x2C, 0xCF, 0xB9, 0x23, 0x66, 0xEA, 0x4D, 0xA5, 0x63, 0x63, 0x39, 0x3B, 0x44, 0xB9, 0x1F,
    0x67, 0xC8, 0xDA, 0xAA, 0xE9, 0xAE, 0xFF, 0x51, 0xE2, 0xA7, 0xCF, 0xB1, 0xC7, 0x5E, 0xF7, 0xFE,
    0x59, 0x42, 0xD2, 0x40, 0xD4, 0x75, 0x12, 0x0B, 0x35, 0x3A, 0xB8, 0xC2, 0x0B, 0x9B, 0x22, 0x48,
    0xBD, 0x93, 0xEA, 0x21, 0x4D, 0x2D, 0x7B, 0x91, 0x69, 0x4E, 0xA3, 0xD6, 0xFA, 0x25, 0xDF, 0x8D,
    0x9C, 0x77, 0x3E, 0xF8, 0xA1, 0xF3, 0x22, 0xCD, 0xA5, 0x77, 0xDF, 0xB2, 0x93, 0xCC, 0x7B, 0xF1,
    0xC6, 0x5B, 0x6A, 0xF6, 0xAA, 0xEF, 0xBC, 0xF9, 0xB4, 0xF2, 0x8E, 0x96, 0xBD, 0x97, 0xBD, 0xC8,
    0x3F, 0x72, 0xC4, 0xDF, 0xE7, 0x52, 0x27, 0xCF, 0xEC, 0x1F, 0x5B, 0xFA, 0xA6, 0x7C, 0x16, 0x0F,
    0xE0, 0x9B, 0x88, 0x2E, 0xC5, 0x57, 0x9B, 0xB4, 0x88, 0x48, 0xDB, 0x6B, 0x42, 0xA0, 0x18, 0x12,
    0x10, 0x79, 0x3A, 0xDA, 0x6D, 0x56, 0x70, 0x47, 0xB7, 0x59, 0xE7, 0xCA, 0x3A, 0xBC, 0xAD, 0x1F,
    0xC1, 0x00, 0x06, 0xDE, 0xEE, 0x73, 0x9F, 0x66, 0x6A, 0x4D, 0x75, 0xFF, 0xEE, 0x07, 0x43, 0x15,
    0x24, 0xDD, 0x66, 0x5C, 0x27, 0x4D, 0xAD, 0xDB, 0x44, 0x32, 0xC8, 0x79, 0x22, 0x5B, 0xD0, 0x78,
    0x77, 0x50, 0xD7, 0x47, 0x64, 0x6F, 0xD3, 0xE6, 0xE6, 0xDA, 0xCA, 0x15, 0x5A, 0xC5, 0x3A, 0xDC,
    0x0F, 0xE6, 0xC6, 0x40, 0xE4, 0x09, 0x80, 0x90, 0xCC, 0xFD, 0x48, 0xB6, 0x61, 0x80, 0x36, 0x4D,
    0x50, 0xDB, 0x87, 0x1B, 0x3E, 0x92, 0xAD, 0x09, 0x06, 0x33, 0x4C, 0x54, 0x17, 0xF7, 0x70, 0x49,
    0x9A, 0xC8, 0x4F, 0x99, 0x78, 0xD8, 0x43, 0x8F, 0x75, 0xE1, 0xB6, 0x77, 0xB3, 0x71, 0x3A, 0x56,
    0x5F, 0x33, 0x14, 0xC5, 0x33, 0x0A, 0xF2, 0xCD, 0xC6, 0xA9, 0x58, 0xD2, 0x3F, 0xE3, 0x47, 0x8D,
    0xB9, 0x99, 0xE9, 0xFC, 0xC5, 0x20, 0x65, 0x45, 0xC5, 0xCE, 0xC3, 0xFD, 0x0E, 0xCD, 0xF9, 0x6F,
    0x0B, 0xA8, 0xEA, 0xE9, 0x93, 0x37, 0xB5, 0x88, 0x23, 0x13, 0x99, 0x6C, 0x41, 0xA2, 0x57, 0x43,
    0x71, 0x0E, 0xF4, 0x4E, 0xDD, 0x6C, 0x9C, 0x25, 0x8D, 0xCB, 0x66, 0xB7, 0x7B, 0xA6, 0xAE, 0xD9,
    0x39, 0x13, 0xF7, 0x8F, 0xD9, 0xAB, 0x07, 0xDB, 0x35, 0xC4, 0x6C, 0x52, 0xB9, 0xAA, 0x76, 0x71,
    0x7B, 0x0F, 0x7D, 0xB5, 0x3D, 0x8A, 0xD4, 0xA1, 0xFC, 0x0E, 0x49, 0x7B, 0xF5, 0xCB, 0x12, 0xC7,
    0xE6, 0x68, 0x3D, 0xF1, 0x66, 0xBD, 0xEC, 0xC2, 0x5F, 0xC5, 0x86, 0x49, 0xD8, 0xE1, 0x28, 0xC7,
    0x6B, 0xA4, 0x86, 0xAF, 0xAD, 0x79, 0xB7, 0x12, 0xD2, 0xBB, 0x79, 0xE3, 0xA3, 0x84, 0xA4, 0xB9,
    0x1C, 0xEE, 0xBC, 0x21, 0xE2, 0x43, 0xC6, 0xB4, 0x83, 0x37, 0xBF, 0x82, 0x5B, 0x41, 0x72, 0xE0,
    0x44, 0x80, 0xAC, 0xB1, 0xA9, 0x5B, 0x0D, 0xD9, 0xF3, 0x41, 0x0D, 0x90, 0x98, 0x67, 0x25, 0x09,
    0x2F, 0x08, 0x1A, 0xE0, 0x32, 0x8E, 0xC5, 0x79, 0x0E, 0x59, 0xAC, 0x0C, 0xCA, 0x3B, 0x2B, 0xB8,
    0x99, 0x55, 0x60, 0x9C, 0x59, 0xA6, 0xEC, 0x87, 0x80, 0x18, 0xB5, 0xB3, 0x71, 0x56, 0x98, 0x3B,
    0xA9, 0x8A, 0xB0, 0x28, 0x52, 0xAB, 0x96, 0xA2, 0x87, 0x5A, 0x72, 0x84, 0x18, 0x9E, 0x7C, 0x42,
    0xEF, 0x43, 0xAC, 0xF0, 0x1B, 0x9A, 0xC5, 0xFB, 0x17, 0x90, 0x8B, 0x51, 0xF5, 0x9F, 0xCC, 0x38,
    0xA8, 0xC0, 0xC9, 0x60, 0x7A, 0x2C, 0x3B, 0x1A, 0x7B, 0x44, 0xED, 0x45, 0x0A, 0x11, 0xE2, 0x20,
    0x56, 0xA5, 0xD0, 0x45, 0x85, 0x15, 0x77, 0x28, 0xFE, 0x44, 0xEC, 0x57, 0xE9, 0x5D, 0xD7, 0x94,
    0x05, 0xB3, 0xEB, 0x51, 0xA8, 0x3E, 0x9C, 0x8A, 0x19, 0x23, 0x3B, 0x04, 0xDB, 0x7E, 0x71, 0xFD,
    0x40, 0x68, 0x24, 0xE3, 0x26, 0x08, 0x7F, 0x76, 0xEE, 0xBA, 0x05, 0xBD, 0x01, 0x53, 0xBA, 0x65,
    0xC7, 0x4E, 0xF4, 0xE3, 0xF8, 0x1F, 0xB9, 0xC1, 0xDC, 0x6E, 0x4D, 0x8C, 0x54, 0xAD, 0xA9, 0xF1,
    0x6B, 0x52, 0xE7, 0x72, 0x78, 0x70, 0x2E, 0x41, 0x22, 0x03, 0x38, 0xF1, 0x32, 0x1E, 0x23, 0x2F,
    0x71, 0x50, 0x60, 0xD4, 0xC6, 0x36, 0x26, 0xF1, 0x76, 0xEE, 0xFA, 0x32, 0x1B, 0x29, 0x49, 0x40,
    0x83, 0x99, 0x0D, 0x35, 0xE5, 0x6F, 0x47, 0x67, 0x31, 0x88, 0x7D, 0xA9, 0xBB, 0xBA, 0x27, 0x9F,
    0xDB, 0x19, 0xE2, 0x60, 0x62, 0x5D, 0x4B, 0xA2, 0x08, 0x94, 0xC4, 0x7E, 0x5A, 0x92, 0xA1, 0x28,
    0xA9, 0xF9, 0x13, 0x37, 0x8F, 0x5B, 0x25, 0x0F, 0x29, 0xEF, 0x6E, 0xC9, 0xAF, 0x74, 0x3A, 0xAB,
    0x5E, 0xA9, 0x54, 0x06, 0x15, 0x2C, 0x1D, 0x01, 0xF8, 0x25, 0x54, 0x8B, 0x0C, 0xF7, 0x97, 0x1E,
    0x07, 0x94, 0x90, 0xEF, 0xA0, 0xC2, 0x87, 0x4A, 0x9C, 0x23, 0xAF, 0x0C, 0xF0, 0x9E, 0x5E, 0xA0,
    0xEE, 0x0B, 0x8A, 0x3D, 0xBD, 0xB2, 0xD9, 0x68, 0xC2, 0xB0, 0xAC, 0x59, 0x85, 0x1D, 0x0C, 0xB8,
    0xD1, 0x79, 0x75, 0x95, 0xA7, 0xC4, 0x43, 0x6C, 0x4C, 0x4E, 0x65, 0x68, 0x13, 0xB6, 0x2A, 0x57,
    0xC4, 0x31, 0xFA, 0xF0, 0x58, 0x88, 0xBB, 0x57, 0x71, 0x24, 0xFE, 0x31, 0xE5, 0x11, 0xFB, 0x12,
    0x00, 0xB1, 0x26, 0xB1, 0xF2, 0xDD, 0x3B, 0xAF, 0x64, 0x2B, 0xE1, 0xFD, 0x4B, 0xB0, 0xDC, 0xAF,
    0x66, 0x0B, 0xC6, 0xEF, 0xD5, 0x1D, 0x35, 0xC8, 0xF6, 0xD2, 0x18, 0x85, 0x50, 0xF0, 0x9D, 0x34,
    0xB4, 0x33, 0x3F, 0x42, 0x38, 0xB8, 0x86, 0xA4, 0x56, 0x56, 0xB9, 0xAD, 0x6B, 0x5C, 0x63, 0x26,
    0x47, 0x99, 0xB9, 0xA3, 0xDB, 0x35, 0x3D, 0x4D, 0x23, 0xC2, 0x5D, 0x65, 0x2A, 0x64, 0x0F, 0x25,
    0x09, 0xE6, 0x1A, 0xC3, 0x39, 0x18, 0x22, 0xBC, 0xF0, 0x2A, 0x84, 0x73, 0x2F, 0xFC, 0xE4, 0xD4,
    0x05, 0x12, 0x0B, 0xC3, 0xF7, 0x40, 0xAB, 0xF6, 0x57, 0xAF, 0xF7, 0x57, 0x62, 0xF5, 0x70, 0x2D,
    0xAE, 0x7A, 0x26, 0x98, 0x2E, 0x26, 0xB9, 0x53, 0x75, 0x39, 0x31, 0x1D, 0x45, 0xE1, 0x2F, 0x8D,
    0x4B, 0xC4, 0x37, 0xD5, 0x85, 0x53, 0x17, 0x16, 0x31, 0xCB, 0x70, 0x6E, 0x4D, 0xFD, 0x92, 0xF7,
    0x7C, 0xA4, 0x0A, 0x55, 0xF5, 0x5E, 0x4C, 0xD4, 0xE7, 0x49, 0x8B, 0x64, 0x3B, 0xEB, 0xC3, 0x2C,
    0xF7, 0xE2, 0xDC, 0x49, 0x3F, 0xCD, 0xBC, 0xB8, 0xE5, 0x26, 0x4F, 0x91, 0xA8, 0x5D, 0xC5, 0xBE,
    0x4D, 0x5E, 0x1C, 0x54, 0xD4, 0x2C, 0x29, 0x6B, 0x33, 0x0F, 0x29, 0x09, 0x64, 0x37, 0xED, 0x3E,
    0xA0, 0xAC, 0xF3, 0x32, 0xA7, 0xB3, 0xDD, 0x30, 0xBF, 0x7C, 0xFC, 0xC4, 0xAD, 0xE3, 0xB4, 0xA6,
    0x37, 0xD1, 0x84, 0xC3, 0xFD, 0xDF, 0xBF, 0xB2, 0x79, 0x4D, 0xA2, 0xDF, 0x16, 0x78, 0x2F, 0x47,
    0x03, 0x88, 0x51, 0x2B, 0xAF, 0xBE, 0x48, 0x60, 0xF5, 0xB7, 0xBE, 0x40, 0xE9, 0x8F, 0x11, 0xC9,
    0xEF, 0x04, 0x4B, 0xC4, 0xE2, 0x17, 0xD4, 0xDC, 0x82, 0xF2, 0x87, 0x7C, 0x65, 0xAD, 0xFE, 0x0D,
    0x04, 0x06, 0xD2, 0x3C, 0x7C, 0x58, 0x2D, 0x60, 0x0F, 0xB3, 0x23, 0xFE, 0x90, 0xA8, 0x8E, 0x3F,
    0xF4, 0x06, 0x34, 0x35, 0x1C, 0x43, 0x23, 0x23, 0x2B, 0x3B, 0x60, 0x91, 0x5E, 0xE3, 0x64, 0xD8,
    0x4A, 0x86, 0xC6, 0x61, 0xC1, 0xD2, 0x9E, 0x8C, 0x83, 0x93, 0x61, 0x1C, 0x7A, 0x32, 0x0E, 0xCD,
    0xED, 0x5D, 0x16, 0x64, 0x3B, 0x32, 0xC5, 0xB1, 0xD0, 0x6A, 0xFE, 0xD4, 0xCD, 0xC5, 0x05, 0xA9,
    0xE9, 0xB9, 0xC0, 0xEE, 0x43, 0xFC, 0x45, 0x2C, 0xE3, 0x19, 0x94, 0x33, 0x22, 0x61, 0x06, 0x80,
    0xD4, 0x28, 0x9F, 0xB3, 0x41, 0x49, 0x7C, 0xA6, 0x83, 0x7F, 0x2F, 0x64, 0x1D, 0xDA, 0x6F, 0xF9,
    0xD0, 0x2F, 0xDD, 0x21, 0x67, 0x21, 0xC4, 0xA8, 0x40, 0x66, 0x0F, 0x54, 0xFF, 0x69, 0xD6, 0x75,
    0xBF, 0x78, 0x2B, 0x9A, 0x5F, 0x29, 0x3E, 0xFC, 0xF0, 0x87, 0x7F, 0xA3, 0x5D, 0x6C, 0x7E, 0x37,
    0x79, 0xEA, 0xBF, 0x98, 0x03, 0xBB, 0x72, 0xFF, 0x47, 0x3A, 0x47, 0x93, 0xE6, 0xFF, 0xB3, 0x8B,
    0x68, 0x80, 0xCA, 0xBC, 0xAF, 0xA2, 0xEE, 0xDE, 0x37, 0xCD, 0x94, 0xB2, 0x69, 0x4A, 0xA5, 0x15,
    0x58, 0xF6, 0x48, 0xC6, 0x8B, 0x3D, 0xEA, 0x1B, 0xA4, 0xB6, 0xA3, 0x66, 0xBA, 0x9D, 0x2D, 0xF0,
    0x9E, 0x80, 0x53, 0x9A, 0x3F, 0x5B, 0x19, 0x2E, 0x49, 0x0A, 0x45, 0xEF, 0x2B, 0x43, 0x5F, 0xD2,
    0xBE, 0x0D, 0x70, 0x98, 0x41, 0x34, 0xD9, 0x1D, 0xEF, 0x6E, 0x60, 0x92, 0xA2, 0x05, 0x60, 0xC2,
    0xF7, 0xC4, 0xF8, 0xE9, 0xB1, 0x87, 0x8A, 0xCB, 0x6B, 0xA5, 0x0C, 0x90, 0xE8, 0x21, 0x5C, 0x0B,
    0xC0, 0xD1, 0x42, 0x50, 0x97, 0x38, 0x87, 0x6B, 0x02, 0x47, 0xB7, 0xA3, 0x1E, 0xF8, 0xEB, 0xBF,
    0x69, 0xC8, 0x3D, 0x3D, 0xEE, 0xE0, 0x10, 0xB8, 0x4F, 0xCA, 0x1C, 0x90, 0xC2, 0xF5, 0x53, 0x3E,
    0x6E, 0xCA, 0x20, 0xC8, 0x1E, 0xC6, 0x77, 0xE0, 0xCD, 0xDB, 0xCF, 0x98, 0x34, 0x43, 0xDE, 0x22,
    0xC9, 0x59, 0xC7, 0xA0, 0x0D, 0xB9, 0x0A, 0x67, 0x53, 0xB6, 0xCD, 0xF2, 0x43, 0x69, 0xB7, 0x8F,
    0xC0, 0x54, 0xC9, 0x42, 0x83, 0x91, 0x79, 0xE8, 0xFB, 0xA8, 0x02, 0xBF, 0xBE, 0xEA, 0x7B, 0xC7,
    0x50, 0x15, 0x94, 0x24, 0xEC, 0x97, 0x12, 0x46, 0xE7, 0x6D, 0x62, 0xCA, 0x71, 0x18, 0xC0, 0xD5,
    0x41, 0xC8, 0x69, 0x83, 0x5E, 0x14, 0x2E, 0xC0, 0xC7, 0x4B, 0x82, 0x6B, 0xE8, 0x70, 0x9C, 0x42,
    0xD8, 0xF2, 0xDF, 0x47, 0x6D, 0xDF, 0xB0, 0xD7, 0x3E, 0x96, 0x23, 0xD2, 0xE7, 0xD3, 0xA1, 0x1A,
    0x91, 0x18, 0x17, 0x7E, 0x92, 0x31, 0xD1, 0x3F, 0x60, 0x1C, 0xD3, 0xDC, 0x69, 0xEE, 0x64, 0xF7,
    0x70, 0x56, 0xC0, 0x0E, 0x4C, 0x76, 0x5E, 0x0B, 0x84, 0x03, 0x04, 0xC2, 0x01, 0x02, 0xE9, 0xF2,
    0xC0, 0x58, 0x41, 0xCC, 0x4E, 0x3D, 0xC6, 0x50, 0x23, 0xDB, 0x0A, 0x8A, 0x7F, 0xC5, 0x93, 0xD5,
    0x18, 0xBC, 0x22, 0x59, 0xF6, 0xAC, 0x85, 0xD8, 0x83, 0xC0, 0xF8, 0x5E, 0xC5, 0x55, 0x0E, 0xB0,
    0x87, 0x52, 0x36, 0x3A, 0x93, 0xA7, 0xF0, 0xC3, 0x2A, 0xF2, 0x86, 0x3A, 0x57, 0xF4, 0xC0, 0xA7,
    0x18, 0xAF, 0x74, 0x5D, 0x9C, 0xD2, 0xA6, 0xB8, 0x0C, 0x7F, 0xFE, 0x03, 0x12, 0x82, 0x50, 0xDE,
    0x11, 0xD4, 0x64, 0x6A, 0x7F, 0xAE, 0x0A, 0xE7, 0x92, 0x86, 0xD9, 0xA6, 0x99, 0xB2, 0x4D, 0xB3,
    0x9F, 0x48, 0xED, 0x68, 0x71, 0x11, 0xD5, 0x04, 0xF6, 0xEE, 0xDE, 0x55, 0xBA, 0x75, 0xB7, 0x58,
    0xB1, 0xD6, 0x5D, 0xF7, 0x9F, 0xFE, 0xCB, 0xC2, 0x01, 0x63, 0xAB, 0x3F, 0x60, 0x3C, 0x84, 0xD5,
    0x31, 0xFA, 0x06, 0x69, 0x02, 0xCE, 0x00, 0xE1, 0x92, 0xE4, 0xF3, 0x5A, 0x79, 0x37, 0x52, 0xAE,
    0xA3, 0xEB, 0xFC, 0x18, 0x38, 0xA7, 0xAC, 0xCF, 0xCC, 0x7D, 0x7F, 0xFC, 0x43, 0x09, 0xB5, 0xFD,
    0xAB, 0x06, 0x9D, 0x77, 0x1A, 0x6D, 0xB0, 0x6E, 0xBA, 0xAF, 0x6E, 0x9E, 0xCB, 0xF6, 0x0E, 0x12,
    0x64, 0xD9, 0x04, 0x41, 0xAA, 0xCB, 0x17, 0xBC, 0xCA, 0x52, 0xF5, 0x19, 0xCC, 0xAF, 0x9F, 0xA5,
    0xD6, 0x27, 0xF0, 0x4E, 0xDC, 0x48, 0x9D, 0x0C, 0x72, 0xA2, 0x93, 0x22, 0x89, 0x48, 0x3D, 0xE4,
    0x90, 0x6E, 0x5F, 0xE5, 0xFB, 0x03, 0x9E, 0x14, 0x4E, 0x5A, 0xE3, 0x85, 0xE3, 0xA4, 0x43, 0x76,
    0x30, 0x38, 0xEF, 0x69, 0x8E, 0xE4, 0x70, 0x50, 0x9E, 0xA6, 0x4D, 0xF8, 0x43, 0x25, 0xE1, 0xE9,
    0xD1, 0x0E, 0xB7, 0xD0, 0x3E, 0x75, 0x51, 0x2C, 0x19, 0xCF, 0x4B, 0x0A, 0x14, 0x3C, 0x7E, 0xBE,
    0x29, 0x4D, 0xC1, 0xD8, 0x37, 0xD6, 0xBE, 0x65, 0xAB, 0xD3, 0xEF, 0x5C, 0x22, 0xA5, 0xC3, 0xE6,
    0x49, 0xE4, 0xBD, 0x8F, 0x6C, 0x9D, 0x5C, 0x55, 0x9E, 0x7E, 0x21, 0x45, 0x28, 0xFB, 0x5E, 0x57,
    0x50, 0x39, 0xD7, 0x05, 0x5D, 0x83, 0xBE, 0xC1, 0x8A, 0xC1, 0xF6, 0x75, 0xBE, 0xDF, 0xFA, 0x4C,
    0xD0, 0x7D, 0x2F, 0x91, 0x39, 0xF6, 0x22, 0x0A, 0xDF, 0x12, 0x53, 0xC2, 0x52, 0x73, 0x4C, 0xAD,
    0x60, 0x53, 0xF8, 0xD6, 0xB7, 0xB4, 0xC9, 0xCC, 0x44, 0x35, 0x9A, 0x78, 0xF6, 0x2C, 0x27, 0x9E,
    0x3F, 0xC3, 0x6C, 0xCE, 0x2B, 0x68, 0xA1, 0x93, 0x0E, 0xEE, 0x6D, 0xCD, 0x4E, 0x65, 0xA8, 0x1A,
    0xFA, 0x30, 0x4B, 0x02, 0x4F, 0x8C, 0xCA, 0xAE, 0xFE, 0x0B, 0x1A, 0xE0, 0xFC, 0x24, 0xE1, 0x52,
    0xB0, 0x45, 0x7C, 0x65, 0xBD, 0x7F, 0x59, 0xB5, 0x65, 0x3B, 0xB6, 0x91, 0x3A, 0x79, 0xF3, 0xEC,
    0x71, 0x5A, 0x96, 0x7C, 0xE5, 0xFB, 0x5C, 0x11, 0xB6, 0xFE, 0x14, 0xDF, 0xF7, 0x0B, 0xCE, 0x0D,
    0xC9, 0xF0, 0x16, 0x18, 0x87, 0x5B, 0x89, 0x8C, 0x59, 0x4F, 0x51, 0x38, 0x5B, 0xAD, 0x41, 0xAE,
    0xD7, 0xF6, 0xA7, 0x69, 0xB5, 0xD1, 0xD0, 0xDE, 0xBB, 0xB0, 0xAF, 0xEB, 0xE0, 0x49, 0x86, 0xAF,
    0xD9, 0x69, 0x0D, 0x39, 0x13, 0x0E, 0x5F, 0x02, 0xEA, 0x80, 0x25, 0xC9, 0x85, 0x4D, 0x49, 0x52,
    0x15, 0x40, 0xB0, 0x0C, 0xA9, 0xD5, 0x05, 0x04, 0x59, 0x94, 0x24, 0x37, 0x3C, 0x7D, 0x92, 0x04,
    0xC2, 0x6D, 0xF0, 0x22, 0xFA, 0xB2, 0x37, 0x34, 0x80, 0x26, 0x18, 0x40, 0x15, 0x7F, 0xFF, 0xF4,
    0x85, 0x67, 0x8F, 0xAB, 0xB6, 0x6C, 0x98, 0xB0, 0xB6, 0x6F, 0x65, 0xBD, 0xFF, 0x2A, 0xB5, 0x81,
    0xAF, 0x7C, 0x3B, 0x02, 0x54, 0x5C, 0xBE, 0x6F, 0xC6, 0x49, 0xF6, 0x40, 0xF1, 0x1A, 0x17, 0x0A,
    0xBB, 0xCE, 0x6B, 0xC5, 0x17, 0xA8, 0xBF, 0x0B, 0x2B, 0x80, 0x7A, 0x9D, 0xC1, 0xFE, 0x94, 0xC1,
    0xBB, 0xFE, 0x2E, 0x0D, 0x6D, 0xAF, 0xF2, 0x24, 0xF6, 0xB2, 0x1E, 0x7C, 0xCD, 0x79, 0x77, 0xB3,
    0x8F, 0x0A, 0x34, 0xD7, 0xF9, 0xCA, 0x9D, 0x40, 0x83, 0x8C, 0xD8, 0xAF, 0x00, 0x1B, 0xD2, 0x0F,
    0x5C, 0x9E, 0x1A, 0x03, 0x67, 0x80, 0x84, 0xA2, 0xDE, 0xF6, 0x4C, 0xFB, 0xE6, 0x1D, 0x45, 0x71,
    0x77, 0x27, 0x91, 0xDA, 0x12, 0x0A, 0xE0, 0x24, 0xDF, 0xB4, 0x79, 0x5F, 0xCD, 0xDC, 0x8F, 0x5D,
    0x5D, 0x3B, 0x89, 0xDD, 0x87, 0x56, 0xFB, 0xC5, 0xF3, 0x74, 0xE7, 0xA3, 0xCF, 0x2D, 0x5B, 0xDC,
    0xEB, 0x03, 0x5E, 0x2B, 0xCE, 0xBB, 0x1F, 0xC0, 0x85, 0xE8, 0x47, 0x3F, 0x1F, 0x28, 0x2F, 0xEF,
    0xF7, 0x87, 0xED, 0xA8, 0x1E, 0x17, 0xC5, 0xF7, 0xBC, 0xEC, 0x41, 0xF5, 0xBB, 0x73, 0xFB, 0xF9,
    0xD2, 0x3B, 0x12, 0x30, 0xC7, 0xB1, 0xAF, 0x5F, 0x45, 0x15, 0xDA, 0x91, 0x9F, 0xBA, 0x4F, 0x0A,
    0x92, 0x9A, 0x12, 0x5D, 0xFB, 0x76, 0x6C, 0x65, 0xF6, 0x97, 0x80, 0x1D, 0xE9, 0xF3, 0xF6, 0xB8,
    0x20, 0xC0, 0x5F, 0xF6, 0x29, 0x77, 0x6B, 0xD8, 0xCE, 0x60, 0xD9, 0x33, 0x9D, 0xBF, 0x0E, 0xFB,
    0x35, 0x57, 0xA4, 0x2F, 0x06, 0x67, 0x36, 0xFF, 0xB3, 0xC6, 0xD9, 0x0B, 0xC7, 0x61, 0x1E, 0xA8,
    0x88, 0x05, 0xA1, 0x2A, 0xD0, 0x12, 0x18, 0x30, 0xD8, 0x03, 0x36, 0x5E, 0x21, 0x26, 0xA4, 0x5D,
    0x44, 0xDE, 0xA6, 0x06, 0x04, 0x03, 0xB6, 0x2E, 0xD4, 0x9A, 0x75, 0xC0, 0x90, 0x74, 0x75, 0x2B,
    0x73, 0x74, 0xD3, 0x4D, 0xAD, 0xCC, 0x4F, 0x9B, 0xF0, 0xBB, 0x06, 0x51, 0x53, 0x11, 0xCC, 0xB2,
    0x05, 0xFD, 0xC3, 0x98, 0x81, 0x08, 0x47, 0x13, 0x1B, 0x78, 0xB1, 0x59, 0x5D, 0x4A, 0x00, 0xB3,
    0xFC, 0xDA, 0xDC, 0x11, 0xAD, 0xB6, 0x13, 0xA6, 0x4D, 0xA2, 0xBF, 0x07, 0xD5, 0xB9, 0x5D, 0x7C,
    0x02, 0x38, 0x3C, 0xFA, 0xBD, 0x0C, 0x92, 0x10, 0xB6, 0x55, 0x12, 0x78, 0x4C, 0x20, 0xBC, 0x03,
    0x7A, 0x0C, 0xF5, 0xE2, 0x83, 0x29, 0xB8, 0xF3, 0xCA, 0xE6, 0x14, 0xA8, 0xC5, 0xE2, 0x09, 0x0E,
    0x67, 0x84, 0x5B, 0xAD, 0xF9, 0xA8, 0xFD, 0xB3, 0x88, 0xCB, 0x52, 0xBC, 0x15, 0x3D, 0xEE, 0x16,
    0x99, 0xFF, 0x9D, 0x28, 0xEC, 0x13, 0x79, 0xF3, 0xA2, 0xA3, 0xCF, 0xD1, 0x7C, 0x21, 0x80, 0x6B,
    0xD8, 0x8B, 0xBB, 0xD8, 0x9D, 0xDE, 0x2D, 0x38, 0xD2, 0xC2, 0xEA, 0x44, 0x77, 0xD6, 0x31, 0x28,
    0x73, 0xF5, 0x52, 0x28, 0x3A, 0xA8, 0x42, 0x8A, 0xBF, 0x36, 0x2F, 0x76, 0xCB, 0xCC, 0x92, 0x73,
    0x01, 0x76, 0x4A, 0x68, 0x4B, 0x00, 0xF5, 0x0A, 0xB8, 0xD0, 0x1A, 0x83, 0x07, 0xEB, 0x7A, 0xBB,
    0xF8, 0x99, 0x62, 0xC8, 0xD8, 0x30, 0xC8, 0xA6, 0xE3, 0xE1, 0x04, 0xA4, 0x68, 0x10, 0xAC, 0x3F,
    0x1C, 0x8D, 0xE0, 0x8C, 0x38, 0xE3, 0xC2, 0xFB, 0x1E, 0xCA, 0x74, 0x7E, 0x33, 0x40, 0x86, 0x45,
    0xA1, 0xAB, 0xE5, 0x40, 0x1D, 0x2A, 0xB2, 0x41, 0xD9, 0x4B, 0xFA, 0xB9, 0x9B, 0x91, 0x32, 0xFB,
    0x1C, 0xD1, 0x99, 0x32, 0x24, 0x90, 0x65, 0x29, 0x5D, 0xF9, 0xE8, 0xAE, 0x3D, 0x9C, 0x67, 0xA6,
    0x22, 0x7D, 0x5F, 0x94, 0x8D, 0xE5, 0xDF, 0x93, 0x6D, 0xE6, 0x5F, 0x4C, 0x8E, 0x58, 0x5C, 0x6C,
    0x69, 0x07, 0xAC, 0xAF, 0x75, 0xA4, 0xE6, 0x52, 0xC1, 0x07, 0x17, 0x26, 0xE7, 0xDA, 0xC5, 0x8D,
    0x29, 0xD8, 0xBE, 0x44, 0x5A, 0x2B, 0x21, 0x42, 0xBB, 0x60, 0x0F, 0x6F, 0xEF, 0xF8, 0xC9, 0x77,
    0xF9, 0xCA, 0xE2, 0x03, 0x54, 0xBC, 0x3B, 0x54, 0xF0, 0x36, 0x05, 0x08, 0x2D, 0x20, 0x78, 0x6D,
    0x1C, 0xC4, 0x78, 0x86, 0xAE, 0xBC, 0x2C, 0x02, 0xE8, 0x70, 0xBB, 0x5A, 0xE7, 0x01, 0x71, 0x9B,
    0xB4, 0x44, 0x3C, 0x32, 0x75, 0x39, 0x5B, 0xC2, 0xCF, 0x5B, 0xF7, 0x90, 0x35, 0x52, 0xE7, 0x96,
    0x14, 0xEE, 0x49, 0xA4, 0xCA, 0x58, 0xC4, 0x50, 0x13, 0xF2, 0xF4, 0xD0, 0xDD, 0x2A, 0xC9, 0x29,
    0xB3, 0x60, 0x27, 0xEB, 0xB6, 0x75, 0xB7, 0x6A, 0xDD, 0xF7, 0x84, 0x33, 0x52, 0x4B, 0x68, 0x57,
    0xA1, 0xCB, 0x79, 0x49, 0xBF, 0xEE, 0x8B, 0xED, 0x62, 0x0D, 0x19, 0x68, 0x9A, 0xC3, 0xF6, 0xAD,
    0x7B, 0x00, 0x2E, 0xB9, 0xA2, 0xC7, 0x37, 0x20, 0xB2, 0xFF, 0xC4, 0x57, 0xBA, 0xA1, 0x18, 0xC7,
    0x04, 0xF3, 0x0D, 0x9A, 0xCF, 0x59, 0x02, 0x5C, 0x8D, 0xDF, 0xD2, 0x9C, 0x8F, 0x6B, 0x69, 0xCE,
    0xC7, 0x85, 0xEA, 0xC0, 0x50, 0x81, 0xFD, 0xA6, 0xC8, 0x1E, 0xE6, 0xCC, 0xEA, 0x64, 0x5B, 0x70,
    0xE0, 0x79, 0xEF, 0xC5, 0xF7, 0xFE, 0xDD, 0xDF, 0x0E, 0x1B, 0x1E, 0xBE, 0xD6, 0x38, 0x75, 0xA1,
    0xB1, 0xDA, 0xC5, 0xF1, 0xD6, 0xBD, 0x7E, 0xCB, 0x35, 0xD3, 0x77, 0xDD, 0xFF, 0x7A, 0xF9, 0xBD,
    0xD6, 0x59, 0x59, 0xEF, 0x98, 0xEB, 0xD7, 0x38, 0x5D, 0x90, 0x15, 0xE5, 0xD6, 0x2E, 0xAB, 0xC5,
    0xD8, 0xB5, 0x39, 0x05, 0xF3, 0x8D, 0xD3, 0xC8, 0xF9, 0x37, 0xA1, 0xD2, 0x06, 0x5A, 0x12, 0xD0,
    0x7E, 0x57, 0xB8, 0xE3, 0xCA, 0xF8, 0x5E, 0x57, 0x2E, 0xE3, 0xA3, 0x26, 0x57, 0x2E, 0xC9, 0x8B,
    0xF8, 0x9C, 0xC3, 0xF5, 0x7E, 0x58, 0xCB, 0x31, 0x30, 0x36, 0x1A, 0xDE, 0x6A, 0x9C, 0x8D, 0xA4,
    0xD8, 0x09, 0x8B, 0x5C, 0xC5, 0xBF, 0x36, 0xD5, 0x67, 0x23, 0x99, 0x2F, 0xB1, 0xCC, 0x97, 0x68,
    0x17, 0xAD, 0x9C, 0x95, 0xF9, 0x5F, 0x61, 0xB9, 0xF2, 0x40, 0xF9, 0xCA, 0xE6, 0xF7, 0xF6, 0x44,
    0xAD, 0x05, 0x2B, 0x2D, 0x91, 0x22, 0xBE, 0x13, 0xE8, 0xDC, 0x1A, 0x01, 0xAE, 0xC4, 0x41, 0x3B,
    0xBB, 0xF3, 0x12, 0x03, 0xE6, 0x12, 0x52, 0x46, 0xB7, 0x08, 0x64, 0x38, 0x77, 0x82, 0xF9, 0x24,
    0x03, 0x6A, 0x7B, 0xDC, 0xC5, 0x48, 0x02, 0x2B, 0xC7, 0xB8, 0xC6, 0xC4, 0x46, 0xE3, 0xB5, 0xC6,
    0xB3, 0xE0, 0x1D, 0x5C, 0x5C, 0xC2, 0x80, 0x29, 0x3C, 0xB1, 0xB3, 0x44, 0xC5, 0x7D, 0x2E, 0x81,
    0xE8, 0x99, 0x8B, 0xED, 0x70, 0x89, 0x8B, 0x4B, 0x70, 0x94, 0x74, 0x3B, 0x16, 0xA3, 0x61, 0xAE,
    0xCA, 0xFD, 0xF3, 0xED, 0x94, 0x00, 0x55, 0x72, 0x08, 0x60, 0x34, 0xE4, 0xFA, 0x18, 0x78, 0x76,
    0x59, 0xE2, 0x0C, 0xCB, 0xA2, 0x34, 0x96, 0xA5, 0x32, 0x01, 0xAA, 0x23, 0x6C, 0x31, 0xE5, 0x83,
    0x4D, 0x72, 0x9A, 0x00, 0xCA, 0xBC, 0xD9, 0x33, 0x90, 0xCC, 0x88, 0x8F, 0x50, 0xD4, 0xB7, 0x72,
    0x9B, 0x6B, 0xFB, 0x96, 0x65, 0x4F, 0x99, 0x05, 0x03, 0x28, 0x7C, 0xEE, 0xC5, 0x44, 0xF5, 0x6C,
    0x12, 0xC6, 0x16, 0x54, 0x8E, 0x72, 0x73, 0x0B, 0xD6, 0x10, 0x25, 0x9A, 0x6A, 0xFD, 0x2D, 0x44,
    0x6E, 0xB4, 0x47, 0xA7, 0x97, 0x66, 0xCF, 0x22, 0x21, 0x70, 0xE0, 0x6F, 0xD1, 0x83, 0xED, 0x74,
    0x76, 0x12, 0x34, 0xE0, 0x08, 0xB7, 0x1E, 0x43, 0xC2, 0xCD, 0x1E, 0x03, 0xEA, 0x5A, 0x6C, 0x9F,
    0xBB, 0x75, 0x62, 0xA3, 0x71, 0xC7, 0x25, 0xEB, 0x9D, 0xCD, 0xCE, 0xF6, 0x25, 0x88, 0x34, 0x1F,
    0x4C, 0x02, 0xD1, 0x27, 0x62, 0x17, 0x74, 0x00, 0xEC, 0x44, 0xCF, 0x8A, 0xB7, 0xF6, 0x6F, 0x36,
    0x94, 0xD6, 0xD8, 0xA8, 0x33, 0xD6, 0x99, 0xAE, 0x35, 0xCE, 0x2A, 0x82, 0x2D, 0x22, 0x78, 0x3A,
    0xFB, 0x0C, 0x7B, 0x19, 0xE8, 0xAC, 0x78, 0x13, 0x09, 0x2D, 0x59, 0x01, 0x05, 0x60, 0x93, 0xF8,
    0x3F, 0x2D, 0x77, 0x9E, 0xF0, 0x4A, 0x6D, 0x6C, 0x70, 0xC8, 0x1F, 0xDD, 0xE0, 0x7D, 0x8E, 0x4B,
    0x74, 0x3B, 0x2E, 0x22, 0x9D, 0x7D, 0xBE, 0xA5, 0x82, 0x9C, 0x6E, 0xD8, 0x68, 0x9C, 0xD4, 0x3A,
    0xDB, 0xC4, 0x7E, 0x5F, 0x74, 0x6E, 0xB3, 0xB3, 0x12, 0xD1, 0xED, 0xA4, 0x4C, 0xA0, 0xFE, 0x1E,
    0x80, 0xF9, 0xD3, 0x04, 0xAE, 0x0A, 0x28, 0x24, 0x6D, 0xC0, 0x8F, 0xAF, 0x24, 0x62, 0x09, 0x46,
    0xE6, 0x68, 0x77, 0x8D, 0x7E, 0xC8, 0xAC, 0x47, 0x58, 0x7D, 0x7D, 0x37, 0xBB, 0xC6, 0xC5, 0x4D,
    0x92, 0x4F, 0x73, 0x99, 0x6F, 0xD8, 0x02, 0x03, 0xD1, 0xFB, 0x30, 0x10, 0x3A, 0x79, 0x4D, 0x05,
    0x4F, 0xD0, 0xA0, 0xAD, 0xAD, 0x2A, 0x0F, 0x95, 0x8D, 0xB0, 0xE7, 0x4C, 0x21, 0x2A, 0x15, 0xD7,
    0xEC, 0xA9, 0x50, 0x17, 0x91, 0x6E, 0xC5, 0xF3, 0xE9, 0x0B, 0x7A, 0xD1, 0x27, 0x44, 0x13, 0x7F,
    0xAF, 0x50, 0x15, 0xAE, 0x17, 0xB7, 0x00, 0xD5, 0x72, 0x47, 0xCD, 0x21, 0x8B, 0xEB, 0xD9, 0x2D,
    0x9A, 0x9A, 0x43, 0x1A, 0xA6, 0xD7, 0xBE, 0xA9, 0x93, 0x3D, 0x76, 0x12, 0x1B, 0x59, 0xCB, 0xD5,
    0x72, 0xA0, 0x92, 0x20, 0xA1, 0x1E, 0x65, 0x42, 0xB8, 0x0A, 0x28, 0xAB, 0xC8, 0xA6, 0x30, 0x38,
    0xA9, 0xD0, 0xEE, 0x47, 0x22, 0xE9, 0x58, 0xBB, 0x96, 0x2F, 0xBD, 0xE7, 0x58, 0xF2, 0x30, 0x4F,
    0x87, 0x0F, 0xB3, 0x25, 0xFC, 0x7D, 0x6A, 0xAA, 0x7D, 0x8F, 0x28, 0x14, 0x5B, 0xAF, 0x43, 0x54,
    0xA5, 0x89, 0xED, 0x1F, 0xD3, 0x30, 0x8B, 0xCB, 0xB6, 0x28, 0x1E, 0x75, 0x39, 0xDA, 0x15, 0x7C,
    0x5C, 0x14, 0x28, 0x1C, 0xB5, 0x7C, 0xB0, 0xF3, 0x6A, 0x90, 0x48, 0x06, 0x9F, 0xD4, 0x24, 0x92,
    0x42, 0x45, 0x90, 0x18, 0x06, 0xF4, 0x02, 0x7F, 0x9D, 0xEB, 0xF0, 0xB2, 0x1E, 0xD7, 0xBB, 0x1B,
    0x76, 0xCC, 0xF9, 0xB1, 0x10, 0xF9, 0x2D, 0xB3, 0xEF, 0x4E, 0xCF, 0x84, 0x7D, 0x84, 0x66, 0x70,
    0xCA, 0x26, 0x8F, 0x6D, 0x81, 0x57, 0xE2, 0x54, 0x1D, 0x3F, 0x63, 0xDB, 0x7C, 0x74, 0xAA, 0x0E,
    0xD5, 0xEA, 0xB6, 0xD0, 0x6F, 0xE9, 0xB1, 0xD5, 0x28, 0x11, 0x1E, 0x0C, 0x9B, 0xD1, 0xA9, 0x84,
    0xED, 0xB6, 0x5F, 0xF2, 0xBB, 0x98, 0xBA, 0x8B, 0x9B, 0xF7, 0x6F, 0x75, 0xD7, 0xE2, 0xDD, 0xCB,
    0xC6, 0x0E, 0xA6, 0xAD, 0x55, 0xC6, 0x53, 0x2C, 0xAE, 0x86, 0xC6, 0xC9, 0x5B, 0x53, 0x15, 0x7E,
    0x47, 0x62, 0xB3, 0xCF, 0x45, 0x1C, 0xB9, 0x1F, 0x98, 0x1B, 0x0C, 0x7C, 0x85, 0x1B, 0x76, 0x56,
    0x06, 0xBE, 0x2D, 0x96, 0x63, 0x73, 0xCE, 0x54, 0x1B, 0x3E, 0x20, 0x6B, 0x3C, 0x94, 0x98, 0x65,
    0xD9, 0xDA, 0x9D, 0x04, 0x6B, 0xD6, 0x49, 0x65, 0x49, 0xB5, 0x8B, 0x81, 0x8F, 0xD0, 0x34, 0x2E,
    0x93, 0x9C, 0x34, 0x55, 0x13, 0x05, 0x5E, 0x09, 0x5A, 0x02, 0x39, 0xC3, 0xEF, 0x68, 0x86, 0xE7,
    0x12, 0x39, 0xE8, 0x92, 0xBA, 0xBB, 0xDC, 0x19, 0xB8, 0x89, 0x8B, 0xFB, 0x6C, 0xC4, 0xE2, 0xC1,
    0x8F, 0x20, 0x50, 0x15, 0xA8, 0x78, 0x0C, 0x3E, 0xAA, 0x38, 0x35, 0x95, 0x32, 0xE0, 0x1B, 0x20,
    0x86, 0x37, 0xE0, 0x88, 0x07, 0x2E, 0x6D, 0xA3, 0x9E, 0xA3, 0x95, 0xB3, 0xB8, 0xCC, 0x82, 0x3D,
    0x09, 0x69, 0xDF, 0xC2, 0xC8, 0x67, 0x93, 0x35, 0x1D, 0x98, 0x40, 0xDA, 0xED, 0xD2, 0xE1, 0x31,
    0xF7, 0x78, 0x45, 0x02, 0x71, 0xC2, 0x5D, 0x45, 0xFE, 0xF2, 0x5D, 0x5B, 0xAB, 0x58, 0x13, 0xBF,
    0x11, 0x96, 0x58, 0x9F, 0x8B, 0xEE, 0x7A, 0xBC, 0x41, 0x97, 0xAE, 0x70, 0xA6, 0x45, 0xB6, 0x77,
    0xAA, 0xCE, 0x33, 0x7A, 0x3E, 0xB0, 0x11, 0x28, 0xA9, 0x7D, 0x2E, 0x40, 0xFE, 0xE5, 0x70, 0x66,
    0x73, 0xE5, 0xCA, 0xFA, 0xDA, 0x25, 0x93, 0xEE, 0xD4, 0x98, 0x94, 0x23, 0xFF, 0xD6, 0xD4, 0x0C,
    0x99, 0xE7, 0x68, 0x22, 0xFE, 0x50, 0x12, 0x42, 0x6B, 0x27, 0xB8, 0x52, 0x6F, 0xD5, 0xE1, 0xDD,
    0x8B, 0xAB, 0xF6, 0x80, 0x81, 0xD6, 0x2D, 0xC3, 0x03, 0x6A, 0x92, 0x42, 0xD5, 0x36, 0x29, 0x54,
    0x2D, 0x8B, 0x05, 0x42, 0x54, 0x7F, 0xE4, 0xE0, 0xF6, 0x2D, 0x76, 0xD2, 0x20, 0xF1, 0x05, 0xCE,
    0xB0, 0x99, 0x0A, 0x7B, 0xEE, 0xD5, 0xC1, 0xF3, 0x28, 0xB0, 0x36, 0xCD, 0x4B, 0xB3, 0x32, 0x02,
    0x1E, 0xAD, 0xAC, 0x74, 0x4F, 0x38, 0xB1, 0x71, 0xF6, 0xC4, 0xAD, 0xB3, 0xBB, 0x36, 0x70, 0x3A,
    0xB3, 0x2D, 0x46, 0x44, 0x4B, 0x5C, 0x43, 0xB9, 0xC5, 0x32, 0xD0, 0x9D, 0xBF, 0xE5, 0x9A, 0xBF,
    0xEC, 0x95, 0xF7, 0xBA, 0xE6, 0xFE, 0x57, 0xEE, 0xF6, 0xC8, 0x4C, 0xAD, 0xC0, 0x3B, 0xAA, 0x3C,
    0x4E, 0x6D, 0xED, 0xA1, 0xCE, 0x5C, 0xD9, 0xBC, 0x67, 0x45, 0xF8, 0x9D, 0xE5, 0xDE, 0xCD, 0x5F,
    0xE6, 0xDC, 0x73, 0xF7, 0x39, 0xF7, 0xE5, 0x95, 0xE4, 0x21, 0xB9, 0x77, 0x46, 0x97, 0x4D, 0xC7,
    0xEE, 0xAA, 0x99, 0x34, 0x91, 0x2A, 0x7D, 0xCE, 0x04, 0x9F, 0x00, 0x32, 0xEB, 0xB8, 0x5C, 0x58,
    0xC8, 0x26, 0x0D, 0x0E, 0x15, 0x7B, 0x59, 0xE0, 0x19, 0xA1, 0xA8, 0x7C, 0x65, 0x45, 0xA0, 0x1E,
    0x71, 0x99, 0x8F, 0x7A, 0xCA, 0x37, 0xF4, 0x35, 0xC3, 0xC7, 0xAB, 0xBC, 0x1B, 0xF0, 0xFB, 0x67,
    0x01, 0xCE, 0xDB, 0xCF, 0x3C, 0x43, 0x9F, 0xE6, 0xBD, 0x7C, 0x8C, 0x37, 0x34, 0x94, 0x37, 0x54,
    0xE5, 0x0D, 0xA1, 0xC0, 0xDC, 0xF8, 0x7D, 0x13, 0x40, 0x01, 0x8D, 0xBB, 0x7E, 0x92, 0x75, 0xB7,
    0xFC, 0xF2, 0x3D, 0x51, 0x6E, 0x73, 0x34, 0x4C, 0x0E, 0xC1, 0xA8, 0x42, 0x07, 0xD1, 0x59, 0x8A,
    0x6B, 0x07, 0x0E, 0x54, 0xEE, 0xBE, 0x0C, 0xEF, 0x5A, 0x1E, 0xBC, 0xA8, 0x11, 0x47, 0x3C, 0xE2,
    0x98, 0x57, 0x59, 0xA2, 0x96, 0x54, 0x10, 0xE4, 0xE4, 0xAB, 0xD9, 0x7E, 0x81, 0x82, 0xC3, 0x22,
    0x94, 0xAB, 0xDA, 0x59, 0xA9, 0x5D, 0x3D, 0xB6, 0x57, 0x73, 0x49, 0x8F, 0x71, 0x89, 0xE5, 0x29,
    0x23, 0xF6, 0x97, 0x9D, 0x33, 0x07, 0x77, 0x9C, 0x9B, 0x51, 0x93, 0x28, 0xC4, 0x22, 0x1E, 0x43,
    0xCA, 0x7B, 0x23, 0xEF, 0x82, 0x5B, 0x0D, 0x12, 0xC3, 0x27, 0x97, 0xDC, 0x62, 0x59, 0xDA, 0x94,
    0xCF, 0xB7, 0x53, 0x5E, 0x20, 0x4E, 0xCA, 0xE7, 0x9C, 0x74, 0xA3, 0x81, 0x22, 0x2F, 0xD8, 0xA0,
    0xC0, 0x8B, 0xD9, 0xAB, 0x00, 0x90, 0x73, 0x09, 0x11, 0xE9, 0x15, 0x84, 0x0D, 0xE0, 0xA0, 0x17,
    0x33, 0xF8, 0x1C, 0x65, 0x44, 0xE3, 0xCB, 0xE7, 0x78, 0x0B, 0x6A, 0x2F, 0xAE, 0x09, 0xB4, 0x98,
    0x0A, 0xC5, 0x03, 0x81, 0x5F, 0x91, 0x83, 0xDC, 0xE3, 0xD3, 0x92, 0x80, 0xF5, 0xEB, 0xFD, 0x58,
    0xD6, 0x78, 0xA4, 0x8A, 0xF5, 0xDB, 0x8B, 0xDB, 0x3C, 0xA8, 0x81, 0xED, 0xC2, 0x23, 0x65, 0x72,
    0xB3, 0xB9, 0xEC, 0xC9, 0xA2, 0x89, 0xC0, 0x9C, 0x45, 0x4A, 0x77, 0xE3, 0xB8, 0xE4, 0x6D, 0x6F,
    0x21, 0x21, 0x87, 0xE9, 0x94, 0xD0, 0x4B, 0x07, 0xCC, 0x24, 0x92, 0x42, 0x2A, 0x31, 0x12, 0x91,
    0xB8, 0xC4, 0x34, 0x83, 0x7D, 0x9B, 0x0F, 0x06, 0x1F, 0x30, 0x54, 0x9E, 0xE0, 0x83, 0x7B, 0x2D,
    0xB9, 0xC4, 0x92, 0x1B, 0x2C, 0xEE, 0x02, 0x35, 0x3E, 0xC8, 0x0D, 0x9B, 0x9C, 0xCB, 0xEE, 0x6C,
    0x43, 0xA7, 0xC3, 0xC1, 0x0E, 0x45, 0xC1, 0xB0, 0x71, 0xDA, 0x43, 0x4C, 0x95, 0xF6, 0xEF, 0x02,
    0x9B, 0x2B, 0xD3, 0x57, 0xE6, 0x3E, 0x57, 0x07, 0xC4, 0xB9, 0xEA, 0x0E, 0x40, 0xA1, 0xFC, 0x15,
    0x6F, 0xBD, 0xDF, 0xB9, 0x28, 0x57, 0x6A, 0xBA, 0xF2, 0xC2, 0xD9, 0xC6, 0xA2, 0xE6, 0x22, 0xA7,
    0x6A, 0x27, 0xDC, 0xA6, 0xF7, 0xF1, 0x26, 0x7A, 0x5E, 0xE4, 0x26, 0xDF, 0xBC, 0xDD, 0x40, 0x40,
    0xF8, 0x55, 0x92, 0xBD, 0x9E, 0xF8, 0x17, 0xD9, 0x55, 0xC4, 0x25, 0x69, 0xEC, 0x5E, 0x5B, 0x1F,
    0x45, 0x68, 0x3F, 0xF1, 0x88, 0x20, 0x51, 0x77, 0xD5, 0x0D, 0x83, 0x1D, 0x5B, 0x75, 0xD5, 0xA5,
    0xDC, 0x7B, 0x7F, 0x5C, 0x3B, 0x9E, 0xF8, 0x31, 0x68, 0x74, 0x2E, 0x6A, 0x04, 0x33, 0x9C, 0x98,
    0xA1, 0x26, 0x7D, 0x3E, 0xB3, 0xC3, 0xE3, 0xB5, 0xDB, 0x28, 0x67, 0x36, 0xAF, 0x33, 0xF1, 0xAA,
    0xCE, 0xC7, 0xA2, 0x3C, 0xBF, 0xC9, 0x5F, 0xE2, 0xBF, 0x28, 0x41, 0x0C, 0xEC, 0x87, 0xA7, 0xE5,
    0x06, 0x2F, 0x97, 0x9B, 0xE3, 0x4B, 0x51, 0xA7, 0x87, 0x78, 0xDB, 0x9E, 0x11, 0x2F, 0x2F, 0xAE,
    0x75, 0x65, 0x36, 0xB6, 0xDB, 0xDE, 0x55, 0x78, 0x6E, 0x87, 0x41, 0x70, 0x5B, 0x7E, 0x21, 0xCE,
    0x69, 0x6F, 0xA2, 0xFB, 0xE0, 0xF3, 0x21, 0x21, 0x3C, 0x77, 0x7E, 0x70, 0x6B, 0x51, 0xAB, 0xAE,
    0xF7, 0x02, 0x6C, 0x30, 0x5D, 0x9F, 0xF3, 0xCE, 0xBA, 0x35, 0x81, 0x5F, 0x10, 0x90, 0x64, 0xB4,
    0xEE, 0xC1, 0x2B, 0x9B, 0x97, 0x35, 0xB6, 0x19, 0x2E, 0x86, 0x04, 0xF3, 0x27, 0x6F, 0x1D, 0xC7,
    0x39, 0x44, 0x22, 0x02, 0x52, 0x06, 0x57, 0x33, 0x78, 0x43, 0x06, 0xBF, 0xC2, 0x50, 0xF1, 0x13,
    0x40, 0x15, 0x81, 0x13, 0x5D, 0xC4, 0x79, 0xE0, 0x23, 0xB4, 0x3A, 0x47, 0x40, 0x72, 0xF8, 0x5C,
    0xAE, 0x72, 0x34, 0x8A, 0xCE, 0x7D, 0x6D, 0x2A, 0x66, 0x77, 0x32, 0x8D, 0xDC, 0x89, 0x22, 0xC9,
    0x11, 0xB8, 0x3C, 0xEB, 0x07, 0xBE, 0x6C, 0xB5, 0xE1, 0x4B, 0xAD, 0xEC, 0x60, 0x99, 0x15, 0xA8,
    0xEA, 0x02, 0x86, 0x27, 0x0B, 0x05, 0x7A, 0x08, 0x26, 0xB4, 0xB3, 0x47, 0x04, 0x94, 0x40, 0xBF,
    0xD8, 0x9A, 0x02, 0xC5, 0xDB, 0x3A, 0x4E, 0x81, 0x09, 0xCA, 0x99, 0x55, 0xFB, 0x68, 0x88, 0x63,
    0xAE, 0xEC, 0xF8, 0x79, 0x8A, 0xC9, 0x64, 0x7D, 0xA2, 0x51, 0x1E, 0xC5, 0x49, 0x57, 0x61, 0xA2,
    0xF7, 0x92, 0xD0, 0x4E, 0x5B, 0x2A, 0x88, 0xE6, 0xAC, 0xF3, 0x5D, 0xD4, 0xCA, 0xEC, 0x74, 0x36,
    0x2F, 0xAF, 0xB2, 0x56, 0x30, 0x7C, 0x84, 0x23, 0x30, 0x68, 0xFD, 0x21, 0x5C, 0x3D, 0xAE, 0x30,
    0x88, 0xD7, 0xCA, 0x18, 0x94, 0xA8, 0x3D, 0xE7, 0x10, 0xC4, 0x85, 0xF0, 0x5A, 0xB8, 0x7D, 0x21,
    0xA1, 0xC9, 0xB6, 0x02, 0x88, 0x63, 0xB3, 0x53, 0x06, 0x07, 0xFB, 0xD3, 0xFA, 0xCA, 0x2D, 0x06,
    0x25, 0xFC, 0x9D, 0x36, 0x83, 0x4E, 0xFF, 0xD5, 0x4A, 0xDA, 0xA4, 0xCE, 0xDF, 0xAA, 0x63, 0xAB,
    0x14, 0x15, 0x1E, 0x16, 0xB0, 0x77, 0x03, 0x7D, 0x43, 0x4B, 0xA0, 0x69, 0xDF, 0xE4, 0x5D, 0x45,
    0x24, 0xD8, 0x8A, 0xC6, 0x1D, 0x39, 0x64, 0x9A, 0xA9, 0x9B, 0xCD, 0xE0, 0xC8, 0x4E, 0xBB, 0x76,
    0x31, 0x56, 0xD2, 0x83, 0x62, 0x84, 0x37, 0x54, 0x04, 0x38, 0x7A, 0xC0, 0xE5, 0x8F, 0xD7, 0x6C,
    0x15, 0x65, 0xC8, 0x05, 0x34, 0x83, 0x25, 0x80, 0x87, 0x61, 0x5F, 0x55, 0x58, 0x21, 0xDD, 0xD8,
    0x2D, 0x86, 0x5F, 0xDF, 0x38, 0x75, 0xD3, 0x4F, 0x8F, 0x60, 0xA2, 0x57, 0xD2, 0x23, 0xBF, 0xB9,
    0xB9, 0xB2, 0x5E, 0x4F, 0x8F, 0xD0, 0xC3, 0xE2, 0x32, 0x41, 0x86, 0x1B, 0xC6, 0x60, 0x0B, 0x20,
    0xF2, 0x1B, 0x80, 0x5A, 0xC0, 0xB7, 0x5A, 0x2E, 0x00, 0xB5, 0x42, 0x09, 0x36, 0x2F, 0x53, 0x3F,
    0xE0, 0x0D, 0x35, 0x81, 0x55, 0x99, 0x11, 0xDD, 0xF1, 0xC4, 0xB0, 0xA6, 0xB3, 0xAD, 0x11, 0x41,
    0xC6, 0x4E, 0xDE, 0x31, 0xF0, 0xF6, 0x77, 0xBC, 0xEF, 0x1D, 0x36, 0x38, 0xA3, 0x36, 0xF0, 0x26,
    0x66, 0x5D, 0x04, 0xF9, 0x62, 0x13, 0x7A, 0x82, 0xA6, 0xC5, 0xD0, 0xA5, 0xE9, 0x40, 0x70, 0x95,
    0x7A, 0xFE, 0x28, 0xB2, 0x22, 0x8B, 0x41, 0x1D, 0x49, 0x23, 0x69, 0x13, 0xBE, 0x7B, 0xEA, 0xF9,
    0x36, 0xCD, 0x73, 0xEA, 0xF9, 0xDF, 0x21, 0x25, 0x9C, 0x7A, 0xFE, 0x39, 0xED, 0x24, 0xD4, 0xC9,
    0xE7, 0x72, 0x70, 0x92, 0x66, 0xB7, 0x85, 0x4C, 0xF1, 0xE6, 0xD5, 0x4A, 0x0D, 0xA0, 0xFD, 0xA1,
    0xB2, 0x6F, 0xF5, 0x34, 0x71, 0x4A, 0xBB, 0xB8, 0x9D, 0x79, 0x03, 0x65, 0x6F, 0xFE, 0x41, 0x5A,
    0xEF, 0xD3, 0x39, 0xF7, 0xFA, 0xD0, 0xCF, 0xEC, 0xD4, 0x3B, 0x9D, 0x61, 0x67, 0x23, 0x6F, 0x3F,
    0x57, 0x57, 0xDB, 0xF1, 0x53, 0xE1, 0xFA, 0x89, 0xA3, 0x09, 0xE2, 0xFB, 0x5D, 0xA9, 0xA7, 0x24,
    0xD8, 0x44, 0x4C, 0xC1, 0x71, 0xB4, 0xBF, 0x6D, 0x36, 0x89, 0x78, 0xEE, 0xD4, 0x4D, 0x2E, 0xAC,
    0x70, 0x0E, 0x1B, 0x31, 0x52, 0x2B, 0x18, 0x1D, 0x16, 0x2B, 0xB1, 0xFF, 0xB2, 0xA0, 0x9F, 0x86,
    0x7C, 0xBC, 0x62, 0xB0, 0x9E, 0x86, 0x4D, 0x60, 0x39, 0x0D, 0xF9, 0xBC, 0x9D, 0x86, 0x87, 0x51,
    0x46, 0xEA, 0xFF, 0xAF, 0xED, 0xFB, 0x63, 0xE3, 0x38, 0xD3, 0xF3, 0xBE, 0x99, 0x21, 0x35, 0x32,
    0xE7, 0xCC, 0x59, 0x20, 0x94, 0xE3, 0x93, 0x4E, 0x1C, 0xFF, 0xA1, 0x00, 0x17, 0x85, 0xDC, 0xED,
    0x1F, 0x46, 0xC2, 0xB6, 0xBB, 0xDC, 0xA1, 0xD8, 0xF4, 0x80, 0x1A, 0x38, 0x11, 0xA9, 0x56, 0x4A,
    0x2C, 0xA0, 0x74, 0x91, 0x2B, 0x90, 0xFA, 0x7E, 0xD0, 0x05, 0x54, 0x74, 0xAF, 0x5D, 0x72, 0xC7,
    0x56, 0x51, 0xFF, 0x21, 0xA0, 0x62, 0x50, 0x33, 0x41, 0x73, 0x68, 0xAD, 0x00, 0x3A, 0x24, 0x5A,
    0x01, 0x21, 0x81, 0x12, 0xED, 0x3A, 0xA0, 0xB8, 0x23, 0x09, 0xA8, 0x80, 0x0A, 0x88, 0xC6, 0x67,
    0x28, 0x06, 0x62, 0xA0, 0x1E, 0x9F, 0xA4, 0x24, 0x47, 0x15, 0xD6, 0xD8, 0x1A, 0x9D, 0x97, 0xD4,
    0x72, 0xA7, 0xEF, 0xF3, 0xBE, 0xB3, 0x3F, 0xB8, 0xA2, 0xEF, 0x2E, 0x05, 0x2A, 0x58, 0x7A, 0xBC,
    0xF3, 0x63, 0x77, 0x7E, 0x7C, 0xDF, 0xFB, 0xBD, 0xDF, 0xFB, 0xBD, 0xEF, 0xF3, 0x10, 0x8E, 0x89,
    0x68, 0x4F, 0x9E, 0xD3, 0x10, 0x08, 0xB9, 0x34, 0x99, 0x5E, 0x0A, 0xA7, 0x1D, 0xD2, 0x5B, 0x61,
    0x1E, 0x18, 0x7A, 0x2D, 0x9C, 0xD3, 0x45, 0x2F, 0xC4, 0xF9, 0x78, 0x1B, 0xA8, 0xB7, 0xB5, 0x64,
    0x47, 0xA2, 0x0B, 0x47, 0xDA, 0xFD, 0x64, 0x4A, 0x5A, 0xAF, 0xFE, 0xBD, 0x2A, 0x65, 0x38, 0x04,
    0x8E, 0x5C, 0x7B, 0x51, 0xA0, 0xC2, 0xBA, 0xED, 0x2A, 0x62, 0x7D, 0x17, 0xD0, 0x1E, 0xA2, 0xD6,
    0x25, 0x61, 0x96, 0x7E, 0x94, 0x24, 0x46, 0x96, 0xF7, 0x7C, 0x34, 0x8A, 0x38, 0x77, 0x08, 0x70,
    0x04, 0x8A, 0x33, 0x21, 0xF6, 0x55, 0x05, 0x92, 0x19, 0xDE, 0xF8, 0xEF, 0x04, 0xCC, 0x2E, 0x40,
    0xF4, 0xDB, 0x9C, 0xF9, 0x84, 0x0B, 0x81, 0x66, 0x7E, 0x1C, 0x3A, 0xD4, 0x08, 0xFF, 0xE0, 0x5E,
    0x80, 0x7D, 0xC9, 0x3D, 0x1F, 0xB0, 0xF5, 0x87, 0x1E, 0xC0, 0xB5, 0x5D, 0x86, 0xA2, 0x1A, 0x2D,
    0x46, 0x78, 0x2F, 0x43, 0xC5, 0x60, 0x20, 0x45, 0x51, 0x58, 0x96, 0xA0, 0xE2, 0x19, 0xB1, 0x69,
    0x28, 0xE2, 0xC2, 0x1C, 0xAE, 0x81, 0x62, 0xFE, 0x3D, 0xC4, 0xDC, 0x97, 0x17, 0x39, 0x58, 0x2F,
    0x91, 0xE0, 0x90, 0xF5, 0xEA, 0x94, 0x16, 0xA8, 0x17, 0x41, 0xC5, 0xA1, 0x43, 0x01, 0x79, 0x52,
    0x4A, 0x7D, 0xB8, 0x5D, 0x26, 0xE1, 0xB9, 0x4C, 0x79, 0x4C, 0x99, 0x0F, 0xC3, 0xA8, 0xBC, 0x0E,
    0xB3, 0xF2, 0x49, 0x10, 0x45, 0xA8, 0xF6, 0xBD, 0x77, 0xFD, 0x73, 0x32, 0x99, 0x39, 0xFF, 0x61,
    0xF2, 0x21, 0xD9, 0xA5, 0x22, 0xE1, 0xCD, 0xA7, 0x81, 0xFA, 0x0D, 0x5F, 0x38, 0xA3, 0x7E, 0xC9,
    0x0F, 0xD9, 0x70, 0x18, 0x7E, 0x58, 0x70, 0xED, 0x0C, 0xF0, 0xFB, 0xC1, 0xE4, 0xCB, 0xCA, 0xB8,
    0x1E, 0x46, 0x61, 0x19, 0xEF, 0xFE, 0xC7, 0xC1, 0x5A, 0x34, 0xA1, 0x8C, 0xAD, 0x3F, 0xFC, 0xAB,
    0xCF, 0x77, 0xDA, 0x20, 0x36, 0x4A, 0x9E, 0x62, 0xA9, 0xD2, 0x1F, 0x5D, 0xFE, 0x87, 0xEF, 0x58,
    0x69, 0x99, 0xD3, 0x01, 0x09, 0x93, 0xEF, 0x5D, 0x76, 0x6A, 0xAB, 0x5F, 0xE0, 0xCF, 0x33, 0xB3,
    0xE4, 0x7D, 0x6A, 0xFE, 0xB3, 0x6A, 0x03, 0x46, 0x61, 0x9A, 0x80, 0x8B, 0x87, 0x58, 0xC9, 0xB5,
    0x49, 0xC0, 0xD4, 0x81, 0x1B, 0x48, 0x42, 0x47, 0x57, 0x26, 0xFF, 0xD7, 0x43, 0x8F, 0xF6, 0x8B,
    0x5C, 0xB4, 0x1F, 0x6E, 0x30, 0xCD, 0x7A, 0x94, 0xE1, 0x6F, 0xF1, 0xBA, 0x69, 0xA2, 0x69, 0xFE,
    0xE3, 0xA9, 0x4E, 0xA3, 0xD2, 0xBD, 0x6E, 0xC7, 0x4E, 0x79, 0x45, 0xE9, 0x6B, 0x78, 0x69, 0x98,
    0x61, 0xF8, 0xF4, 0x6F, 0x8B, 0x09, 0xC0, 0x3D, 0xAB, 0x11, 0x24, 0xC7, 0xF9, 0xBD, 0x89, 0x71,
    0x7C, 0xE8, 0x0C, 0x75, 0x20, 0x1D, 0xD5, 0x2C, 0x60, 0x7C, 0x61, 0x70, 0xE4, 0xF4, 0x2A, 0xAB,
    0xB8, 0x6A, 0x60, 0x95, 0x46, 0x01, 0xE2, 0x22, 0xA0, 0x78, 0xD1, 0x61, 0xED, 0x6A, 0x7B, 0x64,
    0x4F, 0x19, 0xD7, 0x2F, 0x00, 0xC2, 0x1C, 0xD5, 0x81, 0x81, 0xC2, 0xFC, 0xFE, 0xC2, 0xE4, 0xA6,
    0xC6, 0xD9, 0xFE, 0x05, 0x9D, 0xD3, 0x66, 0x8E, 0x92, 0x1B, 0x7A, 0x26, 0x38, 0xF4, 0x3B, 0xBF,
    0x05, 0x86, 0x90, 0x6A, 0xF2, 0x53, 0xC0, 0xF1, 0xDA, 0xE7, 0x00, 0x08, 0xC3, 0x02, 0xCC, 0x1B,
    0x0C, 0xF6, 0x09, 0x86, 0x2C, 0x38, 0x45, 0x02, 0xB5, 0xC8, 0xA7, 0xCB, 0x2A, 0x7C, 0x60, 0x26,
    0xBE, 0xF5, 0x66, 0x08, 0xCE, 0x7B, 0x8B, 0x5C, 0xB9, 0xCD, 0xFC, 0x86, 0x4D, 0x50, 0xCF, 0x4F,
    0x01, 0x32, 0x34, 0x01, 0xD0, 0xB8, 0x30, 0xCC, 0x11, 0xC8, 0x0A, 0x14, 0xB4, 0x70, 0x8C, 0x60,
    0x43, 0x0B, 0x27, 0x68, 0x6E, 0x11, 0x6B, 0x21, 0xD2, 0xBF, 0x42, 0x86, 0xAA, 0xA7, 0xED, 0xD4,
    0x59, 0xCA, 0x39, 0x89, 0xBA, 0x14, 0x5B, 0x62, 0x75, 0x53, 0xC3, 0x94, 0xD6, 0xE0, 0x20, 0x7A,
    0xED, 0x71, 0x89, 0x04, 0xC1, 0xF0, 0x69, 0xC8, 0x77, 0xB5, 0xC8, 0x14, 0x83, 0x11, 0xFE, 0x70,
    0x6D, 0xA3, 0x0E, 0x93, 0xA3, 0xD6, 0xD7, 0x19, 0x22, 0x06, 0x23, 0x60, 0x00, 0xD1, 0x62, 0x82,
    0x9C, 0x12, 0x86, 0xAA, 0x8F, 0x23, 0xB5, 0x84, 0x0F, 0xB1, 0xDA, 0x1B, 0x80, 0xE2, 0x7F, 0x9D,
    0x06, 0x4C, 0x8E, 0x7F, 0x65, 0x73, 0x75, 0xAB, 0x35, 0x34, 0x2E, 0x47, 0x82, 0x6E, 0xD4, 0x47,
    0x06, 0xD6, 0xB7, 0x4C, 0x6F, 0x8C, 0x09, 0x36, 0x25, 0xFB, 0xF0, 0xE7, 0x41, 0xCA, 0x06, 0x89,
    0xF2, 0x5D, 0x26, 0x4C, 0x94, 0xD0, 0x3B, 0xC3, 0xE1, 0xD5, 0xDA, 0xE1, 0xAB, 0x5B, 0xA0, 0x44,
    0x00, 0xFB, 0xEB, 0x70, 0xB5, 0x34, 0xBC, 0xF0, 0x64, 0x0E, 0x49, 0x17, 0x45, 0x32, 0x52, 0xF4,
    0x93, 0x4F, 0x69, 0x60, 0xB9, 0x93, 0x3B, 0xF1, 0x37, 0x77, 0x94, 0x7D, 0xD2, 0xB4, 0xDF, 0xBE,
    0x15, 0x2C, 0xD9, 0x6A, 0xC9, 0xBC, 0xDE, 0x3C, 0x67, 0x2B, 0x1A, 0x39, 0xCE, 0xF1, 0x77, 0x7A,
    0xDD, 0x35, 0xA8, 0x34, 0x63, 0x33, 0x55, 0xF6, 0xD9, 0xAF, 0x1F, 0xF5, 0xB4, 0x24, 0x2A, 0x92,
    0x48, 0x89, 0xAA, 0x3A, 0x30, 0xF5, 0x18, 0x31, 0x33, 0xF5, 0xA8, 0x4D, 0x66, 0xEA, 0x41, 0x3A,
    0x80, 0xFB, 0x7A, 0x53, 0x99, 0xE1, 0x8B, 0xAC, 0x0A, 0xE3, 0xF5, 0xF8, 0xD1, 0xE7, 0xF6, 0xB4,
    0xA6, 0xFD, 0xB8, 0x98, 0x33, 0xEC, 0x10, 0x92, 0x6D, 0x89, 0x39, 0x07, 0xE1, 0x43, 0x98, 0xAB,
    0x48, 0x4B, 0x38, 0x25, 0xD1, 0x4C, 0x38, 0xCA, 0xD1, 0x98, 0x01, 0x97, 0x7C, 0x14, 0xAB, 0x09,
    0x82, 0xED, 0x95, 0xBD, 0xE2, 0x77, 0xA9, 0x60, 0x60, 0xCC, 0x4B, 0xDE, 0x57, 0x77, 0x7A, 0x4B,
    0xDE, 0xB6, 0xEB, 0x78, 0x73, 0xC8, 0x4C, 0xCC, 0x71, 0x42, 0x3E, 0x4D, 0xE2, 0xEB, 0x80, 0xF8,
    0x85, 0x6B, 0x04, 0xB3, 0xAC, 0xF1, 0x69, 0x9F, 0x68, 0xBF, 0x63, 0xCE, 0xFA, 0x69, 0xB6, 0x15,
    0xD7, 0x4E, 0x9E, 0x65, 0x30, 0x12, 0xAF, 0xAF, 0x3B, 0xF0, 0xCA, 0xD1, 0x77, 0x79, 0x0E, 0xF1,
    0xED, 0x04, 0x40, 0x66, 0x1E, 0x60, 0xBF, 0xDB, 0xA9, 0xC4, 0x18, 0xB6, 0xDE, 0xF2, 0x58, 0x9F,
    0x1D, 0x09, 0x21, 0xAE, 0x4D, 0x2E, 0xEB, 0xF0, 0x7C, 0xC9, 0xA6, 0x39, 0x04, 0x8D, 0x11, 0xFF,
    0xCC, 0xF2, 0xEA, 0x04, 0xDF, 0x05, 0xBD, 0xB8, 0xE3, 0xE6, 0x2D, 0xAF, 0x80, 0x21, 0xCE, 0xF2,
    0xC6, 0x55, 0x35, 0xAA, 0x83, 0x38, 0x37, 0xD9, 0x78, 0x03, 0xDF, 0xF2, 0xE8, 0x7B, 0x0A, 0x29,
    0x89, 0x77, 0x4E, 0x2A, 0x94, 0x90, 0x5D, 0xFC, 0x47, 0xCA, 0x3A, 0x1F, 0xD8, 0xD0, 0x14, 0x7E,
    0xC5, 0xCF, 0x8A, 0xD8, 0x02, 0xF4, 0x03, 0xD4, 0x92, 0xC2, 0x28, 0xA8, 0x35, 0x45, 0xC6, 0x3E,
    0x64, 0x68, 0xF0, 0x1A, 0x8D, 0xC3, 0xE1, 0xD0, 0x59, 0x76, 0x99, 0xEC, 0xD9, 0xFB, 0xFD, 0x45,
    0xC8, 0x1D, 0x92, 0x15, 0x18, 0x3E, 0x6D, 0xA1, 0x2D, 0xD5, 0x9E, 0xCB, 0x68, 0x58, 0x23, 0x27,
    0x21, 0xF7, 0x73, 0x05, 0xAE, 0x1C, 0x13, 0xBE, 0x2A, 0x1B, 0x8A, 0xB0, 0x36, 0x4A, 0x8F, 0x51,
    0x14, 0x54, 0x30, 0x7C, 0x1A, 0x10, 0x93, 0x0D, 0x54, 0x20, 0xC3, 0x33, 0x07, 0x69, 0x86, 0x5A,
    0x03, 0x14, 0x3D, 0xE3, 0xFC, 0x4D, 0xB2, 0x41, 0xA1, 0x79, 0xFE, 0x46, 0x00, 0xC5, 0x87, 0xD9,
    0xEB, 0x91, 0x7A, 0x54, 0xB0, 0xE9, 0x48, 0xFD, 0xCE, 0xB8, 0x43, 0x6E, 0x8B, 0x71, 0xF1, 0x20,
    0x7D, 0x4B, 0xC5, 0xB6, 0x21, 0x58, 0x9D, 0xCF, 0xDA, 0x68, 0x3D, 0x05, 0x1A, 0xBA, 0xE9, 0x5B,
    0xB2, 0x63, 0xB6, 0xC6, 0xC9, 0x2D, 0x5F, 0x62, 0xA5, 0xB4, 0x44, 0x3E, 0xE1, 0x5E, 0x86, 0xF7,
    0xA4, 0xFE, 0x68, 0xEB, 0xB8, 0x61, 0xAD, 0x21, 0xD4, 0xAD, 0x34, 0xDF, 0x49, 0x6A, 0xCB, 0x23,
    0xF3, 0x70, 0x70, 0xE1, 0xAC, 0x3A, 0x1E, 0xD9, 0x6E, 0x94, 0x0F, 0x92, 0xD1, 0xB5, 0xB5, 0xCF,
    0x43, 0x2C, 0x05, 0x2A, 0x6D, 0x17, 0xD2, 0xF3, 0xBB, 0x28, 0xDC, 0x02, 0x54, 0x99, 0xBE, 0xF6,
    0x48, 0x93, 0x1E, 0x50, 0xF5, 0xCD, 0xE4, 0x2D, 0x94, 0xD0, 0x05, 0xF7, 0x91, 0x81, 0x4D, 0xDF,
    0x40, 0x5E, 0xA6, 0xF6, 0x28, 0xAF, 0x96, 0x6A, 0xD7, 0x8C, 0x3B, 0x13, 0x7A, 0xAC, 0x2A, 0xE6,
    0xC5, 0x21, 0x27, 0x50, 0x4D, 0xBA, 0x87, 0xF6, 0x98, 0x1E, 0xD1, 0x3D, 0xAC, 0x2F, 0x91, 0x8B,
    0x8D, 0x2A, 0xA9, 0x47, 0xEE, 0x18, 0x2E, 0x77, 0x57, 0xFA, 0xA6, 0xF0, 0xF7, 0x54, 0xF9, 0xAA,
    0xD9, 0x1B, 0xB1, 0x75, 0xA6, 0x89, 0xB4, 0x39, 0xBE, 0xBD, 0xC7, 0xB6, 0xC2, 0x85, 0x09, 0x8F,
    0xB1, 0x20, 0x7A, 0x23, 0xAA, 0x06, 0x34, 0xB9, 0x73, 0xDA, 0xCA, 0x6C, 0x6F, 0x2A, 0xF5, 0x5C,
    0x85, 0xC3, 0xE5, 0x1C, 0xEA, 0xE0, 0x05, 0x86, 0xBC, 0x5A, 0x88, 0x11, 0x2A, 0xCC, 0x6B, 0xED,
    0x3A, 0x13, 0xB0, 0xAA, 0xB9, 0x75, 0xB2, 0x71, 0xB9, 0x84, 0xD9, 0xBF, 0x08, 0xBF, 0x90, 0xD1,
    0xBC, 0xA2, 0x0B, 0xB6, 0x15, 0x32, 0x5D, 0xF1, 0xD8, 0x1C, 0x1A, 0x6E, 0x94, 0xDE, 0x0E, 0x10,
    0xE2, 0x53, 0xC6, 0x46, 0xC4, 0x93, 0x3A, 0xB3, 0xF2, 0x4F, 0x25, 0x8D, 0x26, 0x6F, 0xB7, 0x4C,
    0x7A, 0xBD, 0xE3, 0x79, 0x33, 0x6F, 0x78, 0x65, 0x64, 0xD1, 0x32, 0x4E, 0xA5, 0xA8, 0xF6, 0xC3,
    0x0B, 0x5C, 0x92, 0x3A, 0x61, 0xBC, 0x7D, 0x49, 0x06, 0xB8, 0xD4, 0xF3, 0x63, 0x1C, 0x53, 0xFD,
    0x4B, 0x39, 0xF4, 0xE7, 0x3B, 0xCC, 0x55, 0xAD, 0x16, 0xE0, 0xAC, 0xC7, 0xA0, 0x0E, 0xCF, 0xA1,
    0xB4, 0x63, 0xFC, 0x5D, 0x37, 0x2B, 0xE5, 0x51, 0xFB, 0xE3, 0xF0, 0xFC, 0x0A, 0x23, 0x9D, 0x94,
    0x9E, 0x97, 0x30, 0xD9, 0x75, 0x87, 0xBD, 0x42, 0x15, 0x3B, 0x18, 0xBC, 0xCE, 0x36, 0xAB, 0x11,
    0x8B, 0xC2, 0xF4, 0xA3, 0x45, 0xF6, 0x3C, 0x8D, 0x3B, 0xF3, 0x22, 0x91, 0x7E, 0xF1, 0x9F, 0x48,
    0x3B, 0x4A, 0x17, 0x2C, 0xA7, 0x59, 0xD0, 0xAD, 0x85, 0xA2, 0x7D, 0x66, 0xEE, 0x46, 0x07, 0x32,
    0x84, 0xCC, 0x66, 0x00, 0x67, 0x10, 0xB0, 0xE0, 0x4E, 0xC4, 0xCF, 0xD3, 0x9E, 0x61, 0x2F, 0xA9,
    0xBF, 0x1B, 0x0D, 0x77, 0xF8, 0xF6, 0x33, 0x07, 0x92, 0xF7, 0xC9, 0xD9, 0xAA, 0x57, 0x77, 0x41,
    0x8B, 0x1A, 0xFD, 0x4A, 0x59, 0x55, 0x30, 0x45, 0x2D, 0xAB, 0x49, 0xDB, 0x44, 0x32, 0x89, 0x63,
    0x33, 0xED, 0xD4, 0x41, 0x5B, 0x53, 0x12, 0x71, 0x46, 0x6A, 0x85, 0x24, 0x29, 0x30, 0x08, 0x49,
    0x58, 0x84, 0x52, 0x57, 0xA4, 0x52, 0x24, 0x02, 0x4F, 0x7D, 0x76, 0x2A, 0xDF, 0xE3, 0x43, 0xEC,
    0xF2, 0x1A, 0x36, 0x4E, 0x96, 0x79, 0x5F, 0x5E, 0xA0, 0x5E, 0x86, 0xED, 0x8B, 0xDE, 0x10, 0xC8,
    0xC8, 0x46, 0xF5, 0xA5, 0x80, 0xF2, 0x2A, 0xC5, 0x0B, 0x63, 0x99, 0x8E, 0x31, 0x96, 0x57, 0xA5,
    0x71, 0x67, 0x46, 0xFC, 0xCB, 0xDA, 0xBA, 0xC2, 0x5D, 0x09, 0x4E, 0x89, 0x3A, 0x30, 0xCF, 0x4C,
    0x26, 0xE8, 0x37, 0xB1, 0x64, 0x19, 0x98, 0x12, 0x43, 0x70, 0x4C, 0x61, 0xDB, 0x73, 0x24, 0xE9,
    0x9C, 0xBD, 0x64, 0xAD, 0x87, 0xD4, 0xA5, 0x8E, 0x33, 0x9B, 0x7B, 0xD1, 0xE5, 0x19, 0x2B, 0x2B,
    0x50, 0x61, 0x3B, 0x87, 0x43, 0x43, 0x6A, 0xD0, 0xF5, 0x12, 0x4A, 0xBE, 0x8C, 0x8F, 0xF3, 0xFC,
    0x3D, 0xE6, 0xBB, 0x19, 0x0E, 0x48, 0x82, 0xE6, 0x1A, 0x09, 0x7E, 0x39, 0x47, 0x0D, 0xDB, 0x74,
    0x85, 0x79, 0x47, 0xBF, 0xFD, 0x0D, 0xF2, 0x30, 0x5F, 0x74, 0x8C, 0xDB, 0x27, 0xC2, 0x75, 0x10,
    0x3E, 0xBD, 0xE2, 0xFE, 0x26, 0xA2, 0x69, 0x36, 0xCD, 0x4C, 0xBF, 0x4B, 0x98, 0xA5, 0x59, 0x2F,
    0x8A, 0x16, 0x0F, 0x92, 0x2B, 0x3B, 0xC4, 0x4C, 0x58, 0xEC, 0x8A, 0x0D, 0x0F, 0x84, 0x67, 0x3B,
    0xC5, 0x73, 0xCD, 0x41, 0x59, 0xA1, 0x88, 0x69, 0xAD, 0x6A, 0x51, 0x41, 0x8E, 0x2A, 0x90, 0x45,
    0x6D, 0x6A, 0xD1, 0x8B, 0x3A, 0xEA, 0x09, 0xE6, 0x50, 0xFE, 0x69, 0x36, 0x59, 0xDD, 0x15, 0xCB,
    0xA0, 0x21, 0x4F, 0x8E, 0x75, 0xB8, 0xB4, 0x5A, 0xA7, 0xEC, 0x7B, 0x18, 0x8B, 0xE3, 0xAA, 0x13,
    0xA9, 0x02, 0xF3, 0xF3, 0xAA, 0x27, 0x1A, 0x2E, 0x0C, 0xB2, 0xAE, 0x9C, 0x13, 0x98, 0x26, 0xC8,
    0x20, 0x44, 0x02, 0xE3, 0x4F, 0x83, 0xA6, 0xC5, 0xF3, 0x1C, 0x00, 0x02, 0x2B, 0x56, 0x50, 0x47,
    0x85, 0xBF, 0x09, 0x02, 0x5A, 0xCC, 0x5F, 0x82, 0x41, 0x86, 0xAE, 0x4E, 0x5D, 0x48, 0x9F, 0x5E,
    0x74, 0xA3, 0x6F, 0x99, 0x28, 0xF1, 0x45, 0x90, 0x58, 0x00, 0xEB, 0x48, 0x6B, 0xBA, 0x4F, 0x60,
    0xC4, 0x46, 0xD3, 0xF0, 0x2F, 0x81, 0xE5, 0xD2, 0xE3, 0x40, 0x0E, 0xD9, 0x10, 0xAC, 0x3D, 0xA8,
    0xC4, 0xE5, 0x1E, 0xE4, 0x88, 0x16, 0xA1, 0x26, 0x8E, 0x75, 0xD4, 0x81, 0x81, 0x1A, 0x95, 0x9F,
    0x0F, 0xAF, 0xCB, 0x78, 0x9B, 0x5E, 0x4B, 0xA9, 0xBB, 0xDC, 0xFF, 0xDA, 0x9E, 0x44, 0xEA, 0x0D,
    0x79, 0x01, 0x9B, 0xBD, 0x17, 0x30, 0xDD, 0x79, 0x01, 0x19, 0x79, 0x01, 0x15, 0xBC, 0x80, 0x02,
    0x99, 0xDB, 0xEA, 0x4C, 0x84, 0x60, 0x97, 0x15, 0xF1, 0x55, 0x8B, 0xC6, 0xD4, 0xEF, 0x65, 0x72,
    0x30, 0x32, 0xF5, 0x0D, 0x7E, 0xC1, 0xB1, 0xB0, 0xA9, 0xC7, 0xD4, 0xC5, 0xE8, 0x3B, 0x9F, 0x9C,
    0x59, 0x49, 0x85, 0x4C, 0x9B, 0x74, 0x2D, 0x09, 0xBB, 0x2A, 0xC6, 0x23, 0x09, 0xCA, 0xDC, 0x71,
    0x45, 0xEE, 0x90, 0x23, 0x56, 0x4B, 0xBA, 0x48, 0xD6, 0x70, 0xA8, 0xCA, 0x89, 0xF0, 0x0E, 0x10,
    0xFE, 0x35, 0xDB, 0x6E, 0x91, 0x89, 0xCA, 0x9A, 0x39, 0x1C, 0x7D, 0xA0, 0x2F, 0xCB, 0xFC, 0xD2,
    0x9E, 0x46, 0xD4, 0xEA, 0x8B, 0xF1, 0xE3, 0xDA, 0xAF, 0xF6, 0x5A, 0x4F, 0x5D, 0xC5, 0x5A, 0xF4,
    0x55, 0x1A, 0x00, 0x1A, 0xD4, 0x7A, 0x64, 0x81, 0xDF, 0x6A, 0x4D, 0x71, 0xEB, 0x41, 0xF2, 0x01,
    0x9A, 0x4C, 0x5F, 0x84, 0xF3, 0x92, 0xB4, 0x1B, 0xBA, 0x82, 0x13, 0xFC, 0x20, 0xAF, 0xF1, 0x83,
    0xD4, 0x63, 0x06, 0x27, 0xC0, 0x9B, 0x70, 0x73, 0xAE, 0x4E, 0x87, 0xBA, 0x07, 0x07, 0x1F, 0xF9,
    0x0E, 0xEB, 0x76, 0xEB, 0x92, 0x54, 0xAD, 0x73, 0x98, 0x75, 0xFF, 0x97, 0x93, 0x2E, 0x44, 0xEF,
    0xD3, 0x88, 0xD2, 0x57, 0x85, 0xA5, 0x81, 0xDA, 0x2A, 0xB5, 0x17, 0x57, 0xB9, 0xD4, 0x7A, 0xF4,
    0x08, 0xC5, 0xB6, 0xDF, 0xCA, 0x79, 0x34, 0x20, 0xBA, 0x07, 0x76, 0x0F, 0xB8, 0x74, 0x0F, 0xC5,
    0x10, 0x3C, 0x05, 0x6E, 0x41, 0xD8, 0x65, 0xF5, 0x5A, 0x02, 0x83, 0xDB, 0x5D, 0xFC, 0x1F, 0x93,
    0xBC, 0xFA, 0xBC, 0x40, 0x23, 0x09, 0x91, 0x5C, 0xB9, 0x53, 0x83, 0x48, 0xF5, 0x6D, 0x0F, 0xCA,
    0xBC, 0xC6, 0xFF, 0x9C, 0xFE, 0x86, 0x8F, 0x7D, 0x66, 0x22, 0x39, 0x00, 0x02, 0xCE, 0x87, 0xD8,
    0x77, 0x6B, 0x57, 0xD5, 0x01, 0x9E, 0xCA, 0xD4, 0x3B, 0xA9, 0x00, 0xDD, 0xAF, 0x66, 0x37, 0xB1,
    0x37, 0x9A, 0xCC, 0x0D, 0x52, 0x1D, 0xF5, 0xC5, 0x0E, 0x2B, 0xBD, 0x80, 0xE2, 0x80, 0x86, 0xEF,
    0x00, 0x4B, 0x80, 0x94, 0xFC, 0x74, 0xD2, 0x57, 0x7C, 0x5E, 0x7E, 0x34, 0xB9, 0x10, 0xAD, 0xA3,
    0x04, 0xCC, 0x8B, 0x59, 0x4A, 0x98, 0x6F, 0x3A, 0xEA, 0xA6, 0x2A, 0xB5, 0x80, 0x2A, 0x96, 0x89,
    0x63, 0x5D, 0x7E, 0x7E, 0x43, 0x2E, 0x26, 0x93, 0x3E, 0x6C, 0x7C, 0xF3, 0x97, 0xD0, 0x7F, 0x0A,
    0x59, 0x25, 0x4B, 0xF8, 0x41, 0xF5, 0xAF, 0x5D, 0x5B, 0xF5, 0x98, 0x0D, 0x07, 0x53, 0xE4, 0x68,
    0x9C, 0x15, 0x66, 0xB8, 0x2A, 0x94, 0x00, 0x4C, 0xD4, 0x04, 0x20, 0xA6, 0x86, 0x3E, 0x20, 0xBD,
    0x61, 0x40, 0xD5, 0xE5, 0x8D, 0x09, 0x6F, 0xCC, 0xFD, 0x98, 0xFA, 0x83, 0xFB, 0x38, 0x51, 0xD5,
    0x58, 0x53, 0x9F, 0xC5, 0x08, 0x68, 0xAA, 0xB9, 0x58, 0x6E, 0xBF, 0x22, 0x09, 0x9F, 0x9B, 0x5D,
    0xEF, 0x37, 0x18, 0x3E, 0xBD, 0x52, 0x3A, 0xB3, 0xE2, 0x76, 0x0A, 0x14, 0xC0, 0x72, 0xE0, 0x71,
    0x03, 0xB1, 0xE5, 0xFE, 0xC6, 0xD1, 0x29, 0x57, 0x90, 0xB6, 0xD6, 0xED, 0x40, 0x35, 0x11, 0xCE,
    0xED, 0x90, 0xE0, 0xF6, 0x75, 0xDF, 0xAE, 0xAA, 0xFD, 0x56, 0xED, 0xCF, 0x6A, 0x3C, 0x1F, 0xE5,
    0x40, 0x0C, 0x3F, 0xAC, 0x54, 0xEE, 0x35, 0x4D, 0x53, 0x2D, 0xED, 0x15, 0x43, 0xDE, 0x57, 0x1D,
    0x7A, 0x6F, 0x89, 0xD1, 0xCF, 0xD6, 0x83, 0xEE, 0x4B, 0x1B, 0x6D, 0x0C, 0xE6, 0xC3, 0xFE, 0x2C,
    0xAD, 0x36, 0x76, 0x49, 0x42, 0x29, 0x45, 0x8B, 0x50, 0x81, 0x13, 0x91, 0xF7, 0xCF, 0x90, 0x17,
    0x38, 0xC6, 0xD0, 0x48, 0xBE, 0x48, 0x41, 0x2C, 0x20, 0x3A, 0x57, 0x34, 0xA4, 0x71, 0xF8, 0xEE,
    0x28, 0x97, 0x67, 0xAA, 0xA3, 0xC6, 0x1D, 0x04, 0x4F, 0x47, 0x3B, 0xC0, 0x39, 0x7E, 0x36, 0x01,
    0xC4, 0x30, 0xCD, 0x19, 0x1A, 0x58, 0xE6, 0x2C, 0x93, 0x13, 0x06, 0x2D, 0xCB, 0x78, 0xB8, 0xB5,
    0x13, 0x99, 0x27, 0x8D, 0x1B, 0x7E, 0xB8, 0x66, 0x7E, 0x93, 0x41, 0x8D, 0xFE, 0x0F, 0x80, 0xD6,
    0x78, 0x0A, 0x68, 0xB4, 0x67, 0x01, 0x4B, 0xAE, 0xEC, 0x53, 0x3D, 0x78, 0x10, 0x31, 0x3C, 0x8C,
    0xB8, 0xDF, 0xD2, 0x7F, 0x73, 0xD2, 0x8D, 0xA5, 0x20, 0x4F, 0x8F, 0xB8, 0x9D, 0x91, 0x09, 0x79,
    0x7B, 0xA7, 0x76, 0xC9, 0xE4, 0xC2, 0x8F, 0xD8, 0x7E, 0xC5, 0xCB, 0xD1, 0xEB, 0xCD, 0x19, 0xFE,
    0x22, 0x24, 0x91, 0xF5, 0xA0, 0x09, 0xFF, 0x43, 0x0B, 0x5F, 0x53, 0xBF, 0xCD, 0x9E, 0x4A, 0x63,
    0x57, 0x69, 0xAF, 0xD2, 0x85, 0x5D, 0x46, 0xE7, 0x02, 0xD5, 0x91, 0x76, 0xAA, 0x67, 0x27, 0x30,
    0x41, 0xFB, 0xE5, 0xA7, 0x52, 0xEB, 0x93, 0xB4, 0x7F, 0xA8, 0xEC, 0xF6, 0x9F, 0x0C, 0x9A, 0x92,
    0xD3, 0x97, 0x21, 0x52, 0x4C, 0x3F, 0x94, 0xE3, 0x43, 0xDC, 0x62, 0xFF, 0x21, 0x81, 0x80, 0xAC,
    0x75, 0xEA, 0x91, 0xA8, 0xF8, 0x04, 0xB2, 0x90, 0xE0, 0xF5, 0x75, 0xDE, 0xFD, 0xEE, 0xE1, 0xC2,
    0x56, 0xE7, 0x1E, 0x22, 0xBE, 0x07, 0x4F, 0xEE, 0x21, 0x50, 0x8B, 0xC6, 0xFB, 0x34, 0x12, 0xD0,
    0x3D, 0x04, 0x6B, 0x98, 0x44, 0x8E, 0xB8, 0xCC, 0x92, 0x98, 0x66, 0x7C, 0x4C, 0x0B, 0x54, 0x30,
    0x29, 0xBD, 0xAC, 0x9A, 0xCC, 0x9C, 0x63, 0x20, 0x29, 0x71, 0x7B, 0xCE, 0x96, 0xE6, 0x50, 0xAC,
    0xEB, 0x20, 0xEF, 0xBB, 0x56, 0x66, 0x19, 0xB3, 0x97, 0xCB, 0x9C, 0xA7, 0xC5, 0x05, 0x86, 0x75,
    0xE1, 0x00, 0x66, 0xC8, 0x09, 0x1C, 0xEC, 0x93, 0xB6, 0xEE, 0x82, 0x9E, 0x30, 0x9F, 0x80, 0x06,
    0x07, 0x26, 0x23, 0xC6, 0xE7, 0x98, 0x40, 0x45, 0x3A, 0x44, 0xCC, 0xA6, 0x88, 0xEE, 0xF5, 0x31,
    0x92, 0xC6, 0x9F, 0xEE, 0xFC, 0xC9, 0xC3, 0x9D, 0xCB, 0xD6, 0x5B, 0x01, 0x0A, 0x11, 0x72, 0xC8,
    0x3C, 0xAC, 0x23, 0x2D, 0x29, 0xAF, 0xA6, 0x94, 0x70, 0x15, 0xA7, 0xE9, 0x38, 0x64, 0x3F, 0x6B,
    0x69, 0xE6, 0xD0, 0xBA, 0x2C, 0xDE, 0x30, 0xD4, 0x06, 0xA4, 0x7C, 0xEB, 0xF2, 0x6C, 0xD7, 0x25,
    0x78, 0xD9, 0x93, 0x6C, 0x0B, 0xF4, 0xDA, 0x6A, 0x1B, 0x4C, 0x6E, 0xE0, 0x09, 0xE5, 0x19, 0x38,
    0xAB, 0xB8, 0xE8, 0x31, 0x47, 0x9A, 0x1D, 0x9F, 0xBE, 0xCC, 0xA3, 0x01, 0x73, 0xDD, 0x4E, 0x70,
    0xC0, 0xBA, 0xBD, 0x0B, 0x87, 0x79, 0x7D, 0x2F, 0x1D, 0x66, 0xA6, 0x47, 0x2B, 0xB6, 0x21, 0xB7,
    0xC2, 0xA2, 0xD4, 0x6D, 0xFA, 0x85, 0xA7, 0x48, 0x9B, 0xBB, 0x49, 0x93, 0x61, 0x1A, 0x7C, 0x4F,
    0x84, 0xD3, 0xAC, 0xD7, 0x14, 0x66, 0x25, 0xCB, 0x39, 0xAB, 0xBA, 0x59, 0x30, 0x1D, 0x50, 0xFD,
    0x59, 0xB8, 0x22, 0x13, 0x5A, 0xCA, 0xC9, 0xC0, 0x02, 0xD2, 0x11, 0x72, 0x09, 0xF6, 0x36, 0xA3,
    0x54, 0x1B, 0xA1, 0x23, 0x91, 0xA0, 0x0B, 0xB1, 0xAC, 0x91, 0x56, 0x9A, 0xEE, 0x0A, 0xD0, 0x98,
    0x97, 0xFA, 0x5A, 0x3C, 0x1E, 0x1E, 0xB8, 0x1A, 0x48, 0xCE, 0x99, 0xDF, 0x1D, 0x04, 0xE6, 0x64,
    0x50, 0x88, 0x38, 0x47, 0x4C, 0x8F, 0xC4, 0xAA, 0x49, 0x47, 0xA0, 0xB6, 0xF4, 0x48, 0xFA, 0xC3,
    0x86, 0xC1, 0xFD, 0x61, 0x0A, 0x81, 0x3C, 0x3D, 0x40, 0x31, 0xF0, 0x39, 0xED, 0x44, 0x9B, 0x1D,
    0x12, 0xFB, 0x23, 0xFE, 0xAE, 0x4D, 0xE6, 0x74, 0xA4, 0xE1, 0xBA, 0x2A, 0xF9, 0x78, 0xD6, 0xB6,
    0x3A, 0x42, 0xC3, 0xE1, 0x95, 0xC6, 0xFD, 0xC6, 0xEF, 0xE3, 0x39, 0x34, 0xA7, 0xBA, 0xE9, 0xFF,
    0x1E, 0xDE, 0xFD, 0x39, 0x0D, 0x31, 0x60, 0x0E, 0x03, 0x83, 0x97, 0x1B, 0xB4, 0x4B, 0x5C, 0x09,
    0xC5, 0xC5, 0x5F, 0x5E, 0x96, 0xAF, 0xC2, 0x3F, 0x68, 0x77, 0x9F, 0x08, 0x16, 0xDA, 0xAF, 0xF5,
    0xCB, 0xF1, 0xF1, 0xA0, 0x9F, 0xB6, 0xA5, 0x8D, 0x81, 0x46, 0xF4, 0x01, 0xE2, 0xC8, 0x49, 0xF2,
    0x21, 0x8C, 0xC7, 0x8D, 0x10, 0x31, 0xB3, 0x9C, 0x8A, 0x8A, 0xB4, 0x7F, 0x51, 0xC5, 0x13, 0xF4,
    0x9B, 0x63, 0x73, 0xFC, 0x06, 0xB5, 0x58, 0x38, 0x37, 0x16, 0x85, 0x73, 0xC3, 0xA1, 0x87, 0x7E,
    0xC6, 0xB7, 0x9F, 0x93, 0xA0, 0x05, 0xFD, 0xE2, 0x29, 0x40, 0x03, 0xF4, 0xF0, 0xB6, 0x7A, 0xAF,
    0x54, 0x01, 0xAC, 0x61, 0xCE, 0x4D, 0xB3, 0x55, 0x81, 0x7D, 0xF7, 0xAD, 0xED, 0xD9, 0x97, 0x42,
    0xFA, 0x9D, 0xF4, 0x84, 0x57, 0x19, 0x8C, 0xA4, 0x2B, 0x85, 0x2B, 0x9D, 0x59, 0x93, 0x17, 0x60,
    0x3C, 0x29, 0x7D, 0xE3, 0x6E, 0x69, 0x8E, 0x9E, 0xFC, 0xC7, 0xF4, 0xE4, 0x9D, 0x77, 0x57, 0xAA,
    0x67, 0x1F, 0xCC, 0x4D, 0x9B, 0xF4, 0x02, 0x42, 0x45, 0x2F, 0x61, 0x9D, 0xC6, 0xBE, 0x4C, 0xA3,
    0x67, 0xFC, 0x37, 0xE5, 0xC6, 0xB3, 0x92, 0x8E, 0xB4, 0xD9, 0x85, 0x74, 0x63, 0x7A, 0x48, 0x1A,
    0xE6, 0x4D, 0x37, 0x22, 0x9F, 0x68, 0xA9, 0xBB, 0x91, 0x2B, 0xB9, 0x3B, 0x00, 0x29, 0xE4, 0x85,
    0xD2, 0xA9, 0x4E, 0x5E, 0xF2, 0x99, 0x27, 0xF4, 0x69, 0x8E, 0xAB, 0xEF, 0x84, 0x30, 0x95, 0xE0,
    0x08, 0xE7, 0xF5, 0x70, 0xD6, 0xA5, 0xD3, 0x9B, 0xB9, 0xCD, 0xF1, 0x7F, 0xA9, 0xE1, 0xA2, 0x57,
    0x08, 0xC3, 0x65, 0xB2, 0x08, 0x7D, 0x6C, 0xFF, 0xE0, 0xEE, 0x2B, 0x0F, 0xB7, 0x2E, 0x51, 0xEB,
    0x81, 0x6E, 0xF3, 0xA2, 0x16, 0xBE, 0x4E, 0x4F, 0xEF, 0xEB, 0xCA, 0x8B, 0xD5, 0x4B, 0x68, 0xE5,
    0xC8, 0xBB, 0x96, 0xA1, 0x35, 0xB4, 0xD1, 0xB3, 0x4F, 0x87, 0x42, 0x27, 0x14, 0xDA, 0x68, 0xFB,
    0x9F, 0x87, 0x23, 0x78, 0x37, 0x9F, 0x2D, 0x0F, 0xA4, 0x8A, 0xC3, 0xD3, 0xED, 0xD5, 0xC9, 0xEF,
    0x65, 0x26, 0x2F, 0xCA, 0x8D, 0xA5, 0x50, 0x90, 0x9B, 0x4E, 0x61, 0x9A, 0x7E, 0xE1, 0x7B, 0xDD,
    0x7D, 0xE9, 0xA7, 0x31, 0x89, 0x30, 0xF7, 0x3A, 0xF3, 0x46, 0xAF, 0x49, 0xB5, 0x6B, 0x7F, 0xBC,
    0x53, 0xBB, 0x42, 0x4D, 0xEA, 0x0B, 0xF4, 0xE9, 0x7B, 0x81, 0xF5, 0x01, 0x75, 0xBC, 0x1B, 0xA1,
    0x43, 0x4E, 0x04, 0xFD, 0x9D, 0x56, 0xD0, 0xC8, 0x08, 0xBF, 0x86, 0x42, 0xC4, 0xB4, 0xA2, 0x86,
    0x57, 0x31, 0x9A, 0x29, 0xD0, 0x8D, 0x3D, 0xF4, 0x98, 0xDD, 0xEB, 0x21, 0xB3, 0x9F, 0xFA, 0xD6,
    0x4A, 0x89, 0x20, 0xE0, 0x43, 0x72, 0xB1, 0x75, 0x97, 0x1C, 0xB4, 0xEA, 0xAE, 0x85, 0x7D, 0x5F,
    0xDC, 0xB9, 0x40, 0xA0, 0xDF, 0xBB, 0xF5, 0xD1, 0x56, 0xAD, 0x69, 0xDE, 0xBC, 0x7E, 0x1B, 0xA7,
    0x9F, 0xF7, 0xB1, 0xAF, 0x68, 0x30, 0x7C, 0x45, 0x60, 0xEF, 0x2F, 0xA8, 0x74, 0xA3, 0xE6, 0x6A,
    0x69, 0xA0, 0x3C, 0xD3, 0xAB, 0x96, 0x2B, 0xC8, 0xAD, 0xF0, 0xC4, 0x78, 0x57, 0x63, 0xBB, 0xD4,
    0x32, 0xC2, 0xBA, 0x19, 0xE0, 0x52, 0xF2, 0xF6, 0xF2, 0xDF, 0x57, 0xB6, 0x75, 0x4A, 0x2F, 0x63,
    0x39, 0xDE, 0x05, 0x89, 0x9A, 0xCD, 0x71, 0x81, 0xD6, 0xC8, 0xEA, 0xD6, 0xE1, 0xF6, 0xEA, 0xDF,
    0xA6, 0x1B, 0xB5, 0xF9, 0x15, 0x00, 0xBD, 0x4D, 0x55, 0xE1, 0x85, 0x7B, 0x5E, 0x55, 0xB3, 0x5C,
    0xEA, 0x3A, 0x57, 0x1C, 0x49, 0xD7, 0x24, 0x38, 0x8F, 0x17, 0xE1, 0x04, 0x1C, 0x2E, 0x2A, 0xC6,
    0xBC, 0x42, 0xDC, 0xB8, 0x06, 0xD0, 0x1E, 0x9E, 0x9C, 0x45, 0x6F, 0xBC, 0xFD, 0x8D, 0x9B, 0x5B,
    0x35, 0x1A, 0x96, 0x66, 0x68, 0xE2, 0x10, 0x15, 0x78, 0x51, 0x23, 0x7A, 0x91, 0x80, 0x95, 0x21,
    0x5C, 0xE3, 0xEE, 0xE9, 0x48, 0xD4, 0x37, 0xE6, 0x7A, 0xFA, 0x6F, 0xD4, 0x3A, 0xD4, 0x58, 0xE1,
    0x39, 0x6A, 0x07, 0x5E, 0xBE, 0x30, 0x9E, 0x23, 0x2F, 0x6F, 0xA2, 0x30, 0x39, 0x49, 0x57, 0x70,
    0xB4, 0x90, 0x07, 0x8C, 0x16, 0xA6, 0x00, 0x76, 0xE1, 0x1C, 0xC0, 0x2A, 0xAC, 0x01, 0xE8, 0x3C,
    0x1C, 0xF9, 0x7A, 0xE3, 0x4A, 0x8E, 0xF3, 0x92, 0xDB, 0x59, 0x32, 0xE2, 0x87, 0x36, 0x4F, 0xF1,
    0xBE, 0x4D, 0xC5, 0x90, 0x78, 0x00, 0x2D, 0x09, 0x00, 0xC6, 0x6E, 0x84, 0x43, 0xCC, 0x45, 0x64,
    0x3B, 0xD3, 0x97, 0x15, 0x00, 0xE3, 0x85, 0xAF, 0x60, 0x5F, 0xBE, 0xC0, 0x27, 0xD4, 0x05, 0xDE,
    0x10, 0x50, 0x1D, 0x18, 0x5E, 0x2A, 0xCD, 0xBF, 0xA3, 0x0A, 0x52, 0x8A, 0x51, 0x18, 0xE1, 0x70,
    0xEF, 0xD0, 0xE0, 0xCA, 0xC9, 0xB7, 0xA9, 0x7D, 0x1E, 0xBA, 0x8A, 0x68, 0x4B, 0x8E, 0x5D, 0x06,
    0xE5, 0x6C, 0xA5, 0x8C, 0x46, 0x92, 0x19, 0x49, 0x13, 0xA8, 0x49, 0x59, 0x29, 0x6E, 0x33, 0xFB,
    0x2F, 0xBC, 0x4F, 0xBD, 0x5D, 0xC3, 0x58, 0x6F, 0x88, 0xAF, 0xA6, 0xAF, 0x38, 0x21, 0x93, 0x9A,
    0x6E, 0xF2, 0x10, 0x67, 0x0A, 0xBB, 0x5A, 0xD5, 0xD5, 0xCE, 0xC4, 0xEA, 0x88, 0x38, 0x74, 0xF4,
    0xD5, 0xDB, 0xA7, 0x1C, 0xF5, 0xD5, 0x39, 0x91, 0xBD, 0x19, 0xD2, 0xC8, 0xD7, 0x62, 0xBD, 0x07,
    0x8C, 0xED, 0x8B, 0x1A, 0x52, 0x74, 0x34, 0x72, 0x00, 0x30, 0x51, 0x0E, 0x39, 0xCB, 0xAC, 0x88,
    0x65, 0xDC, 0x9C, 0xBB, 0x98, 0xEA, 0xE4, 0x80, 0x7E, 0x57, 0x53, 0x12, 0x16, 0xDC, 0x4B, 0x3A,
    0xDA, 0xA5, 0xC8, 0xED, 0xEF, 0xA9, 0x01, 0x7D, 0x4A, 0x0B, 0xE5, 0xEB, 0x1D, 0x9D, 0xC1, 0xDD,
    0x5E, 0x86, 0xF6, 0x3E, 0x35, 0x49, 0x87, 0x4A, 0x0B, 0x0F, 0xD8, 0x7D, 0xCD, 0x71, 0xFC, 0x17,
    0x31, 0x01, 0x34, 0xCC, 0x2D, 0x4E, 0x12, 0x6A, 0xA4, 0x9E, 0xCD, 0x11, 0xAE, 0x15, 0xD3, 0xDA,
    0x2E, 0x82, 0xB0, 0xD5, 0x07, 0xA7, 0x6B, 0xA9, 0x60, 0xFC, 0x23, 0xDF, 0xAE, 0x95, 0x78, 0x9D,
    0x53, 0x77, 0xF3, 0xBA, 0x72, 0xB9, 0xF1, 0x06, 0x78, 0x1E, 0x79, 0x9D, 0xA7, 0xB2, 0x34, 0xF7,
    0xF7, 0xAA, 0xDE, 0x3F, 0x68, 0xD1, 0xC3, 0x7B, 0x91, 0xB9, 0xFD, 0xBC, 0x7D, 0xEF, 0x21, 0x85,
    0xDC, 0x40, 0x4E, 0xD9, 0x97, 0xEB, 0x24, 0x4F, 0x43, 0x47, 0xAE, 0x16, 0xE7, 0x39, 0x77, 0x98,
    0x60, 0x49, 0x1D, 0x25, 0xD0, 0xA1, 0x14, 0x10, 0xAB, 0x85, 0x95, 0x6F, 0xC7, 0x72, 0xF1, 0x33,
    0x04, 0xFF, 0xE2, 0x6C, 0xCC, 0xD9, 0xB1, 0x9B, 0x2E, 0xD2, 0xD3, 0x1D, 0xF2, 0x03, 0xAF, 0xA9,
    0x03, 0xE2, 0x80, 0x58, 0x49, 0x7B, 0xF3, 0x94, 0x19, 0x0C, 0x73, 0xF8, 0x11, 0x22, 0xEA, 0x2C,
    0xB6, 0xE6, 0x10, 0x84, 0x7C, 0x0F, 0x88, 0x2E, 0xC6, 0x2C, 0x9E, 0x51, 0xF4, 0x8A, 0x90, 0x55,
    0x3E, 0xB8, 0xF7, 0x1E, 0x74, 0x44, 0x00, 0xD4, 0x01, 0x4E, 0x3C, 0xF2, 0xAD, 0x59, 0xBF, 0x41,
    0xBE, 0x0D, 0x01, 0xF3, 0xC3, 0xCC, 0xFA, 0x98, 0x0C, 0x13, 0x18, 0x9F, 0xC4, 0x00, 0x68, 0xE8,
    0x00, 0x1A, 0x1E, 0xE0, 0x08, 0x4A, 0x33, 0x67, 0x6F, 0x26, 0x6F, 0x26, 0x88, 0x0F, 0xDD, 0x67,
    0x8D, 0xDC, 0x2A, 0x19, 0x08, 0x17, 0xAD, 0x8E, 0x1F, 0xC5, 0xFB, 0x67, 0xFB, 0x5E, 0xC0, 0xBF,
    0x5D, 0x6D, 0xA2, 0x65, 0x69, 0x09, 0xBF, 0x80, 0x85, 0xB8, 0xF4, 0x7A, 0xA2, 0xBA, 0x5A, 0xD6,
    0x5B, 0xD7, 0x5C, 0x1A, 0x82, 0x34, 0xD8, 0x15, 0xFA, 0xEE, 0x20, 0x8F, 0x39, 0x5E, 0x51, 0xE5,
    0xA9, 0x35, 0xEA, 0x50, 0xFE, 0xA8, 0xD2, 0xD4, 0xFF, 0xF8, 0x06, 0x99, 0xB6, 0x51, 0x45, 0x33,
    0x7F, 0xCD, 0xEF, 0xE7, 0xB9, 0xE8, 0x7A, 0x6B, 0xA2, 0x82, 0x8B, 0xAE, 0xCF, 0x70, 0x97, 0x1A,
    0xD1, 0xBC, 0xDB, 0xD9, 0x97, 0x7E, 0x4A, 0xF7, 0xA5, 0x47, 0xA6, 0x2E, 0x5C, 0xA9, 0xB1, 0xF2,
    0x2F, 0x4B, 0x1C, 0x67, 0xC8, 0xCB, 0x74, 0x7E, 0xB7, 0xE7, 0x17, 0x53, 0xD3, 0x43, 0xAC, 0xD4,
    0x5D, 0x08, 0x30, 0x13, 0x07, 0x45, 0x47, 0x4B, 0x0D, 0x27, 0x5B, 0xBC, 0x00, 0x47, 0xFF, 0xEC,
    0x5C, 0xF5, 0x0F, 0x94, 0x64, 0x1D, 0x50, 0x57, 0x95, 0x61, 0xCE, 0xD6, 0x81, 0x04, 0x02, 0x3D,
    0xF5, 0x8A, 0xD1, 0x44, 0x48, 0xA4, 0x42, 0xEE, 0x4A, 0xD1, 0x3D, 0x4E, 0xFF, 0x1F, 0x76, 0x9F,
    0xFC, 0x70, 0xC7, 0xC7, 0x1B, 0x4E, 0x43, 0x5D, 0xB6, 0xB4, 0xF3, 0x16, 0xC6, 0x3C, 0xF3, 0x6E,
    0xE9, 0x14, 0x74, 0x1A, 0x1C, 0x1A, 0xA8, 0x17, 0x4F, 0x3F, 0x50, 0x47, 0xA9, 0x19, 0xB5, 0x60,
    0xFE, 0x3F, 0xF1, 0x1F, 0x7F, 0x8A, 0x95, 0xA6, 0xF0, 0x8D, 0x4F, 0x2E, 0x9C, 0x74, 0xD5, 0x91,
    0x9D, 0x3F, 0xDF, 0x31, 0x3E, 0xA5, 0x76, 0xFD, 0xB0, 0xB6, 0x8D, 0xE2, 0x5B, 0xFD, 0xC6, 0xFB,
    0x7C, 0xE5, 0xBA, 0xFF, 0xAF, 0x02, 0x67, 0x95, 0x79, 0xD8, 0xB6, 0x77, 0x8D, 0x6D, 0xA5, 0xD7,
    0xAE, 0x3E, 0x00, 0x9D, 0x0D, 0x8A, 0x9D, 0x0F, 0xF2, 0x32, 0xD5, 0x35, 0xD5, 0x90, 0xDC, 0x0C,
    0xC9, 0xA8, 0x73, 0xAE, 0x26, 0x12, 0xD5, 0xC8, 0x09, 0xAF, 0x88, 0xD5, 0x3E, 0x0D, 0x03, 0xC1,
    0xE1, 0xA5, 0x87, 0x88, 0xE9, 0xFC, 0x70, 0x5E, 0x66, 0x97, 0xCB, 0x36, 0x4F, 0xB1, 0xAC, 0xD0,
    0xE6, 0x27, 0xD4, 0x70, 0x6D, 0x9C, 0x62, 0xC7, 0x23, 0xAB, 0x78, 0x4B, 0x07, 0x5C, 0xF0, 0x3F,
    0xBF, 0xF4, 0x8C, 0x6E, 0x40, 0xCA, 0xE6, 0xD7, 0xA9, 0x67, 0x55, 0x6C, 0xC8, 0xB2, 0x8A, 0x43,
    0xC0, 0x15, 0xA4, 0x9A, 0x9D, 0xE2, 0x52, 0x5B, 0x9F, 0xC9, 0xEC, 0xB0, 0x50, 0x1F, 0x4C, 0xCB,
    0x2C, 0x1F, 0xAB, 0xB8, 0x58, 0x12, 0x97, 0x15, 0x72, 0xA6, 0x7B, 0x1C, 0xB2, 0x65, 0x5E, 0x9C,
    0x6A, 0x40, 0x56, 0xE4, 0xBC, 0x58, 0x68, 0xA7, 0xFF, 0x7A, 0x53, 0x8E, 0x6C, 0x33, 0x63, 0xCD,
    0x36, 0x87, 0x0D, 0x86, 0x7A, 0x17, 0xC0, 0x20, 0x1C, 0xD0, 0x47, 0xDA, 0x72, 0xE4, 0x76, 0x6D,
    0x75, 0xA7, 0x96, 0xDB, 0x66, 0x67, 0xE5, 0xAB, 0xB2, 0xC0, 0xD6, 0x09, 0xC0, 0xD8, 0x92, 0xFA,
    0x9C, 0x95, 0x81, 0x37, 0x2F, 0x67, 0xD7, 0x65, 0x16, 0x10, 0x75, 0x63, 0x0F, 0x4C, 0x06, 0x7A,
    0x0E, 0xD5, 0xB4, 0xB6, 0x1B, 0x23, 0xC5, 0x36, 0xAB, 0x87, 0x70, 0x13, 0x1B, 0xC9, 0xCD, 0x88,
    0x61, 0x86, 0x2E, 0x2F, 0xCC, 0x80, 0x57, 0x53, 0x03, 0x7F, 0x92, 0xED, 0x6B, 0xB0, 0x90, 0x06,
    0xD3, 0xC8, 0x52, 0x53, 0x22, 0x3F, 0xE4, 0x8F, 0x5A, 0x6A, 0x1A, 0x4B, 0xC7, 0x4D, 0x65, 0x9F,
    0x08, 0xAA, 0x0F, 0xE8, 0x3A, 0xF5, 0x20, 0xD3, 0x47, 0x17, 0x0D, 0x18, 0xE2, 0xF1, 0xFF, 0xEC,
    0x2E, 0x80, 0x53, 0x9F, 0x4D, 0xBF, 0x71, 0x9F, 0x53, 0x98, 0xE6, 0xD8, 0x23, 0x61, 0x8B, 0x9F,
    0xDB, 0x7D, 0x96, 0xEF, 0xD2, 0x53, 0xBD, 0x87, 0x4E, 0x07, 0x65, 0x35, 0xA9, 0xFA, 0x29, 0xA0,
    0x0A, 0x39, 0x5D, 0xBF, 0x96, 0x3A, 0x41, 0x4E, 0x37, 0xD0, 0xC3, 0x3C, 0x17, 0x0A, 0x1B, 0xE0,
    0x25, 0xAD, 0x70, 0x72, 0xA6, 0x49, 0x3E, 0x21, 0xFD, 0x40, 0x08, 0x1D, 0x13, 0x70, 0xB5, 0x5A,
    0xD7, 0x69, 0x30, 0x1A, 0xB3, 0x5D, 0x2B, 0x20, 0xDF, 0x02, 0x8A, 0xB2, 0x91, 0xB0, 0x67, 0xDB,
    0x31, 0xAB, 0x36, 0x7D, 0xC7, 0x2E, 0x63, 0xE9, 0x98, 0x1A, 0x72, 0x81, 0x97, 0xCB, 0xDD, 0xAC,
    0x83, 0x69, 0x22, 0xF9, 0x57, 0x20, 0xFE, 0x1F, 0x03, 0x6F, 0x08, 0x9B, 0xF0, 0xC9, 0x0A, 0x0B,
    0xAF, 0x9B, 0xBB, 0x4D, 0x20, 0xCD, 0xDB, 0x50, 0x94, 0xAC, 0x72, 0xDB, 0x7A, 0x98, 0x3B, 0x49,
    0x2F, 0xC6, 0x35, 0xDF, 0xDF, 0x65, 0xC2, 0x0C, 0xFB, 0x62, 0xAC, 0xB8, 0xBA, 0x82, 0xDA, 0xFD,
    0xA4, 0x1A, 0xD4, 0xC1, 0xC9, 0x4A, 0x11, 0x76, 0x41, 0xA0, 0x22, 0x10, 0xEB, 0xA8, 0x1D, 0xD7,
    0xB8, 0x0A, 0xB0, 0x65, 0x04, 0x1A, 0x3C, 0x4E, 0xD3, 0x5B, 0x17, 0x32, 0x44, 0x0E, 0xA0, 0xD0,
    0x3B, 0x0A, 0xC7, 0xB5, 0xA0, 0x91, 0x5C, 0x8F, 0xC6, 0xB5, 0x90, 0xDE, 0x11, 0x60, 0x2C, 0xAB,
    0x01, 0x30, 0x51, 0x00, 0x44, 0x0C, 0x60, 0x7A, 0x21, 0xB0, 0x7F, 0xB0, 0x0D, 0x28, 0x26, 0x0F,
    0xE0, 0x47, 0x56, 0x2F, 0x73, 0x39, 0x25, 0x1A, 0xBA, 0x23, 0xD3, 0x25, 0x9C, 0xA0, 0x7E, 0x8F,
    0x7F, 0x7D, 0x01, 0x0B, 0xC8, 0x53, 0x90, 0x35, 0x71, 0x54, 0xBE, 0xBA, 0x0C, 0x2F, 0x36, 0x9F,
    0xE9, 0xE5, 0x95, 0x59, 0x49, 0x34, 0x70, 0x0F, 0x93, 0x72, 0xD5, 0xA9, 0x68, 0x55, 0x5D, 0x20,
    0x62, 0xD0, 0x42, 0xA1, 0xBD, 0xF1, 0xF9, 0x4E, 0x4D, 0xEF, 0x31, 0x2F, 0x2E, 0x68, 0x0C, 0x93,
    0xC6, 0x4D, 0xD0, 0x6D, 0x6C, 0x26, 0xE7, 0x91, 0x75, 0xD4, 0x48, 0x38, 0xF9, 0x28, 0x43, 0x0F,
    0x7D, 0x11, 0x69, 0x6F, 0x86, 0xDF, 0x50, 0xDC, 0xC4, 0x12, 0x3F, 0x32, 0x7C, 0xE3, 0xFA, 0xE3,
    0x20, 0xB2, 0x5F, 0x7D, 0x7C, 0xF3, 0x93, 0x28, 0xAA, 0x26, 0xF7, 0x6E, 0xF9, 0xCD, 0xA8, 0xFA,
    0x8E, 0x71, 0xC7, 0x2B, 0x44, 0x19, 0xD4, 0xAE, 0x40, 0x98, 0xCF, 0xF8, 0x3F, 0xEA, 0x20, 0xC1,
    0xEF, 0x72, 0xB5, 0xE7, 0xC2, 0x63, 0x40, 0x35, 0xF9, 0x4F, 0x80, 0xC6, 0x32, 0x7E, 0x1F, 0x47,
    0xFA, 0x3C, 0xBD, 0xA6, 0x4F, 0x98, 0xDD, 0x75, 0x23, 0x7D, 0x97, 0xA4, 0x12, 0x3E, 0xBA, 0xC4,
    0x33, 0xFD, 0x48, 0xF2, 0x8B, 0x22, 0xC7, 0x63, 0x2E, 0x66, 0x9D, 0x6F, 0x25, 0xD6, 0x78, 0x96,
    0xB8, 0x83, 0x02, 0xA1, 0xF5, 0x46, 0xD2, 0x5E, 0xB6, 0xDD, 0x08, 0xFC, 0xE8, 0x8E, 0x11, 0xCE,
    0x81, 0x75, 0x5B, 0x8A, 0x78, 0xAB, 0xD4, 0x8A, 0xCB, 0x07, 0xD6, 0x8E, 0x71, 0x35, 0x6A, 0x4C,
    0xEF, 0x61, 0x01, 0xC1, 0x0F, 0x7A, 0x8D, 0xBB, 0xCC, 0xB8, 0xB3, 0x5C, 0xA0, 0x19, 0xF2, 0x47,
    0x91, 0x9A, 0xD4, 0x22, 0x30, 0xCD, 0x66, 0xCD, 0xA0, 0x48, 0x3D, 0xC0, 0x71, 0x3C, 0xA6, 0x46,
    0xD9, 0x4C, 0xF9, 0x13, 0x79, 0xA1, 0x11, 0x94, 0x9C, 0x0D, 0x6A, 0x37, 0xC1, 0xB1, 0x62, 0xDB,
    0x3D, 0xF2, 0xD3, 0x68, 0xA2, 0xE8, 0xEA, 0x89, 0xD7, 0xCC, 0x43, 0xDF, 0x56, 0x55, 0x9B, 0xBC,
    0x40, 0xEF, 0x44, 0x03, 0x56, 0xAA, 0x53, 0xB1, 0xEE, 0x4B, 0x72, 0x93, 0xE4, 0x42, 0xD1, 0x6C,
    0x1A, 0x1D, 0x22, 0x0F, 0x22, 0x31, 0x30, 0x55, 0x01, 0xB4, 0xE8, 0x39, 0x80, 0xE1, 0x83, 0xCA,
    0x99, 0xC6, 0xA9, 0x45, 0x40, 0x31, 0x69, 0x02, 0x72, 0x49, 0x04, 0x18, 0xB2, 0xFC, 0xC5, 0x33,
    0x77, 0x2B, 0xF4, 0xEE, 0xF9, 0x5B, 0x16, 0xD5, 0xD2, 0xD5, 0x2D, 0x4C, 0x6A, 0xB1, 0xCF, 0xFC,
    0xEB, 0x86, 0x1C, 0xD9, 0x66, 0xD8, 0x76, 0xF9, 0x04, 0x25, 0xBF, 0xD0, 0x01, 0x8D, 0xE1, 0x85,
    0x24, 0x3D, 0x12, 0xDF, 0x22, 0xB5, 0x61, 0xAD, 0x31, 0x8E, 0x7A, 0xE4, 0xA5, 0x9A, 0xF9, 0xEB,
    0xDD, 0x48, 0x81, 0xED, 0xEE, 0xD5, 0x6D, 0xCC, 0x2A, 0x7D, 0xBB, 0xC4, 0x2B, 0x91, 0x26, 0x3B,
    0x21, 0x64, 0xB8, 0xEE, 0x9E, 0xE1, 0xE9, 0x13, 0x94, 0x89, 0xA8, 0xA3, 0x4F, 0xB5, 0x23, 0x8E,
    0xAB, 0x56, 0xA3, 0x3A, 0x8B, 0x68, 0x3E, 0xF1, 0x59, 0x22, 0x06, 0x5A, 0xD4, 0x48, 0xC7, 0x06,
    0x21, 0x03, 0x21, 0x56, 0xDC, 0x20, 0x11, 0x03, 0x1A, 0xAE, 0x66, 0x91, 0xD9, 0xD1, 0xAB, 0x81,
    0x05, 0x6A, 0x6D, 0x1D, 0xE5, 0x47, 0x34, 0x54, 0x6D, 0x84, 0x05, 0x66, 0x53, 0x6A, 0xB1, 0x1E,
    0x28, 0xDD, 0x8E, 0x3A, 0xD0, 0x4A, 0xB3, 0xB4, 0x96, 0xFA, 0x53, 0xB6, 0x86, 0x46, 0xB8, 0xC1,
    0x1C, 0x6E, 0x3B, 0xDB, 0xEC, 0x23, 0x6D, 0x6B, 0x58, 0x68, 0x2A, 0xFE, 0x44, 0x94, 0x40, 0xD8,
    0x27, 0x5F, 0x48, 0xA3, 0xE0, 0x7A, 0xA0, 0xBE, 0xDC, 0x90, 0xB9, 0x0D, 0x1E, 0x96, 0xD3, 0xD5,
    0x2C, 0x9E, 0x77, 0xD9, 0x32, 0x10, 0x40, 0xBA, 0x81, 0x6F, 0x7E, 0x13, 0x86, 0x6C, 0x92, 0x45,
    0x20, 0x60, 0xD5, 0x6C, 0x5E, 0x6B, 0xA7, 0x17, 0xCF, 0x72, 0x00, 0x91, 0xB9, 0x4B, 0x43, 0x5B,
    0x2E, 0x09, 0xAA, 0x81, 0x13, 0xD3, 0xFD, 0xBD, 0xCD, 0xF7, 0x01, 0xDD, 0x4A, 0x5E, 0xCF, 0x4A,
    0x13, 0x8E, 0xC8, 0xC1, 0x7D, 0x1D, 0x41, 0x55, 0x73, 0x0B, 0xB9, 0x6E, 0x34, 0x97, 0x22, 0x17,
    0x13, 0xD4, 0x44, 0xB9, 0xFB, 0x72, 0x29, 0x43, 0x7D, 0x97, 0x24, 0xF8, 0x1D, 0xC1, 0x85, 0x16,
    0x63, 0x8E, 0xFA, 0x3F, 0x23, 0x42, 0x40, 0x5B, 0x35, 0x3A, 0x3E, 0xD5, 0x7C, 0x13, 0x6A, 0x2D,
    0xB9, 0xCD, 0x5E, 0x81, 0xA6, 0xE3, 0xF6, 0x0F, 0x6A, 0x05, 0x45, 0x7E, 0xE1, 0x15, 0xBA, 0x14,
    0x76, 0x7B, 0x23, 0xFE, 0x64, 0x84, 0xAC, 0xFC, 0x6B, 0x52, 0xF7, 0xC6, 0xD0, 0x48, 0xB7, 0xD3,
    0x3F, 0x34, 0x42, 0xF0, 0xB4, 0x35, 0x64, 0x7B, 0xD5, 0x54, 0x1A, 0xB5, 0x97, 0x3A, 0x95, 0x06,
    0xE0, 0xCD, 0x2D, 0xAC, 0xE8, 0x46, 0x39, 0x24, 0x62, 0x26, 0x71, 0xEE, 0x27, 0xB0, 0x27, 0xF1,
    0x10, 0x9B, 0x95, 0x74, 0xD6, 0x4E, 0x30, 0xCC, 0x70, 0x24, 0x01, 0xD0, 0x0B, 0x02, 0x14, 0xB7,
    0xE1, 0xCE, 0xC6, 0x63, 0xEC, 0xD5, 0xF6, 0x8E, 0x4C, 0x5F, 0xA9, 0x18, 0x30, 0x47, 0xF2, 0x9A,
    0xB3, 0x42, 0x17, 0x93, 0x17, 0xC5, 0x5C, 0x6A, 0x9C, 0x3B, 0xE8, 0xF9, 0x34, 0x53, 0x67, 0x22,
    0x76, 0x93, 0x99, 0xA7, 0x22, 0xC7, 0xB5, 0x7D, 0xF3, 0xCD, 0x68, 0x93, 0x06, 0x40, 0xDB, 0xF8,
    0x11, 0xBD, 0xA0, 0xDD, 0x62, 0x72, 0xEB, 0xD3, 0x5A, 0xAD, 0x50, 0x4C, 0x66, 0x4F, 0x26, 0xC9,
    0xC1, 0xB1, 0xEC, 0x9E, 0x15, 0x82, 0x38, 0x8D, 0x45, 0xFD, 0x73, 0xB8, 0x0C, 0xD6, 0x23, 0x54,
    0xE9, 0xB7, 0xE8, 0xD1, 0x42, 0x0E, 0x8A, 0x86, 0x14, 0x98, 0x16, 0x0C, 0x8C, 0x21, 0xAE, 0x26,
    0x63, 0xB2, 0x5E, 0x6D, 0x8C, 0x92, 0x03, 0xAD, 0x11, 0x66, 0xE9, 0x17, 0xA9, 0xC7, 0x54, 0xB4,
    0x6F, 0x87, 0x39, 0x57, 0xA2, 0xC3, 0xF4, 0x0A, 0x76, 0x60, 0x6E, 0xD2, 0x0C, 0xA3, 0xEE, 0x9F,
    0xD7, 0x52, 0x62, 0x68, 0xD1, 0x3B, 0x15, 0xD6, 0x36, 0x08, 0xF4, 0xEC, 0xD4, 0x58, 0x1D, 0x82,
    0x67, 0xC1, 0xC8, 0x95, 0x29, 0x95, 0xF8, 0x86, 0x8A, 0x1E, 0xE2, 0x0F, 0xE1, 0x54, 0x12, 0x80,
    0x4A, 0xC8, 0x6F, 0x7C, 0x16, 0x39, 0xD2, 0x7F, 0x36, 0xB8, 0xFF, 0x44, 0xBC, 0x62, 0x87, 0xFE,
    0x83, 0x1C, 0x8F, 0x21, 0x7A, 0x32, 0x89, 0xF4, 0x9F, 0x23, 0xD0, 0x3B, 0x55, 0x1B, 0x64, 0x88,
    0x4C, 0x54, 0xA2, 0xBE, 0x40, 0x5F, 0xFA, 0x3D, 0xE4, 0x84, 0xBE, 0x8A, 0x38, 0x93, 0x93, 0xDC,
    0x67, 0x5D, 0x68, 0xE7, 0xBE, 0x1A, 0xC7, 0xEF, 0x0C, 0x89, 0x4D, 0x4D, 0x59, 0xD0, 0x80, 0xDF,
    0x11, 0x5C, 0xD8, 0x65, 0x74, 0x92, 0x65, 0x3E, 0x2E, 0x27, 0x2E, 0x08, 0x93, 0xF4, 0x70, 0xC4,
    0xA2, 0x77, 0x5E, 0xD7, 0xB8, 0x5D, 0x12, 0xDF, 0x4B, 0x38, 0xE9, 0x64, 0xBD, 0x4A, 0x19, 0x5B,
    0x57, 0xD2, 0x7B, 0x93, 0x5B, 0x5B, 0xC2, 0x9D, 0x81, 0x33, 0x47, 0x0B, 0x27, 0x36, 0x38, 0x06,
    0xB0, 0xF4, 0xA4, 0xF4, 0x64, 0xCE, 0x76, 0x9F, 0x4A, 0xCE, 0x4F, 0xB8, 0xB9, 0xBA, 0x45, 0x6D,
    0x82, 0xAC, 0x97, 0xB7, 0x4E, 0x36, 0x01, 0x00, 0xA6, 0x1D, 0x40, 0x85, 0x01, 0x1A, 0xAD, 0x04,
    0xE6, 0x5F, 0x22, 0x39, 0x39, 0x76, 0x24, 0xD5, 0x35, 0xF7, 0x80, 0x1F, 0xF4, 0xD0, 0x00, 0xE5,
    0xCD, 0xE1, 0x3C, 0xD8, 0x7A, 0xCE, 0x26, 0x20, 0x13, 0xCF, 0x25, 0xF7, 0x31, 0xF2, 0x51, 0xBF,
    0xA2, 0xB7, 0x57, 0x90, 0x76, 0xD6, 0xE2, 0x82, 0xD8, 0x04, 0xB3, 0x01, 0x11, 0x13, 0x90, 0xF8,
    0x10, 0x64, 0x01, 0x5D, 0x6E, 0x64, 0x4C, 0x0F, 0xAB, 0x4A, 0x67, 0x56, 0x4E, 0x29, 0x2E, 0x7B,
    0xC0, 0x74, 0x89, 0xC6, 0xFC, 0x2B, 0x7A, 0x94, 0x17, 0x8F, 0x90, 0x6C, 0xED, 0x88, 0xB2, 0x67,
    0x62, 0x23, 0x44, 0xE6, 0x40, 0x68, 0x91, 0xC9, 0xA3, 0x8B, 0xCF, 0xD1, 0xFC, 0x6D, 0xD8, 0x9E,
    0xE1, 0xF4, 0xA5, 0x69, 0x1A, 0xC2, 0x7F, 0x82, 0x1C, 0xC2, 0x1F, 0xBA, 0x19, 0x1A, 0x51, 0xC6,
    0x0C, 0xBF, 0xAE, 0xCC, 0x87, 0x4D, 0xB0, 0xDD, 0xD0, 0x25, 0x01, 0xE8, 0x55, 0x98, 0x5E, 0x1D,
    0x17, 0x4F, 0x13, 0x74, 0x69, 0x1A, 0x68, 0x3C, 0x1B, 0xB6, 0xAA, 0x3F, 0x4F, 0xDD, 0x3C, 0xAB,
    0xEA, 0x36, 0xB9, 0x37, 0xF4, 0xB0, 0xEC, 0xDC, 0x32, 0x99, 0x9A, 0xFA, 0xF8, 0x10, 0xDE, 0x38,
    0x8C, 0x25, 0x5D, 0xE5, 0xAF, 0xDD, 0xEF, 0xCF, 0x9A, 0x47, 0x83, 0xD3, 0x58, 0xA2, 0xB3, 0x62,
    0x5C, 0x37, 0x7C, 0x6A, 0x6A, 0xC6, 0xAD, 0x59, 0x66, 0xFA, 0xBF, 0x79, 0xFE, 0x7A, 0xA0, 0x87,
    0xC6, 0x8D, 0x9B, 0x37, 0x7C, 0x0C, 0xD3, 0x1F, 0xDC, 0xF4, 0x2C, 0xF7, 0x9E, 0x7F, 0xEF, 0xB6,
    0xB2, 0xF5, 0x7B, 0xFE, 0xEC, 0x75, 0x55, 0xA0, 0x51, 0xDE, 0x00, 0xFB, 0xD5, 0xEC, 0x1D, 0x5E,
    0x42, 0x31, 0xFE, 0xD7, 0xEA, 0xCE, 0xE5, 0x0C, 0xE2, 0x7F, 0x68, 0x8B, 0x86, 0xEF, 0x34, 0x21,
    0x7F, 0xE0, 0x17, 0x3F, 0xA5, 0x9B, 0x36, 0xFC, 0x7F, 0x73, 0xDB, 0xB5, 0x7F, 0xF0, 0xD8, 0x7F,
    0x7C, 0x93, 0xC6, 0xB0, 0x7B, 0x37, 0x3F, 0xB8, 0xCE, 0xA3, 0xFC, 0x79, 0x7F, 0x8D, 0xC6, 0xEE,
    0xDB, 0x3C, 0xBC, 0xB1, 0x4C, 0x18, 0x46, 0x79, 0xA4, 0x24, 0x36, 0x1E, 0xFB, 0xBA, 0xA7, 0x1A,
    0xED, 0x59, 0x99, 0x57, 0x1A, 0x52, 0xEE, 0xA2, 0x77, 0x56, 0xC2, 0xE6, 0xC4, 0xB1, 0x5A, 0x97,
    0xD7, 0x86, 0xC0, 0x20, 0xDD, 0xFE, 0x3A, 0x38, 0x19, 0x11, 0xAD, 0x0A, 0xC8, 0x8D, 0x95, 0x3A,
    0x15, 0xDA, 0xE8, 0xD0, 0x93, 0x0A, 0xD5, 0x7A, 0x81, 0xB9, 0x73, 0xD6, 0x9B, 0x6A, 0x92, 0x26,
    0x5B, 0x4F, 0x9F, 0x9C, 0xDA, 0x4C, 0x2E, 0x4A, 0x85, 0xFD, 0x08, 0x98, 0x14, 0xC6, 0x0A, 0xB2,
    0x1C, 0x5B, 0xE7, 0x10, 0x04, 0xC2, 0x03, 0x0F, 0x4A, 0xF4, 0x4C, 0x78, 0x59, 0xD4, 0xFE, 0xC1,
    0xA3, 0x76, 0xE9, 0x0C, 0x5D, 0xF5, 0xC7, 0xDF, 0x83, 0x83, 0xFB, 0x0E, 0x7B, 0xDD, 0x19, 0x68,
    0x8C, 0x81, 0x27, 0x14, 0x6D, 0x82, 0xE0, 0x35, 0x76, 0xC5, 0x17, 0xA2, 0x2C, 0xFB, 0xC0, 0xCB,
    0x0C, 0xCB, 0xBC, 0x2F, 0xD3, 0x39, 0xA4, 0xE3, 0xAD, 0xF7, 0x4B, 0x41, 0x4E, 0x76, 0x45, 0x5A,
    0x65, 0xD0, 0xE4, 0xD5, 0x7F, 0xE6, 0x28, 0xF0, 0x53, 0x7E, 0x92, 0x34, 0xA7, 0xDB, 0x7C, 0xF3,
    0xFD, 0xD2, 0x62, 0xC9, 0xB5, 0x8D, 0x0F, 0xD9, 0xBF, 0x32, 0x6F, 0x20, 0x06, 0x08, 0xF1, 0xA8,
    0x21, 0x72, 0x15, 0xDB, 0x0A, 0x19, 0x52, 0x19, 0x9A, 0x45, 0x9F, 0x44, 0xC2, 0xBA, 0xA6, 0x7F,
    0xAC, 0xB1, 0xF0, 0xC4, 0x49, 0x3A, 0xEF, 0xBA, 0x87, 0xD2, 0x29, 0xBB, 0x11, 0x7C, 0x6D, 0x1C,
    0x72, 0x4F, 0xBF, 0x89, 0xA0, 0xE6, 0x12, 0x87, 0x32, 0xE2, 0x8C, 0x1A, 0xA9, 0x6D, 0xC2, 0x8E,
    0x78, 0x22, 0x6A, 0x13, 0x68, 0x9F, 0x05, 0xD4, 0xE9, 0xC9, 0xBD, 0x6D, 0xA2, 0x48, 0x26, 0xE7,
    0x15, 0xD5, 0xF7, 0x39, 0xFD, 0x27, 0x60, 0xE7, 0x05, 0x13, 0x19, 0x4C, 0x7C, 0xCF, 0x0D, 0x8C,
    0x7E, 0x64, 0xFB, 0x6F, 0x71, 0x7E, 0x2A, 0x98, 0xF0, 0x30, 0x96, 0x4B, 0x24, 0x34, 0x0B, 0x66,
    0x8E, 0x90, 0xF6, 0x2E, 0xE3, 0x1E, 0x1A, 0x28, 0x7E, 0xF0, 0x22, 0x16, 0x26, 0xD0, 0x3F, 0x47,
    0xAC, 0x63, 0xD2, 0xB8, 0x05, 0xA0, 0xF7, 0x00, 0x68, 0x24, 0xA3, 0xE4, 0x86, 0x2C, 0x8F, 0x15,
    0x86, 0x98, 0xBC, 0xB7, 0xAE, 0x16, 0xCF, 0x3C, 0x98, 0xA3, 0xD3, 0xCB, 0x3A, 0xA7, 0xA8, 0x02,
    0xEC, 0xB3, 0x21, 0xA0, 0xCA, 0x03, 0x0A, 0xF9, 0xB9, 0xCC, 0x32, 0x47, 0x4F, 0xB7, 0x2C, 0x6E,
    0x6E, 0x99, 0x47, 0xE6, 0xD7, 0x18, 0x16, 0x62, 0x39, 0x72, 0x19, 0xE3, 0x23, 0xBD, 0x07, 0x0C,
    0x3D, 0x99, 0x41, 0xA6, 0x95, 0xCC, 0x00, 0xE7, 0xFB, 0xA1, 0xD5, 0x58, 0x89, 0xCE, 0xF9, 0x7D,
    0x78, 0xE1, 0x5B, 0xFF, 0xD9, 0x65, 0x5B, 0xFC, 0xDA, 0x51, 0xC5, 0x52, 0x2B, 0xE5, 0x51, 0xB9,
    0xAF, 0xBC, 0xCD, 0x6A, 0x76, 0x53, 0x13, 0xA3, 0x16, 0x06, 0xC6, 0x6B, 0x7F, 0x5E, 0x5B, 0xBD,
    0x42, 0xA7, 0x7F, 0xCE, 0xE3, 0x21, 0xCF, 0x45, 0xB8, 0x51, 0x48, 0x63, 0x1E, 0xB3, 0xFF, 0xF1,
    0xD5, 0x2D, 0x96, 0x33, 0xB4, 0x65, 0x88, 0xAD, 0x0F, 0xCF, 0xAF, 0xD0, 0x34, 0x4E, 0x4B, 0x2B,
    0xBF, 0xCD, 0xAD, 0xA6, 0x0D, 0x9A, 0x45, 0x07, 0x66, 0x09, 0x02, 0x4F, 0xF7, 0xE9, 0xB1, 0x1B,
    0x3C, 0x31, 0x2C, 0x06, 0x32, 0x76, 0x2F, 0x32, 0x3F, 0x9B, 0xD6, 0x8C, 0xAF, 0xC1, 0x9D, 0x68,
    0xFC, 0x34, 0x42, 0x32, 0x57, 0xAE, 0x6D, 0x06, 0xD0, 0x91, 0x29, 0x7A, 0x8E, 0xD7, 0x48, 0xC0,
    0xCF, 0xB5, 0x94, 0x6B, 0x82, 0x68, 0x46, 0x4D, 0x15, 0x3D, 0x6D, 0xB3, 0xE7, 0xDB, 0xD0, 0x4D,
    0xBE, 0xD8, 0x6B, 0x60, 0x15, 0x59, 0x5F, 0x89, 0x35, 0x0E, 0x6D, 0x0B, 0x23, 0x09, 0x35, 0x94,
    0x2D, 0x6A, 0x4B, 0xD2, 0xFB, 0x22, 0xEB, 0xC4, 0x07, 0x00, 0xDB, 0xB8, 0x79, 0x97, 0x4C, 0x78,
    0xC1, 0x4A, 0x19, 0x50, 0x8C, 0x07, 0xD0, 0xCD, 0xDC, 0x95, 0x7B, 0xAA, 0x48, 0x33, 0x4E, 0x4F,
    0x0F, 0x18, 0x4C, 0xCF, 0x68, 0x4D, 0xFD, 0xBD, 0x35, 0x7B, 0xE1, 0xD6, 0x06, 0x41, 0x35, 0x79,
    0x9B, 0x61, 0xD9, 0xAA, 0x10, 0x64, 0x94, 0x5D, 0x65, 0xA6, 0xDD, 0x93, 0xCC, 0xFD, 0x94, 0xBB,
    0x93, 0xA7, 0x8D, 0x66, 0x3B, 0x0B, 0x68, 0x04, 0x05, 0xC0, 0x7B, 0xAA, 0x02, 0xA0, 0xEE, 0x9A,
    0x9F, 0xFA, 0xF5, 0x08, 0x02, 0x05, 0x63, 0xBF, 0x14, 0x0E, 0x94, 0xBC, 0x4E, 0x76, 0x65, 0x6C,
    0xB8, 0xAF, 0x8C, 0x30, 0x09, 0x17, 0x73, 0xC1, 0x34, 0x59, 0xB1, 0x10, 0xDE, 0x29, 0x83, 0xF9,
    0xD6, 0xBB, 0xDF, 0x52, 0xEA, 0x18, 0xBD, 0xA7, 0xFF, 0x4E, 0xC3, 0xD7, 0xA4, 0x85, 0xA9, 0x49,
    0xBC, 0x99, 0x68, 0x9F, 0x50, 0x93, 0xA2, 0x7B, 0x08, 0xE8, 0xF2, 0x71, 0x0F, 0x7C, 0xBF, 0xF6,
    0x75, 0x50, 0xFC, 0x07, 0xCE, 0x0D, 0x11, 0xCE, 0xB8, 0x11, 0xD0, 0xA6, 0x85, 0x2F, 0x00, 0xD5,
    0xE4, 0x77, 0x19, 0x96, 0x8D, 0x1B, 0x0F, 0x4A, 0x98, 0x61, 0xDC, 0x60, 0x5F, 0x75, 0x16, 0x9F,
    0xD4, 0x91, 0x0F, 0xB0, 0xEF, 0x40, 0x72, 0x9E, 0x0F, 0xB9, 0x6F, 0x00, 0x16, 0xE5, 0x90, 0xEE,
    0x91, 0xBC, 0x11, 0x23, 0xBA, 0x2B, 0x56, 0x96, 0x95, 0x24, 0x42, 0xF1, 0xA2, 0xD0, 0x48, 0x65,
    0x95, 0x47, 0x75, 0xD6, 0x9C, 0x3C, 0x4E, 0x23, 0x48, 0x92, 0xFF, 0x40, 0xDD, 0x00, 0x05, 0xC6,
    0x16, 0xBE, 0x64, 0xDC, 0x72, 0x87, 0xCF, 0xFE, 0x65, 0xA4, 0x0A, 0x68, 0x6B, 0xD7, 0x23, 0x75,
    0x30, 0x45, 0x95, 0xE2, 0xF1, 0xD5, 0x2D, 0x0F, 0x08, 0x0B, 0x43, 0xAE, 0x8B, 0x6C, 0x17, 0xE4,
    0xCC, 0xCB, 0x11, 0xEB, 0xC4, 0x49, 0xCE, 0xC0, 0xB4, 0x66, 0x3D, 0x58, 0x65, 0xC6, 0x38, 0xC5,
    0x8A, 0x60, 0x2E, 0x2F, 0x58, 0xC8, 0x09, 0x42, 0xD6, 0xC2, 0x9E, 0xA7, 0x29, 0x09, 0xF8, 0x07,
    0x93, 0xE4, 0x2D, 0x14, 0x76, 0x8C, 0xBC, 0x63, 0x5C, 0x08, 0xD8, 0x42, 0xA2, 0x20, 0x0B, 0xE1,
    0x4B, 0xF5, 0x7C, 0x2A, 0xF1, 0xDD, 0x27, 0x8A, 0xD9, 0x61, 0xC2, 0x40, 0x55, 0x69, 0xE9, 0xAC,
    0xB0, 0x64, 0x98, 0x04, 0xCF, 0xA9, 0xE7, 0x00, 0xE3, 0xCA, 0x26, 0x98, 0x9B, 0xCC, 0x8C, 0x13,
    0x44, 0xF9, 0xF5, 0x49, 0x82, 0x4A, 0x3E, 0x5F, 0x20, 0xC8, 0x96, 0x1D, 0x1A, 0xA1, 0x2B, 0x76,
    0x6C, 0xB5, 0x08, 0x8C, 0xC8, 0x88, 0x09, 0xC8, 0x9C, 0x33, 0x34, 0x35, 0xDE, 0xD8, 0xD2, 0x77,
    0x09, 0xAC, 0x77, 0x8D, 0x8F, 0x71, 0xA4, 0xFD, 0xCA, 0x85, 0xB7, 0xE9, 0x3C, 0xE3, 0xA4, 0x71,
    0x8B, 0xBE, 0x45, 0x15, 0xF4, 0xB7, 0xBD, 0xC5, 0x98, 0x8B, 0x65, 0x96, 0xA0, 0x2E, 0x4F, 0x87,
    0xB8, 0xCA, 0xE3, 0x5F, 0xEF, 0x32, 0x76, 0x38, 0x69, 0xE5, 0x6D, 0x5B, 0x2A, 0xA8, 0x3B, 0xA2,
    0xC7, 0xA9, 0xE6, 0x6B, 0x24, 0xDC, 0x7F, 0xD1, 0xB8, 0x78, 0xA6, 0xE3, 0x64, 0xB9, 0x90, 0x83,
    0xA3, 0xB5, 0x54, 0xC3, 0x65, 0x11, 0x33, 0x3B, 0x66, 0x4E, 0x03, 0xFA, 0xCB, 0x04, 0xED, 0x4E,
    0xC8, 0x3D, 0x98, 0xDE, 0x64, 0x9A, 0xEB, 0xDC, 0xD8, 0x47, 0x5C, 0x6D, 0x2F, 0xA4, 0x99, 0xCF,
    0x3D, 0xFD, 0xD2, 0x5D, 0xD1, 0x49, 0xFA, 0xC5, 0x99, 0xAE, 0x32, 0x12, 0x8D, 0x2E, 0xF5, 0xAD,
    0x1B, 0xAD, 0x2C, 0x96, 0x9E, 0x9C, 0x09, 0x91, 0xF1, 0x11, 0x19, 0x5F, 0x02, 0xE9, 0x91, 0xDD,
    0x34, 0x96, 0x53, 0xBD, 0xEF, 0xD4, 0x24, 0xB4, 0x6D, 0x76, 0x72, 0x31, 0xF6, 0x21, 0xF4, 0x4A,
    0xC3, 0xC2, 0x69, 0x30, 0xFB, 0x38, 0x18, 0x20, 0x90, 0xD1, 0xB1, 0xCB, 0x79, 0xE5, 0x46, 0x0C,
    0xE1, 0x0E, 0xE4, 0x57, 0x61, 0x78, 0xA0, 0x86, 0x71, 0x88, 0xB6, 0xB7, 0x57, 0x11, 0xB8, 0xC4,
    0xEF, 0xD5, 0xE6, 0x7D, 0xEB, 0x27, 0x73, 0xAA, 0x37, 0xF0, 0x49, 0x4C, 0xD4, 0xED, 0x44, 0x56,
    0x3D, 0xE6, 0x79, 0x45, 0xF5, 0x63, 0x64, 0x74, 0x3F, 0xC9, 0x3E, 0xBA, 0xCD, 0x6D, 0x09, 0xB3,
    0x3F, 0x53, 0x0B, 0x1D, 0x76, 0x8A, 0xA0, 0x0F, 0x09, 0x29, 0x41, 0x4A, 0xF5, 0x9D, 0x2E, 0xB8,
    0x2F, 0xB2, 0x7A, 0xFB, 0x2F, 0xB2, 0xF1, 0xFB, 0xFB, 0x6D, 0x14, 0xDD, 0xBB, 0x01, 0x76, 0x22,
    0x4D, 0x66, 0xE2, 0x98, 0x11, 0x05, 0xBD, 0x2C, 0x1F, 0xAC, 0xAC, 0xAA, 0xE1, 0xD3, 0x48, 0x55,
    0xE9, 0x2C, 0x0E, 0xEC, 0x4B, 0x89, 0xF6, 0xB3, 0x88, 0xCE, 0x9E, 0x61, 0x43, 0xDA, 0x96, 0x36,
    0x11, 0xF3, 0x93, 0x3F, 0x8D, 0x4F, 0xB9, 0x4E, 0x7B, 0x39, 0x9B, 0x80, 0x40, 0x47, 0x59, 0x77,
    0x84, 0x4E, 0x7A, 0x96, 0xA7, 0xA2, 0x55, 0x2E, 0x98, 0x34, 0x5B, 0x9C, 0x96, 0x47, 0xC3, 0xB6,
    0xBD, 0xCB, 0x12, 0x33, 0x1A, 0x79, 0xB9, 0xE0, 0x96, 0x1D, 0xD9, 0x2B, 0x6F, 0x92, 0x49, 0x33,
    0xE7, 0xEB, 0x30, 0x39, 0x41, 0x9D, 0x09, 0x3C, 0x93, 0x20, 0xCF, 0xEB, 0xCF, 0x27, 0x82, 0x49,
    0xCE, 0x68, 0xD2, 0x83, 0xA3, 0x9C, 0xE8, 0x7A, 0xE2, 0x93, 0x74, 0x79, 0xA5, 0x0D, 0x3C, 0xBC,
    0x7A, 0xB5, 0xC9, 0x79, 0x8F, 0xE3, 0xD4, 0xE4, 0xE1, 0x78, 0x65, 0x05, 0xB5, 0xA5, 0x33, 0x8C,
    0xD4, 0x84, 0x02, 0x74, 0x00, 0xED, 0x5A, 0xC9, 0xE5, 0x8E, 0x90, 0x8A, 0x8D, 0xB1, 0x6F, 0xBF,
    0xCE, 0x99, 0x66, 0xCB, 0x40, 0x5E, 0xF4, 0x22, 0xB4, 0xB6, 0x4F, 0x7F, 0x5E, 0xDB, 0xA9, 0x29,
    0x27, 0xE6, 0x98, 0x91, 0x9A, 0x5E, 0xD7, 0x3E, 0x83, 0x00, 0xD4, 0x41, 0xB8, 0xEB, 0xF8, 0xFE,
    0x41, 0x6C, 0x24, 0x1D, 0x94, 0x6C, 0x86, 0xCE, 0xDF, 0xCC, 0x9E, 0x2A, 0x4A, 0xF5, 0x02, 0xF2,
    0xD6, 0xC1, 0x9B, 0x7B, 0xB2, 0xDD, 0x88, 0x7E, 0x75, 0x5E, 0x8D, 0x6C, 0x56, 0xA3, 0x51, 0xCB,
    0x52, 0xA3, 0x6A, 0xCD, 0xB2, 0x46, 0x01, 0xE6, 0x2B, 0x47, 0xD5, 0x68, 0x66, 0xED, 0xEC, 0xBB,
    0x9B, 0xDF, 0x1C, 0x7D, 0x63, 0x8D, 0xBA, 0xED, 0xED, 0xD1, 0xA9, 0x35, 0x1A, 0x6F, 0x8D, 0x6F,
    0x4E, 0xAC, 0xA9, 0x46, 0x6C, 0xFC, 0xC5, 0xD1, 0x35, 0xFD, 0xD1, 0x92, 0xFE, 0x17, 0xA3, 0x6B,
    0xD6, 0x6D, 0xFB, 0xFA, 0x7F, 0x1C, 0x5E, 0xCB, 0x59, 0xBA, 0x4F, 0xE7, 0xB5, 0x2C, 0xE5, 0x8E,
    0xAB, 0xE8, 0x5F, 0xD3, 0xF8, 0x3D, 0xAD, 0x23, 0x09, 0xDF, 0x6B, 0x5B, 0xD1, 0xE4, 0xFC, 0x99,
    0xF3, 0xFF, 0x3B, 0xBB, 0x36, 0x61, 0x19, 0x17, 0xBF, 0xB9, 0xB1, 0x36, 0x69, 0x99, 0xFF, 0x65,
    0x74, 0x6D, 0x8D, 0xF6, 0xFD, 0x7B, 0x3A, 0x81, 0xF6, 0x79, 0x04, 0xB4, 0xAF, 0x0F, 0x70, 0x1E,
    0x41, 0xB6, 0x76, 0xF5, 0xAD, 0xCD, 0xC3, 0xA8, 0x5A, 0x7A, 0xAB, 0xE5, 0x84, 0x43, 0x03, 0x39,
    0x9A, 0xBD, 0xE8, 0x2A, 0x78, 0x9B, 0x99, 0x1D, 0x02, 0x1E, 0x6D, 0x7B, 0x9A, 0x23, 0xFF, 0x6D,
    0xA6, 0xAA, 0x16, 0xD5, 0x73, 0x23, 0x60, 0xA5, 0x54, 0x23, 0x58, 0xDA, 0xA7, 0x50, 0x49, 0x1C,
    0x01, 0x53, 0x66, 0xAA, 0xAC, 0xC0, 0xC9, 0x53, 0xFD, 0xB6, 0xB4, 0xF9, 0x5D, 0x65, 0xB5, 0xD9,
    0x3C, 0x36, 0x42, 0x3E, 0x62, 0x11, 0xF5, 0xCE, 0x73, 0x72, 0x48, 0xC4, 0x5D, 0xF5, 0x74, 0xB4,
    0x87, 0x08, 0x24, 0xEC, 0xBF, 0x36, 0x89, 0x5B, 0xA7, 0xAB, 0x57, 0x7B, 0x0B, 0xA9, 0x7A, 0xE9,
    0x75, 0xB2, 0xB6, 0xAF, 0x89, 0x4F, 0x6D, 0x0A, 0x53, 0xEE, 0xC7, 0x5E, 0x77, 0xF9, 0x5D, 0x8B,
    0xB8, 0xF1, 0x6A, 0x11, 0x6C, 0x08, 0x48, 0xB6, 0x44, 0x24, 0x74, 0xB3, 0x63, 0x9A, 0xDB, 0x29,
    0x74, 0x2B, 0x87, 0x6D, 0xB9, 0x12, 0xE1, 0x9A, 0x91, 0xAA, 0x33, 0xC9, 0x74, 0x51, 0xB9, 0x1D,
    0x4E, 0xA1, 0x70, 0xDE, 0x64, 0x18, 0xC2, 0xAD, 0xCC, 0xA7, 0xAB, 0x73, 0xA2, 0xB9, 0xB5, 0x20,
    0x57, 0x64, 0xF7, 0x60, 0x87, 0x25, 0x4B, 0xF6, 0x1E, 0x22, 0xD7, 0xFE, 0x4C, 0xDD, 0x72, 0xF3,
    0x59, 0x42, 0x14, 0x51, 0x6D, 0x1C, 0xE1, 0x55, 0xB2, 0x6E, 0x75, 0x08, 0xF9, 0xD3, 0x3B, 0x57,
    0x7D, 0x5B, 0xEC, 0xD9, 0xFF, 0x67, 0x78, 0x8C, 0x6A, 0x94, 0x31, 0xF5, 0x5B, 0xBD, 0x64, 0x8A,
    0x7E, 0x39, 0x64, 0x8F, 0x57, 0x30, 0xBA, 0x20, 0xE4, 0x5A, 0xAC, 0x46, 0xC5, 0x20, 0xA1, 0xA1,
    0x71, 0x5E, 0xD6, 0xC1, 0x02, 0xAA, 0x40, 0x93, 0x36, 0x4E, 0x4C, 0x4C, 0x95, 0x05, 0xA6, 0x52,
    0x78, 0x43, 0xA0, 0x2C, 0x90, 0x17, 0x18, 0x17, 0xB0, 0x05, 0xAC, 0x0B, 0x0C, 0xE6, 0x2B, 0xFD,
    0xE7, 0xFD, 0x3C, 0x18, 0x7A, 0xA1, 0xAE, 0xAF, 0xBA, 0x13, 0xD0, 0x99, 0xEB, 0x13, 0x30, 0x42,
    0x5D, 0xCC, 0x10, 0x2E, 0xCE, 0xCB, 0xA2, 0x4C, 0x3F, 0x42, 0x0A, 0x34, 0x98, 0x5E, 0x2D, 0xCF,
    0xF2, 0x75, 0x29, 0x40, 0x8C, 0x31, 0x52, 0x80, 0xA3, 0x9B, 0x4C, 0xCC, 0x9C, 0xE5, 0x9D, 0x92,
    0x95, 0x52, 0x1F, 0xE4, 0x3E, 0xAB, 0x52, 0x69, 0xD3, 0xF9, 0x17, 0xA5, 0x59, 0x7E, 0x6F, 0xEF,
    0xD5, 0x9F, 0xB9, 0x77, 0xE0, 0xDC, 0xEE, 0xBF, 0x2C, 0x19, 0x63, 0x37, 0xF8, 0x5F, 0x7E, 0xD8,
    0xCC, 0xC1, 0x7F, 0x4C, 0xBA, 0x6A, 0xEA, 0x0C, 0x57, 0x30, 0x7C, 0xE5, 0x92, 0x16, 0xF9, 0x7E,
    0x0C, 0xDC, 0xFD, 0x2A, 0xC6, 0x76, 0xEF, 0x10, 0x0D, 0x69, 0x44, 0xE7, 0x0E, 0x23, 0xEA, 0xAF,
    0xD6, 0xAB, 0xDB, 0x1B, 0xB0, 0x83, 0xC7, 0x38, 0x44, 0x10, 0x74, 0x38, 0x4E, 0x8F, 0xCB, 0xC8,
    0x5A, 0xEC, 0x48, 0x75, 0xB1, 0x0D, 0x4D, 0x61, 0x5A, 0x98, 0x89, 0xF6, 0xDD, 0x57, 0x90, 0x71,
    0x2C, 0xDD, 0x97, 0x7E, 0xDA, 0x7B, 0x08, 0x41, 0x4D, 0xCE, 0x6B, 0x44, 0xFC, 0x73, 0x87, 0xF6,
    0xD4, 0xE7, 0x41, 0x1A, 0x27, 0x69, 0x1D, 0xB3, 0xBC, 0x75, 0x82, 0x0A, 0x2A, 0x86, 0xFC, 0x7C,
    0xC1, 0x82, 0xFC, 0x54, 0xDE, 0xB1, 0xDE, 0x0A, 0x11, 0x4A, 0xA6, 0xD9, 0x1D, 0x81, 0x75, 0xE1,
    0x82, 0x67, 0xDC, 0xAD, 0x98, 0xAF, 0x5C, 0xC0, 0x09, 0x7C, 0xDE, 0x16, 0xC8, 0xEA, 0x5A, 0xB4,
    0x2F, 0x05, 0xDE, 0xB8, 0x17, 0xEE, 0x56, 0xD2, 0x5F, 0x90, 0x13, 0xAE, 0xE1, 0x91, 0x9B, 0x5E,
    0x41, 0x80, 0x0F, 0x81, 0x0B, 0xD0, 0x03, 0xCE, 0x5F, 0xED, 0x42, 0x56, 0xA0, 0x30, 0xB2, 0x01,
    0x98, 0xB0, 0x63, 0x6E, 0xCC, 0x9A, 0xDB, 0x5F, 0x41, 0xA1, 0x41, 0x50, 0x80, 0x1D, 0xE9, 0x16,
    0x96, 0x80, 0x99, 0x8E, 0x5A, 0xB8, 0x73, 0xF3, 0x1D, 0x74, 0x52, 0xCC, 0xA6, 0xC8, 0xA9, 0x1C,
    0x74, 0x9C, 0x60, 0xD2, 0xAA, 0xF3, 0xF6, 0xBB, 0x1B, 0xB1, 0xEC, 0x2F, 0x44, 0x82, 0xD3, 0x41,
    0x7A, 0xBC, 0x9B, 0xA2, 0xFC, 0xCE, 0xD6, 0xC6, 0xE1, 0xAB, 0x5B, 0x97, 0x51, 0x6F, 0xCC, 0x55,
    0x20, 0xE6, 0xDD, 0xF4, 0xB3, 0x27, 0xFB, 0x71, 0x23, 0xFD, 0x88, 0x5B, 0xD9, 0x0F, 0xE9, 0xDE,
    0x60, 0x41, 0x68, 0x7E, 0xD8, 0x64, 0x3B, 0x34, 0x61, 0x47, 0xE9, 0x3A, 0x5F, 0x77, 0xC0, 0xE6,
    0x76, 0x96, 0xD6, 0x72, 0x36, 0x5F, 0x32, 0x58, 0x36, 0xBA, 0x8E, 0xE6, 0x66, 0x04, 0x05, 0xE3,
    0x7A, 0xE2, 0xD9, 0x9E, 0x83, 0xE6, 0x96, 0x7B, 0x75, 0xF5, 0xBC, 0x64, 0xFE, 0xDC, 0xA4, 0x06,
    0x75, 0x7C, 0x4E, 0xA7, 0x89, 0xDC, 0x31, 0x59, 0x3A, 0x98, 0x12, 0xAB, 0x5D, 0xA6, 0xA6, 0x3E,
    0xBB, 0x53, 0x8B, 0xED, 0xDA, 0xEA, 0x0C, 0xFC, 0x41, 0x94, 0x98, 0x95, 0x50, 0x9C, 0x85, 0x07,
    0x46, 0x1B, 0x67, 0x45, 0x3E, 0x68, 0xD6, 0xA7, 0x06, 0x8F, 0x8D, 0xD5, 0x00, 0xF0, 0xD1, 0xAE,
    0xB2, 0x4B, 0xF3, 0x28, 0x00, 0xC3, 0x3E, 0x84, 0xAB, 0xE9, 0x13, 0x17, 0x86, 0xE2, 0xBC, 0x7C,
    0x1F, 0x04, 0x28, 0x56, 0x59, 0xD5, 0x31, 0xC5, 0x37, 0xDA, 0xD4, 0xAE, 0xC3, 0x3E, 0xBB, 0x84,
    0x85, 0x5D, 0x1A, 0x5B, 0x10, 0xC9, 0x48, 0x38, 0xC3, 0xD7, 0x5C, 0x89, 0xA4, 0x78, 0x72, 0x0D,
    0x6F, 0xD3, 0xF4, 0xFE, 0x1B, 0xEC, 0x7C, 0x17, 0xD6, 0x24, 0x2E, 0x1C, 0xC9, 0x1A, 0x41, 0xF4,
    0xC7, 0xAA, 0x52, 0xA6, 0x13, 0x1E, 0xFB, 0xEB, 0x65, 0xDA, 0xF7, 0x59, 0x04, 0x0D, 0xAE, 0xB5,
    0xE8, 0xBD, 0x90, 0xA1, 0x18, 0x94, 0x4D, 0x77, 0x2D, 0x72, 0xFC, 0x32, 0x1D, 0x19, 0x59, 0x7E,
    0xD9, 0x22, 0xB0, 0x83, 0xB2, 0x45, 0x1B, 0xA7, 0xA3, 0xB2, 0xA5, 0xD6, 0xA2, 0x8D, 0x3A, 0xE0,
    0xB3, 0xA8, 0x50, 0xB6, 0xD5, 0xDA, 0xE3, 0xE0, 0x28, 0x83, 0x07, 0xDD, 0x26, 0xD4, 0xC2, 0x94,
    0xC7, 0xD5, 0x1A, 0x59, 0xFF, 0xFA, 0xA4, 0x5A, 0x43, 0x0F, 0xCA, 0xB3, 0x50, 0x52, 0x73, 0x02,
    0xA1, 0xF9, 0xFE, 0x58, 0x01, 0x17, 0x8A, 0x95, 0xC0, 0xB4, 0x41, 0x97, 0x44, 0x8F, 0xA6, 0xD1,
    0x32, 0x6B, 0x04, 0x49, 0xCB, 0x9C, 0x21, 0x78, 0x52, 0x31, 0x67, 0x7E, 0xB4, 0xFA, 0xA7, 0xD1,
    0x84, 0x39, 0xF3, 0x41, 0xD2, 0x02, 0xBC, 0x3F, 0x7F, 0x8A, 0xE0, 0x2A, 0xED, 0x23, 0x48, 0x04,
    0xFE, 0x40, 0x60, 0x86, 0xC1, 0x9A, 0xF9, 0x28, 0xD9, 0xED, 0x81, 0x16, 0xE4, 0xB1, 0xF1, 0xAA,
    0x40, 0x12, 0x94, 0x5D, 0x82, 0xD3, 0xC1, 0x7A, 0xC8, 0xFB, 0xA2, 0xB5, 0x68, 0xC2, 0xD6, 0x82,
    0xF0, 0x5C, 0x94, 0xB7, 0xB5, 0x1F, 0x05, 0x53, 0x3F, 0xDD, 0x18, 0xD5, 0x3E, 0xF8, 0xAB, 0xD6,
    0xE3, 0xD6, 0xA8, 0xF6, 0x51, 0xD2, 0xFA, 0x6C, 0xEE, 0xA8, 0xF6, 0xE1, 0xE5, 0xA3, 0x91, 0x9A,
    0xD0, 0x02, 0x35, 0x14, 0xA9, 0x7C, 0x91, 0x29, 0x51, 0xBF, 0x2E, 0x44, 0x13, 0x7D, 0x83, 0x32,
    0x9B, 0xAF, 0xD2, 0x29, 0xD6, 0x79, 0x37, 0x92, 0xA6, 0xE0, 0x56, 0x5D, 0xD0, 0x2F, 0x5F, 0xDD,
    0x59, 0xFD, 0x53, 0x60, 0x22, 0xD4, 0xF1, 0x65, 0x30, 0x5B, 0x33, 0xEE, 0x39, 0xAE, 0x73, 0xDE,
    0xDD, 0xF7, 0x84, 0x12, 0xDA, 0xFF, 0x7E, 0x8A, 0xE5, 0x74, 0xB1, 0xAA, 0x8B, 0x23, 0x88, 0x1F,
    0xD3, 0x79, 0x36, 0x93, 0x3E, 0x83, 0xE4, 0x01, 0xEB, 0xCB, 0x77, 0xEB, 0x82, 0x5E, 0x99, 0xD1,
    0xF4, 0xCA, 0xBC, 0xDF, 0x74, 0x05, 0x2D, 0x57, 0xB6, 0xDB, 0x6A, 0x2F, 0x8E, 0x2B, 0xD9, 0x5F,
    0xC8, 0x35, 0x19, 0x27, 0x58, 0x19, 0x2E, 0xEA, 0x33, 0x63, 0x63, 0x7D, 0xD4, 0x25, 0x95, 0xBE,
    0x09, 0x0C, 0x26, 0x12, 0xEC, 0x15, 0xF9, 0xD3, 0x5C, 0xA3, 0x90, 0x67, 0xFF, 0xE5, 0xD9, 0x7F,
    0xE5, 0x18, 0xF9, 0xF7, 0xCB, 0x8E, 0x91, 0x6F, 0x90, 0x63, 0x0A, 0xCC, 0xDE, 0xF6, 0xEC, 0x31,
    0xB2, 0xFD, 0xD9, 0x5F, 0x1C, 0xEB, 0xA8, 0xA9, 0xF7, 0x74, 0x5A, 0xC2, 0xEE, 0x52, 0x54, 0xAB,
    0x53, 0x51, 0xB1, 0x28, 0xCB, 0x46, 0xB9, 0xB4, 0xCA, 0x38, 0xE4, 0x5D, 0x07, 0x5A, 0x69, 0x22,
    0x09, 0xC3, 0xD6, 0xAA, 0xAF, 0x9D, 0xEA, 0x38, 0x61, 0x75, 0x31, 0x84, 0xF5, 0xC1, 0x59, 0x5D,
    0xE7, 0x04, 0xCE, 0x13, 0xAE, 0xFD, 0x3F, 0x93, 0x28, 0x77, 0x23, 0x65, 0x7B, 0xD7, 0x3D, 0x24,
    0x3F, 0xCB, 0x12, 0x70, 0x5C, 0x76, 0xF5, 0x97, 0x24, 0x69, 0xBB, 0xC9, 0x41, 0x70, 0xEB, 0x49,
    0x69, 0x61, 0xA5, 0x94, 0x3A, 0xA5, 0x6A, 0x73, 0x87, 0x7C, 0xA3, 0x55, 0xF5, 0x72, 0x24, 0x0A,
    0x96, 0xFB, 0xC2, 0x13, 0x90, 0x13, 0x0D, 0xD2, 0xCB, 0x46, 0xB2, 0x70, 0x18, 0xF5, 0xD5, 0xFC,
    0xBE, 0x24, 0x90, 0x17, 0xA8, 0x08, 0xD4, 0x99, 0xE0, 0xF0, 0x40, 0x24, 0x3F, 0x18, 0x72, 0x02,
    0x52, 0xDB, 0xC5, 0x58, 0x7D, 0x48, 0x7C, 0xD7, 0xDC, 0x20, 0x0C, 0xDC, 0xED, 0x7E, 0x87, 0x0C,
    0x94, 0x7C, 0xC8, 0x25, 0xD9, 0x9D, 0x79, 0x9C, 0x23, 0x69, 0xA0, 0x7F, 0x27, 0xC8, 0x32, 0x34,
    0xDA, 0x0C, 0xD5, 0x16, 0xC3, 0x21, 0xB7, 0xC7, 0xBB, 0xB3, 0x17, 0x86, 0x3A, 0x93, 0x82, 0x61,
    0x31, 0xE1, 0x76, 0x17, 0xC0, 0xFF, 0xB5, 0xDA, 0x9B, 0x37, 0xD2, 0x44, 0x18, 0x21, 0xBD, 0xEE,
    0x21, 0x6C, 0xA6, 0xF4, 0xF3, 0xE1, 0x48, 0x5F, 0xD3, 0x12, 0x96, 0x7D, 0x59, 0x10, 0xA3, 0xD9,
    0xF5, 0x59, 0xEA, 0x14, 0xB9, 0xFE, 0x08, 0x48, 0xF0, 0x77, 0x24, 0xF2, 0xED, 0xC1, 0x92, 0xAC,
    0x1B, 0x56, 0xE5, 0xB9, 0x1C, 0x4F, 0xEB, 0x1B, 0x97, 0xF9, 0xAA, 0xF5, 0xB4, 0x08, 0xA6, 0x1F,
    0x8E, 0xD3, 0xC5, 0x37, 0x6A, 0x97, 0x3A, 0x81, 0x90, 0xF4, 0xE2, 0xF7, 0x1E, 0xA9, 0x2D, 0x47,
    0x87, 0xFB, 0x4B, 0x46, 0x2A, 0x7D, 0xBC, 0x44, 0xDA, 0xB2, 0x93, 0xE6, 0xC9, 0x7A, 0xC3, 0xE0,
    0x08, 0x80, 0xAE, 0x87, 0x71, 0x23, 0x34, 0x02, 0xDB, 0x35, 0x6F, 0x84, 0x90, 0xA5, 0x03, 0xBF,
    0x0F, 0xDC, 0x37, 0xA4, 0x0E, 0x19, 0x21, 0x32, 0x21, 0xB4, 0x99, 0x08, 0x34, 0x3F, 0x7A, 0x10,
    0x57, 0x98, 0x3F, 0xA0, 0x59, 0x07, 0xCB, 0xB7, 0xBF, 0x0E, 0xCF, 0x1F, 0xC2, 0x79, 0x1D, 0xFA,
    0xCD, 0x5F, 0x4B, 0xB6, 0xC5, 0x5C, 0x1E, 0x92, 0xF6, 0x96, 0xED, 0x02, 0xE4, 0x32, 0x1B, 0xBD,
    0xF0, 0x0D, 0xCD, 0xFB, 0xAB, 0x98, 0x2E, 0xF5, 0x1F, 0x22, 0x06, 0x16, 0x23, 0xB4, 0x94, 0x7F,
    0x07, 0xA2, 0xC2, 0xEB, 0xD9, 0xAE, 0xE1, 0x52, 0x7B, 0xB2, 0x5D, 0xC7, 0xA7, 0x4E, 0x62, 0xBB,
    0x89, 0x4B, 0x13, 0x1A, 0xFB, 0x95, 0x26, 0xD6, 0x97, 0x6D, 0x50, 0x53, 0x11, 0xC0, 0xBB, 0xCB,
    0x2A, 0xD0, 0x79, 0xBE, 0x98, 0x65, 0xC2, 0x4C, 0x95, 0xB5, 0x2F, 0x32, 0xE0, 0x8D, 0x65, 0x04,
    0xF2, 0x7B, 0xA0, 0x8C, 0x72, 0x1F, 0x28, 0x50, 0x65, 0x65, 0x25, 0x3D, 0x0B, 0xF5, 0x2B, 0xAF,
    0x9B, 0x87, 0x99, 0x66, 0xB7, 0xAF, 0x8B, 0x99, 0x60, 0x18, 0x41, 0x75, 0xC0, 0xD6, 0x15, 0xBB,
    0x43, 0x97, 0xB5, 0x5D, 0x4A, 0xD9, 0x55, 0xE4, 0x90, 0xCB, 0x0C, 0x99, 0x58, 0xEB, 0xCE, 0x73,
    0xA4, 0xFC, 0xFD, 0x4A, 0x3A, 0x11, 0x1B, 0x46, 0x97, 0x86, 0x7B, 0x92, 0xF6, 0x8D, 0xC5, 0x7E,
    0xD2, 0x3A, 0xAE, 0x45, 0xF3, 0x64, 0x5A, 0xE6, 0xAB, 0xE2, 0x13, 0x24, 0x94, 0x2B, 0xC9, 0xCA,
    0xB0, 0x3E, 0x67, 0x28, 0xDE, 0x60, 0x78, 0x3E, 0x55, 0x33, 0xE8, 0x80, 0x9C, 0xD0, 0x01, 0xD9,
    0xD8, 0x2B, 0x37, 0x1B, 0x4E, 0x69, 0x57, 0xBA, 0x30, 0xD0, 0x6F, 0x3B, 0x55, 0x56, 0xFD, 0x87,
    0xE8, 0x69, 0x95, 0x1A, 0xC7, 0xA8, 0xE9, 0x59, 0x33, 0x28, 0xE7, 0xFC, 0xDD, 0xD2, 0xBC, 0xAB,
    0xF4, 0xB4, 0xD4, 0x88, 0x61, 0x5A, 0x20, 0x17, 0x32, 0xE8, 0x2D, 0xD9, 0x77, 0x0C, 0x44, 0x2C,
    0xF4, 0x05, 0xE7, 0x7D, 0x04, 0xD5, 0x8D, 0x9B, 0xC2, 0x50, 0x25, 0x50, 0xC4, 0xD5, 0xBD, 0xAC,
    0x5A, 0xB2, 0x64, 0xC6, 0x5E, 0x62, 0xD9, 0x0E, 0x8C, 0x07, 0x6A, 0x38, 0xCE, 0x71, 0xDD, 0x45,
    0xF4, 0xBC, 0x52, 0x0B, 0x7D, 0x05, 0x2B, 0x69, 0x5B, 0xD2, 0xFA, 0xB9, 0x78, 0x07, 0xA6, 0xEA,
    0x7B, 0xF6, 0x69, 0x74, 0xEF, 0x63, 0xD0, 0xA1, 0x08, 0x55, 0x65, 0x4D, 0x19, 0x5F, 0x10, 0x5C,
    0x63, 0x6A, 0xF6, 0x8A, 0x83, 0x66, 0xA3, 0x2A, 0x50, 0x52, 0x55, 0xA0, 0x4F, 0xAC, 0x9E, 0x84,
    0xF4, 0x43, 0x7C, 0xCC, 0xBA, 0x28, 0x4A, 0x14, 0x3E, 0x2F, 0xAC, 0x53, 0x1B, 0x83, 0x29, 0xAC,
    0xFA, 0x48, 0x4E, 0xD2, 0x1F, 0xA3, 0x4C, 0x4E, 0x39, 0x37, 0x7D, 0xE3, 0x6F, 0x7C, 0xB5, 0x69,
    0xF8, 0x26, 0xB9, 0x87, 0x2F, 0x53, 0xCF, 0x78, 0x93, 0xD5, 0x09, 0x99, 0x55, 0xD5, 0xF4, 0x36,
    0xB8, 0xF0, 0x7D, 0x36, 0x56, 0x76, 0x30, 0xD2, 0x40, 0xB5, 0x6A, 0x6C, 0xEE, 0x3A, 0xBD, 0xAA,
    0x2D, 0xBE, 0x87, 0x31, 0xE1, 0x1E, 0x2C, 0x74, 0x61, 0xE0, 0x3D, 0xEC, 0xD9, 0xA7, 0x0E, 0x2D,
    0x83, 0x02, 0x86, 0xEB, 0x99, 0xBC, 0x2E, 0x94, 0x85, 0x80, 0x2D, 0xD9, 0x7D, 0x7D, 0x75, 0xEB,
    0x72, 0x83, 0x53, 0x47, 0x9A, 0x5A, 0x58, 0x38, 0x34, 0xBF, 0x32, 0x07, 0x35, 0x66, 0x9E, 0x31,
    0x54, 0xC4, 0x1F, 0xAC, 0xCB, 0x6C, 0x35, 0x3E, 0xBC, 0xBA, 0xB5, 0x6C, 0xCF, 0x20, 0xDA, 0x12,
    0xDA, 0x8F, 0x83, 0x2C, 0xC4, 0x1F, 0x13, 0x9F, 0x25, 0x92, 0x72, 0x02, 0xC5, 0x98, 0xA1, 0xB5,
    0x09, 0x30, 0xA3, 0x1C, 0x8E, 0xAC, 0x7A, 0x07, 0x00, 0x85, 0xAE, 0xA6, 0xD2, 0x50, 0xEA, 0x1E,
    0x08, 0x5D, 0x37, 0xFF, 0x04, 0x99, 0xC0, 0x6B, 0xA5, 0xF9, 0xBB, 0xA7, 0xBA, 0xE4, 0xAD, 0x9D,
    0xCF, 0x9D, 0xFD, 0xB8, 0xDC, 0x03, 0x7F, 0xC4, 0x61, 0xC6, 0x57, 0xD1, 0x30, 0x79, 0x34, 0x7D,
    0x00, 0xF7, 0x67, 0x67, 0xA5, 0xBB, 0x3A, 0x8F, 0x60, 0xC8, 0x7A, 0xCA, 0x0E, 0x5B, 0x49, 0xD9,
    0x61, 0xA1, 0xB6, 0x9D, 0xE3, 0x51, 0xEB, 0xAB, 0x3C, 0xFD, 0x1A, 0xA1, 0xCF, 0xE7, 0x7A, 0xA4,
    0xBA, 0x23, 0x4C, 0xA2, 0x7B, 0xA5, 0x13, 0xE2, 0xA0, 0xDF, 0x3D, 0x93, 0x3C, 0xE1, 0x90, 0xB1,
    0xFD, 0xA9, 0xE4, 0x45, 0x6C, 0x66, 0x39, 0x10, 0x62, 0xC6, 0x59, 0x0E, 0xDD, 0x54, 0xFD, 0x2C,
    0x92, 0x93, 0x8F, 0xEC, 0x82, 0x75, 0x76, 0x17, 0xA1, 0xE8, 0x2C, 0xCA, 0x58, 0x9F, 0xE3, 0xEF,
    0x1B, 0x7A, 0x66, 0x98, 0x48, 0x3B, 0x02, 0xB3, 0x98, 0x0F, 0xB6, 0xB3, 0x3D, 0x9D, 0xA4, 0x4B,
    0x82, 0x25, 0xE1, 0x6F, 0xA9, 0x9F, 0xED, 0x84, 0xBF, 0x91, 0xD1, 0xFD, 0xFB, 0xD1, 0x38, 0x1E,
    0xCE, 0x27, 0xD1, 0x30, 0xC4, 0x98, 0xC2, 0x39, 0x65, 0xA7, 0xA4, 0xA5, 0xD4, 0xB3, 0x43, 0x19,
    0x0E, 0xC3, 0xC1, 0x31, 0x32, 0x8D, 0xD7, 0xA4, 0x10, 0xF5, 0xD6, 0xFC, 0x7B, 0x00, 0x33, 0xF1,
    0x67, 0xDD, 0x43, 0x9E, 0x48, 0x1D, 0xC2, 0x9C, 0x78, 0x71, 0xBD, 0xE1, 0x3A, 0x2B, 0xE1, 0xDD,
    0x6A, 0x37, 0x21, 0x19, 0x15, 0x19, 0x55, 0x19, 0x26, 0xB2, 0x7C, 0xC8, 0x68, 0x96, 0xEB, 0x50,
    0xA7, 0x85, 0xEB, 0xB7, 0x81, 0x1E, 0xCE, 0x3A, 0x26, 0x9E, 0x1A, 0x35, 0xA5, 0xE4, 0x32, 0x77,
    0x8D, 0x9A, 0xF7, 0x4B, 0xEA, 0x5A, 0xEE, 0x7C, 0xA4, 0x36, 0xC1, 0xFC, 0xC1, 0x89, 0x0F, 0x88,
    0xE2, 0xEB, 0x48, 0x53, 0xA0, 0x87, 0x3B, 0x77, 0x20, 0x99, 0x81, 0x32, 0x43, 0x23, 0x56, 0x4E,
    0x4B, 0x0D, 0x35, 0x56, 0x4A, 0xA7, 0xEB, 0x6A, 0xDC, 0xE4, 0x71, 0xAC, 0x60, 0xDC, 0x85, 0x3B,
    0xD2, 0x84, 0x49, 0xA0, 0x13, 0x18, 0xCC, 0x80, 0xC1, 0xF1, 0x8C, 0x2D, 0xF2, 0x66, 0xA6, 0x85,
    0xA8, 0xFC, 0x6B, 0x6C, 0x43, 0x3A, 0x6F, 0xE0, 0xFF, 0x02, 0xD4, 0xBD, 0x7D, 0x8C, 0x1C, 0xE7,
    0x99, 0x27, 0xF6, 0x56, 0x15, 0x67, 0x4A, 0x62, 0xC9, 0xAC, 0xD9, 0x80, 0xE3, 0xD3, 0x92, 0x9A,
    0x29, 0x5E, 0xA0, 0x5C, 0xB4, 0xDC, 0x99, 0x69, 0x27, 0x51, 0x82, 0xD9, 0x4D, 0xF7, 0x74, 0x49,
    0xC2, 0x42, 0xC1, 0x0A, 0x59, 0x75, 0x72, 0x6C, 0xE9, 0xD6, 0xC4, 0x9A, 0xFA, 0xC3, 0x01, 0x16,
    0xF4, 0xAD, 0xA8, 0x3F, 0x66, 0x83, 0x76, 0xAE, 0x67, 0xBA, 0x24, 0x01, 0x11, 0xB0, 0x42, 0x56,
    0x83, 0xDB, 0xE3, 0x5D, 0x00, 0x23, 0x31, 0xB3, 0xA1, 0x13, 0xAA, 0xE7, 0xE0, 0x19, 0xDB, 0x6D,
    0x6F, 0x4B, 0xEE, 0x99, 0x2E, 0x92, 0x97, 0x55, 0xB0, 0x0A, 0xE2, 0xB2, 0x14, 0xAE, 0xFF, 0x30,
    0x6E, 0x55, 0x96, 0x48, 0xF8, 0x3C, 0xDA, 0xB3, 0x8A, 0x52, 0xD1, 0x2A, 0x0E, 0xBB, 0xBB, 0xF2,
    0xFC, 0x9E, 0xA7, 0xFA, 0x6B, 0x66, 0x28, 0xC9, 0xBB, 0x1B, 0x04, 0xD7, 0x9C, 0xAE, 0x1F, 0xBB,
    0xBE, 0xDF, 0xF7, 0x7D, 0xDE, 0xE7, 0xEB, 0x7D, 0xDE, 0xE7, 0x55, 0xEA, 0x94, 0x9A, 0x70, 0x95,
    0x52, 0x4D, 0x65, 0x79, 0x6A, 0xA2, 0xFC, 0x5A, 0xF9, 0xF4, 0xF9, 0x53, 0x76, 0x8A, 0x4F, 0xF7,
    0x70, 0xBD, 0x57, 0xDF, 0xD8, 0xB9, 0x94, 0x1D, 0x53, 0xEA, 0x0F, 0x23, 0xD3, 0x25, 0xD4, 0x22,
    0x65, 0x84, 0x0A, 0x67, 0xFC, 0xC0, 0x53, 0x6D, 0x82, 0x9E, 0xC2, 0x4E, 0x3D, 0x61, 0xB0, 0x03,
    0x75, 0xB8, 0xBE, 0xBE, 0xDB, 0xDE, 0x79, 0xD5, 0xE1, 0xBB, 0xF4, 0x26, 0xCA, 0xE5, 0xF6, 0xF9,
    0xF2, 0x29, 0xA5, 0xAC, 0x8E, 0xC2, 0x19, 0xED, 0x1B, 0xE5, 0xB2, 0xAB, 0xCE, 0xE1, 0x98, 0x7F,
    0x3C, 0xA5, 0x1F, 0xA7, 0xFD, 0xDC, 0xBB, 0xA1, 0x52, 0xA6, 0x7F, 0x8F, 0xCE, 0xBF, 0x94, 0xCE,
    0xC7, 0x94, 0x4E, 0x3B, 0x2D, 0x01, 0x93, 0x60, 0xFC, 0xD8, 0x2D, 0xFE, 0xA5, 0xE8, 0xCD, 0x35,
    0xFA, 0x5B, 0x53, 0xBF, 0x4A, 0xB7, 0xA6, 0x33, 0x17, 0x94, 0x3A, 0xB9, 0xBE, 0x5B, 0x6F, 0xD7,
    0x2F, 0x16, 0xF9, 0xE9, 0xF1, 0xF4, 0x53, 0x37, 0xCA, 0xCF, 0x96, 0x4B, 0x74, 0x6C, 0x73, 0x01,
    0x8F, 0x77, 0x93, 0x43, 0x74, 0x4A, 0x9D, 0x4A, 0x56, 0xBF, 0x90, 0x9D, 0x42, 0xAF, 0xE4, 0x1E,
    0xA5, 0x43, 0x66, 0xAC, 0x56, 0x08, 0xDA, 0x1F, 0xA4, 0x28, 0x09, 0x1D, 0x79, 0x8C, 0x1E, 0xA0,
    0xCE, 0x85, 0x7A, 0xA4, 0xD4, 0xF1, 0x5E, 0xF9, 0x6C, 0x57, 0x99, 0x7C, 0x81, 0x6B, 0xEE, 0x9C,
    0x2F, 0xE1, 0x95, 0xF0, 0xD1, 0x5D, 0x7E, 0xA3, 0x14, 0xEF, 0xB7, 0x55, 0x3E, 0xA7, 0xF4, 0x80,
    0x6A, 0xCB, 0x51, 0xFA, 0x2E, 0x3D, 0xA1, 0xAD, 0xFA, 0xC7, 0xB2, 0x9D, 0xA1, 0xC0, 0xE0, 0x82,
    0x32, 0x5D, 0xA0, 0xA1, 0xF2, 0x27, 0xA8, 0x0C, 0x25, 0x6C, 0x71, 0xCE, 0xAC, 0x52, 0xD3, 0x4F,
    0xDF, 0x2A, 0x9F, 0x2B, 0x9F, 0xAA, 0xF1, 0x99, 0x49, 0xF6, 0x2B, 0x3B, 0x86, 0x4F, 0x09, 0x9B,
    0x98, 0x1A, 0x42, 0x19, 0x7E, 0x6C, 0x04, 0x02, 0x69, 0x1A, 0x10, 0x98, 0x02, 0xF6, 0x23, 0xBC,
    0xD3, 0xA1, 0x86, 0x23, 0x28, 0xD0, 0x39, 0x04, 0x4D, 0x34, 0x9D, 0x1F, 0x4F, 0xD1, 0x6B, 0x68,
    0x6E, 0xAC, 0xD4, 0xA2, 0xCA, 0x3E, 0x1A, 0xB7, 0x94, 0x40, 0xAA, 0xB4, 0x70, 0x56, 0x0B, 0x9D,
    0x83, 0xE1, 0xF3, 0x37, 0x9E, 0x7D, 0xEA, 0xC6, 0xB9, 0x53, 0x6D, 0x3E, 0xB3, 0x73, 0xB6, 0x8E,
    0xCF, 0x45, 0xA5, 0x8E, 0xF2, 0xCB, 0x2B, 0x55, 0x55, 0x36, 0x95, 0x67, 0x82, 0xAA, 0xE2, 0xCC,
    0xF9, 0x53, 0x2A, 0xA3, 0x23, 0xF9, 0xFD, 0xCF, 0x4F, 0xC9, 0xF1, 0x17, 0x51, 0x71, 0x47, 0x95,
    0x79, 0x39, 0x52, 0x9A, 0x56, 0x2E, 0x3F, 0x7D, 0xE3, 0x35, 0x65, 0x4A, 0xC5, 0x12, 0x9E, 0xA7,
    0xDF, 0x65, 0x42, 0x0F, 0x75, 0x46, 0xF8, 0x47, 0xF5, 0xFF, 0x2D, 0xB8, 0xA0, 0xCC, 0xD3, 0xAF,
    0xA4, 0xB7, 0xC3, 0x88, 0xEA, 0xFF, 0x8F, 0x8F, 0x68, 0xC0, 0xAF, 0xFD, 0xF1, 0x11, 0xF5, 0x93,
    0x40, 0x69, 0xE6, 0x2B, 0x69, 0xF2, 0x11, 0xDD, 0xCF, 0xFC, 0x9D, 0x72, 0x85, 0xB0, 0x98, 0xFE,
    0x8E, 0x5A, 0xBC, 0xE3, 0xA9, 0x1C, 0xB0, 0x4D, 0x15, 0xF0, 0xC4, 0x93, 0x69, 0xB2, 0x0A, 0xB4,
    0xCF, 0x94, 0xAA, 0x74, 0xDA, 0x93, 0x47, 0x8E, 0xA8, 0x16, 0xD0, 0xDE, 0x78, 0xB5, 0x3B, 0xA9,
    0xAC, 0x23, 0xF4, 0x86, 0x3F, 0x37, 0x95, 0x3D, 0x7B, 0x44, 0x39, 0x4F, 0x3E, 0xA1, 0x66, 0xF2,
    0xF7, 0xAA, 0x55, 0xF3, 0xE7, 0x6A, 0x8E, 0x2A, 0xA6, 0xA1, 0x75, 0xB3, 0xCA, 0x99, 0xDA, 0xD3,
    0x38, 0x67, 0x85, 0xC0, 0xB2, 0xC6, 0xA1, 0x9D, 0xCF, 0x80, 0xB2, 0xB4, 0xB5, 0x16, 0xD1, 0xE0,
    0x64, 0x9D, 0x0E, 0xD5, 0x2F, 0x58, 0x42, 0x59, 0x96, 0x7B, 0x8F, 0xD2, 0x3C, 0x65, 0xB9, 0x33,
    0x4A, 0xF7, 0x95, 0x75, 0x2E, 0xED, 0xA6, 0x69, 0x68, 0x95, 0xB7, 0x4F, 0x9D, 0xBE, 0x55, 0xB2,
    0xDC, 0xB6, 0x67, 0x27, 0xCA, 0x7A, 0xF4, 0xE7, 0xD1, 0x6F, 0xFE, 0x95, 0xB2, 0x9E, 0xF8, 0xBD,
    0xBF, 0xFF, 0xE1, 0xD5, 0xC0, 0x5A, 0x99, 0x31, 0x5F, 0xF0, 0x63, 0xEB, 0xD4, 0x3D, 0x9A, 0xE6,
    0x4D, 0x59, 0x65, 0x7C, 0x4A, 0x76, 0x0E, 0x37, 0x8B, 0x6C, 0xE5, 0x80, 0x54, 0x6C, 0xB5, 0x84,
    0x97, 0x72, 0xB8, 0xAD, 0xDC, 0x05, 0xAB, 0x5B, 0x2E, 0x9F, 0x71, 0x0B, 0x35, 0x2A, 0x9D, 0xE5,
    0xE6, 0x2B, 0x79, 0x3A, 0xC1, 0x6D, 0x2A, 0x50, 0xB6, 0xBB, 0xAC, 0x0A, 0x38, 0x86, 0xCA, 0x1E,
    0xA1, 0x1A, 0xA2, 0x1B, 0x81, 0x44, 0x00, 0x67, 0x12, 0xEC, 0xD6, 0xEB, 0xFD, 0x63, 0x7A, 0xBD,
    0x4E, 0xBF, 0xD6, 0x0C, 0x2E, 0x43, 0x64, 0x5C, 0x2B, 0xDF, 0x2A, 0x3F, 0x15, 0x19, 0xBE, 0x22,
    0xDA, 0x21, 0xCA, 0x9A, 0xD8, 0x4D, 0xDF, 0xF6, 0x8D, 0x37, 0xD3, 0xF4, 0x67, 0xAE, 0x32, 0xFE,
    0xFC, 0x14, 0x91, 0xE0, 0x26, 0x75, 0x05, 0x22, 0xA8, 0x88, 0x80, 0xEA, 0x24, 0x24, 0xA0, 0x2E,
    0xEF, 0x9A, 0xBE, 0xE6, 0x7D, 0x99, 0xAA, 0xDA, 0x33, 0xFC, 0xCA, 0x21, 0x65, 0xBD, 0x42, 0x60,
    0x2B, 0xEB, 0xE5, 0x17, 0xFD, 0xCA, 0x82, 0xB2, 0x1F, 0xBB, 0xEA, 0xD3, 0xAB, 0xDA, 0xFA, 0x7B,
    0x7E, 0x25, 0xA6, 0x1E, 0xF1, 0x91, 0xFF, 0x55, 0x74, 0xDD, 0xC7, 0xFC, 0x8A, 0xAB, 0x0A, 0xF4,
    0x94, 0x26, 0x11, 0x0A, 0x53, 0x58, 0xB4, 0xCC, 0x14, 0x76, 0x41, 0x8D, 0x7D, 0x84, 0xAC, 0xA2,
    0xC3, 0xE8, 0xC5, 0xEB, 0x01, 0xB5, 0x4C, 0x93, 0xA8, 0x9A, 0x2A, 0x86, 0xD8, 0x94, 0x4B, 0x77,
    0x6B, 0xA7, 0x1F, 0x28, 0x55, 0x54, 0xDB, 0xF5, 0x35, 0xEA, 0xCC, 0x7E, 0x13, 0x6D, 0x73, 0xB3,
    0x0B, 0x30, 0x83, 0x5A, 0xBA, 0x53, 0xBF, 0x94, 0xF3, 0x26, 0xD1, 0x38, 0x3D, 0xB9, 0xD9, 0xB2,
    0x52, 0x15, 0xF9, 0x5F, 0x0B, 0x65, 0xCF, 0xFA, 0xE6, 0x2D, 0xE9, 0xCC, 0x21, 0x1D, 0x73, 0x06,
    0x30, 0xD6, 0xA7, 0xC1, 0x32, 0x0D, 0x70, 0x45, 0x55, 0x31, 0x22, 0x06, 0xD5, 0x25, 0xDE, 0x83,
    0x63, 0x1E, 0xAA, 0xBF, 0xB7, 0x1E, 0x4D, 0x9F, 0x1A, 0xA9, 0xE7, 0x29, 0x50, 0x10, 0x5A, 0x80,
    0x28, 0xA8, 0x21, 0xB0, 0x49, 0x9C, 0xA8, 0xFD, 0xEA, 0xD9, 0xDD, 0x57, 0xA9, 0xBD, 0xBA, 0x6D,
    0xB0, 0x51, 0xDA, 0x19, 0xCD, 0x0E, 0xC0, 0xD9, 0x5A, 0x0A, 0x67, 0xD5, 0xF1, 0xB4, 0x9B, 0x0B,
    0x66, 0x55, 0xB1, 0xA7, 0xCC, 0x64, 0x56, 0x1D, 0x9D, 0x55, 0x76, 0xDB, 0xBE, 0x87, 0x4E, 0xC9,
    0x59, 0x4F, 0x3E, 0xA0, 0x16, 0xB4, 0x8E, 0x66, 0xFD, 0x4B, 0xAB, 0x6B, 0xC4, 0xCA, 0x48, 0x88,
    0x4A, 0x9B, 0x78, 0x46, 0xB9, 0xDC, 0x25, 0x6E, 0xD1, 0xEF, 0xD3, 0x11, 0xED, 0x5C, 0xA0, 0xEE,
    0x3B, 0x06, 0xD9, 0x31, 0xAA, 0xC1, 0xF5, 0x57, 0xB9, 0x28, 0x16, 0xB3, 0xB3, 0x26, 0x33, 0x71,
    0xF5, 0x5A, 0xB9, 0xED, 0x0A, 0x73, 0x0C, 0x73, 0x69, 0xFD, 0x1B, 0xE5, 0x47, 0x32, 0x92, 0x71,
    0xD1, 0x17, 0xA4, 0xD2, 0x88, 0x85, 0x7A, 0x04, 0xD4, 0xE0, 0x01, 0x41, 0x85, 0x1A, 0xAD, 0x0F,
    0x4D, 0x86, 0x62, 0x1A, 0x01, 0x96, 0x5E, 0x8F, 0x56, 0xA9, 0x8D, 0x16, 0x9F, 0x8B, 0x70, 0x26,
    0x01, 0x35, 0x93, 0xDA, 0x0B, 0x37, 0xEB, 0x1B, 0xF5, 0x8B, 0x8B, 0xCF, 0x7D, 0x88, 0x56, 0x59,
    0x5C, 0xFE, 0xF0, 0xC6, 0x99, 0x72, 0xA3, 0x98, 0x7E, 0x48, 0x65, 0x6E, 0x2C, 0xF5, 0xFE, 0x34,
    0xC8, 0xA9, 0xC6, 0xE2, 0xB2, 0x1E, 0x14, 0xFD, 0xC6, 0xD4, 0x1F, 0x5E, 0x09, 0x5E, 0x8F, 0x1A,
    0xEA, 0x0F, 0xDF, 0x0A, 0xA2, 0x66, 0x43, 0x2D, 0xBF, 0xFB, 0x76, 0x58, 0x20, 0xF8, 0xF0, 0x03,
    0xDF, 0x6E, 0xA8, 0xF6, 0x87, 0x3F, 0x56, 0x87, 0x1A, 0xE7, 0xD2, 0x5F, 0x10, 0xDF, 0x68, 0xB4,
    0xD7, 0x7E, 0x33, 0xE0, 0x6A, 0xFE, 0xCF, 0x02, 0x55, 0xA7, 0x97, 0x27, 0x66, 0x52, 0x23, 0x31,
    0xC2, 0xBC, 0xB6, 0xFF, 0x59, 0xCE, 0x40, 0xE3, 0x5E, 0x3C, 0x80, 0x60, 0xD2, 0xA5, 0xE6, 0xB8,
    0x19, 0x58, 0x02, 0x78, 0xC1, 0xE5, 0x6F, 0xBD, 0x4D, 0x35, 0x31, 0x02, 0x9E, 0x1A, 0x85, 0x9D,
    0xF5, 0x3D, 0xC7, 0xE8, 0x3A, 0xC0, 0x52, 0xEF, 0x7F, 0x79, 0x7B, 0xA7, 0x4E, 0x3B, 0xB5, 0xAB,
    0x74, 0x4C, 0x2D, 0x3F, 0xEA, 0x83, 0x53, 0x2F, 0xBF, 0xEB, 0x13, 0xB1, 0xAA, 0xE5, 0x8F, 0xAE,
    0x5E, 0x7D, 0xC3, 0x53, 0x5F, 0xFD, 0xE8, 0xC5, 0xAB, 0x57, 0x7D, 0xAD, 0x7D, 0xE7, 0xE5, 0xC7,
    0x2E, 0x87, 0xED, 0x5E, 0xED, 0x49, 0xC3, 0x8F, 0xB6, 0xDD, 0xDC, 0x02, 0xF5, 0x16, 0x22, 0x83,
    0xBC, 0xE1, 0x53, 0x87, 0x9E, 0x3B, 0xF4, 0x15, 0x9F, 0xEA, 0xFD, 0x90, 0xAA, 0x31, 0xB9, 0x0D,
    0xBA, 0x33, 0x7D, 0x48, 0x0E, 0x73, 0x87, 0xF0, 0xA9, 0x39, 0x2E, 0x11, 0xCD, 0x53, 0x25, 0x77,
    0x54, 0x47, 0x4D, 0x97, 0xCB, 0xA7, 0x4C, 0x26, 0x4A, 0xE5, 0x88, 0x98, 0x9A, 0x05, 0x65, 0xD0,
    0x3D, 0xB4, 0x78, 0xEC, 0xBA, 0xCB, 0xE8, 0x5D, 0x2A, 0xC7, 0x24, 0xAD, 0xB6, 0x89, 0x70, 0x56,
    0xCB, 0x3A, 0xFA, 0x45, 0x41, 0xD9, 0x02, 0xC5, 0x2F, 0x31, 0xCC, 0xCF, 0x32, 0xA8, 0xBF, 0x05,
    0x90, 0x18, 0x00, 0xB4, 0x13, 0x95, 0x89, 0x0A, 0xFA, 0x9C, 0x12, 0x68, 0x0E, 0x41, 0xBA, 0x76,
    0x90, 0xC1, 0xF8, 0x31, 0xC5, 0x52, 0xBB, 0x2F, 0xA4, 0xE8, 0x65, 0x5F, 0x2B, 0x97, 0xF7, 0x5C,
    0x2E, 0x44, 0x1B, 0x65, 0x40, 0xA5, 0xFF, 0x3A, 0x1F, 0xDA, 0xB6, 0x5D, 0xC3, 0x25, 0xF9, 0x6E,
    0xFA, 0xB6, 0xAF, 0x72, 0xBE, 0x11, 0xAE, 0xAA, 0xC9, 0xD4, 0xD7, 0x7E, 0x11, 0xAB, 0xDA, 0xFB,
    0xC4, 0xB4, 0x7C, 0x62, 0xFA, 0xB4, 0x9F, 0xA8, 0x9B, 0xC0, 0x86, 0xDC, 0xF1, 0x8F, 0xA3, 0x23,
    0x58, 0x7F, 0x9E, 0xAA, 0xF6, 0x1A, 0xBD, 0x13, 0xF1, 0xA8, 0x8E, 0x72, 0xA8, 0x00, 0x54, 0x7D,
    0xB6, 0x3B, 0xCE, 0x8C, 0x84, 0xA8, 0x1A, 0xE0, 0x74, 0x2C, 0xDF, 0x04, 0xE7, 0x33, 0xB4, 0x05,
    0xA7, 0x7F, 0xB7, 0xD4, 0x46, 0x87, 0x2B, 0xA6, 0x71, 0x1B, 0x02, 0xF1, 0x64, 0x3D, 0x6A, 0x98,
    0x1E, 0xB5, 0xAD, 0x16, 0x12, 0x56, 0x21, 0xAA, 0x09, 0xF9, 0x26, 0x84, 0xC4, 0x17, 0xEC, 0x43,
    0x0D, 0xBE, 0x7E, 0x61, 0xBE, 0x0D, 0x0D, 0x45, 0xAD, 0x56, 0xDA, 0x28, 0x90, 0x96, 0x86, 0x7F,
    0xC6, 0x8C, 0x38, 0x0D, 0xBE, 0x1D, 0x10, 0x5B, 0xB2, 0xB7, 0xA2, 0x9B, 0x21, 0x91, 0x53, 0x31,
    0x5F, 0x89, 0x62, 0x12, 0xF5, 0x73, 0xF9, 0xC5, 0xA8, 0xEA, 0xD0, 0x75, 0x79, 0x2D, 0x5C, 0x80,
    0x9C, 0xC8, 0xEB, 0xA1, 0x0D, 0xB5, 0x8B, 0x28, 0x89, 0x09, 0x82, 0xD0, 0x46, 0x17, 0xCF, 0x5B,
    0x5E, 0xAD, 0x0D, 0x74, 0xCC, 0xC4, 0xA6, 0xFB, 0xE7, 0x97, 0x8A, 0x81, 0x4E, 0x95, 0x9A, 0xBF,
    0x6F, 0x9E, 0x5F, 0xFE, 0xE8, 0xB0, 0x70, 0xF8, 0x2F, 0xF5, 0x9F, 0xEA, 0x94, 0x40, 0x55, 0x1D,
    0x5E, 0xDF, 0xB9, 0x58, 0xCD, 0xA1, 0xA9, 0x92, 0xAA, 0xE5, 0x4F, 0x3C, 0x7D, 0xA3, 0x54, 0x25,
    0x7A, 0xA2, 0x63, 0x79, 0xE5, 0x09, 0x10, 0x1F, 0xDC, 0xA9, 0x6F, 0x0F, 0x44, 0x24, 0x91, 0x63,
    0x79, 0x05, 0xFA, 0x0B, 0x1F, 0x03, 0x47, 0x2A, 0xE8, 0xDE, 0x74, 0xF9, 0x76, 0x79, 0xDE, 0xF0,
    0xA9, 0xA9, 0x7A, 0x0B, 0x96, 0x77, 0x6C, 0x63, 0xE7, 0xD5, 0x59, 0xAA, 0xAC, 0x9C, 0x9A, 0x72,
    0x48, 0x9A, 0xB6, 0x4A, 0x55, 0xBB, 0xAA, 0xF4, 0xE4, 0x76, 0x44, 0x6F, 0x9B, 0x8B, 0x8B, 0xBE,
    0x15, 0xA9, 0xD5, 0x86, 0x15, 0x58, 0xFE, 0xD4, 0x83, 0x0D, 0x2D, 0x76, 0xA8, 0x5B, 0x34, 0x8E,
    0x56, 0x6B, 0x61, 0x5E, 0xBD, 0x9E, 0xFC, 0xCA, 0xED, 0x28, 0xAF, 0x48, 0xAC, 0x86, 0x9D, 0x0A,
    0xF1, 0xDA, 0xA2, 0x57, 0x44, 0x39, 0x67, 0x94, 0x15, 0xA8, 0xF1, 0x32, 0x50, 0x35, 0x11, 0x25,
    0xDE, 0x23, 0x90, 0x7B, 0x8C, 0xC1, 0x7A, 0xFB, 0xFF, 0x20, 0x92, 0x2F, 0x69, 0xEF, 0xBD, 0xC9,
    0x8A, 0xE0, 0x63, 0xFC, 0x2B, 0x3B, 0x93, 0x08, 0x05, 0xA0, 0xA7, 0x0C, 0xE7, 0xDE, 0x63, 0xD8,
    0x32, 0xAE, 0x82, 0x2B, 0x4E, 0x09, 0xD0, 0x99, 0x53, 0x63, 0x32, 0x95, 0x5A, 0x52, 0x65, 0x85,
    0xEE, 0xAB, 0x07, 0xCA, 0x79, 0x45, 0xE9, 0xF4, 0x12, 0x5D, 0xCB, 0x73, 0x48, 0x33, 0x09, 0x8C,
    0xB0, 0x4B, 0x2C, 0xDD, 0xA3, 0x37, 0x56, 0xED, 0x7F, 0xE1, 0xA9, 0xA2, 0xAB, 0x1E, 0x34, 0xBD,
    0xCF, 0xDB, 0xD0, 0x75, 0x7F, 0x9C, 0x6A, 0x3D, 0x97, 0x94, 0x97, 0x8B, 0x2A, 0x47, 0xA5, 0x26,
    0xE9, 0xA5, 0x6D, 0xEE, 0xA1, 0x35, 0x15, 0x65, 0xD8, 0xD0, 0xDD, 0x1A, 0xE8, 0x82, 0xDA, 0x73,
    0x15, 0x0C, 0x6E, 0x5E, 0x0F, 0x2B, 0xC4, 0xD1, 0x26, 0x7E, 0xD7, 0x8D, 0x80, 0x4E, 0x1A, 0x34,
    0xB0, 0xFF, 0xF0, 0xBA, 0xFF, 0x30, 0x9F, 0x47, 0x45, 0xAA, 0x80, 0x48, 0x89, 0xAB, 0xE1, 0xB8,
    0xB2, 0x27, 0x4A, 0xFC, 0x7B, 0xDE, 0x8E, 0xE5, 0x3E, 0xB7, 0xE2, 0x55, 0xE8, 0x71, 0xDD, 0xA0,
    0x51, 0x61, 0x31, 0xE8, 0x35, 0x2A, 0xD1, 0x1C, 0x29, 0x5C, 0x6E, 0xA3, 0x52, 0xE9, 0x28, 0xFB,
    0x8E, 0xDF, 0xA8, 0xE4, 0x42, 0xB5, 0xF4, 0xD5, 0xB0, 0x51, 0xB1, 0x3D, 0xF5, 0x50, 0x65, 0xAD,
    0x51, 0x01, 0x1B, 0xA3, 0x9B, 0x7C, 0xF5, 0xBB, 0x11, 0x63, 0x1A, 0x37, 0x81, 0xDF, 0xED, 0xA2,
    0x91, 0x2B, 0x2A, 0x5E, 0x63, 0xA1, 0x68, 0x8A, 0x98, 0xAD, 0x38, 0x4F, 0x5C, 0x87, 0xA6, 0x5E,
    0x59, 0xD2, 0xB8, 0xF3, 0x56, 0xEE, 0x53, 0xC7, 0x20, 0xF0, 0xB2, 0xEA, 0x3B, 0xC9, 0x7A, 0xE4,
    0x05, 0xA9, 0xB3, 0xF8, 0x24, 0xD1, 0xCE, 0x2E, 0x84, 0xFE, 0xBC, 0xC6, 0x7C, 0x6A, 0x1C, 0x16,
    0xA0, 0x8F, 0x8B, 0x82, 0xE5, 0xF7, 0xC1, 0x25, 0x7A, 0x37, 0x86, 0x50, 0x15, 0x68, 0x30, 0x3C,
    0x1A, 0x31, 0x3C, 0x1E, 0x68, 0xBB, 0x1B, 0xBE, 0xD5, 0x76, 0x15, 0x2E, 0xD8, 0x82, 0x8E, 0x4D,
    0xA7, 0x30, 0x5D, 0x1C, 0x0C, 0x3B, 0xF4, 0x46, 0xEB, 0x83, 0x27, 0x9C, 0x27, 0x1A, 0x1E, 0x5C,
    0x30, 0xDE, 0x26, 0x19, 0xB7, 0xA1, 0xB7, 0x5E, 0xE7, 0xB7, 0xCE, 0x4B, 0x2B, 0x31, 0x88, 0x62,
    0xEB, 0xF5, 0xEF, 0x42, 0x5D, 0x9E, 0xD4, 0xA4, 0x83, 0x41, 0x4E, 0x99, 0x24, 0x8B, 0x0B, 0xA2,
    0xB5, 0xCF, 0x67, 0x72, 0xD8, 0x9C, 0x85, 0x52, 0x39, 0xD4, 0x38, 0x49, 0xDF, 0xB0, 0x7D, 0x36,
    0x8A, 0xD0, 0xD5, 0x49, 0x2B, 0x44, 0x4F, 0x2F, 0xDE, 0xD6, 0xD0, 0xB1, 0x8F, 0x81, 0x2C, 0xA1,
    0xEB, 0xA4, 0xB7, 0xD9, 0xD8, 0xFA, 0x05, 0x9D, 0xFF, 0xEB, 0x69, 0xCF, 0x9D, 0x4C, 0x83, 0xE2,
    0x2E, 0xDD, 0xF2, 0xF8, 0xE0, 0xE5, 0xA1, 0x60, 0x75, 0x58, 0xFF, 0x03, 0xDC, 0xA6, 0xF2, 0xB5,
    0x84, 0x8E, 0xAB, 0x23, 0x10, 0x7F, 0x3A, 0x44, 0xA3, 0xA0, 0x09, 0xE8, 0x19, 0xEC, 0x30, 0x18,
    0xEF, 0xB8, 0x04, 0x0D, 0xF3, 0x07, 0x00, 0x65, 0xBF, 0xC2, 0x25, 0xCB, 0x51, 0x01, 0x49, 0x1D,
    0x5A, 0xB5, 0x41, 0x91, 0x7A, 0x87, 0xA0, 0xA1, 0x9C, 0x10, 0xA0, 0xA5, 0x9E, 0x7D, 0xED, 0xA9,
    0xA8, 0x96, 0xA0, 0xF6, 0x42, 0xEA, 0x20, 0xA4, 0xA6, 0xEC, 0x65, 0xBA, 0xF9, 0x3E, 0x14, 0x61,
    0x0D, 0x0E, 0x20, 0x4F, 0x8D, 0x73, 0x72, 0xFB, 0x12, 0xA0, 0x98, 0x76, 0xF2, 0x87, 0x0D, 0x7F,
    0x7A, 0xE5, 0x54, 0xDE, 0x36, 0xF8, 0xD8, 0xDD, 0xA0, 0x9D, 0x76, 0x47, 0x80, 0xDE, 0xB8, 0x7F,
    0x6C, 0x96, 0x60, 0x85, 0x58, 0x24, 0xF1, 0x0A, 0xB2, 0x10, 0x8B, 0x97, 0x5D, 0x75, 0x27, 0x50,
    0x45, 0xAA, 0xC0, 0x9B, 0x91, 0xFA, 0xBE, 0x4F, 0x7C, 0xAC, 0x45, 0x9A, 0xEB, 0x09, 0x23, 0x28,
    0x18, 0xEF, 0xF9, 0x79, 0x32, 0x5F, 0xED, 0xAB, 0x7E, 0x9E, 0x0A, 0x50, 0x24, 0xA9, 0x5D, 0x54,
    0x5A, 0x87, 0x64, 0x78, 0x4B, 0x59, 0x91, 0x91, 0xC6, 0x5F, 0x40, 0xBF, 0xAB, 0xAF, 0x1D, 0xDC,
    0x97, 0x5B, 0x8A, 0x45, 0xDD, 0x92, 0xC0, 0x2C, 0xED, 0xD6, 0x03, 0x92, 0x17, 0x00, 0x12, 0x17,
    0xD1, 0xAC, 0x1E, 0x90, 0xB4, 0x00, 0x90, 0x1E, 0xCA, 0x40, 0x2A, 0x02, 0xC0, 0xF6, 0x18, 0x72,
    0x8A, 0xA1, 0x20, 0x90, 0xAA, 0x68, 0x41, 0x0F, 0x8C, 0xD4, 0x07, 0xD8, 0x77, 0xC2, 0x68, 0x5E,
    0x0F, 0x6A, 0xCD, 0x24, 0xCA, 0xEB, 0x41, 0xAB, 0xB2, 0x5C, 0x2A, 0x3E, 0xEF, 0x9E, 0xA8, 0x4C,
    0xA9, 0xB6, 0xC7, 0x4A, 0xEF, 0x1D, 0x06, 0xFD, 0xA7, 0xDE, 0x14, 0x81, 0xF9, 0x86, 0x37, 0x07,
    0x35, 0xF7, 0x71, 0x22, 0xC7, 0x0A, 0x09, 0x44, 0x80, 0x9E, 0x98, 0xDE, 0x22, 0xF5, 0xDD, 0xD0,
    0x24, 0x1E, 0x41, 0xEA, 0xBB, 0x4E, 0xB4, 0x35, 0x35, 0x78, 0x7F, 0x6E, 0x13, 0x98, 0x94, 0x54,
    0xBA, 0x26, 0x1B, 0xEB, 0x6E, 0xD3, 0xA0, 0x1E, 0x40, 0x60, 0xB2, 0xF1, 0xD3, 0xA4, 0x5E, 0x43,
    0x76, 0x4E, 0xD3, 0xB6, 0xF8, 0xD8, 0x02, 0xE9, 0x98, 0x04, 0x55, 0x22, 0x0E, 0x82, 0x0A, 0x15,
    0x5C, 0x83, 0xD0, 0x2E, 0xA8, 0x3E, 0x1B, 0x28, 0x0A, 0xC3, 0xAC, 0x09, 0x45, 0x56, 0x85, 0x06,
    0xAB, 0xA4, 0x25, 0x30, 0x34, 0xC7, 0x20, 0x11, 0xB8, 0xCD, 0xA0, 0xDD, 0x81, 0x0C, 0x3D, 0x6A,
    0xBC, 0xEF, 0x81, 0xD1, 0x3B, 0x6F, 0x7A, 0x6A, 0x4D, 0x69, 0x3D, 0x92, 0x87, 0x9B, 0xEA, 0x1C,
    0xC4, 0x62, 0x74, 0x9C, 0x8C, 0x76, 0xEA, 0xA2, 0x4E, 0x08, 0xED, 0xDD, 0x3B, 0xD4, 0x2F, 0x41,
    0x26, 0xE5, 0x3A, 0x22, 0x26, 0x7A, 0x75, 0xA8, 0xC2, 0x86, 0x28, 0xF7, 0xF6, 0xB5, 0xF2, 0xAA,
    0x74, 0x3F, 0x98, 0x05, 0x5B, 0x10, 0x5A, 0x4A, 0x27, 0x73, 0x63, 0xB7, 0xEE, 0x8A, 0x72, 0xE2,
    0x15, 0x3B, 0xD4, 0x66, 0xB6, 0xF7, 0x40, 0x85, 0x4A, 0x40, 0xCF, 0xC8, 0xA0, 0x2A, 0xC0, 0x5D,
    0x75, 0x00, 0x4D, 0xD9, 0x39, 0x0E, 0xB7, 0x49, 0xD6, 0x9C, 0xF1, 0x94, 0xDC, 0x4C, 0xC1, 0xA4,
    0xDC, 0xF0, 0x20, 0x1A, 0xE9, 0x18, 0x89, 0x53, 0x80, 0xE9, 0x33, 0xD8, 0x0C, 0x2E, 0xBD, 0x4A,
    0xC1, 0x49, 0xC9, 0x94, 0x54, 0xBF, 0x46, 0xCA, 0xD9, 0xA1, 0xF1, 0x22, 0x14, 0xFA, 0xFD, 0xC1,
    0x40, 0xDD, 0xD5, 0x52, 0x06, 0x58, 0xD4, 0x5E, 0x5E, 0x8B, 0x1C, 0x98, 0x86, 0x44, 0xA6, 0xA4,
    0x8D, 0x10, 0x99, 0x56, 0x49, 0xFF, 0xCF, 0x53, 0x19, 0xC2, 0xAA, 0xAA, 0x14, 0x77, 0x76, 0x7E,
    0x12, 0x17, 0x63, 0xFB, 0xB2, 0xFF, 0xD3, 0x20, 0x17, 0x1A, 0x97, 0xFD, 0x77, 0xA7, 0x8E, 0x2A,
    0x82, 0x30, 0xCF, 0x77, 0x0A, 0x97, 0x05, 0x7A, 0xBD, 0x4B, 0xD8, 0x49, 0xF7, 0xC4, 0x29, 0x74,
    0x21, 0x01, 0x91, 0xBC, 0x32, 0xFE, 0xF2, 0xDA, 0xBB, 0x2E, 0x9F, 0xF2, 0x13, 0xEA, 0xDA, 0xC6,
    0x5F, 0xDE, 0x78, 0x8F, 0xCA, 0x62, 0x3E, 0xEF, 0xBF, 0x4B, 0x8A, 0x9A, 0xF5, 0x88, 0x1F, 0xD2,
    0xFB, 0x58, 0x1A, 0x83, 0x2D, 0x30, 0xAF, 0x7D, 0x00, 0x98, 0x03, 0xFF, 0xCA, 0x0F, 0x0A, 0x70,
    0x34, 0xB3, 0x4D, 0x0B, 0xAC, 0x1B, 0x70, 0xE7, 0x66, 0x6C, 0xF7, 0x04, 0xE1, 0x92, 0x88, 0xB0,
    0x6F, 0x96, 0xD1, 0x08, 0xF2, 0x06, 0x08, 0xC5, 0xF4, 0x2B, 0x8C, 0x54, 0x96, 0xB7, 0xBD, 0x70,
    0x51, 0x15, 0xDF, 0xDF, 0x61, 0xB4, 0xAF, 0x5C, 0x66, 0x34, 0xF6, 0x62, 0x76, 0x9E, 0xF1, 0xFE,
    0x9D, 0xC1, 0x7E, 0x66, 0xA7, 0x43, 0x0C, 0xF8, 0xFE, 0xEF, 0xBF, 0x2F, 0x48, 0xFD, 0x51, 0xFB,
    0x90, 0xFA, 0xDB, 0x0B, 0xD8, 0x1F, 0x29, 0xF3, 0x51, 0x60, 0x83, 0x4C, 0x76, 0x60, 0x8B, 0xCC,
    0xD7, 0xCB, 0xC1, 0x69, 0xAA, 0x66, 0xC2, 0x77, 0xD2, 0xF4, 0x9B, 0x24, 0x83, 0xDF, 0x79, 0xE7,
    0x67, 0xAE, 0xAD, 0xE6, 0xB4, 0x27, 0x3D, 0xD6, 0xFC, 0xD4, 0x78, 0x57, 0x51, 0x7A, 0x34, 0x4A,
    0x6F, 0xFD, 0x36, 0xCB, 0x1D, 0xA0, 0x33, 0xEC, 0x93, 0x2F, 0xF1, 0x00, 0xC6, 0x3F, 0x50, 0xAD,
    0x4A, 0x83, 0x63, 0xD9, 0xAF, 0xF1, 0x4F, 0x6D, 0xD8, 0xAB, 0x12, 0xB1, 0x75, 0x2B, 0x77, 0x81,
    0xFD, 0x67, 0x36, 0xD5, 0x48, 0x7F, 0x47, 0x33, 0x11, 0xF3, 0x5B, 0x90, 0x82, 0x2C, 0x70, 0xB7,
    0x60, 0x20, 0xCD, 0x19, 0x40, 0xDD, 0x1B, 0xA0, 0xCB, 0x4E, 0x35, 0x0A, 0xB0, 0x84, 0x09, 0xDA,
    0x1D, 0xF4, 0x9D, 0x4E, 0x06, 0x2A, 0x3F, 0x51, 0xAE, 0x91, 0x5A, 0x98, 0x97, 0x33, 0x7F, 0x09,
    0x78, 0x80, 0xA1, 0xB0, 0xC5, 0x50, 0x8C, 0x19, 0x6A, 0xF2, 0xF4, 0xAE, 0x9C, 0x92, 0xBD, 0xA0,
    0x3B, 0x78, 0x89, 0xA3, 0x70, 0xD5, 0xF1, 0xFF, 0x4C, 0x51, 0x0C, 0x75, 0x78, 0xCA, 0xE8, 0x25,
    0x5A, 0x02, 0x45, 0x29, 0xD5, 0x91, 0x8C, 0xF4, 0x46, 0x01, 0x2F, 0x4F, 0x40, 0xD4, 0x08, 0xA8,
    0x09, 0xE0, 0xBE, 0xBF, 0x24, 0xE8, 0x02, 0x8E, 0x40, 0x9B, 0x81, 0x14, 0x3D, 0x40, 0xD1, 0x67,
    0xE8, 0xC9, 0x4B, 0x34, 0x88, 0xA4, 0x59, 0x88, 0x5B, 0xA9, 0x37, 0xDA, 0x92, 0x68, 0x00, 0x8F,
    0xE9, 0x46, 0x8F, 0x85, 0x7C, 0xB6, 0x04, 0x72, 0x2E, 0x03, 0x31, 0x95, 0xBC, 0x34, 0x40, 0x7E,
    0x8F, 0x94, 0xE4, 0x32, 0x10, 0xB4, 0xBB, 0x7C, 0x41, 0x8D, 0x60, 0x45, 0xAC, 0x94, 0x55, 0x81,
    0xF6, 0x18, 0xC0, 0x23, 0x44, 0xF0, 0xB1, 0x07, 0xD0, 0xE0, 0x60, 0x9B, 0x57, 0x06, 0x7C, 0xB4,
    0xF3, 0x87, 0x8C, 0xCB, 0xF4, 0x82, 0xF3, 0xF3, 0x96, 0x47, 0x14, 0xB2, 0x40, 0x52, 0x9B, 0xF8,
    0x6E, 0x31, 0x2C, 0x82, 0x88, 0x6B, 0x2E, 0x75, 0x09, 0x4F, 0x75, 0xE8, 0xDD, 0xCC, 0x50, 0x5D,
    0xB0, 0x42, 0x12, 0x81, 0x54, 0xDB, 0xEE, 0xC0, 0xD2, 0xEE, 0x77, 0x03, 0x23, 0xD4, 0x88, 0x4E,
    0x5D, 0x2D, 0x31, 0xD8, 0x95, 0xBB, 0xAA, 0xD7, 0xEB, 0x1B, 0x3E, 0x3B, 0xB7, 0x48, 0xDE, 0x9A,
    0x43, 0x05, 0x6B, 0x00, 0xEC, 0x47, 0x21, 0x01, 0xDD, 0x19, 0x05, 0x2A, 0x4E, 0x2A, 0x42, 0x3F,
    0x83, 0x08, 0x0A, 0x11, 0x40, 0xF7, 0xC6, 0x54, 0xB0, 0x7D, 0x30, 0x45, 0xF0, 0xB0, 0xCA, 0x37,
    0x23, 0xD6, 0x1F, 0xE2, 0x08, 0x72, 0xA4, 0xE6, 0xB3, 0x12, 0xDB, 0x23, 0xB9, 0xA2, 0x41, 0xB3,
    0x61, 0xF3, 0x11, 0xBA, 0x78, 0xEA, 0xD1, 0xED, 0xA6, 0x89, 0x4A, 0x89, 0x27, 0xE7, 0xA8, 0x5B,
    0x90, 0x92, 0x95, 0xAB, 0x27, 0xA8, 0xB7, 0x79, 0xF4, 0x10, 0x87, 0xAA, 0xB3, 0x02, 0x8B, 0x36,
    0x2F, 0x5E, 0xA4, 0xAA, 0x40, 0x42, 0x50, 0x2E, 0x51, 0x5B, 0xAE, 0x5E, 0x6C, 0xC7, 0x64, 0x51,
    0x16, 0x93, 0x76, 0x4C, 0x8A, 0xCC, 0x44, 0x49, 0x35, 0xEE, 0x11, 0xFD, 0x7D, 0xB2, 0x0E, 0xA5,
    0xA6, 0x61, 0xF3, 0xCB, 0x37, 0xCC, 0x1B, 0x10, 0x05, 0x0D, 0xC5, 0x0E, 0x91, 0x06, 0x75, 0xBB,
    0x25, 0x40, 0x01, 0xC2, 0x8D, 0xB4, 0x22, 0x18, 0xED, 0x8D, 0x2F, 0x58, 0x6F, 0x50, 0x03, 0x7C,
    0x37, 0xD6, 0x41, 0x13, 0x6D, 0x48, 0x7A, 0x6A, 0x27, 0xA2, 0x10, 0x12, 0x69, 0x89, 0xD6, 0x7E,
    0xB1, 0xE7, 0xEA, 0x21, 0x11, 0x13, 0x29, 0x4D, 0x2E, 0xD5, 0xE4, 0x64, 0xC6, 0x28, 0xA6, 0xF4,
    0xCC, 0x63, 0x96, 0x55, 0x65, 0x64, 0x31, 0xA3, 0xE8, 0x08, 0x14, 0x85, 0x4B, 0xDD, 0x37, 0x60,
    0x56, 0x43, 0x98, 0x2E, 0x31, 0x90, 0xB5, 0x1E, 0x11, 0xD4, 0x04, 0xA8, 0x50, 0x91, 0x4D, 0x1A,
    0x2E, 0x80, 0xAA, 0x07, 0x70, 0xBE, 0xC4, 0x90, 0x1D, 0xBB, 0x2B, 0x6C, 0x32, 0xD4, 0x22, 0x86,
    0xB6, 0xCF, 0xD0, 0xE3, 0x63, 0x7A, 0x02, 0xEF, 0x66, 0x47, 0x0F, 0x72, 0x22, 0xF5, 0xA5, 0xD3,
    0x65, 0xEF, 0xE1, 0x62, 0x67, 0x68, 0xF2, 0xB1, 0x10, 0xB5, 0x00, 0x9D, 0x60, 0x45, 0x60, 0x8E,
    0xEC, 0x66, 0x50, 0x88, 0xE1, 0x57, 0x4D, 0x01, 0xCB, 0xA3, 0x2A, 0x0F, 0xAA, 0xB6, 0x6A, 0xC7,
    0x5A, 0xC8, 0xA0, 0xA2, 0x2A, 0x7B, 0xDB, 0xA2, 0xEA, 0x3C, 0xC0, 0xAD, 0x1E, 0x62, 0x4B, 0x1D,
    0x12, 0xBD, 0x21, 0x5A, 0x46, 0x1F, 0xE4, 0x9E, 0x7B, 0xA0, 0xC4, 0xF0, 0x3D, 0xD6, 0x65, 0x51,
    0xE5, 0x55, 0xAE, 0x72, 0x00, 0xBC, 0x03, 0x55, 0xB6, 0x87, 0x79, 0xA7, 0x2B, 0x20, 0x8A, 0xCC,
    0xB0, 0xCA, 0x41, 0xE5, 0xA4, 0xAB, 0x73, 0x13, 0x77, 0x48, 0xC2, 0xAF, 0x93, 0xA1, 0x0E, 0xE3,
    0xDD, 0xA7, 0x2A, 0x8F, 0x84, 0xBC, 0x47, 0x80, 0xAA, 0x1C, 0x80, 0x2A, 0x27, 0xA8, 0x09, 0xA0,
    0x06, 0x05, 0xF8, 0xF2, 0x8A, 0xDC, 0xAC, 0xC2, 0xB7, 0xEE, 0xFB, 0x2D, 0x07, 0x30, 0x01, 0x0E,
    0x51, 0xA1, 0xBE, 0x08, 0x03, 0x6C, 0xB3, 0xC0, 0x9D, 0x32, 0x66, 0x8F, 0x7C, 0xDB, 0x4F, 0xC0,
    0x9E, 0x7B, 0xF0, 0xFF, 0x07, 0x7A, 0x02, 0x73, 0x3D, 0x22, 0xFD, 0xD0, 0x67, 0x46, 0x49, 0xDA,
    0x99, 0x0A, 0xC7, 0x6B, 0x9E, 0x6C, 0x55, 0xF6, 0xFD, 0x46, 0x0C, 0x22, 0xB0, 0x22, 0xD0, 0x0B,
    0xE0, 0x73, 0x99, 0xF2, 0x4A, 0x44, 0x14, 0x8A, 0x89, 0x13, 0x66, 0xAE, 0xCE, 0xA8, 0x9D, 0x8C,
    0x82, 0xAA, 0x90, 0xB1, 0xE7, 0x02, 0x76, 0x37, 0x18, 0x42, 0xEB, 0x53, 0x41, 0x2E, 0xF8, 0x8F,
    0x18, 0x56, 0x6E, 0x85, 0xB8, 0x4B, 0xED, 0x87, 0x0C, 0x6D, 0xBE, 0xA7, 0x26, 0xB7, 0xD6, 0x02,
    0xC5, 0xDA, 0x28, 0x8F, 0x5D, 0x04, 0x23, 0xCE, 0x24, 0x32, 0xF6, 0xC1, 0xE7, 0xCD, 0xBF, 0x60,
    0x1F, 0x97, 0xF9, 0xA6, 0x87, 0x0B, 0xCC, 0xAB, 0x01, 0x18, 0x9D, 0x49, 0x9D, 0xDC, 0x01, 0x5C,
    0x50, 0x87, 0xA6, 0xCB, 0xA7, 0xAF, 0x9D, 0x12, 0xC1, 0xD9, 0x81, 0xFD, 0xB9, 0xBE, 0x73, 0x09,
    0x34, 0x4F, 0x55, 0x8D, 0x97, 0x27, 0xA8, 0x09, 0xA0, 0x76, 0x19, 0xEC, 0xF4, 0xA3, 0x60, 0x08,
    0x70, 0xAC, 0x8C, 0x82, 0x16, 0x8D, 0x02, 0x6A, 0xA7, 0x32, 0x95, 0x57, 0xF1, 0x83, 0xAA, 0x12,
    0x15, 0x9A, 0xCD, 0x39, 0xD5, 0xBE, 0xD9, 0x4E, 0xAA, 0xC4, 0xAA, 0xCE, 0xF4, 0xDC, 0x42, 0x9E,
    0xAC, 0x9D, 0x35, 0xE2, 0xFC, 0x6C, 0xCE, 0xDA, 0x11, 0x73, 0x45, 0x33, 0x1C, 0xE7, 0xF3, 0xBA,
    0xB0, 0x6D, 0x78, 0x65, 0xF3, 0xE8, 0xB7, 0xC2, 0xCB, 0x5B, 0x7A, 0x1D, 0x5E, 0xED, 0xA2, 0xC1,
    0xCE, 0x87, 0xFB, 0xB4, 0xF2, 0x4A, 0xD9, 0xDD, 0xC3, 0xE7, 0x4B, 0xC2, 0xE7, 0x13, 0x2E, 0x58,
    0x06, 0xEC, 0x1A, 0xCB, 0xAB, 0xBD, 0x70, 0xAC, 0x5E, 0xDF, 0xBE, 0xA4, 0x9A, 0xD2, 0xF1, 0x9A,
    0x13, 0xE5, 0xF2, 0xCA, 0x29, 0x3A, 0xF6, 0x9C, 0x9C, 0x92, 0x30, 0x3C, 0x53, 0x00, 0xBC, 0x4E,
    0x1A, 0x24, 0x6E, 0x1A, 0xD8, 0x70, 0x59, 0xA5, 0xCA, 0x20, 0x9D, 0x8F, 0x1D, 0xC5, 0x79, 0xF8,
    0x7B, 0x15, 0x29, 0xC2, 0x28, 0x43, 0x51, 0x78, 0xCE, 0xC4, 0xD0, 0x31, 0x86, 0xCD, 0x39, 0x8F,
    0x64, 0xC2, 0xE7, 0xDB, 0x29, 0xE9, 0xB4, 0xC4, 0xEB, 0xC8, 0x04, 0x4A, 0xEC, 0x57, 0x57, 0x44,
    0xF9, 0x81, 0xC8, 0xBA, 0x7F, 0xA0, 0x06, 0x0D, 0xA1, 0x5C, 0x3A, 0x0C, 0xE7, 0x51, 0x3B, 0x76,
    0xB8, 0x0C, 0x31, 0x7E, 0x5D, 0x42, 0xA7, 0x2C, 0x48, 0xDF, 0x3C, 0x00, 0x34, 0x3A, 0x85, 0xF8,
    0xA7, 0xC1, 0x26, 0x54, 0xC3, 0xB8, 0x51, 0x7E, 0x1A, 0x10, 0xE0, 0xF5, 0x1A, 0xDF, 0x61, 0xF8,
    0xFE, 0x47, 0x0C, 0xE9, 0x8B, 0x0C, 0x3D, 0x3E, 0x66, 0xC4, 0x7C, 0x81, 0xEE, 0xCB, 0x75, 0x4A,
    0x2E, 0x18, 0x78, 0x89, 0x0F, 0xF1, 0xF0, 0x1E, 0xEB, 0x67, 0x66, 0xC0, 0xCF, 0xD1, 0x63, 0xE9,
    0xE7, 0x2D, 0x71, 0xEA, 0x2F, 0x68, 0xCC, 0x46, 0xEF, 0x31, 0x44, 0xFB, 0x42, 0x63, 0xC5, 0x6C,
    0x8F, 0xAB, 0xB8, 0x5C, 0xAA, 0x01, 0xD2, 0x78, 0x95, 0x24, 0x48, 0xDC, 0x8E, 0x7F, 0x65, 0x77,
    0xC3, 0x8B, 0xE8, 0x3D, 0x43, 0x73, 0x14, 0x6E, 0x9C, 0x66, 0xA0, 0x53, 0x00, 0xB7, 0x4E, 0x8F,
    0x9F, 0xF2, 0x3C, 0xC1, 0xAF, 0xDC, 0x38, 0x0D, 0xB8, 0x99, 0xA6, 0xCF, 0x87, 0x44, 0x44, 0xB7,
    0xCA, 0x44, 0x6F, 0xF8, 0xAF, 0x11, 0xF0, 0xF0, 0x14, 0x95, 0x01, 0x32, 0x0D, 0x63, 0x2D, 0xA4,
    0x05, 0x88, 0xB6, 0x60, 0xF7, 0xF6, 0xE8, 0x0C, 0x18, 0xA5, 0x68, 0x89, 0xDE, 0x53, 0x60, 0x17,
    0x26, 0x17, 0xA9, 0x75, 0x0C, 0x83, 0x58, 0x2A, 0xE7, 0xF0, 0xCB, 0xDF, 0x37, 0xF1, 0xD4, 0x2D,
    0x56, 0x1D, 0x33, 0xCF, 0x30, 0xCA, 0x42, 0x42, 0xCF, 0x21, 0x29, 0x47, 0xF2, 0x76, 0x85, 0x8A,
    0x7D, 0xB6, 0xA5, 0x75, 0xBF, 0x08, 0x4F, 0x91, 0xC5, 0x9E, 0xD5, 0xBC, 0xB9, 0xBB, 0x21, 0xC4,
    0x59, 0xD4, 0xA0, 0xD2, 0x93, 0xB9, 0x1B, 0x11, 0x98, 0x91, 0x05, 0x21, 0x5C, 0xF3, 0x48, 0x25,
    0xC9, 0x1B, 0x5D, 0x28, 0x28, 0x79, 0x3B, 0x34, 0x70, 0xDD, 0x61, 0x76, 0xAD, 0xE6, 0x9F, 0x63,
    0x4F, 0xFC, 0x52, 0x6C, 0x74, 0x89, 0x6C, 0x8A, 0x41, 0x2E, 0x20, 0xB9, 0xB8, 0x3D, 0xD9, 0xC3,
    0xC1, 0xA4, 0x76, 0x1D, 0x55, 0xBC, 0x06, 0x77, 0xC6, 0xD8, 0x90, 0x8F, 0x86, 0xFE, 0x40, 0x26,
    0xAA, 0x6F, 0xC1, 0x14, 0xB2, 0x3D, 0x03, 0x83, 0x46, 0x0E, 0x94, 0x3D, 0xDB, 0x5D, 0x42, 0x71,
    0x2C, 0xE8, 0x21, 0xF7, 0x99, 0xE2, 0xF4, 0xCD, 0x80, 0x15, 0xAF, 0xB2, 0x28, 0x9E, 0xD0, 0x67,
    0x17, 0xC4, 0xF9, 0x0C, 0x7D, 0x10, 0x6C, 0x06, 0x6C, 0x34, 0x83, 0x6C, 0xE7, 0x81, 0x70, 0x98,
    0x6A, 0xE9, 0x12, 0xBA, 0x3D, 0x3A, 0x49, 0xE5, 0x3F, 0x25, 0x9B, 0xED, 0x94, 0x5A, 0x89, 0x44,
    0xE3, 0x0C, 0x18, 0xDA, 0xA2, 0xFD, 0x76, 0x44, 0xD1, 0x0B, 0xF7, 0x2A, 0x9E, 0x87, 0xF0, 0xFA,
    0xAC, 0x98, 0xDB, 0x1E, 0xBA, 0x5A, 0x64, 0x86, 0xD3, 0x4F, 0xDF, 0xA0, 0xBA, 0x4E, 0x98, 0xD8,
    0x48, 0xD2, 0xB3, 0x04, 0x78, 0x80, 0x4A, 0x77, 0x48, 0x89, 0x63, 0x8B, 0x60, 0x72, 0x63, 0xA7,
    0x4D, 0x1D, 0x81, 0x64, 0x30, 0xCB, 0x31, 0x47, 0xCD, 0x02, 0x16, 0x78, 0xF0, 0x68, 0x7A, 0xB5,
    0xFC, 0xEC, 0x29, 0xD5, 0x10, 0xFF, 0x4D, 0x03, 0x03, 0x64, 0xDC, 0x3B, 0x94, 0xF4, 0x07, 0x06,
    0xD1, 0xAC, 0x06, 0xE0, 0x43, 0x35, 0x6A, 0xFC, 0x87, 0x3E, 0x1E, 0xF5, 0xDD, 0x3B, 0x0C, 0xED,
    0x9F, 0x32, 0x60, 0x8C, 0xDB, 0xF0, 0x49, 0x15, 0xDB, 0x81, 0x0E, 0x16, 0xC8, 0x05, 0x4A, 0x2E,
    0x90, 0x8E, 0x30, 0x90, 0x08, 0x18, 0x24, 0xF0, 0x8D, 0x48, 0x17, 0x71, 0xC6, 0x7E, 0x08, 0xB5,
    0x24, 0x70, 0x9F, 0x00, 0x06, 0xCA, 0x18, 0x70, 0x4A, 0xB9, 0xA4, 0xD1, 0x9B, 0x79, 0x22, 0x0A,
    0x54, 0x3D, 0x33, 0x6A, 0x9A, 0x3A, 0x0F, 0xE7, 0x35, 0xA5, 0x8D, 0x9A, 0xE0, 0x60, 0x3C, 0x68,
    0x95, 0x17, 0x63, 0x83, 0x01, 0xA3, 0xC5, 0xC4, 0x89, 0x1C, 0xE1, 0x4B, 0x87, 0xEB, 0x29, 0x95,
    0xAF, 0x39, 0xC5, 0x0A, 0x4F, 0x33, 0xD2, 0xDF, 0x87, 0xFA, 0x13, 0x5A, 0x57, 0x43, 0xA8, 0xA9,
    0xB9, 0x47, 0x48, 0x23, 0xEB, 0x50, 0x57, 0xA0, 0xDE, 0x16, 0xE6, 0x48, 0x7B, 0x4A, 0xB8, 0xFF,
    0x69, 0xF1, 0x40, 0x1A, 0x8B, 0xAE, 0x0F, 0xED, 0x7A, 0x09, 0x2E, 0x61, 0xB0, 0x35, 0xEE, 0xC5,
    0x2D, 0x28, 0xCF, 0x4B, 0x8A, 0x3B, 0xC3, 0x2C, 0x94, 0xEE, 0xCF, 0x1D, 0xFE, 0xE6, 0x3A, 0x1C,
    0x64, 0xB6, 0x0C, 0x88, 0xDA, 0xE7, 0xCB, 0x67, 0xDC, 0xE9, 0x53, 0x24, 0x3B, 0x2D, 0xB7, 0x9D,
    0x8C, 0x02, 0x11, 0x43, 0x06, 0x38, 0x45, 0x48, 0x83, 0xE0, 0xF0, 0xC6, 0xFA, 0x0E, 0x44, 0xB2,
    0x6D, 0xB2, 0xD0, 0x70, 0x04, 0x66, 0x19, 0x4E, 0x2C, 0x30, 0x24, 0x79, 0x40, 0x2D, 0x22, 0x85,
    0x05, 0x3E, 0x98, 0xD8, 0xF4, 0xF3, 0x5A, 0xD7, 0x88, 0x08, 0x8C, 0xC8, 0xF6, 0x0D, 0xBF, 0xA2,
    0xF9, 0x6D, 0xB2, 0x3A, 0x63, 0x54, 0x85, 0x96, 0xDE, 0x5D, 0x22, 0xAC, 0x40, 0x22, 0xD8, 0x22,
    0x99, 0x27, 0xCA, 0xDB, 0x54, 0x83, 0x4B, 0x52, 0x75, 0xF7, 0xE8, 0xCC, 0x07, 0x55, 0xD6, 0x8C,
    0xBC, 0xB3, 0x2C, 0x12, 0x21, 0x15, 0x3D, 0xAB, 0x9D, 0x1C, 0x63, 0x7A, 0xE9, 0xEB, 0x0C, 0x1A,
    0xAB, 0xA1, 0x15, 0x9D, 0x7D, 0x10, 0x15, 0x6A, 0x46, 0x73, 0x04, 0x76, 0xEB, 0x1B, 0xDE, 0xDE,
    0x63, 0xFF, 0x31, 0xC3, 0x57, 0x7F, 0x21, 0xEE, 0x8D, 0x77, 0x19, 0xDA, 0x8F, 0x62, 0xA7, 0xD6,
    0xE1, 0x53, 0xB4, 0x50, 0x0F, 0x74, 0xBA, 0xCE, 0x85, 0x1B, 0x6A, 0xA8, 0xF4, 0x1F, 0x28, 0xD5,
    0xE4, 0x3D, 0x3B, 0x02, 0x45, 0x51, 0xA2, 0xEE, 0xCB, 0xC4, 0xD9, 0x84, 0x08, 0x37, 0x56, 0x40,
    0x20, 0x11, 0xEA, 0xF5, 0x08, 0xBD, 0xF8, 0x90, 0x16, 0x10, 0x49, 0x35, 0xE0, 0x9A, 0x6B, 0xAA,
    0xE2, 0x2C, 0xBD, 0x4B, 0x73, 0xC2, 0xFC, 0x2B, 0x22, 0xD2, 0xA6, 0xED, 0x7D, 0x89, 0x09, 0x2C,
    0x9E, 0x65, 0x5A, 0xCA, 0xA3, 0xFF, 0x35, 0xA7, 0xD9, 0xA1, 0xDF, 0x14, 0xCF, 0x52, 0xF3, 0x64,
    0xBD, 0x47, 0x2C, 0xAF, 0xB9, 0xC6, 0xFE, 0xCD, 0xEF, 0x47, 0x06, 0x19, 0xF7, 0xA4, 0x1A, 0x59,
    0x97, 0x13, 0x48, 0xB5, 0xA2, 0x5B, 0x24, 0xED, 0x5E, 0xEF, 0x10, 0x99, 0x90, 0x36, 0x1A, 0x82,
    0x88, 0xDC, 0xDC, 0x88, 0xF5, 0x92, 0xE9, 0x75, 0x96, 0x6F, 0x8B, 0x6A, 0x94, 0x35, 0x80, 0x4D,
    0x05, 0x23, 0xD5, 0xC8, 0x66, 0xA9, 0x7F, 0x9F, 0x80, 0xB2, 0x49, 0x3F, 0xEE, 0x03, 0x75, 0x7C,
    0xEC, 0x24, 0x3B, 0x60, 0x04, 0x48, 0xF3, 0xCF, 0xA5, 0x1D, 0x00, 0xD9, 0x16, 0x00, 0xD6, 0x97,
    0x06, 0xC0, 0x97, 0x13, 0x94, 0x19, 0x8E, 0x28, 0xC0, 0xAC, 0xC0, 0x1F, 0x30, 0x7C, 0xBF, 0xC3,
    0xA7, 0x90, 0x25, 0x5D, 0xBF, 0x10, 0xA9, 0x5E, 0x85, 0xEC, 0xD6, 0xC8, 0x88, 0x51, 0xAC, 0x48,
    0x87, 0x85, 0xB6, 0x1E, 0x29, 0xA8, 0x48, 0xB5, 0x60, 0x7C, 0xA0, 0xEA, 0x90, 0x98, 0x4E, 0x8E,
    0x0A, 0x27, 0x0D, 0x9F, 0xC4, 0x79, 0x6C, 0x19, 0x97, 0x43, 0x23, 0xAC, 0x1A, 0x2F, 0x5E, 0x09,
    0x54, 0xBC, 0x60, 0x5C, 0xBD, 0xEA, 0xAB, 0xE7, 0x6C, 0xFD, 0xED, 0xAB, 0x44, 0x44, 0xF7, 0x6A,
    0xEF, 0xBD, 0xC1, 0x6D, 0xF7, 0xF6, 0x1B, 0x6A, 0x5A, 0x8C, 0xB3, 0xF6, 0x0F, 0xEB, 0xBF, 0xBD,
    0xBE, 0x73, 0xA1, 0xFD, 0x56, 0xFA, 0x24, 0x09, 0x0D, 0x3D, 0xB0, 0x7E, 0xEB, 0xCC, 0x0D, 0x52,
    0xB9, 0x4D, 0xD7, 0x8E, 0x15, 0x80, 0x34, 0x01, 0xC0, 0x3F, 0xF9, 0x2B, 0x86, 0x8F, 0xDE, 0x24,
    0x1A, 0x30, 0x1F, 0x7D, 0xEF, 0xAA, 0x4F, 0xF0, 0xF8, 0xD5, 0xCB, 0xA4, 0x71, 0x9A, 0x4F, 0x3E,
    0xE6, 0x03, 0x7E, 0xC7, 0xF0, 0x4B, 0xFA, 0x07, 0xA6, 0x6B, 0x20, 0xA0, 0xC7, 0xC2, 0x80, 0xA8,
    0x91, 0x14, 0x63, 0x84, 0x4A, 0x04, 0x9D, 0xDA, 0x9A, 0x3A, 0x6A, 0xE8, 0xB0, 0x54, 0x3A, 0xF0,
    0x37, 0xB4, 0x47, 0xFD, 0x21, 0x47, 0xE9, 0xDF, 0x61, 0xC5, 0xC6, 0x96, 0xED, 0x31, 0x18, 0xA1,
    0x68, 0xF0, 0x89, 0xC0, 0x8A, 0x18, 0x62, 0x47, 0x09, 0x9A, 0xE2, 0x3B, 0xE1, 0xAB, 0xA7, 0xBB,
    0xA7, 0x58, 0x35, 0xA2, 0x7D, 0xD4, 0x00, 0x90, 0xF6, 0xF5, 0xD8, 0x2E, 0x6F, 0x91, 0x96, 0x40,
    0xCD, 0xD1, 0x34, 0x46, 0x80, 0x35, 0x81, 0x18, 0x2C, 0xC8, 0x55, 0xB1, 0xE8, 0x4A, 0x31, 0xE2,
    0xA0, 0xD6, 0xE4, 0x58, 0x38, 0xD8, 0xE9, 0x31, 0xDC, 0xF9, 0x11, 0xD3, 0x6E, 0xFA, 0xDF, 0xD3,
    0x29, 0x1E, 0x9C, 0x0F, 0xB4, 0xD3, 0x90, 0x53, 0x0C, 0x3F, 0x73, 0xAD, 0x63, 0x68, 0xE3, 0x92,
    0x96, 0x39, 0x66, 0xCC, 0xF4, 0x43, 0xDE, 0x6B, 0xEE, 0x7C, 0x24, 0xE8, 0xDD, 0xE4, 0x50, 0x19,
    0x08, 0x7D, 0xE8, 0xD7, 0x84, 0xAC, 0xE2, 0x12, 0x3A, 0x11, 0xA9, 0x47, 0xE6, 0xCE, 0xCD, 0x14,
    0x71, 0x49, 0x66, 0x7A, 0x27, 0xCE, 0xC3, 0xB4, 0xBE, 0xF6, 0x91, 0x5B, 0xB0, 0x03, 0x3E, 0xBF,
    0x5D, 0xE3, 0xF3, 0x74, 0x48, 0x0C, 0x42, 0xFB, 0xCD, 0x37, 0x19, 0x57, 0xCD, 0x97, 0x5C, 0xDC,
    0x3F, 0xB1, 0xA8, 0x19, 0xE9, 0x79, 0x81, 0x43, 0xAD, 0x6A, 0x9E, 0xA7, 0xFB, 0x53, 0x23, 0x43,
    0xCB, 0xFE, 0x98, 0x28, 0xC4, 0x52, 0x91, 0xF9, 0xB6, 0xCF, 0x98, 0x7B, 0xCC, 0x6F, 0x92, 0x98,
    0xB9, 0xD9, 0x35, 0x7C, 0xB8, 0x08, 0x3F, 0x8E, 0x0C, 0x3F, 0xA7, 0x8E, 0xA8, 0x8F, 0x3C, 0xD3,
    0x3F, 0x42, 0xF2, 0x3F, 0x42, 0x55, 0xAB, 0x7C, 0x2E, 0x9A, 0x84, 0x06, 0x3E, 0x97, 0x0B, 0xCC,
    0xEE, 0xC8, 0xC0, 0xE7, 0xC0, 0x03, 0x29, 0xAD, 0x44, 0x3C, 0xC3, 0x13, 0x29, 0x16, 0xB1, 0x5F,
    0x82, 0x9D, 0x2D, 0x1D, 0xBE, 0x83, 0x09, 0x17, 0xE7, 0xAB, 0xD9, 0x68, 0x89, 0x5A, 0x80, 0xA7,
    0x13, 0x51, 0x45, 0x1C, 0x5A, 0xA1, 0x85, 0x1A, 0x54, 0x73, 0x6D, 0x17, 0xA1, 0x35, 0x83, 0x11,
    0x5E, 0x2D, 0x65, 0xF1, 0xE9, 0xFC, 0xD8, 0x27, 0xED, 0xDD, 0xEA, 0xEA, 0xB1, 0x8E, 0x61, 0x31,
    0xB3, 0x93, 0x0B, 0x30, 0x18, 0x9E, 0x03, 0x77, 0xB1, 0x62, 0xFB, 0xC7, 0x9E, 0x9A, 0x4C, 0xDD,
    0x1A, 0xA9, 0xF8, 0x56, 0x68, 0x7E, 0x84, 0xA8, 0x22, 0x55, 0x7B, 0x21, 0x20, 0xFE, 0x6E, 0x25,
    0x3A, 0x29, 0x17, 0x1A, 0xA9, 0x9E, 0x81, 0x1D, 0x11, 0x85, 0x5A, 0xBE, 0x1E, 0x4F, 0x12, 0x43,
    0xE1, 0x71, 0x07, 0x7B, 0xCC, 0xCB, 0x36, 0x35, 0x1C, 0xBE, 0x1B, 0x16, 0x45, 0x3C, 0x71, 0x26,
    0xC6, 0x6B, 0x59, 0xAA, 0x24, 0x2C, 0xAD, 0xD9, 0x2F, 0x24, 0xB2, 0xDB, 0x94, 0x71, 0x98, 0x9C,
    0xB4, 0xF3, 0x92, 0x50, 0xE0, 0xA1, 0xBC, 0x30, 0xB9, 0x01, 0x54, 0xC7, 0xA0, 0x25, 0xD0, 0x14,
    0x88, 0x05, 0x22, 0x06, 0x5D, 0xC0, 0xE0, 0x51, 0xD2, 0x87, 0xEC, 0xAB, 0xDE, 0x43, 0x20, 0xE0,
    0xC7, 0xF1, 0x74, 0x48, 0x38, 0x7A, 0xE0, 0xB9, 0x48, 0x51, 0xE5, 0xE7, 0x20, 0x9F, 0x6A, 0x01,
    0x06, 0x08, 0xFB, 0x51, 0x68, 0x7B, 0x47, 0xD3, 0x49, 0x99, 0xDF, 0x22, 0x0B, 0x31, 0x1B, 0x53,
    0xD2, 0xE4, 0xD7, 0xC1, 0xC3, 0xE8, 0x63, 0xE3, 0xE7, 0x99, 0x03, 0xF2, 0x64, 0x3F, 0xAC, 0x4B,
    0x3E, 0xA2, 0x62, 0xF4, 0x07, 0x8C, 0x5E, 0x93, 0x91, 0xA2, 0xA6, 0xFA, 0x32, 0xEA, 0xAB, 0x29,
    0x0E, 0xF9, 0xBD, 0xC0, 0x8A, 0x72, 0x53, 0xBF, 0xC9, 0x55, 0x6A, 0xFD, 0x88, 0xE5, 0x71, 0xED,
    0x51, 0x28, 0xD9, 0xC7, 0xC9, 0x12, 0xED, 0xF1, 0x08, 0x28, 0x15, 0xC7, 0xB9, 0x2E, 0x51, 0x55,
    0xFB, 0x3E, 0x79, 0xE6, 0xFC, 0xEC, 0x61, 0x21, 0x68, 0x60, 0x40, 0xD7, 0x06, 0x63, 0x25, 0xD0,
    0x48, 0x51, 0x9D, 0x39, 0x62, 0xA3, 0x79, 0x08, 0x8C, 0x9D, 0x8D, 0xEB, 0x04, 0xA6, 0x6F, 0xBA,
    0x04, 0xB6, 0x6B, 0x01, 0x1C, 0xD7, 0x56, 0x04, 0x45, 0x8F, 0xA1, 0x46, 0x64, 0x4C, 0xF0, 0x0F,
    0x82, 0x19, 0x80, 0x16, 0xCE, 0xAB, 0x99, 0x59, 0xBA, 0x59, 0x9E, 0xA1, 0x59, 0x51, 0x33, 0x33,
    0xC4, 0x92, 0x63, 0x35, 0x33, 0x6F, 0x2B, 0xEA, 0x72, 0xBF, 0xDA, 0x57, 0x54, 0x5D, 0x96, 0x53,
    0xDF, 0x8D, 0x60, 0xA2, 0x69, 0x51, 0x53, 0x2D, 0x75, 0x14, 0x7C, 0xE8, 0x49, 0x91, 0xA8, 0xD9,
    0x31, 0x23, 0x3B, 0x20, 0x9A, 0x3C, 0xE7, 0xE9, 0x49, 0x45, 0x69, 0x33, 0x23, 0x3E, 0x2E, 0xF1,
    0xA2, 0xE4, 0xD2, 0xC4, 0xA6, 0xD3, 0x17, 0xEA, 0x4D, 0x9B, 0xDA, 0x68, 0x4E, 0x2D, 0x92, 0x22,
    0xE7, 0xCE, 0x1D, 0x5D, 0x44, 0xF4, 0xD6, 0x5C, 0x9E, 0xA0, 0xC3, 0x40, 0x3A, 0x33, 0x80, 0xA8,
    0x08, 0x40, 0xD2, 0x06, 0x70, 0x8F, 0x92, 0x53, 0x00, 0xBF, 0x89, 0xE6, 0x18, 0xC0, 0xA2, 0x6D,
    0x7A, 0x72, 0x9D, 0x5C, 0x40, 0xA4, 0x32, 0xB7, 0xB8, 0x68, 0x53, 0x05, 0x02, 0xA8, 0x7E, 0x1E,
    0x58, 0x7E, 0x10, 0x61, 0x50, 0xEA, 0xDB, 0x70, 0xF5, 0xC3, 0x81, 0x67, 0x93, 0x7A, 0xA3, 0xBF,
    0x1D, 0xE0, 0xE9, 0x64, 0xFD, 0xDA, 0xCE, 0xE3, 0xF4, 0xDF, 0xAA, 0x93, 0x3E, 0x9A, 0xAC, 0xA8,
    0xB9, 0xE2, 0x75, 0xD5, 0x7C, 0x0E, 0x24, 0x3D, 0xF4, 0xF1, 0x12, 0xDD, 0x40, 0x63, 0xCE, 0x71,
    0xD4, 0x9E, 0x5A, 0x20, 0xE1, 0x59, 0x85, 0xD1, 0x80, 0x81, 0xB5, 0x93, 0xDB, 0x24, 0x90, 0xB7,
    0xB3, 0x31, 0xC8, 0x78, 0xBA, 0x45, 0x8F, 0xD9, 0x82, 0xEA, 0x06, 0x6F, 0x95, 0xBA, 0x5D, 0xBE,
    0x5D, 0x4E, 0x64, 0x2C, 0x31, 0x46, 0x64, 0xC6, 0xA8, 0x1B, 0x3A, 0x1B, 0xCE, 0x59, 0x25, 0x22,
    0x1A, 0x1D, 0xD5, 0x69, 0x7E, 0xC2, 0xA8, 0x0E, 0x53, 0x4F, 0x55, 0xA8, 0x67, 0xCA, 0x7A, 0x9B,
    0xA9, 0xA7, 0xCD, 0xD4, 0xE3, 0x80, 0x7A, 0xDC, 0x3E, 0xF5, 0x84, 0x7B, 0xA8, 0x67, 0xA4, 0x1B,
    0x13, 0xC7, 0xC1, 0x65, 0x56, 0x47, 0x63, 0xAE, 0x5D, 0x7B, 0x8C, 0xC1, 0xB2, 0xBD, 0x26, 0x34,
    0xD4, 0xA2, 0xC2, 0xB0, 0x90, 0x9A, 0xD3, 0x3B, 0x16, 0xE9, 0xDA, 0xBE, 0xF9, 0x0E, 0x86, 0x4A,
    0x7D, 0xAA, 0x1D, 0x75, 0x8E, 0x6C, 0x16, 0xD6, 0x27, 0x8F, 0xC7, 0x2A, 0x17, 0x4E, 0xA9, 0x22,
    0x71, 0x97, 0xA8, 0xCF, 0xE4, 0xB2, 0x1E, 0x90, 0x41, 0x53, 0x1E, 0xD5, 0x90, 0xAE, 0xDD, 0x90,
    0x3E, 0xDD, 0x90, 0xCE, 0xDC, 0xD0, 0x04, 0x8C, 0xB7, 0xC8, 0x56, 0x56, 0x53, 0xF6, 0x9B, 0xB7,
    0xF9, 0x7A, 0xAD, 0x1D, 0x72, 0x0F, 0x30, 0x53, 0xF7, 0xD7, 0x51, 0x86, 0x5C, 0x54, 0xBC, 0x2E,
    0xE1, 0x15, 0xD9, 0x67, 0xD2, 0x05, 0x5B, 0x35, 0xDE, 0xF0, 0xB4, 0xB7, 0x89, 0x67, 0x7F, 0xB0,
    0x63, 0xFC, 0xF4, 0x06, 0xC6, 0x9B, 0x1E, 0x27, 0xA9, 0xB4, 0x60, 0x79, 0x68, 0xF0, 0x7B, 0x4C,
    0x6F, 0xC2, 0xE0, 0x48, 0xBB, 0x77, 0x30, 0x54, 0xBE, 0xBB, 0xFB, 0x47, 0xDB, 0xBB, 0x17, 0xA1,
    0x12, 0x2C, 0x2E, 0xD3, 0x7D, 0xA2, 0x52, 0x63, 0xF9, 0x41, 0xF3, 0x72, 0xFA, 0x56, 0xF4, 0xD5,
    0xEA, 0x39, 0xE3, 0xB6, 0xED, 0x17, 0x89, 0x3E, 0xDD, 0x09, 0x84, 0xF8, 0x66, 0xBD, 0x38, 0xF3,
    0xEE, 0x57, 0xA5, 0xC7, 0x57, 0xFA, 0xD0, 0x3C, 0x08, 0x62, 0x06, 0xED, 0x26, 0xE0, 0x41, 0xF3,
    0x47, 0x31, 0x6A, 0xA1, 0xF6, 0x02, 0xAC, 0xF8, 0xE3, 0x5D, 0xFC, 0x59, 0x29, 0x2B, 0x50, 0x66,
    0xB2, 0x87, 0x13, 0x4D, 0xAB, 0xB1, 0x01, 0x80, 0x3D, 0xD8, 0x96, 0x10, 0xDE, 0x01, 0xDE, 0xED,
    0xBC, 0x0C, 0xFB, 0x41, 0xA4, 0x7D, 0xDC, 0x77, 0x9E, 0xE5, 0x2D, 0x64, 0xEE, 0xC2, 0x0C, 0x55,
    0x8E, 0xB9, 0x9D, 0x03, 0x3A, 0x0E, 0xA0, 0xE0, 0xE7, 0xEA, 0x18, 0x7C, 0x2D, 0x66, 0xE7, 0x15,
    0x03, 0xC1, 0xD7, 0x22, 0xC1, 0x68, 0x8B, 0x51, 0x0F, 0x8B, 0xDB, 0xA2, 0xE0, 0x59, 0x69, 0x49,
    0x9C, 0xEA, 0x78, 0x43, 0x62, 0x39, 0x44, 0x1B, 0x69, 0x77, 0x4F, 0xC0, 0xCF, 0x48, 0x1C, 0x00,
    0xD9, 0x4F, 0x4C, 0xF6, 0x64, 0x93, 0x03, 0x6D, 0x96, 0x7D, 0x0D, 0x75, 0x78, 0x7D, 0xF7, 0x02,
    0x5B, 0x64, 0x7C, 0xDE, 0x7E, 0x3C, 0xB6, 0xBE, 0x73, 0x11, 0x48, 0x2F, 0x99, 0xE0, 0xBA, 0x89,
    0xA7, 0x6E, 0x94, 0xF8, 0x3E, 0x24, 0x13, 0x23, 0x62, 0xAE, 0x82, 0x74, 0xFA, 0xE5, 0xBD, 0x98,
    0xC6, 0x6C, 0xF4, 0x5F, 0xDE, 0xBD, 0x00, 0x7F, 0xB1, 0xC9, 0xFB, 0x09, 0x7F, 0x28, 0x68, 0xDD,
    0x0C, 0x31, 0xB6, 0xA8, 0xAC, 0xDB, 0x21, 0x15, 0x80, 0x64, 0x2F, 0xD9, 0xDB, 0xC7, 0xA8, 0xFC,
    0xB6, 0x23, 0x3D, 0xC5, 0x31, 0xD3, 0xFA, 0x37, 0xBE, 0x58, 0xA7, 0x6E, 0xCD, 0x7D, 0x19, 0x64,
    0xFA, 0x54, 0x9D, 0x04, 0xF3, 0xA1, 0xFD, 0xE5, 0xD3, 0x98, 0x1B, 0x18, 0xBE, 0xE8, 0x62, 0x86,
    0x4F, 0x56, 0x69, 0x0B, 0xE5, 0x0B, 0x6C, 0xA2, 0x6A, 0x46, 0xD6, 0xE3, 0xA1, 0x50, 0x56, 0xB3,
    0x00, 0x1B, 0x71, 0x97, 0xA1, 0x43, 0x4F, 0x9C, 0xBE, 0xF6, 0x5F, 0xC5, 0xD3, 0x31, 0x18, 0xF8,
    0x9D, 0xA0, 0x16, 0xA1, 0xBC, 0x1B, 0x6E, 0xA6, 0x48, 0xF2, 0x63, 0x0C, 0x5F, 0x47, 0x79, 0x8D,
    0xAB, 0x19, 0xBE, 0x78, 0x8D, 0xEC, 0x88, 0x86, 0x32, 0x5F, 0x4C, 0xDF, 0x15, 0xDC, 0xF9, 0xA7,
    0x8C, 0xD0, 0x1F, 0x81, 0x6F, 0x0B, 0x5A, 0xEF, 0xC9, 0xF9, 0xD6, 0x1D, 0x41, 0xE2, 0xEF, 0xD2,
    0xEC, 0x8E, 0xF4, 0xA2, 0x59, 0x2A, 0xDF, 0xF9, 0x91, 0xF2, 0xCD, 0x29, 0x8D, 0xCB, 0x37, 0xD6,
    0x7E, 0xA5, 0xAC, 0xFD, 0x3E, 0x14, 0x6B, 0x17, 0xFD, 0x47, 0xB0, 0x0A, 0xDD, 0xC5, 0x57, 0xD1,
    0x1C, 0xF0, 0x87, 0xC4, 0xD6, 0xB0, 0xDF, 0x64, 0x49, 0x49, 0x78, 0x2D, 0xFB, 0x8D, 0x50, 0x2D,
    0xA2, 0x78, 0xD3, 0x5B, 0x3E, 0x8A, 0xF6, 0xFB, 0xD8, 0xAB, 0xE4, 0x11, 0x77, 0xFE, 0xBF, 0x7B,
    0x8B, 0x8B, 0xE8, 0xCD, 0xA6, 0x97, 0x5F, 0x56, 0x1A, 0x63, 0xA4, 0x8C, 0x2B, 0x84, 0x4B, 0x64,
    0x19, 0xBF, 0x10, 0x98, 0xCF, 0xE7, 0x48, 0xD3, 0x7D, 0x21, 0xFD, 0xD1, 0xD7, 0x89, 0xB8, 0x8C,
    0x2B, 0xBB, 0x5F, 0xEB, 0x39, 0x93, 0x38, 0x6E, 0x87, 0x45, 0x4B, 0x99, 0xEF, 0x06, 0x8E, 0x9B,
    0x3E, 0xA1, 0xCC, 0x0F, 0x83, 0x7B, 0xCC, 0x9F, 0xFE, 0xDF, 0xC4, 0xE7, 0x02, 0x95, 0x7B, 0x81,
    0xE8, 0xBE, 0x18, 0x90, 0xFE, 0x47, 0x1A, 0x9A, 0x7D, 0x9D, 0x19, 0xDC, 0xBC, 0x9E, 0x22, 0x34,
    0x85, 0x6A, 0x9E, 0x63, 0xE8, 0xD5, 0x43, 0x59, 0xFB, 0xED, 0xFD, 0x64, 0xF2, 0x3D, 0x03, 0x50,
    0x8C, 0xF3, 0xC9, 0x10, 0xCB, 0x60, 0xE4, 0xF8, 0x75, 0x03, 0xA5, 0xA8, 0x2A, 0x61, 0x84, 0x55,
    0xE9, 0x77, 0x55, 0xF1, 0xD5, 0xAD, 0xC2, 0x7A, 0xE4, 0x8A, 0xF6, 0xE8, 0x1D, 0x57, 0xD0, 0xED,
    0xDA, 0x72, 0x2C, 0xC5, 0x88, 0xBC, 0xD2, 0x3E, 0x0E, 0x00, 0xC6, 0x5B, 0x31, 0xEB, 0x01, 0x7E,
    0xBB, 0xC5, 0xAA, 0x94, 0xD3, 0x3B, 0x85, 0x11, 0x14, 0x58, 0x96, 0x1D, 0xAA, 0xB0, 0xC9, 0x7D,
    0x03, 0x9B, 0x4E, 0xDA, 0x21, 0x3D, 0x31, 0x76, 0xEA, 0x2D, 0xC0, 0x8C, 0xCA, 0xE7, 0x39, 0xA6,
    0xEB, 0x00, 0x98, 0x55, 0xF9, 0x02, 0x3D, 0x56, 0x2E, 0xF0, 0x8F, 0xB5, 0x2F, 0x71, 0x24, 0xC8,
    0x2C, 0x47, 0x82, 0x64, 0x70, 0x48, 0x60, 0x26, 0x03, 0xA7, 0x27, 0xD0, 0x2D, 0x94, 0x9F, 0xC6,
    0x4E, 0x5C, 0x20, 0xE0, 0xF1, 0x29, 0x74, 0xEB, 0x3E, 0x2C, 0x30, 0xE4, 0x7A, 0x79, 0x96, 0xE8,
    0x21, 0x20, 0xBD, 0x8E, 0x33, 0x3B, 0x17, 0xD9, 0x75, 0xDC, 0xD9, 0xF7, 0xD6, 0xC4, 0x31, 0x7C,
    0x7A, 0xEB, 0xED, 0xFA, 0xBA, 0x4F, 0x2F, 0x88, 0xB8, 0xE4, 0x7D, 0x80, 0x53, 0x66, 0x05, 0xE8,
    0x02, 0xEC, 0xA4, 0xB7, 0x6E, 0xCA, 0xEB, 0x66, 0xF0, 0x1A, 0xBD, 0xD9, 0xFD, 0xB3, 0x60, 0x3F,
    0x78, 0xB3, 0x6D, 0xB2, 0xE9, 0x67, 0x9C, 0x4E, 0x93, 0xEC, 0xDA, 0x19, 0xE7, 0x12, 0x29, 0x14,
    0x0D, 0xDA, 0xD9, 0xB4, 0x1E, 0x8B, 0x01, 0xE6, 0xD7, 0x71, 0x4A, 0xD3, 0xE8, 0xE2, 0xAD, 0x11,
    0x8C, 0x31, 0x33, 0xFB, 0xAB, 0xF0, 0xDE, 0xCE, 0xE4, 0xBA, 0x4D, 0x6A, 0x92, 0x5C, 0x7A, 0xBD,
    0x79, 0x8C, 0xC8, 0xEA, 0x3A, 0xB5, 0xA7, 0x15, 0x5D, 0x24, 0xAD, 0xEF, 0xBA, 0xDE, 0x11, 0x15,
    0xF7, 0x0B, 0xC3, 0x17, 0xD7, 0x1F, 0xE1, 0xD8, 0x14, 0xE3, 0x4A, 0x48, 0x65, 0x88, 0x46, 0x60,
    0x46, 0xDD, 0x24, 0x28, 0xCD, 0xA8, 0x8F, 0x5F, 0xBC, 0x12, 0x26, 0x33, 0xEA, 0xA3, 0xAB, 0x57,
    0x7E, 0x12, 0xD1, 0xCE, 0xF7, 0xAE, 0xBC, 0x1B, 0xCE, 0xA8, 0xE8, 0xA3, 0x2B, 0xEF, 0x51, 0x19,
    0xA2, 0xEF, 0x5F, 0xF9, 0x80, 0x1A, 0x20, 0xFA, 0x27, 0x57, 0x52, 0x76, 0x09, 0x5F, 0xB9, 0x2E,
    0x10, 0xAA, 0x07, 0x32, 0x28, 0x94, 0x8C, 0x2B, 0x1D, 0xF5, 0x40, 0x31, 0x72, 0xAE, 0xA4, 0xEE,
    0x03, 0x4B, 0x17, 0xDA, 0x57, 0xDE, 0x0F, 0x1E, 0xC8, 0x9B, 0x77, 0x5E, 0x78, 0x37, 0x7E, 0x20,
    0xEF, 0xBC, 0xFC, 0x68, 0x58, 0x7D, 0x20, 0x7F, 0xAF, 0xA5, 0x87, 0x53, 0x0F, 0x20, 0x28, 0x1C,
    0x17, 0x34, 0x67, 0x09, 0x66, 0xDA, 0x49, 0x41, 0x0F, 0xE7, 0xDA, 0x3D, 0x37, 0x21, 0xD8, 0x76,
    0xF5, 0x48, 0x0B, 0xF3, 0x25, 0xE5, 0x10, 0xBF, 0x4D, 0x64, 0x78, 0x6A, 0x44, 0xF6, 0x8F, 0x05,
    0xB7, 0xCB, 0xE0, 0x2D, 0x66, 0x82, 0xAC, 0x89, 0x8F, 0x1F, 0x2E, 0xC7, 0x72, 0xF9, 0xA9, 0x50,
    0x46, 0x4F, 0x87, 0xD0, 0x3F, 0x56, 0xAF, 0xAF, 0xEF, 0x39, 0x16, 0xF1, 0xB1, 0xF7, 0x42, 0x86,
    0x0F, 0xB2, 0x50, 0x40, 0x39, 0xD6, 0x51, 0x13, 0xAB, 0xE5, 0xF2, 0xD3, 0x91, 0x68, 0xFE, 0xE0,
    0xAE, 0xF5, 0xBA, 0xB8, 0x6B, 0x8C, 0x5D, 0x86, 0xDC, 0x95, 0x90, 0x03, 0x4A, 0x58, 0x37, 0x71,
    0x42, 0xC0, 0x64, 0xCA, 0xB7, 0xA6, 0x37, 0x26, 0x38, 0xD7, 0x43, 0x84, 0x9E, 0x2A, 0x22, 0xB6,
    0xD4, 0x1B, 0xC6, 0xF3, 0xDE, 0x9B, 0x91, 0xD1, 0x48, 0xE4, 0x97, 0x92, 0x68, 0x7F, 0xD8, 0xA3,
    0xA4, 0x53, 0x65, 0x91, 0x66, 0xB9, 0x2C, 0xBC, 0x35, 0xF3, 0xD5, 0x9A, 0x3E, 0xFB, 0xDC, 0x6D,
    0xCF, 0x96, 0xCB, 0x6C, 0xE9, 0x9B, 0xB6, 0x98, 0x32, 0xF6, 0x30, 0xAA, 0xBD, 0xAF, 0xF2, 0x97,
    0xFA, 0x8F, 0xD8, 0x37, 0xEC, 0x07, 0x47, 0xE5, 0x99, 0xC1, 0x83, 0xE2, 0xFE, 0x04, 0x99, 0x83,
    0xCE, 0xDC, 0x07, 0x13, 0xFD, 0xB9, 0x12, 0x99, 0x93, 0xC7, 0x63, 0x9E, 0x81, 0x30, 0xB6, 0xA6,
    0x34, 0x56, 0xDA, 0x21, 0x3E, 0x11, 0x65, 0xA0, 0x65, 0xF5, 0x1C, 0x88, 0x2B, 0xE8, 0xCF, 0x25,
    0x74, 0xF6, 0x15, 0x8D, 0x6C, 0x93, 0x4B, 0x96, 0xCD, 0x9C, 0xC1, 0xB6, 0xB5, 0xA7, 0x6E, 0x95,
    0x4F, 0xCD, 0xDB, 0xAE, 0xB4, 0x54, 0x87, 0x07, 0x1B, 0x08, 0x7C, 0x7E, 0x28, 0x86, 0x9F, 0xE0,
    0x1F, 0x45, 0x7F, 0xB7, 0x59, 0xFC, 0x2B, 0xFB, 0x34, 0xEA, 0x6B, 0xA2, 0x9D, 0xC2, 0xE1, 0xDD,
    0x4E, 0xAF, 0x1B, 0x97, 0x63, 0xB5, 0xFD, 0x75, 0x65, 0xDC, 0x09, 0xE4, 0x0D, 0x7C, 0x06, 0x47,
    0x7E, 0xE9, 0x42, 0x43, 0xAA, 0x26, 0x30, 0xB3, 0x57, 0x8B, 0xAC, 0xF4, 0x5D, 0xAA, 0xE0, 0x0C,
    0x44, 0x57, 0xE0, 0x13, 0xAC, 0x07, 0x38, 0x2E, 0xC3, 0x92, 0xA8, 0x6D, 0x1D, 0x96, 0x1B, 0xA4,
    0xC8, 0x1B, 0x7F, 0xA1, 0x60, 0x38, 0x98, 0xAF, 0x28, 0x78, 0xB8, 0x6D, 0x5B, 0xE9, 0xBD, 0x1E,
    0x20, 0x17, 0xE6, 0x82, 0x05, 0xFB, 0x91, 0x14, 0x2E, 0x8E, 0xB4, 0x43, 0x95, 0xF9, 0x5C, 0x31,
    0x63, 0x1C, 0x36, 0xE2, 0x1E, 0x89, 0x06, 0x70, 0x6B, 0x14, 0x65, 0xFA, 0xCC, 0x79, 0x2A, 0xC3,
    0xEF, 0xA2, 0x24, 0x13, 0xED, 0x2E, 0x8F, 0xDB, 0x51, 0xC7, 0x25, 0xA0, 0x32, 0x70, 0x45, 0xDA,
    0xE3, 0xA0, 0x21, 0x6E, 0x5E, 0x49, 0x65, 0xE1, 0xD7, 0x88, 0xC9, 0xA6, 0xD6, 0x98, 0xAC, 0xE0,
    0x9A, 0x7F, 0x90, 0xBB, 0x43, 0x7E, 0x09, 0x35, 0xD5, 0xC9, 0xDB, 0xDE, 0xE1, 0xFA, 0xEE, 0x25,
    0x18, 0x99, 0x38, 0xA6, 0x79, 0x0C, 0xFB, 0x02, 0x50, 0x8E, 0x88, 0xFD, 0xEA, 0x20, 0x90, 0x98,
    0xC3, 0x0B, 0x25, 0x52, 0x37, 0x25, 0x38, 0x49, 0xC6, 0xE3, 0x02, 0x62, 0xAA, 0x8E, 0x2A, 0x32,
    0x9F, 0xF4, 0x80, 0xCC, 0x77, 0x47, 0x21, 0xAA, 0xC8, 0x2E, 0xE0, 0x09, 0x5D, 0xBB, 0x85, 0x96,
    0xE9, 0x22, 0xA8, 0x98, 0xAA, 0xD0, 0x8A, 0x18, 0xCC, 0x80, 0x2A, 0x75, 0x75, 0xC3, 0xF6, 0xE7,
    0x40, 0xBB, 0xB9, 0x30, 0x5F, 0xEC, 0x6D, 0xA9, 0xED, 0x28, 0x3F, 0xA5, 0x2A, 0x7A, 0xDC, 0x41,
    0x04, 0x8A, 0x15, 0x60, 0xFC, 0xA8, 0x62, 0xB9, 0x56, 0x38, 0xD2, 0x0E, 0x13, 0xA2, 0x9E, 0x5A,
    0x67, 0xB8, 0x63, 0x5B, 0xA4, 0x9F, 0x63, 0xDC, 0xF1, 0x91, 0x90, 0x88, 0xA8, 0x7C, 0xE6, 0xFC,
    0x45, 0x02, 0x19, 0x3C, 0x56, 0xF0, 0xA1, 0xA0, 0x1D, 0x2C, 0x97, 0x69, 0x89, 0xC0, 0x7A, 0xC2,
    0x05, 0x9D, 0xD9, 0x16, 0xC3, 0xAC, 0xE5, 0xD2, 0xBD, 0xA3, 0x79, 0x81, 0x5A, 0xDA, 0x01, 0x14,
    0x85, 0x14, 0x95, 0x9C, 0xA2, 0xE4, 0xD8, 0x00, 0xFE, 0x47, 0x00, 0xB5, 0x03, 0x8E, 0xA5, 0xE9,
    0x75, 0xC0, 0xF6, 0xE9, 0xF1, 0x53, 0xF6, 0xC1, 0x69, 0x81, 0x27, 0x83, 0x7D, 0xB4, 0xC4, 0xF3,
    0x25, 0x9A, 0x12, 0xA7, 0x18, 0xB3, 0x20, 0xA2, 0x97, 0x1F, 0x01, 0x9D, 0x19, 0x0D, 0x3C, 0x61,
    0x38, 0x13, 0xB4, 0xA4, 0xA4, 0x3F, 0x50, 0xA3, 0xDA, 0xFD, 0xFE, 0x40, 0x3D, 0xC6, 0xF4, 0x17,
    0x6C, 0x44, 0x63, 0x20, 0xBE, 0x71, 0x9E, 0x7E, 0x15, 0xD9, 0xB1, 0x8B, 0x1E, 0xB0, 0x80, 0x09,
    0x71, 0x72, 0x8C, 0x01, 0xB1, 0xEC, 0xBF, 0x8B, 0x63, 0x54, 0x86, 0x05, 0x92, 0x47, 0xED, 0xF4,
    0x9F, 0xE1, 0xD8, 0xF6, 0x19, 0x1C, 0xFB, 0x57, 0x44, 0x2F, 0xAB, 0xEB, 0x20, 0x1B, 0x38, 0x5F,
    0xFF, 0x0D, 0x11, 0xD1, 0xAB, 0x25, 0x43, 0xFA, 0xD1, 0x10, 0x32, 0x65, 0xC9, 0x95, 0x41, 0x8C,
    0x68, 0x30, 0xC0, 0xB1, 0xCA, 0xFD, 0x56, 0x83, 0xE7, 0x37, 0x0D, 0xCD, 0xB7, 0x23, 0x40, 0xCE,
    0xDD, 0x82, 0xC2, 0xD8, 0x55, 0x39, 0xD2, 0x76, 0xAC, 0x5B, 0xE5, 0xD3, 0x1D, 0xEB, 0xA8, 0xD3,
    0x4E, 0x7B, 0x4D, 0x7B, 0xFE, 0x10, 0x31, 0x15, 0x75, 0x64, 0x9E, 0x6F, 0x37, 0x33, 0xAF, 0x13,
    0x91, 0x46, 0xF9, 0x79, 0x23, 0x4D, 0x36, 0xA9, 0x1D, 0xDE, 0xF3, 0x17, 0x37, 0xA9, 0x1D, 0x18,
    0x88, 0xC8, 0x76, 0x9A, 0x0C, 0x38, 0x06, 0x92, 0xC3, 0xCE, 0x85, 0xFF, 0x15, 0x30, 0x99, 0xBE,
    0x77, 0x8D, 0x8E, 0xB5, 0x7B, 0x7C, 0x6C, 0x85, 0x8E, 0x55, 0xB2, 0x53, 0x9E, 0x11, 0x50, 0x23,
    0x70, 0xA5, 0x79, 0x12, 0x70, 0x35, 0x2E, 0x06, 0x43, 0xAD, 0x56, 0x04, 0x9D, 0x27, 0x12, 0x02,
    0xC3, 0xAD, 0x40, 0xB8, 0xDA, 0x58, 0x62, 0xAC, 0x66, 0xE8, 0xFC, 0x56, 0x99, 0xC7, 0xC1, 0x0E,
    0xDB, 0x59, 0x38, 0x42, 0x1F, 0x51, 0xFE, 0xCA, 0x00, 0x8F, 0x5D, 0x92, 0xC9, 0x7C, 0x70, 0x78,
    0x02, 0x8F, 0xB5, 0x64, 0xE6, 0x0B, 0x46, 0xC0, 0x7C, 0xE8, 0xF8, 0x79, 0xF0, 0x3F, 0x8C, 0x7A,
    0xA1, 0xA7, 0x32, 0xE6, 0x58, 0xCF, 0xCA, 0xC3, 0x79, 0xCF, 0x28, 0x81, 0x3F, 0x79, 0x62, 0x1C,
    0x18, 0x7D, 0xC8, 0x3B, 0xFE, 0xE1, 0x75, 0x0C, 0xD0, 0x39, 0xD4, 0x7B, 0x7C, 0xAA, 0x5B, 0xB2,
    0x03, 0x49, 0xA5, 0xB3, 0xDE, 0x97, 0xDE, 0x90, 0x7B, 0x3E, 0xFD, 0x67, 0xAA, 0xFC, 0x45, 0xEA,
    0x89, 0xCC, 0xFB, 0xD5, 0x03, 0x30, 0x49, 0xD2, 0xB1, 0x81, 0x3E, 0x08, 0xC0, 0x7B, 0xD5, 0x60,
    0x04, 0x32, 0x12, 0x37, 0x7B, 0x24, 0x23, 0x7A, 0x91, 0x8C, 0xFB, 0xA1, 0x33, 0x36, 0xCF, 0xAE,
    0xC3, 0x09, 0x3E, 0xD5, 0xCE, 0x42, 0xC6, 0xB2, 0x71, 0xBF, 0xCC, 0x8C, 0xC6, 0xC9, 0x67, 0x2F,
    0x12, 0xAB, 0xE2, 0xC1, 0x32, 0x04, 0x6F, 0x93, 0x5D, 0x6F, 0x7D, 0x9D, 0x99, 0xB8, 0xFD, 0x44,
    0x00, 0xC8, 0xE9, 0xEC, 0xDF, 0x5C, 0xC1, 0xD8, 0x1E, 0x34, 0x8D, 0x22, 0x26, 0x42, 0xB1, 0x27,
    0xAC, 0xE9, 0xF8, 0xB8, 0x41, 0xB3, 0x86, 0x5A, 0xD2, 0x3A, 0x0F, 0x22, 0x5C, 0xC9, 0x4A, 0xA5,
    0x00, 0x8F, 0xF3, 0xFD, 0xB7, 0x14, 0xE9, 0xAE, 0xEB, 0xD4, 0xE1, 0xE1, 0xD6, 0x4F, 0x4E, 0xB0,
    0xAB, 0xA0, 0xEF, 0x29, 0xE0, 0x96, 0x3A, 0x07, 0x66, 0x43, 0x0C, 0xDC, 0xE5, 0xC1, 0xB2, 0x35,
    0xBA, 0x5D, 0xF1, 0x67, 0xB1, 0xE8, 0x2B, 0xC2, 0x49, 0xFA, 0x51, 0xB3, 0x07, 0x40, 0x99, 0xB4,
    0xF5, 0x92, 0x28, 0xAE, 0x49, 0x3B, 0x81, 0x97, 0xEB, 0x62, 0x7B, 0xFC, 0xBA, 0xCF, 0x0E, 0x4D,
    0xA9, 0xBA, 0x1E, 0x83, 0xF3, 0xB5, 0x80, 0x43, 0x95, 0xB5, 0xF4, 0x1B, 0x4F, 0xD5, 0x5B, 0x15,
    0x6E, 0x83, 0xB1, 0x97, 0x2F, 0xC9, 0xCB, 0x47, 0x22, 0x57, 0x23, 0x99, 0x7B, 0x20, 0x0D, 0x8B,
    0xEB, 0x3B, 0xD2, 0x2C, 0xF9, 0x9A, 0x54, 0x79, 0xAD, 0x3F, 0x3E, 0x39, 0xFA, 0xF6, 0x3A, 0xE0,
    0xEC, 0x45, 0x0B, 0xB3, 0x3B, 0xDA, 0x08, 0xD0, 0x88, 0x50, 0xF3, 0x08, 0xAB, 0x66, 0xDF, 0x08,
    0x43, 0x4E, 0xE0, 0x3E, 0x01, 0x75, 0x10, 0x98, 0x98, 0x24, 0xD2, 0xC1, 0xFC, 0x10, 0xA2, 0x23,
    0x76, 0x74, 0xE6, 0x1E, 0x47, 0xFD, 0x1D, 0xDA, 0x92, 0x40, 0xEF, 0x65, 0x75, 0x1C, 0x2F, 0x3F,
    0x25, 0xF4, 0x72, 0x8F, 0xC2, 0xB8, 0x8A, 0x97, 0xF3, 0x38, 0x0C, 0xC9, 0x8A, 0x26, 0x38, 0x2E,
    0xAB, 0x3B, 0x16, 0x3C, 0x76, 0x80, 0x55, 0xD1, 0x99, 0x2E, 0x31, 0xA4, 0x32, 0x1B, 0xA6, 0x1E,
    0xD3, 0x9B, 0x61, 0xB4, 0x5B, 0x15, 0x74, 0xEE, 0x57, 0xFC, 0xBA, 0x88, 0xA2, 0x6A, 0x49, 0x28,
    0x78, 0x01, 0x31, 0xE0, 0x1C, 0xAC, 0x1E, 0xDB, 0xCF, 0x7F, 0xB1, 0x4D, 0x1D, 0x23, 0xC7, 0x96,
    0x7F, 0xEC, 0xA4, 0xDF, 0x78, 0x34, 0x54, 0x31, 0x2A, 0x2F, 0xCC, 0x1E, 0x6B, 0xCB, 0x20, 0x76,
    0xF1, 0xB1, 0xDB, 0xD4, 0x03, 0xFE, 0x51, 0x4B, 0x7C, 0x2D, 0x0F, 0xAB, 0xC9, 0xBD, 0xC1, 0x8F,
    0x9A, 0x0B, 0x62, 0xFF, 0x7C, 0x9B, 0x6C, 0x26, 0x30, 0xC7, 0x35, 0x33, 0x30, 0xD2, 0x6F, 0x60,
    0xE4, 0x8F, 0x07, 0x55, 0x55, 0x4B, 0x20, 0x2F, 0xA0, 0xF6, 0x80, 0xB8, 0x40, 0x00, 0x9D, 0x5A,
    0x62, 0x04, 0xB4, 0x9B, 0x80, 0x67, 0x67, 0x35, 0x05, 0x2A, 0xE6, 0x18, 0x58, 0x1E, 0x83, 0xED,
    0x32, 0x38, 0x7C, 0x9F, 0xCA, 0x82, 0x40, 0x81, 0xA1, 0x53, 0x05, 0x98, 0xE9, 0x51, 0xA5, 0xAF,
    0x29, 0xE7, 0x65, 0x26, 0xF6, 0x6D, 0x8D, 0x88, 0x7D, 0xA3, 0x4F, 0xEC, 0x53, 0x4A, 0x82, 0x76,
    0x46, 0x3F, 0x9F, 0x47, 0xCC, 0x9A, 0x76, 0x96, 0x83, 0x4F, 0x43, 0x7A, 0x1D, 0x2A, 0xB3, 0x4A,
    0x8C, 0x1B, 0x7C, 0x6C, 0x35, 0x7B, 0xD9, 0xF9, 0x0C, 0xD5, 0x00, 0x33, 0xF2, 0x91, 0x20, 0x90,
    0x7E, 0xD4, 0xC2, 0xB1, 0x4B, 0x78, 0xBE, 0xAF, 0x72, 0x1D, 0xE3, 0x0D, 0xEA, 0x3C, 0x6A, 0xBA,
    0x6A, 0xBC, 0x11, 0xF2, 0x4C, 0x20, 0xE3, 0x72, 0x07, 0xB1, 0x0B, 0x79, 0x92, 0x15, 0x1C, 0xB3,
    0x61, 0x7B, 0x2C, 0x94, 0xF3, 0xB6, 0xF8, 0xC0, 0xF3, 0x8E, 0xAA, 0xC1, 0xEF, 0x91, 0x2F, 0xE8,
    0x09, 0x26, 0x8B, 0xE5, 0x5B, 0xB9, 0x10, 0x53, 0x85, 0xF2, 0x0F, 0xB3, 0xAF, 0x5B, 0x4B, 0x21,
    0xC3, 0x48, 0x9C, 0xDE, 0xB9, 0x2E, 0x1D, 0xF9, 0x11, 0x58, 0x9F, 0x29, 0x89, 0x02, 0x87, 0xA7,
    0x10, 0xDE, 0x43, 0x2C, 0xA4, 0x5E, 0x3E, 0x35, 0xC6, 0x61, 0x59, 0x74, 0x85, 0x32, 0xD0, 0xA8,
    0x25, 0x59, 0x60, 0xD7, 0xEA, 0x31, 0x99, 0x4B, 0x4E, 0x5D, 0x84, 0xA7, 0x36, 0x1C, 0x56, 0x12,
    0x4F, 0x24, 0x11, 0x5D, 0xA3, 0x71, 0xB1, 0x06, 0x90, 0x38, 0xAC, 0x05, 0x65, 0x89, 0x38, 0xAC,
    0xD3, 0x22, 0x4E, 0x43, 0x1C, 0x76, 0x3B, 0x8F, 0xE1, 0xB8, 0xBC, 0x9E, 0xE4, 0xD1, 0xBF, 0xF2,
    0x76, 0x88, 0xF1, 0x10, 0xEA, 0x55, 0x1E, 0xBC, 0xEA, 0xF4, 0xFE, 0xEC, 0xA6, 0xEC, 0xBB, 0xDE,
    0xEF, 0x8A, 0x05, 0x41, 0x70, 0x58, 0xE0, 0x2F, 0xC1, 0x61, 0x33, 0xBF, 0x88, 0xC9, 0xE1, 0x90,
    0xCC, 0x29, 0xE9, 0x7D, 0x38, 0xFC, 0x3D, 0xE0, 0xFE, 0xAD, 0xDF, 0x14, 0xE5, 0xE9, 0xD6, 0x30,
    0x88, 0xB7, 0x39, 0x34, 0x4A, 0xF2, 0x62, 0x94, 0x14, 0x11, 0xDC, 0x5D, 0x2E, 0x99, 0x98, 0x2D,
    0xDB, 0x8E, 0x55, 0x97, 0xEA, 0xE2, 0x2C, 0xF5, 0x9F, 0x0D, 0x3E, 0xCB, 0x14, 0x4E, 0xA1, 0x77,
    0x19, 0x38, 0xFA, 0x93, 0x8E, 0x81, 0x9A, 0x62, 0xAD, 0x8B, 0x68, 0xCA, 0xD8, 0x89, 0xA0, 0xAF,
    0xDE, 0xA2, 0x23, 0xC4, 0x6F, 0x63, 0x10, 0xB1, 0xA7, 0x77, 0x33, 0xE3, 0x93, 0x6D, 0xB8, 0xDA,
    0xE3, 0xE9, 0xAB, 0x4F, 0xD5, 0x3B, 0xD2, 0x71, 0x92, 0x2F, 0x28, 0x4D, 0x6C, 0xA0, 0xBE, 0x7D,
    0x91, 0x17, 0x26, 0xC5, 0xD1, 0x92, 0x01, 0x83, 0x16, 0xCB, 0x90, 0x65, 0x8B, 0x6A, 0x86, 0xDE,
    0xF3, 0xA1, 0xA2, 0x90, 0x57, 0x06, 0x07, 0x84, 0x50, 0xB6, 0x93, 0x51, 0x20, 0x6E, 0xCF, 0x5D,
    0xB3, 0x29, 0x7E, 0xC5, 0x26, 0xDD, 0x27, 0x96, 0x71, 0x80, 0x48, 0xC6, 0x01, 0x22, 0x99, 0x23,
    0x00, 0x30, 0x58, 0x7D, 0x6B, 0xDA, 0x3E, 0x03, 0x0B, 0x44, 0xB3, 0x77, 0x0F, 0x62, 0x3D, 0x9C,
    0xAF, 0x71, 0x2B, 0x80, 0xC3, 0x7E, 0xB1, 0x4E, 0x36, 0x71, 0x9F, 0xC3, 0x3E, 0x55, 0x2F, 0x97,
    0x84, 0x49, 0xB9, 0x45, 0x8E, 0xBB, 0xF7, 0xAC, 0x50, 0x98, 0x54, 0xE7, 0xD3, 0x98, 0x54, 0x3C,
    0x5D, 0x62, 0x11, 0x47, 0x95, 0x9C, 0x37, 0x3D, 0x30, 0x29, 0x80, 0x1A, 0x40, 0x55, 0xA0, 0x29,
    0x10, 0x33, 0x68, 0x91, 0xE9, 0x2D, 0x13, 0xAF, 0x0A, 0x19, 0x6C, 0xDF, 0xF4, 0x09, 0x30, 0x24,
    0x1F, 0xA9, 0x18, 0x4C, 0x95, 0x98, 0x54, 0x69, 0x94, 0x49, 0x19, 0x19, 0x93, 0x62, 0x17, 0xF7,
    0x17, 0xD4, 0x24, 0x3D, 0xF0, 0xBA, 0x1A, 0x8F, 0x7F, 0x32, 0x3C, 0xE9, 0xB8, 0xD4, 0xEA, 0xEC,
    0x21, 0xD5, 0xE2, 0xE9, 0x33, 0xD7, 0xD0, 0x5F, 0x56, 0xB2, 0x7E, 0x91, 0x9B, 0xAE, 0xB1, 0x97,
    0xED, 0x48, 0x3F, 0x02, 0x4A, 0x55, 0xB3, 0xA9, 0x3F, 0xB1, 0xA0, 0x16, 0x01, 0xA9, 0x7F, 0xDF,
    0x38, 0x73, 0xBE, 0x44, 0xFD, 0xDB, 0xE2, 0x96, 0xA1, 0xFE, 0xBD, 0xB3, 0xB1, 0xC3, 0xB3, 0x8D,
    0xA4, 0x3F, 0xED, 0xC3, 0x69, 0x1E, 0x57, 0x54, 0xF9, 0xA2, 0x78, 0x4D, 0xF3, 0x27, 0xA9, 0xFF,
    0xBD, 0xBA, 0xFF, 0xBC, 0x82, 0x20, 0xFA, 0x03, 0xD0, 0xBC, 0x13, 0x32, 0x3A, 0xD4, 0x1F, 0x26,
    0xA8, 0x3F, 0x14, 0xB3, 0xFE, 0x70, 0xDF, 0x01, 0x1A, 0x47, 0x7F, 0x2E, 0xDA, 0x33, 0xE8, 0x0F,
    0xAA, 0xD1, 0x61, 0xF1, 0xD7, 0xC8, 0x71, 0xA4, 0x51, 0xC3, 0xF2, 0x39, 0x94, 0x99, 0xE4, 0x5A,
    0x47, 0x54, 0x8D, 0x87, 0xFB, 0x1A, 0xC7, 0xD3, 0x5D, 0x16, 0x9B, 0x66, 0x3A, 0x60, 0xF8, 0x44,
    0x4B, 0xCE, 0x9F, 0x85, 0x80, 0x42, 0x03, 0x56, 0x80, 0xAA, 0x36, 0x56, 0xD8, 0xFF, 0x4C, 0x37,
    0x53, 0x15, 0x23, 0x6C, 0x10, 0x43, 0xAB, 0x58, 0x3E, 0x22, 0xBA, 0x2A, 0x8E, 0x0B, 0xDF, 0x7A,
    0x65, 0x95, 0xB4, 0xAC, 0x58, 0x55, 0x12, 0x0E, 0x79, 0xA9, 0x9C, 0x60, 0x60, 0x67, 0xBC, 0xC2,
    0x04, 0x56, 0x02, 0xFB, 0x03, 0x26, 0xA9, 0x9A, 0x96, 0xD6, 0xCF, 0xD6, 0x89, 0x3D, 0x1F, 0xC0,
    0x84, 0x1D, 0x89, 0xB6, 0xB1, 0x31, 0xD7, 0x6B, 0x03, 0xC1, 0xB1, 0x1E, 0x34, 0xDF, 0x44, 0x20,
    0xCF, 0x3B, 0xD5, 0x54, 0x16, 0x90, 0x43, 0x3B, 0x1D, 0x01, 0xBB, 0xFF, 0xAB, 0x96, 0xF0, 0x31,
    0x82, 0x1D, 0x4C, 0x9E, 0x6F, 0xD2, 0x4E, 0x28, 0x83, 0xD6, 0xF3, 0x11, 0x31, 0x04, 0xFA, 0xB5,
    0x55, 0xE3, 0x9D, 0x4E, 0xC2, 0x00, 0x95, 0x93, 0xA0, 0x84, 0x81, 0x03, 0x7A, 0x37, 0x68, 0x4D,
    0x4E, 0xEA, 0xB1, 0xD6, 0xB4, 0x06, 0xCD, 0xB9, 0xC7, 0x2A, 0x84, 0xFD, 0x01, 0x73, 0xF9, 0xA2,
    0x96, 0xBE, 0x5A, 0xAE, 0xB7, 0xAA, 0x63, 0x1D, 0xA1, 0x4F, 0x54, 0x06, 0x34, 0x4B, 0x93, 0x55,
    0x2D, 0x0E, 0xEE, 0xA4, 0x1E, 0xBC, 0xC4, 0x2F, 0xB7, 0xC2, 0xE1, 0xC8, 0x70, 0x01, 0xDC, 0xCB,
    0x9C, 0xE7, 0x88, 0x95, 0x31, 0x22, 0x6B, 0xC0, 0x90, 0xFA, 0x34, 0x56, 0x10, 0x16, 0x2B, 0xA7,
    0x77, 0x04, 0xA7, 0xAB, 0xD9, 0xB8, 0x4F, 0x3E, 0x27, 0x49, 0x3D, 0xF2, 0x12, 0x1E, 0xCE, 0xB1,
    0x7F, 0x19, 0xC9, 0xC0, 0x92, 0x46, 0x08, 0xCD, 0x4D, 0x61, 0x69, 0x96, 0xBF, 0xCA, 0x98, 0x73,
    0x1D, 0x8C, 0x11, 0x93, 0x0C, 0x47, 0x31, 0xF3, 0x36, 0xB3, 0x15, 0x2D, 0xC5, 0x74, 0xB9, 0x0B,
    0x43, 0x16, 0xFB, 0x48, 0xEF, 0x94, 0x2A, 0x9F, 0xFD, 0x44, 0x25, 0xB6, 0xDF, 0x75, 0xCE, 0xB9,
    0x05, 0x35, 0xF1, 0x15, 0xEA, 0xEF, 0x8E, 0x9B, 0x4B, 0x7B, 0x25, 0x22, 0xA9, 0x7B, 0x4B, 0x4D,
    0x89, 0x7B, 0x6F, 0x8A, 0x17, 0xBD, 0x29, 0x2A, 0xDF, 0x6B, 0xE8, 0x3B, 0x83, 0x81, 0xF6, 0x9E,
    0x58, 0xC0, 0x74, 0x2C, 0x8D, 0x46, 0x41, 0x45, 0x93, 0x3C, 0x40, 0xCF, 0xF1, 0xCF, 0x00, 0x17,
    0x4D, 0x08, 0x30, 0xEF, 0x0A, 0x7C, 0x66, 0xCC, 0x0A, 0x52, 0xC6, 0x62, 0xB3, 0xC6, 0x59, 0xD5,
    0xC1, 0x62, 0x5B, 0x23, 0x5C, 0xEA, 0x55, 0x6E, 0x1C, 0xB7, 0x2F, 0xA6, 0x97, 0xA8, 0x3A, 0x79,
    0x22, 0x1C, 0xC9, 0x07, 0xB0, 0x40, 0x22, 0x07, 0x0C, 0xEE, 0xEA, 0x51, 0xFD, 0x75, 0xF8, 0xFC,
    0xE3, 0x4C, 0x3E, 0x64, 0xFA, 0x6A, 0x66, 0x79, 0xCC, 0xB2, 0x8E, 0x24, 0xD0, 0x8E, 0x19, 0x6A,
    0x02, 0xAA, 0x31, 0x0E, 0x8E, 0x44, 0x75, 0x65, 0x20, 0x62, 0xA5, 0x21, 0xCE, 0xA0, 0x86, 0x30,
    0x99, 0x86, 0x28, 0xA2, 0x0D, 0xC5, 0x03, 0x1A, 0x1D, 0x4B, 0x68, 0xE0, 0x65, 0x1C, 0xCA, 0x3D,
    0xB6, 0x3B, 0xE4, 0x59, 0xC9, 0xC3, 0xD0, 0xB5, 0x7B, 0x17, 0xC7, 0x23, 0x8D, 0x88, 0x10, 0xD7,
    0xAA, 0x32, 0xD4, 0x4D, 0xE0, 0x90, 0xC0, 0x82, 0x6B, 0x26, 0x34, 0x6E, 0x6C, 0x21, 0x68, 0xDF,
    0x62, 0xB5, 0xA3, 0x62, 0x9F, 0x47, 0x84, 0xC4, 0xD4, 0x92, 0x78, 0x7B, 0xF3, 0x63, 0x5E, 0xE2,
    0xE9, 0xF2, 0x56, 0xB9, 0x24, 0xEC, 0x37, 0xA9, 0xC5, 0x67, 0xDB, 0x54, 0x68, 0x92, 0x71, 0x0B,
    0x06, 0xC7, 0x47, 0x16, 0x04, 0xF2, 0x02, 0x55, 0x01, 0x2A, 0xD7, 0xC3, 0xB4, 0x89, 0x30, 0xDF,
    0x3D, 0x46, 0x28, 0x14, 0x41, 0xDB, 0x35, 0x76, 0x13, 0xF0, 0x5D, 0x9D, 0x1A, 0xB1, 0x4B, 0x3D,
    0x77, 0xDA, 0x35, 0x65, 0xB8, 0x28, 0xF7, 0x42, 0x17, 0x65, 0x58, 0x15, 0xBE, 0xBB, 0xC8, 0x7C,
    0x77, 0x8F, 0x03, 0xF9, 0x90, 0x10, 0xD1, 0x92, 0x3A, 0x89, 0x66, 0x74, 0xBC, 0x62, 0xEF, 0xB6,
    0x58, 0x7D, 0x0D, 0x31, 0xFA, 0x98, 0x6B, 0x08, 0xD9, 0x4C, 0xD5, 0xD7, 0x53, 0x26, 0x9B, 0x8C,
    0xAB, 0xAF, 0x7C, 0x8F, 0x87, 0x15, 0xE3, 0xC6, 0x96, 0x9A, 0x2E, 0xE5, 0xFC, 0x86, 0x13, 0xD4,
    0x6E, 0xF5, 0xD4, 0x33, 0x7A, 0xE7, 0x6C, 0x4C, 0xFD, 0x7C, 0xED, 0x41, 0x15, 0x5B, 0x3C, 0xAC,
    0x14, 0x2B, 0x47, 0x5E, 0x7E, 0xC1, 0xE0, 0xB0, 0x90, 0x82, 0x5E, 0x0F, 0x59, 0xE7, 0x25, 0x26,
    0x10, 0x6B, 0x08, 0x88, 0xA1, 0x33, 0x39, 0x2E, 0x8E, 0x8A, 0x62, 0x6E, 0xF8, 0xAA, 0x5B, 0x81,
    0x41, 0x61, 0x4A, 0xB8, 0xF2, 0xA7, 0x95, 0x61, 0x6D, 0xE0, 0xC7, 0xA4, 0xA6, 0x84, 0x39, 0x66,
    0x87, 0xCA, 0xF9, 0x26, 0x3B, 0x1F, 0x57, 0x31, 0x3C, 0xBD, 0xA2, 0x27, 0x70, 0x60, 0x1D, 0xA2,
    0xFF, 0x23, 0x2D, 0x00, 0xF5, 0x4F, 0xE2, 0x33, 0xC6, 0x6D, 0xD2, 0x21, 0x69, 0xAF, 0x47, 0xF7,
    0x9A, 0x42, 0xBC, 0x4B, 0x84, 0x78, 0x17, 0x86, 0xB3, 0xF1, 0x34, 0x5B, 0xB6, 0xB1, 0x70, 0xE1,
    0x58, 0x88, 0x2F, 0xB3, 0x09, 0xA9, 0xFA, 0xD1, 0xD4, 0xB1, 0xE5, 0x45, 0x4B, 0x50, 0x32, 0x54,
    0x84, 0xE1, 0xD3, 0x82, 0x8A, 0x10, 0x12, 0x93, 0xA8, 0x88, 0x5E, 0x23, 0xBE, 0x30, 0x1D, 0x29,
    0x04, 0x9D, 0x62, 0x7A, 0x35, 0xD5, 0x14, 0x06, 0x72, 0xC6, 0xE4, 0x5F, 0xB2, 0x57, 0xFE, 0xB1,
    0x9C, 0x9E, 0x67, 0xBE, 0x4B, 0x4A, 0x3A, 0xFD, 0x3A, 0x07, 0x1E, 0xF8, 0x10, 0xE6, 0xD2, 0x25,
    0xAA, 0x06, 0x81, 0x5F, 0xC5, 0x38, 0xA8, 0x52, 0x0F, 0x66, 0x71, 0x4A, 0x8E, 0x28, 0xB4, 0x4E,
    0x7D, 0x9B, 0x2A, 0x92, 0x3A, 0x42, 0x45, 0x0B, 0xCF, 0x5E, 0x64, 0x90, 0x50, 0xE0, 0xF0, 0x6C,
    0xEC, 0xD4, 0x7B, 0xEB, 0x21, 0x3A, 0x02, 0xED, 0x1C, 0x40, 0xB6, 0x53, 0x2E, 0xDF, 0x73, 0x6C,
    0x08, 0xED, 0x50, 0xEF, 0xCE, 0xAA, 0xE5, 0x9A, 0x67, 0xBF, 0xC3, 0x0D, 0xB0, 0xA4, 0xF7, 0x4E,
    0x4D, 0x94, 0x2F, 0x49, 0x2F, 0xEE, 0x9C, 0x50, 0xDA, 0xD9, 0x7A, 0xFD, 0x94, 0xDA, 0xE7, 0x4F,
    0x8E, 0x58, 0xD9, 0x63, 0x2B, 0xD0, 0x43, 0x9D, 0x9D, 0x32, 0x43, 0xA6, 0x6B, 0x2D, 0xAB, 0xC1,
    0x96, 0xD4, 0xE0, 0x89, 0xAC, 0x17, 0x8B, 0x61, 0xA3, 0x72, 0xF5, 0xDD, 0x75, 0x56, 0x13, 0x23,
    0x04, 0xF4, 0x8F, 0x82, 0xAA, 0xC8, 0xB1, 0x4A, 0x2E, 0x8B, 0x3D, 0xE5, 0x09, 0xD2, 0x15, 0xAA,
    0x52, 0x8E, 0x17, 0x2C, 0x7C, 0xCC, 0xF2, 0x2F, 0x89, 0xB6, 0x61, 0x7D, 0x84, 0x11, 0xB1, 0xD5,
    0x4A, 0xD1, 0x8B, 0xA8, 0x73, 0x57, 0xB6, 0x14, 0x37, 0xC0, 0x09, 0x09, 0xBD, 0x0F, 0x10, 0x21,
    0x5B, 0x7C, 0xB4, 0x57, 0xD6, 0xCA, 0xBF, 0x3F, 0x68, 0x00, 0x8D, 0x4C, 0xFB, 0x0B, 0x7B, 0xCB,
    0xA0, 0x07, 0x0D, 0xD4, 0xA6, 0x01, 0x70, 0x3C, 0xD3, 0x47, 0x96, 0x81, 0x10, 0xBD, 0x38, 0xD0,
    0x12, 0x6E, 0x1C, 0x55, 0x59, 0x62, 0x1E, 0x39, 0xD5, 0x92, 0xF8, 0xD1, 0xE7, 0xFA, 0x61, 0xA4,
    0xCD, 0xBE, 0x2E, 0x95, 0x4C, 0x97, 0x38, 0x20, 0xA4, 0x2D, 0x14, 0x7A, 0x36, 0x23, 0x54, 0x74,
    0x04, 0x6A, 0xC0, 0xD8, 0xCE, 0x80, 0x35, 0x88, 0xBB, 0x40, 0xBD, 0xBE, 0x31, 0x38, 0x33, 0x01,
    0x69, 0xB0, 0x7D, 0x8A, 0x1A, 0x7B, 0xE9, 0xF6, 0x29, 0x2A, 0xC3, 0x8A, 0x58, 0x7A, 0x0F, 0xAA,
    0xC9, 0x8D, 0xDE, 0x88, 0x1B, 0x33, 0x4B, 0x39, 0xA2, 0x43, 0xD4, 0xCD, 0x8B, 0x51, 0x49, 0xFD,
    0xA1, 0x4A, 0xBF, 0xCD, 0x80, 0xB9, 0xA9, 0x1E, 0xA5, 0x99, 0xE2, 0xC9, 0x7C, 0x70, 0x2A, 0x73,
    0x64, 0x4C, 0x20, 0x8D, 0x90, 0x78, 0x6F, 0x00, 0xE5, 0xF2, 0x19, 0xC5, 0xE1, 0x9B, 0x36, 0x89,
    0x6B, 0xFE, 0x25, 0x71, 0x9B, 0x80, 0xEC, 0x17, 0x8E, 0x0D, 0x7F, 0x7D, 0xDA, 0x31, 0xAD, 0xCB,
    0x65, 0xE8, 0x8B, 0x6B, 0xBD, 0x57, 0x2E, 0x3F, 0x75, 0xA9, 0xD5, 0x97, 0x08, 0x44, 0x4B, 0xAF,
    0x96, 0x46, 0xE6, 0x53, 0x7C, 0x31, 0xF5, 0xEE, 0xC1, 0x68, 0xDD, 0x6D, 0x92, 0x08, 0x35, 0x1C,
    0x21, 0x2D, 0x56, 0xF7, 0x6D, 0xD2, 0x62, 0x6D, 0xE4, 0x54, 0x52, 0x05, 0xD3, 0x8B, 0x0A, 0xEC,
    0x73, 0x6B, 0x34, 0xB9, 0xC5, 0xA6, 0x2E, 0xF4, 0x43, 0xB1, 0xA7, 0x4B, 0xA8, 0x64, 0x12, 0x05,
    0x44, 0x36, 0x75, 0xEF, 0x2C, 0xB1, 0x43, 0xEE, 0xB0, 0x27, 0x04, 0x44, 0xE2, 0x65, 0x02, 0xA5,
    0xDF, 0x99, 0x6D, 0x45, 0x6A, 0xEC, 0x3E, 0x28, 0xDF, 0x3A, 0xED, 0x49, 0x03, 0x78, 0xF2, 0xF2,
    0xEE, 0x41, 0x5A, 0xEC, 0xBE, 0x5E, 0x9C, 0x35, 0x00, 0x38, 0x00, 0x09, 0x6C, 0x52, 0xE5, 0x43,
    0x52, 0x09, 0x59, 0xBF, 0xB6, 0x39, 0xBE, 0x2D, 0x86, 0xEB, 0x07, 0x2A, 0x51, 0x7C, 0x72, 0x63,
    0x83, 0x24, 0xEC, 0x54, 0x51, 0x62, 0xE9, 0x17, 0x8F, 0xD8, 0x70, 0x8F, 0x2F, 0xE6, 0x6D, 0xB8,
    0xB5, 0x7E, 0x33, 0x9E, 0x4C, 0x83, 0x76, 0xBC, 0x88, 0xFC, 0x10, 0xED, 0x58, 0x4E, 0x89, 0x0B,
    0x54, 0x67, 0x81, 0x6A, 0x64, 0x20, 0x3B, 0x1B, 0xD2, 0xD7, 0x1A, 0xF4, 0x7E, 0xB7, 0x4A, 0xEA,
    0xBB, 0x52, 0xB0, 0xC6, 0xD3, 0xD7, 0xF0, 0xAB, 0xA1, 0xB3, 0x19, 0xD1, 0xA0, 0x3E, 0x17, 0xC1,
    0x23, 0x34, 0xFF, 0x0F, 0x22, 0x26, 0xA2, 0x62, 0xC0, 0x44, 0x34, 0x7D, 0x57, 0x22, 0x72, 0x47,
    0x27, 0xF4, 0xF1, 0x3C, 0xAE, 0x08, 0xC9, 0xBE, 0x8A, 0xF0, 0x5F, 0x6C, 0xAB, 0x02, 0x62, 0x83,
    0x1D, 0x0F, 0x33, 0x39, 0x3A, 0x46, 0x44, 0x72, 0x89, 0x1E, 0xD3, 0x21, 0x6B, 0xD9, 0xBA, 0xE2,
    0x2E, 0xE5, 0x2D, 0xB7, 0x68, 0x04, 0x36, 0xD9, 0xCA, 0x64, 0xD6, 0x1C, 0xCA, 0x2F, 0x50, 0x3F,
    0xAF, 0xC8, 0xB8, 0xE3, 0x94, 0x04, 0x98, 0x2A, 0x37, 0x6F, 0x63, 0x6A, 0x71, 0x8C, 0xEB, 0xEA,
    0xEB, 0x11, 0xCF, 0x07, 0x31, 0x42, 0x99, 0xFB, 0xEF, 0x4B, 0x2C, 0xA8, 0xCB, 0x90, 0x63, 0x73,
    0x29, 0xAE, 0xF2, 0x24, 0x91, 0x15, 0x12, 0x80, 0xC4, 0xAC, 0x9C, 0x50, 0xE5, 0xDB, 0x9E, 0x58,
    0x62, 0x4A, 0x2C, 0x31, 0x9E, 0x5D, 0xC0, 0xF0, 0x50, 0xDF, 0xB8, 0x39, 0x34, 0x1A, 0x85, 0xDD,
    0x8F, 0x3C, 0xC8, 0xC9, 0xF8, 0x4F, 0x2E, 0x85, 0x2F, 0xA5, 0x33, 0xAF, 0x61, 0x50, 0xA8, 0x33,
    0xA7, 0x87, 0x9A, 0xA7, 0xAD, 0xCD, 0xC1, 0x9D, 0x6C, 0x04, 0x73, 0xA4, 0x0B, 0x10, 0xC7, 0x99,
    0x23, 0x85, 0xA6, 0x61, 0x79, 0x73, 0x4C, 0xC2, 0x6A, 0x8E, 0xDE, 0xFA, 0xCB, 0x8E, 0x9A, 0xCB,
    0x73, 0x55, 0xD1, 0x2F, 0x6A, 0xF5, 0xDE, 0x9C, 0xDC, 0x77, 0x4E, 0x7C, 0xBE, 0x73, 0x1A, 0x6C,
    0xAC, 0xD2, 0x1C, 0x66, 0x79, 0xA5, 0x31, 0xE0, 0x7C, 0x99, 0x80, 0x28, 0x49, 0xF1, 0x2F, 0x80,
    0x26, 0xD0, 0x0E, 0x05, 0x3C, 0xF4, 0xF1, 0x39, 0xEE, 0x6F, 0xA3, 0x40, 0x8D, 0x35, 0x37, 0xE2,
    0xDC, 0x1B, 0xC6, 0x15, 0x64, 0x68, 0x7D, 0x1D, 0xEA, 0xA6, 0xE1, 0xDB, 0x08, 0xF2, 0xA2, 0x5A,
    0xFC, 0xB9, 0xC3, 0x91, 0x8E, 0x69, 0x67, 0x56, 0xE2, 0x09, 0x48, 0xFF, 0x81, 0x89, 0x7B, 0x25,
    0x9A, 0x65, 0x6F, 0xDC, 0x1B, 0x3E, 0x46, 0x05, 0x8F, 0xAD, 0x7F, 0xB0, 0x33, 0xCB, 0x35, 0x90,
    0xA6, 0x5F, 0xE2, 0x9C, 0x75, 0xB7, 0xCB, 0x48, 0x1D, 0x82, 0x70, 0xBC, 0x59, 0x36, 0x5D, 0x7C,
    0x35, 0x0B, 0x9B, 0xAB, 0x8D, 0xFB, 0x44, 0x83, 0xFB, 0x15, 0xA9, 0x7A, 0x31, 0xB0, 0xBB, 0xD0,
    0x00, 0x2E, 0x70, 0xE0, 0xCE, 0x2C, 0xA7, 0xA4, 0xC1, 0x71, 0xC2, 0xD7, 0xEB, 0xAD, 0x59, 0x99,
    0x78, 0x97, 0x9F, 0x3D, 0xD9, 0x11, 0xCC, 0xC5, 0x08, 0x78, 0xAB, 0xCE, 0x1E, 0x73, 0xB3, 0xF3,
    0x38, 0x3B, 0x52, 0x6B, 0x56, 0x46, 0x86, 0xF2, 0xB3, 0x6A, 0x38, 0xF6, 0x95, 0x05, 0xCD, 0x15,
    0xFB, 0x39, 0x2C, 0xDA, 0x64, 0x79, 0x5F, 0x3C, 0x30, 0x87, 0xC5, 0xDE, 0xA4, 0x10, 0x4B, 0x3A,
    0xF2, 0x3F, 0xB8, 0x05, 0x2D, 0x34, 0x25, 0x87, 0x05, 0xA0, 0xC5, 0xF0, 0x08, 0x6C, 0x52, 0xDF,
    0x7A, 0x22, 0xD4, 0x38, 0xDB, 0x85, 0x4B, 0xCD, 0xE5, 0x5B, 0xBF, 0xCF, 0x5E, 0x08, 0xCE, 0x45,
    0x31, 0xC8, 0x1B, 0x31, 0xC8, 0x84, 0x31, 0x76, 0xCC, 0xBB, 0xFB, 0x29, 0xC3, 0x09, 0xC4, 0x25,
    0x09, 0xD2, 0x7A, 0x0F, 0x39, 0x2C, 0xB6, 0x77, 0xFF, 0x04, 0xD6, 0xE5, 0xC3, 0x21, 0xF7, 0xC3,
    0x3E, 0xB0, 0x1F, 0x93, 0x87, 0x19, 0x06, 0x30, 0xF7, 0xF0, 0x5B, 0xE3, 0x70, 0x85, 0xAE, 0xEB,
    0xC3, 0x17, 0xDE, 0xBA, 0x42, 0xA6, 0xFE, 0xDC, 0xE6, 0xDB, 0x80, 0xF9, 0xA0, 0x4D, 0xA0, 0x16,
    0x3C, 0x03, 0x30, 0xA7, 0x74, 0xC0, 0xBC, 0xE2, 0x5F, 0x74, 0x33, 0xFE, 0x55, 0x7E, 0x9A, 0xE0,
    0x41, 0x39, 0x96, 0xCF, 0x60, 0xA1, 0xBE, 0x0E, 0xC0, 0x29, 0xA1, 0x6A, 0xCD, 0x23, 0xEE, 0x05,
    0x54, 0xA5, 0xFB, 0xED, 0xD1, 0xD0, 0x78, 0xA4, 0x1A, 0x23, 0x4A, 0x7E, 0x05, 0xEA, 0xC1, 0x9D,
    0x9D, 0x27, 0xCF, 0x3F, 0x15, 0xAA, 0x77, 0x7D, 0x1B, 0xC3, 0x14, 0x43, 0xA0, 0x63, 0x27, 0xE9,
    0x58, 0xBD, 0x1E, 0x52, 0xE3, 0x3C, 0x49, 0x3B, 0x17, 0xBF, 0xFD, 0x86, 0xC0, 0x4B, 0x4F, 0x22,
    0x6B, 0xD3, 0xB7, 0x5F, 0x7A, 0x02, 0xF0, 0xA7, 0x2F, 0x3D, 0xFA, 0xA8, 0xA7, 0x16, 0xDF, 0x7D,
    0xE9, 0xB1, 0xAB, 0xBE, 0xFA, 0x8D, 0x2B, 0x3F, 0x7E, 0xE2, 0x31, 0x5F, 0x15, 0x9F, 0x47, 0xA8,
    0x73, 0x54, 0x54, 0xE6, 0xB9, 0xF5, 0xDD, 0x0B, 0x8B, 0xCA, 0x6C, 0x11, 0xE5, 0xFD, 0x46, 0xF9,
    0x34, 0x14, 0x71, 0xBA, 0xD9, 0x23, 0x4F, 0x5F, 0x73, 0x0B, 0xE5, 0xD3, 0x7C, 0xB9, 0x32, 0x7F,
    0xEB, 0xE9, 0x6B, 0x25, 0x02, 0x44, 0x35, 0x2F, 0x91, 0xB8, 0x93, 0x53, 0x00, 0x8B, 0xCA, 0xAA,
    0xB1, 0x96, 0x67, 0x9E, 0xE5, 0x18, 0xAC, 0x3D, 0xC6, 0x4E, 0x3B, 0x73, 0xE0, 0xF4, 0xCE, 0x40,
    0x1F, 0x75, 0x30, 0x98, 0x0E, 0x73, 0xC6, 0xC2, 0xA5, 0xB1, 0x3A, 0x6C, 0x3D, 0xC6, 0x0A, 0x80,
    0x65, 0x3D, 0xC1, 0x69, 0xBA, 0x8C, 0x97, 0x7F, 0x47, 0x2D, 0x61, 0xBA, 0xF2, 0x9B, 0xFF, 0x98,
    0x3D, 0x78, 0xDA, 0xCB, 0xA7, 0x94, 0xC5, 0xB1, 0x6E, 0xAE, 0x6A, 0xB7, 0x79, 0xCE, 0xEA, 0xF1,
    0x84, 0x94, 0xC1, 0x1C, 0xB3, 0xFA, 0x14, 0x42, 0xFF, 0x61, 0x23, 0x38, 0x86, 0x79, 0xBA, 0xE2,
    0x8A, 0xA8, 0x25, 0xC8, 0xD9, 0x43, 0x92, 0x7D, 0x15, 0x29, 0x7C, 0x94, 0xF6, 0xE3, 0x27, 0x7F,
    0x7B, 0x7D, 0xF7, 0xA2, 0x32, 0xDE, 0x7C, 0x9C, 0x8F, 0xDB, 0x4F, 0xB8, 0x8C, 0x39, 0xCB, 0xC5,
    0x44, 0x15, 0x32, 0x84, 0x31, 0x3C, 0xD6, 0x53, 0x47, 0x2D, 0xF7, 0xE4, 0x3A, 0x3C, 0x08, 0x96,
    0x1C, 0xBF, 0x2B, 0x4E, 0x64, 0xAE, 0x32, 0xCE, 0x5E, 0x37, 0xC8, 0xA8, 0x86, 0xE4, 0x69, 0x1B,
    0x92, 0x4A, 0xCD, 0xDE, 0x0B, 0xD9, 0xB1, 0xEC, 0x4C, 0xC8, 0x7A, 0x67, 0xFF, 0x99, 0xD5, 0x61,
    0xEA, 0x44, 0xED, 0xC0, 0xE0, 0x14, 0x01, 0xE9, 0x5C, 0x7E, 0x06, 0x59, 0x5A, 0xB7, 0x03, 0xCF,
    0x94, 0x2C, 0x90, 0xA3, 0x49, 0x8A, 0xCA, 0x23, 0x8E, 0x4C, 0x55, 0xDE, 0xE8, 0xB0, 0x8F, 0x35,
    0xFD, 0x19, 0x3D, 0xB6, 0x7E, 0x7B, 0xA8, 0x12, 0x4D, 0x73, 0xE6, 0xA9, 0xD2, 0xF0, 0xBA, 0xAE,
    0xF4, 0x21, 0xCE, 0x34, 0x37, 0x12, 0x5C, 0x9B, 0xE5, 0x5E, 0x9B, 0x1D, 0x40, 0xB6, 0xF3, 0x16,
    0x5D, 0xF0, 0xEC, 0x60, 0xE7, 0x2D, 0xBA, 0xD9, 0xB3, 0xFD, 0x63, 0x7D, 0x83, 0x56, 0x6E, 0xA6,
    0xF3, 0xCD, 0xBC, 0x61, 0x51, 0x9A, 0x63, 0x2F, 0x71, 0xBB, 0x3C, 0xCC, 0x10, 0x99, 0xBD, 0x7C,
    0x16, 0xE3, 0xD7, 0x93, 0x58, 0x4B, 0xB1, 0xD1, 0xF9, 0x57, 0x8B, 0x33, 0xFC, 0xD5, 0x5B, 0x83,
    0x9D, 0x99, 0xC9, 0x9C, 0x5D, 0x30, 0x8C, 0xD4, 0xDC, 0x57, 0x13, 0x83, 0x9C, 0x90, 0x9C, 0xBB,
    0x92, 0xDF, 0xDA, 0xD9, 0xBB, 0x13, 0x65, 0x38, 0xB7, 0x27, 0xA2, 0x58, 0x93, 0xFC, 0x5C, 0x92,
    0x45, 0xD0, 0x1D, 0x7F, 0xF9, 0xB1, 0xEC, 0x91, 0x97, 0xFA, 0x83, 0xA4, 0x79, 0x19, 0x85, 0x6A,
    0x09, 0xC4, 0x0C, 0xD4, 0xE0, 0x18, 0xFD, 0x37, 0x05, 0x10, 0x46, 0x8E, 0x81, 0x52, 0xD1, 0x08,
    0xE7, 0x04, 0x0C, 0xAA, 0x37, 0x01, 0x24, 0x66, 0x24, 0x71, 0xCB, 0x51, 0x7B, 0xB6, 0xE2, 0x4C,
    0x92, 0xB6, 0xDC, 0x8C, 0xC4, 0x02, 0x2E, 0x17, 0xEA, 0xCA, 0x60, 0x70, 0xEC, 0x60, 0xE0, 0xA0,
    0x03, 0xDB, 0xF2, 0x18, 0xF8, 0xE9, 0xB0, 0xB0, 0x38, 0x12, 0x81, 0xFD, 0x3C, 0x98, 0xBA, 0xD8,
    0x8F, 0x3D, 0x75, 0xF9, 0x6F, 0x42, 0x74, 0x97, 0xE1, 0x8D, 0x0C, 0x09, 0x34, 0xB0, 0x30, 0xCC,
    0x8A, 0x9B, 0x30, 0x90, 0x80, 0x29, 0x9F, 0x29, 0x97, 0x5A, 0xDC, 0x04, 0xF1, 0x73, 0x02, 0xC7,
    0xD3, 0x98, 0x04, 0x2A, 0xE9, 0xD3, 0x0C, 0xD0, 0x14, 0xEE, 0x06, 0xC5, 0xB4, 0x73, 0xEB, 0x4C,
    0x19, 0xC0, 0x76, 0x1C, 0xCF, 0x7E, 0x1F, 0x39, 0xE5, 0x82, 0x4D, 0x4A, 0x7F, 0x5E, 0x22, 0x1A,
    0xF2, 0x87, 0x04, 0x56, 0x18, 0x8A, 0xFC, 0x74, 0x4C, 0x63, 0xB6, 0x39, 0x9E, 0x9C, 0x7F, 0x05,
    0x63, 0xD1, 0x1B, 0xAE, 0x74, 0x5C, 0x88, 0x28, 0xBC, 0xBA, 0x1E, 0x30, 0x07, 0xE2, 0xAC, 0x8F,
    0x70, 0x8F, 0x9A, 0xE9, 0x87, 0x6F, 0x73, 0xD5, 0xA6, 0x21, 0xE6, 0x2E, 0x70, 0xE4, 0x58, 0x96,
    0xDF, 0x4D, 0xCD, 0x3D, 0x24, 0xD9, 0x44, 0xA1, 0x1B, 0x1D, 0xC6, 0x54, 0xCC, 0xBC, 0x18, 0x29,
    0x1C, 0xF7, 0x55, 0xCD, 0x7D, 0xC8, 0xC4, 0x56, 0xC9, 0xDD, 0xDC, 0xD9, 0xBE, 0xC4, 0xB3, 0xC2,
    0x59, 0xB7, 0xC9, 0xF0, 0x58, 0xEF, 0x02, 0x23, 0xA9, 0x34, 0x37, 0xCB, 0x5B, 0x65, 0x74, 0xCE,
    0x8F, 0xB8, 0x33, 0x54, 0x94, 0xFC, 0xDE, 0x73, 0xBE, 0xAA, 0x94, 0x04, 0x57, 0x43, 0x9E, 0xA5,
    0xAA, 0x6A, 0x6F, 0xA6, 0x9C, 0xC0, 0xB5, 0x97, 0x7B, 0x7C, 0xB7, 0xFC, 0x45, 0x32, 0xDD, 0x0B,
    0xA0, 0x30, 0x32, 0x83, 0xEF, 0x41, 0x3E, 0xCE, 0xB1, 0x2C, 0x1C, 0x93, 0xDC, 0x46, 0x53, 0xB6,
    0x9A, 0xA2, 0x36, 0x8A, 0x30, 0xE9, 0xC3, 0x57, 0x4D, 0x1B, 0xDE, 0x9E, 0x4E, 0x81, 0x14, 0x56,
    0x6A, 0x23, 0xC7, 0x36, 0xFD, 0x25, 0x4C, 0xDD, 0xB1, 0xDD, 0x16, 0xEC, 0x6B, 0x8D, 0xEC, 0x21,
    0x09, 0x2E, 0x49, 0x63, 0x4E, 0xC3, 0x29, 0x20, 0xCE, 0xEF, 0xFD, 0x20, 0xE9, 0xE7, 0x3A, 0x19,
    0xDC, 0xF5, 0x94, 0x21, 0xC8, 0xCE, 0x26, 0x03, 0x27, 0x23, 0x88, 0x54, 0xDB, 0x63, 0xC0, 0x0C,
    0x70, 0x3A, 0x65, 0x0D, 0x7B, 0xFC, 0xBE, 0x35, 0x37, 0x95, 0x0D, 0xB1, 0xE4, 0xB3, 0x11, 0xFA,
    0x26, 0x3C, 0x29, 0x95, 0xCC, 0x1B, 0x11, 0xA1, 0xBF, 0xD8, 0x8F, 0x5D, 0xE6, 0x0E, 0x63, 0x62,
    0x32, 0x0F, 0xBD, 0xB7, 0x71, 0xF5, 0x4D, 0x97, 0xBB, 0x8C, 0x71, 0x19, 0xE2, 0x57, 0x1D, 0x83,
    0xDB, 0x58, 0x4F, 0xBB, 0x39, 0x0E, 0x21, 0x4A, 0xBB, 0x0B, 0xE5, 0x32, 0x53, 0xED, 0x7C, 0x46,
    0xBD, 0xF3, 0x98, 0x26, 0xBD, 0x17, 0xA9, 0xCF, 0x8C, 0x21, 0xEF, 0xF7, 0xC6, 0xD1, 0xCA, 0x90,
    0x03, 0xF5, 0x6D, 0x6D, 0x9E, 0x87, 0x2B, 0xED, 0x9C, 0x5A, 0x81, 0x52, 0xEF, 0xF4, 0xF4, 0x04,
    0x6C, 0xA0, 0x18, 0x3A, 0x81, 0x43, 0xFB, 0xB7, 0xF5, 0xD4, 0xD5, 0xA8, 0x8D, 0x1F, 0x86, 0x4B,
    0x6F, 0xFE, 0x80, 0x10, 0xEE, 0xC3, 0x98, 0x27, 0xC8, 0xD1, 0xA3, 0x70, 0xA6, 0xCC, 0xC2, 0x49,
    0x91, 0xF6, 0x00, 0xA6, 0x00, 0x95, 0x0C, 0x50, 0x84, 0xC3, 0xA0, 0x0E, 0x6D, 0x13, 0x67, 0x1A,
    0x29, 0x87, 0xE3, 0x64, 0x00, 0x25, 0x4F, 0xE0, 0x2C, 0x04, 0xD7, 0x82, 0xE2, 0xDC, 0x7B, 0x0B,
    0xEA, 0xB5, 0xA7, 0xAF, 0xFD, 0x81, 0x93, 0x76, 0x1A, 0xA6, 0x37, 0x0F, 0xB0, 0xFC, 0x79, 0xDA,
    0xD9, 0xB0, 0x23, 0x86, 0x85, 0x16, 0x43, 0x7E, 0x81, 0x21, 0xB1, 0xFF, 0x80, 0xE0, 0xFB, 0xA1,
    0xF1, 0x6F, 0xD5, 0xC2, 0x03, 0xDF, 0xF3, 0xB5, 0x79, 0x95, 0xEB, 0x22, 0x6D, 0x1A, 0x95, 0x83,
    0xA1, 0x46, 0x5A, 0xE0, 0xC9, 0x2D, 0xF5, 0x30, 0x5C, 0x6E, 0x49, 0xBF, 0x8D, 0x10, 0xC3, 0x7D,
    0x54, 0x26, 0xF5, 0xE7, 0x65, 0x4E, 0x24, 0x47, 0x23, 0x02, 0xAC, 0x34, 0x59, 0xDF, 0xD9, 0xBE,
    0x60, 0x23, 0xE4, 0x37, 0x8D, 0x89, 0xCE, 0x9E, 0xBE, 0xB6, 0x02, 0x5E, 0x80, 0x63, 0xCF, 0x09,
    0xD8, 0x69, 0x24, 0x20, 0x13, 0x85, 0xF2, 0x12, 0xDE, 0xB3, 0x37, 0xA3, 0x07, 0xA2, 0x44, 0x8A,
    0x12, 0xF4, 0x48, 0x80, 0x50, 0xC6, 0x2C, 0xFD, 0xD5, 0x10, 0x96, 0x90, 0x31, 0x60, 0x2C, 0x35,
    0x96, 0xCA, 0x37, 0x18, 0x6A, 0x31, 0x43, 0x8A, 0x24, 0x9F, 0xBE, 0x96, 0xC8, 0x29, 0x6B, 0x72,
    0x4A, 0x16, 0xEB, 0x5E, 0xCA, 0xBE, 0x10, 0x17, 0xC8, 0x42, 0x47, 0x3D, 0x84, 0x9D, 0xEB, 0xA1,
    0x95, 0xC2, 0x6E, 0x32, 0xD2, 0x70, 0x61, 0xFA, 0x56, 0x03, 0xF9, 0x27, 0xE6, 0xD4, 0xE6, 0x32,
    0x3B, 0xCC, 0x55, 0x5C, 0x01, 0x77, 0x5B, 0xCE, 0x82, 0x8A, 0xA3, 0xF2, 0xAD, 0xD7, 0xE8, 0xF8,
    0x4F, 0x02, 0x1C, 0x37, 0xD3, 0xF7, 0xFE, 0x1F, 0xD5, 0x58, 0x26, 0x26, 0x61, 0xF3, 0xF5, 0x6A,
    0xF1, 0xF0, 0xC6, 0x34, 0xD9, 0x74, 0xC4, 0x34, 0x6C, 0xBE, 0x7F, 0x45, 0x1D, 0x99, 0xBE, 0x75,
    0x8A, 0x78, 0xC0, 0x87, 0x47, 0x10, 0x1E, 0xE5, 0xA4, 0x1F, 0xFF, 0x1E, 0x7E, 0xAB, 0x45, 0xE3,
    0x5F, 0xF2, 0xF1, 0x45, 0x9D, 0xB3, 0x34, 0xA8, 0x45, 0x2D, 0x61, 0x1F, 0xF5, 0xA2, 0x8A, 0xCB,
    0xB7, 0x71, 0xFC, 0x44, 0x87, 0x8F, 0xFF, 0xE6, 0x87, 0x3D, 0xC6, 0xDA, 0xD5, 0x37, 0x03, 0x60,
    0xCF, 0x7E, 0xB4, 0x0B, 0x5E, 0x46, 0x75, 0x5C, 0x63, 0x5E, 0xB0, 0x48, 0x7A, 0x56, 0x6F, 0x1F,
    0x9D, 0xE5, 0x39, 0x57, 0xA6, 0x04, 0xE6, 0x74, 0xA8, 0xB0, 0x4B, 0x24, 0x23, 0x75, 0x44, 0xE4,
    0x50, 0xB7, 0x12, 0xE0, 0x79, 0x66, 0x2A, 0x5F, 0xE4, 0x20, 0xC1, 0xD6, 0x03, 0x12, 0xF7, 0x69,
    0x90, 0xC1, 0xC7, 0x69, 0x18, 0x19, 0x38, 0xCE, 0x94, 0x61, 0xA9, 0xBE, 0xFB, 0xAA, 0xE2, 0x58,
    0xD2, 0x94, 0xA0, 0x50, 0xBE, 0x55, 0x26, 0x8E, 0x82, 0xE1, 0x70, 0x82, 0x8A, 0x9C, 0x92, 0xC1,
    0x9F, 0xE1, 0x79, 0xB3, 0xEA, 0x63, 0x81, 0x8F, 0xD0, 0x42, 0xB3, 0xF7, 0x08, 0x6C, 0xBF, 0x07,
    0x70, 0x3E, 0x7E, 0x9B, 0x5B, 0xEF, 0xA5, 0xAB, 0x3B, 0x24, 0xB6, 0xB7, 0xEC, 0x17, 0x71, 0xE6,
    0x17, 0x4C, 0xE3, 0x5A, 0xB9, 0xDA, 0x1F, 0x8B, 0x14, 0x99, 0xC3, 0x3E, 0x42, 0xE6, 0xD8, 0xE5,
    0x33, 0xE7, 0x4B, 0x98, 0xE3, 0x4E, 0x1D, 0xDB, 0x4A, 0xA3, 0xA7, 0xCE, 0xFF, 0x6E, 0xC9, 0xA1,
    0xFF, 0xB9, 0x6C, 0xD4, 0x80, 0xA4, 0x38, 0x86, 0xBB, 0x4A, 0x74, 0xC6, 0x03, 0xE0, 0x4E, 0xFA,
    0x2E, 0xA4, 0x6F, 0x96, 0x6A, 0x86, 0xDE, 0xEB, 0x2C, 0x82, 0xD1, 0x2A, 0x92, 0xD2, 0x15, 0x49,
    0x02, 0x75, 0xC0, 0x57, 0xC9, 0x38, 0xAF, 0xA5, 0x31, 0x76, 0x12, 0x54, 0x64, 0x67, 0x76, 0x2C,
    0x3B, 0xF3, 0x2B, 0xBB, 0xBB, 0x6B, 0x9C, 0xF3, 0x15, 0x59, 0x0F, 0x1E, 0x04, 0x17, 0x52, 0xFF,
    0x5D, 0x42, 0x4C, 0x62, 0x4A, 0x91, 0x79, 0xE8, 0x46, 0x73, 0xA4, 0x83, 0xD6, 0xC8, 0x1A, 0xD0,
    0x63, 0xAB, 0xA3, 0x7A, 0x2D, 0xE5, 0xC3, 0x65, 0x39, 0x70, 0x75, 0x4E, 0xF4, 0x53, 0x7D, 0xB0,
    0x1F, 0x10, 0xD0, 0x61, 0x30, 0xD8, 0x72, 0x96, 0x58, 0x3D, 0x97, 0x73, 0x3F, 0x90, 0x9D, 0x9D,
    0x30, 0xB0, 0xB3, 0xD0, 0x7E, 0x8C, 0x1B, 0xD3, 0x7E, 0x34, 0xEA, 0x5F, 0x2E, 0x93, 0x3E, 0xF6,
    0x27, 0x53, 0xB2, 0x25, 0xEC, 0xDF, 0x76, 0x6D, 0x01, 0x36, 0x8A, 0x64, 0x28, 0x9F, 0x80, 0x63,
    0x34, 0xE8, 0xF2, 0x8E, 0x40, 0x51, 0x8D, 0x3C, 0xF6, 0x57, 0xD9, 0xEF, 0xFA, 0xB5, 0x9E, 0x4A,
    0x11, 0xA8, 0x99, 0x60, 0xA0, 0xA4, 0x78, 0x9B, 0xED, 0xF4, 0xD9, 0xD1, 0xD9, 0xC5, 0x83, 0x6C,
    0x25, 0x50, 0x9C, 0x5C, 0xCB, 0x87, 0xFE, 0xE1, 0xE9, 0x11, 0x55, 0xE7, 0x86, 0xC7, 0x93, 0xC6,
    0xE8, 0x89, 0x92, 0x9E, 0xE7, 0xA1, 0xFB, 0x19, 0xAA, 0xEA, 0xFF, 0x6F, 0x28, 0xA6, 0x9C, 0x8A,
    0x2F, 0xD7, 0xE3, 0xCE, 0x3E, 0xE1, 0x8E, 0x4E, 0x5D, 0xE2, 0xDC, 0x25, 0x6D, 0x9E, 0xEC, 0xCD,
    0xAE, 0x4E, 0x5F, 0x65, 0xD3, 0x3B, 0x56, 0x04, 0xE6, 0x19, 0x1A, 0x3C, 0x5E, 0xED, 0x73, 0x9C,
    0x0C, 0x40, 0x13, 0x80, 0xAE, 0x46, 0xC0, 0xB1, 0x08, 0x4D, 0x65, 0xC9, 0x2F, 0x3B, 0x61, 0x70,
    0x56, 0x19, 0x96, 0xE0, 0x84, 0x6C, 0xAA, 0x8E, 0x15, 0x10, 0xE8, 0xB1, 0x1E, 0x13, 0xD0, 0x89,
    0x2D, 0x02, 0xD2, 0xAC, 0x8A, 0x04, 0xAB, 0x0A, 0xB3, 0xA8, 0x9B, 0x44, 0x0F, 0x87, 0xF8, 0x09,
    0x4A, 0x1D, 0x04, 0x4E, 0xEA, 0x49, 0xC6, 0x58, 0x6E, 0x88, 0x89, 0xC1, 0x84, 0xA3, 0x99, 0x7E,
    0x14, 0x2D, 0xB7, 0x83, 0x19, 0x64, 0xCD, 0x21, 0xED, 0x10, 0xF6, 0x9D, 0x28, 0xA6, 0x67, 0x79,
    0x15, 0xFC, 0x7F, 0x1F, 0xA0, 0xF3, 0xBE, 0x2C, 0xF0, 0x26, 0x76, 0xD6, 0xE4, 0x58, 0xCA, 0xA0,
    0xDF, 0x61, 0xB0, 0xDE, 0x64, 0xC8, 0x3D, 0xC1, 0xB0, 0xC5, 0xD7, 0x19, 0x31, 0x43, 0xCE, 0x67,
    0xE8, 0xC9, 0xCD, 0x4E, 0x64, 0xB7, 0x9E, 0x38, 0x23, 0xD7, 0xA5, 0x2E, 0x60, 0xF2, 0x55, 0xC5,
    0xF7, 0xA4, 0x8E, 0xE8, 0x72, 0xBA, 0xCD, 0xDE, 0x68, 0x52, 0xDF, 0x91, 0x32, 0xB0, 0xA6, 0x9C,
    0x91, 0xD4, 0x80, 0x54, 0x5B, 0x62, 0x6B, 0x9D, 0x60, 0x90, 0x46, 0x1D, 0x00, 0xD9, 0x1F, 0x6B,
    0x04, 0x3A, 0xF2, 0x8C, 0x13, 0xDC, 0x78, 0x8A, 0x21, 0xD0, 0x3E, 0x2B, 0x64, 0xD7, 0x65, 0x10,
    0xF0, 0x3D, 0x33, 0x50, 0xFB, 0x9E, 0x67, 0x4B, 0x3E, 0x47, 0xA1, 0x25, 0xBB, 0xBB, 0xA7, 0x0C,
    0x4E, 0x7F, 0xBE, 0xB4, 0xD0, 0x12, 0x12, 0x40, 0x0F, 0x69, 0xA9, 0x2A, 0xF0, 0xE0, 0x58, 0xA3,
    0xC2, 0x62, 0x1D, 0x42, 0x9F, 0xA4, 0x0E, 0x82, 0xC9, 0xF5, 0xDD, 0x4B, 0x20, 0x1B, 0xE2, 0x89,
    0x9F, 0x72, 0x66, 0x06, 0x78, 0xF8, 0xE3, 0x03, 0xF8, 0x14, 0x5A, 0xDA, 0xDF, 0x0E, 0x9F, 0x4C,
    0x4B, 0x07, 0xF4, 0x31, 0x03, 0x3C, 0x98, 0x60, 0xA7, 0xCE, 0xE0, 0xAB, 0x03, 0xE0, 0x5A, 0x39,
    0x1A, 0x39, 0x33, 0xFB, 0x75, 0xE0, 0x99, 0xD9, 0x5D, 0xE4, 0xCC, 0xBB, 0xF5, 0x69, 0x5D, 0xDA,
    0x81, 0xB8, 0xED, 0xD1, 0xBB, 0x97, 0xC1, 0xDD, 0x53, 0x86, 0x35, 0x92, 0x22, 0x3C, 0x6E, 0xAD,
    0x47, 0xA0, 0xC8, 0xD8, 0xF0, 0x71, 0xB3, 0x2A, 0x88, 0xB6, 0x8A, 0xD0, 0x20, 0x82, 0xC3, 0xDB,
    0xED, 0x4B, 0x04, 0x88, 0x1E, 0x06, 0x70, 0xEE, 0xE0, 0xBD, 0x70, 0xBE, 0xDC, 0x1A, 0x9E, 0x32,
    0xB1, 0xF2, 0xEC, 0x29, 0xBE, 0x7C, 0x46, 0x8D, 0x40, 0x73, 0x46, 0x23, 0xD0, 0xA2, 0x19, 0xE3,
    0x4D, 0xAF, 0x6A, 0x06, 0xB3, 0xC6, 0xCB, 0x5E, 0xB5, 0xE6, 0x3A, 0xE9, 0x13, 0x5E, 0xB5, 0x40,
    0x1D, 0x42, 0xCA, 0x60, 0x48, 0x19, 0xC6, 0xFB, 0xC3, 0x1A, 0xAC, 0x5D, 0x19, 0xCB, 0x4A, 0x7D,
    0xA8, 0x8B, 0x04, 0x88, 0x11, 0x6A, 0xD8, 0x9E, 0xF5, 0x73, 0x80, 0xB2, 0x9F, 0x74, 0x49, 0x71,
    0x53, 0x4B, 0x66, 0x00, 0xC3, 0xA3, 0x43, 0x0C, 0xBA, 0xD1, 0xA4, 0x12, 0x6E, 0xAB, 0x06, 0x96,
    0xA3, 0xC8, 0xF9, 0x0D, 0x24, 0xDF, 0x32, 0xA3, 0x06, 0x7B, 0x6E, 0x83, 0x86, 0x23, 0x83, 0x42,
    0x96, 0xCB, 0x60, 0xFA, 0x0C, 0xC6, 0x18, 0x10, 0x59, 0x10, 0x7C, 0x77, 0xC3, 0x63, 0x48, 0x91,
    0x8F, 0x05, 0xF9, 0xA0, 0x62, 0x00, 0xD2, 0x0F, 0x01, 0x74, 0x01, 0x23, 0x60, 0xB0, 0x7D, 0x86,
    0x9C, 0xCB, 0x30, 0x0F, 0x2B, 0xAA, 0x34, 0xAE, 0x6D, 0x1C, 0xE2, 0x31, 0x8C, 0x76, 0xCA, 0x87,
    0xB7, 0xDB, 0x08, 0x55, 0x55, 0x0D, 0x87, 0xCE, 0x23, 0x40, 0x94, 0x17, 0x41, 0x9E, 0xF9, 0x6B,
    0x23, 0x6F, 0xBF, 0x4C, 0x6D, 0xDD, 0x58, 0x76, 0x5E, 0x01, 0x44, 0xC4, 0x16, 0x49, 0x15, 0x8D,
    0x52, 0x0F, 0xC7, 0xBE, 0xF7, 0x31, 0x43, 0xFE, 0x47, 0xCF, 0xBB, 0x04, 0x33, 0xE6, 0x8B, 0xA4,
    0xBD, 0x36, 0x6C, 0xF3, 0x85, 0x90, 0xC1, 0x8B, 0x04, 0x9A, 0x02, 0x79, 0x81, 0xF9, 0x79, 0xF5,
    0xBD, 0x9E, 0xE9, 0x1D, 0x9A, 0x57, 0xDF, 0x4D, 0x4C, 0xBE, 0x5C, 0x7D, 0x32, 0x38, 0x5D, 0x06,
    0x62, 0xDC, 0x53, 0x43, 0x19, 0x7D, 0x42, 0xD2, 0xC8, 0xB5, 0xD0, 0x00, 0x2C, 0x30, 0x5F, 0xDF,
    0xE0, 0x08, 0xC9, 0xCD, 0x59, 0x65, 0xBF, 0xE2, 0xA9, 0xCD, 0x79, 0xB5, 0x64, 0x84, 0x6A, 0x13,
    0xA1, 0xAD, 0xA4, 0x93, 0x55, 0x4C, 0x32, 0xD4, 0xBD, 0x4D, 0xBC, 0xBC, 0x15, 0x6D, 0x86, 0xDB,
    0xF5, 0xFA, 0xAB, 0xE1, 0xB7, 0xA2, 0x5F, 0x81, 0x16, 0xB3, 0x59, 0x51, 0xE5, 0xAD, 0x53, 0x38,
    0x13, 0xDE, 0x00, 0xBA, 0x9C, 0xC1, 0xCE, 0x80, 0xC3, 0x23, 0x37, 0x2D, 0x01, 0xD9, 0xF9, 0x3D,
    0x92, 0xFF, 0xCD, 0x29, 0xF5, 0x9D, 0xAE, 0x1E, 0x36, 0xAB, 0xEA, 0x5B, 0x25, 0x6A, 0x9D, 0x05,
    0xD2, 0xF6, 0x6C, 0xB7, 0x69, 0xBB, 0x9B, 0x2A, 0xA7, 0x9A, 0xA6, 0xBF, 0x89, 0x39, 0x67, 0x7A,
    0xB8, 0xC9, 0x73, 0x16, 0x09, 0xA6, 0x30, 0x48, 0x45, 0x8A, 0x60, 0x31, 0x1A, 0x9B, 0x91, 0x58,
    0x12, 0x5A, 0x62, 0x22, 0x72, 0x41, 0x4B, 0xDB, 0x1B, 0xAE, 0xD0, 0x92, 0xB2, 0xCF, 0x28, 0x0C,
    0x14, 0x2E, 0x59, 0x3E, 0x88, 0xA8, 0x45, 0xF4, 0xD3, 0xC0, 0xA8, 0xFD, 0x96, 0x6A, 0x90, 0x85,
    0xA0, 0x72, 0x5E, 0x23, 0xAA, 0x9D, 0x2F, 0x9F, 0xA6, 0xE6, 0x20, 0xE3, 0xEE, 0x66, 0xD4, 0xA8,
    0x3E, 0x53, 0x2E, 0x97, 0xA6, 0x1A, 0x62, 0xBA, 0x20, 0x71, 0x83, 0xAB, 0x11, 0x4C, 0x62, 0xB4,
    0xA5, 0x61, 0x3D, 0xEE, 0x92, 0xDE, 0xD5, 0xB0, 0x1E, 0xF3, 0xA9, 0x00, 0x0D, 0xFB, 0x31, 0x7F,
    0x79, 0x86, 0x68, 0x49, 0x0B, 0x2A, 0x79, 0xA4, 0x47, 0x0E, 0x17, 0x2B, 0xA0, 0xA5, 0xE8, 0xA1,
    0x4D, 0xD0, 0xD2, 0x9A, 0x62, 0x92, 0xC2, 0x02, 0x11, 0x0D, 0x89, 0x17, 0x6A, 0x48, 0x84, 0xE8,
    0x00, 0xF6, 0x7E, 0xB2, 0x90, 0xE6, 0x79, 0x4E, 0x90, 0x09, 0xE5, 0x74, 0x7B, 0x7B, 0x0D, 0x0C,
    0x75, 0x33, 0x1F, 0x21, 0x49, 0xF8, 0x66, 0xBE, 0x7A, 0x76, 0xB7, 0x7E, 0x61, 0xB3, 0xC2, 0xBE,
    0xE6, 0xCD, 0x4D, 0x4C, 0x1A, 0x55, 0x9B, 0x18, 0x2A, 0x49, 0xBD, 0x4D, 0xCC, 0xEC, 0x49, 0xBD,
    0x6F, 0x91, 0x06, 0x46, 0x26, 0xFD, 0x66, 0x54, 0xDE, 0x05, 0xFC, 0xB7, 0xE9, 0xBF, 0xBF, 0xB3,
    0xE1, 0x6D, 0x16, 0x36, 0x90, 0x1C, 0x75, 0x73, 0xCE, 0xD6, 0xB1, 0x73, 0x66, 0x00, 0x3B, 0xEB,
    0x0C, 0x74, 0xAC, 0x01, 0x1B, 0xD9, 0xF4, 0xFE, 0xAC, 0xC3, 0xC7, 0xBE, 0x1D, 0xCA, 0x29, 0x8A,
    0xE0, 0x1C, 0x41, 0xF1, 0x05, 0xBF, 0x46, 0x55, 0xBE, 0xCB, 0x26, 0x83, 0x11, 0xD6, 0x4E, 0x4D,
    0x94, 0x36, 0xD9, 0xF9, 0x1C, 0x6D, 0xEA, 0xF0, 0x34, 0xAD, 0x4D, 0xED, 0x2D, 0x09, 0xA7, 0xCF,
    0x91, 0x2E, 0x4F, 0xED, 0xC0, 0xC3, 0xB7, 0xB6, 0xB1, 0xC3, 0x23, 0xBC, 0x9C, 0xFD, 0xB4, 0x31,
    0x5F, 0xE4, 0x41, 0x84, 0x7C, 0xA1, 0xBC, 0x5A, 0x56, 0x0D, 0x19, 0x7A, 0x6B, 0x6C, 0x4E, 0x60,
    0x20, 0xAE, 0xC1, 0xD2, 0x50, 0x35, 0xAA, 0x1A, 0xFF, 0x9A, 0xE7, 0x39, 0x7A, 0x0D, 0x5B, 0x7E,
    0xD9, 0x72, 0xCC, 0x72, 0x05, 0x9E, 0xE4, 0x63, 0xD6, 0x6F, 0xAF, 0xD7, 0xEB, 0xEA, 0xBB, 0xE7,
    0x20, 0x3C, 0xD5, 0x77, 0x7B, 0x12, 0x0E, 0x50, 0x7A, 0x30, 0x4A, 0x40, 0xF3, 0xF9, 0x68, 0xC9,
    0x21, 0x68, 0x44, 0xF7, 0x58, 0x5E, 0x03, 0xD3, 0x01, 0xBF, 0xE3, 0x37, 0xB0, 0xD4, 0xC8, 0x87,
    0x61, 0x43, 0xF7, 0xA9, 0x08, 0x64, 0xEE, 0xB9, 0x35, 0x92, 0x5F, 0x53, 0x63, 0xEE, 0x04, 0x59,
    0x94, 0x85, 0x34, 0x6E, 0x17, 0x5A, 0xF8, 0xEE, 0xC6, 0x19, 0xF0, 0xD6, 0xC8, 0x3E, 0xF6, 0x7A,
    0xBD, 0xEE, 0x46, 0xD4, 0x67, 0xE1, 0x64, 0xC8, 0xAB, 0x2A, 0x02, 0xDF, 0x2A, 0x67, 0xB7, 0xD7,
    0x77, 0xD6, 0x22, 0x4E, 0xDB, 0x13, 0x45, 0x59, 0xFC, 0x6F, 0x06, 0x55, 0x0B, 0xFE, 0x8E, 0x68,
    0xDE, 0x3A, 0x5F, 0x7E, 0x56, 0x61, 0xCA, 0x02, 0xD5, 0x0C, 0xC1, 0x4E, 0x7D, 0x9B, 0xF8, 0xFF,
    0x13, 0x19, 0xC8, 0xCE, 0x27, 0x70, 0xCA, 0xCD, 0x0D, 0xBE, 0xE0, 0xC3, 0x2E, 0x53, 0x72, 0x24,
    0x03, 0xFD, 0x11, 0x2B, 0x0B, 0xA1, 0x00, 0xDF, 0x39, 0x1B, 0x10, 0x8C, 0xF6, 0xC2, 0x70, 0x78,
    0x7B, 0x7F, 0x02, 0xFE, 0xD1, 0x95, 0x60, 0x7A, 0xB2, 0x73, 0x61, 0x0F, 0x64, 0x8A, 0xF5, 0x59,
    0x78, 0x27, 0xDB, 0x17, 0xF7, 0x9C, 0x52, 0x66, 0x77, 0xA6, 0x9E, 0xDD, 0xA5, 0x5C, 0xEE, 0x95,
    0xCB, 0x58, 0x02, 0x65, 0x4B, 0x99, 0xC8, 0x8B, 0xD1, 0xC6, 0xE0, 0x4C, 0x4F, 0xB5, 0xBD, 0x6D,
    0x0C, 0xD3, 0x7C, 0x1F, 0x33, 0xBB, 0x8D, 0xCB, 0x09, 0xFB, 0x36, 0x9D, 0xA4, 0x86, 0xF9, 0xCF,
    0x3D, 0x04, 0x91, 0x93, 0xE1, 0xD0, 0x34, 0x63, 0x64, 0xDC, 0x6F, 0x92, 0xDE, 0x55, 0x5C, 0x83,
    0x97, 0x31, 0xB9, 0x1F, 0x49, 0x84, 0x50, 0xCD, 0xED, 0xF1, 0x2E, 0xDD, 0xFF, 0xDC, 0x94, 0x6C,
    0x70, 0x52, 0xA7, 0x58, 0x43, 0xC4, 0x49, 0xBB, 0xB0, 0x7A, 0x08, 0x2C, 0xFF, 0x41, 0x8E, 0x78,
    0x95, 0xA8, 0x26, 0xD2, 0x2F, 0xBA, 0x47, 0x54, 0xB5, 0x08, 0xA6, 0xED, 0x56, 0x52, 0x0E, 0x9A,
    0xF9, 0x05, 0x40, 0x0F, 0x3F, 0x7E, 0xA7, 0xBE, 0x7B, 0x51, 0xDD, 0xFA, 0xE8, 0x15, 0xCE, 0xA2,
    0xFB, 0x43, 0x1B, 0x26, 0x66, 0xCE, 0xB7, 0x39, 0x9E, 0x6C, 0x0C, 0x9C, 0x88, 0x7D, 0xE7, 0x4B,
    0x18, 0x50, 0xED, 0xA8, 0x56, 0xD5, 0xE6, 0x40, 0x9C, 0x25, 0x9B, 0x03, 0x71, 0x66, 0x6C, 0x96,
    0x07, 0x20, 0x3D, 0xCE, 0xB1, 0x48, 0x8F, 0xBD, 0x6F, 0x38, 0x16, 0xBD, 0x7F, 0xD2, 0x14, 0x26,
    0x68, 0xCB, 0xD0, 0xA4, 0x9D, 0x45, 0x98, 0x8A, 0x5A, 0x61, 0x9F, 0x3F, 0x7D, 0xAD, 0x9F, 0xDD,
    0x15, 0x81, 0x4C, 0xDB, 0x64, 0xE0, 0x61, 0x29, 0xA3, 0x0E, 0x53, 0xB0, 0xB2, 0xB0, 0x3A, 0x53,
    0x9D, 0x6C, 0x96, 0x2C, 0xCB, 0xF0, 0x7D, 0x79, 0xD9, 0x8F, 0xB9, 0x5F, 0xEE, 0x20, 0x31, 0xB9,
    0x8F, 0x99, 0x6F, 0x74, 0x9D, 0xCB, 0xF1, 0x5A, 0xBC, 0x7F, 0xA9, 0xBE, 0xC1, 0x53, 0x85, 0x8A,
    0x99, 0x13, 0xB8, 0xC0, 0xAB, 0x27, 0x0D, 0x26, 0x54, 0x1F, 0xE6, 0x35, 0x6C, 0x5E, 0x55, 0xD9,
    0xFA, 0x4D, 0x6A, 0xA2, 0xFC, 0x74, 0x7A, 0x8B, 0xFD, 0xC1, 0xCE, 0x37, 0x39, 0xA0, 0x48, 0xEB,
    0x2E, 0xF0, 0x5C, 0x5B, 0x27, 0x5A, 0x40, 0xB0, 0xDD, 0x64, 0xEA, 0x2E, 0x20, 0x91, 0x29, 0x27,
    0x62, 0xD5, 0x53, 0x4C, 0x1E, 0x5A, 0x60, 0xF7, 0x68, 0xC6, 0xAA, 0x26, 0xC4, 0x9D, 0x6C, 0xCB,
    0xD3, 0xE8, 0x6E, 0x72, 0x33, 0x76, 0x9E, 0x9E, 0x45, 0x46, 0xE5, 0xBA, 0x97, 0x8A, 0x8B, 0x3B,
    0x16, 0xFB, 0x21, 0x12, 0xA7, 0xC9, 0xCD, 0xF4, 0xC3, 0xF7, 0xD2, 0xB7, 0xFD, 0xA8, 0xFE, 0xA7,
    0xEF, 0xD6, 0xFF, 0x84, 0x18, 0x3C, 0xEF, 0xD4, 0xF1, 0xEB, 0x02, 0x29, 0x0A, 0x74, 0x2C, 0xDA,
    0x33, 0xFD, 0xDF, 0x94, 0xD9, 0x6A, 0xE6, 0x0E, 0xDD, 0x13, 0xC6, 0x89, 0x1E, 0x72, 0xDB, 0x0A,
    0x64, 0xC7, 0x32, 0x18, 0x3F, 0x76, 0x8D, 0x5E, 0x69, 0x78, 0xEC, 0x1A, 0xBD, 0x6E, 0xDC, 0xB7,
    0xEA, 0x34, 0x19, 0xC5, 0x30, 0x32, 0x87, 0xF7, 0xD8, 0xA2, 0x13, 0xD9, 0x3C, 0xBC, 0x22, 0xAF,
    0x43, 0x13, 0x89, 0x34, 0x8B, 0xF2, 0x27, 0x2F, 0x35, 0xEB, 0x17, 0xA3, 0x7C, 0x2D, 0x69, 0xA6,
    0x71, 0xF4, 0x10, 0xEF, 0xBC, 0xA0, 0xEA, 0xB4, 0xF3, 0x12, 0x31, 0x8A, 0x4E, 0x53, 0x66, 0x93,
    0x7C, 0x39, 0xCB, 0xDD, 0x3B, 0x9C, 0x6B, 0x27, 0x0E, 0xFD, 0x52, 0xD6, 0x43, 0x35, 0x5E, 0x83,
    0xC7, 0x95, 0xC7, 0x7A, 0xC6, 0xB5, 0x67, 0x31, 0x7C, 0x6F, 0xF8, 0xB3, 0x10, 0x2F, 0x77, 0x87,
    0xEC, 0x94, 0x94, 0xE7, 0xEC, 0x40, 0x85, 0xE2, 0x27, 0xB8, 0xD9, 0x64, 0x5E, 0xA4, 0x74, 0x2B,
    0x3F, 0x9B, 0x85, 0x3F, 0x8E, 0x4C, 0xAD, 0xEF, 0x20, 0xD9, 0x15, 0xED, 0xE7, 0x60, 0xC2, 0x05,
    0x9E, 0xB3, 0x72, 0x26, 0x5D, 0x28, 0x76, 0x99, 0x5C, 0x16, 0x24, 0xAD, 0x60, 0x79, 0x01, 0x62,
    0x93, 0x28, 0x66, 0xA1, 0x28, 0x61, 0x9B, 0x42, 0x31, 0xFD, 0x3C, 0x21, 0xFD, 0xBC, 0xC5, 0xFD,
    0xE5, 0x09, 0x6E, 0x0A, 0x45, 0xAA, 0x9B, 0x38, 0xEE, 0x0D, 0xF7, 0x67, 0x14, 0xA5, 0xED, 0xF6,
    0xD6, 0x77, 0x88, 0xC2, 0xF4, 0xB0, 0xA1, 0x45, 0x1C, 0xBF, 0xDE, 0x50, 0x5B, 0x39, 0x52, 0xD1,
    0x88, 0x02, 0x9C, 0x18, 0x76, 0xFC, 0xED, 0xAF, 0x5C, 0xE9, 0x95, 0x54, 0xCE, 0x40, 0xF0, 0x56,
    0xAA, 0xE6, 0x75, 0x64, 0xE6, 0xFA, 0xC7, 0xA3, 0xBD, 0x7D, 0x84, 0x73, 0xC9, 0x30, 0x89, 0x7B,
    0xE0, 0x30, 0xC9, 0x01, 0xEC, 0x6C, 0x4F, 0xB2, 0x93, 0x78, 0x4F, 0xB2, 0x93, 0x69, 0x19, 0xFB,
    0xC8, 0x72, 0x91, 0x8F, 0xE6, 0x25, 0x63, 0x0F, 0x10, 0x12, 0x99, 0x1D, 0x78, 0x2C, 0xDB, 0x99,
    0x9D, 0x32, 0x7E, 0x8C, 0xE0, 0x9F, 0xC7, 0x32, 0xEC, 0x12, 0x0D, 0x32, 0x5E, 0xD3, 0xA6, 0x24,
    0x2D, 0x11, 0xDD, 0x05, 0x72, 0xF4, 0xCA, 0x29, 0x06, 0xF8, 0x19, 0x3E, 0xE9, 0xCC, 0x89, 0xF2,
    0xAA, 0xBA, 0x5D, 0x2E, 0xD9, 0x7C, 0x66, 0x74, 0x98, 0x04, 0x06, 0x47, 0x7D, 0xDF, 0xFD, 0x82,
    0x1A, 0x9F, 0xD9, 0xC9, 0x60, 0x9A, 0x2E, 0xBF, 0x25, 0xA9, 0xF2, 0xA2, 0x4F, 0x7E, 0xA5, 0x01,
    0x1C, 0xC2, 0xCB, 0x67, 0x55, 0x37, 0xCC, 0x1A, 0xB3, 0xCB, 0x15, 0x39, 0x9E, 0x41, 0x99, 0x7B,
    0xA8, 0x50, 0x9A, 0xDF, 0x07, 0x37, 0x81, 0xCE, 0x06, 0xFE, 0x58, 0x31, 0x86, 0xF0, 0x7A, 0xBD,
    0x09, 0x68, 0xA7, 0x09, 0xE0, 0xB5, 0x72, 0xD3, 0xD8, 0x77, 0x4A, 0xB6, 0xF3, 0x13, 0x4E, 0xC9,
    0x6E, 0x3D, 0xFE, 0x3C, 0x09, 0x37, 0x98, 0x18, 0x44, 0xF1, 0x3F, 0x33, 0xB6, 0x04, 0x56, 0x55,
    0xED, 0x5D, 0x50, 0x02, 0x79, 0x38, 0x78, 0xC8, 0xC3, 0xE7, 0x59, 0x54, 0x46, 0x20, 0x43, 0x4F,
    0x91, 0x18, 0xB5, 0x3C, 0xA3, 0xE5, 0x13, 0x53, 0x76, 0x67, 0x44, 0x94, 0xA5, 0x3E, 0x59, 0x91,
    0x8C, 0x39, 0x83, 0xD4, 0x27, 0xFC, 0x5D, 0x95, 0xE1, 0xB8, 0x91, 0x64, 0xF7, 0x07, 0x9E, 0xD2,
    0xD9, 0x7B, 0x97, 0xA3, 0x4C, 0x39, 0x63, 0x0B, 0xDD, 0xC4, 0x7B, 0xE6, 0x3D, 0x67, 0x53, 0x45,
    0xCA, 0x4F, 0x5F, 0xEB, 0x07, 0xC7, 0x76, 0x65, 0x14, 0x70, 0x4B, 0x7A, 0x62, 0x01, 0x70, 0x54,
    0xA0, 0xFA, 0xE9, 0xD0, 0x1C, 0x83, 0x98, 0x41, 0x8F, 0x3C, 0x82, 0x92, 0xF9, 0x36, 0x97, 0x3C,
    0xE7, 0x61, 0x45, 0x01, 0x92, 0x05, 0x88, 0x34, 0x45, 0x7A, 0xC7, 0xB6, 0x9B, 0xEB, 0x21, 0x12,
    0x23, 0x2A, 0xAE, 0x1D, 0x90, 0xE0, 0x87, 0x0A, 0xC2, 0xB9, 0xE8, 0xD2, 0x6E, 0xBD, 0xBD, 0x73,
    0xE9, 0xEC, 0xF6, 0x25, 0xAE, 0xD6, 0x41, 0x8E, 0xEF, 0x69, 0xA4, 0x6C, 0x63, 0xBF, 0x75, 0x24,
    0x5E, 0xEC, 0x88, 0xDD, 0xD7, 0x9C, 0x51, 0x25, 0x3F, 0x21, 0x60, 0x3D, 0xF2, 0x59, 0xC1, 0xCE,
    0x40, 0x1B, 0x81, 0xA3, 0x8E, 0x8C, 0x92, 0x15, 0x24, 0x7E, 0x3E, 0xE9, 0xF2, 0x84, 0x75, 0x32,
    0x55, 0x8A, 0x1D, 0x12, 0xF7, 0x56, 0x58, 0x8C, 0xA9, 0x2C, 0x5A, 0x67, 0x82, 0xDF, 0x7C, 0x79,
    0x9F, 0x02, 0x6E, 0x64, 0xE3, 0x9C, 0x3A, 0x33, 0x15, 0x64, 0x85, 0x76, 0x24, 0xE5, 0x8F, 0x70,
    0xD5, 0x7C, 0x16, 0x66, 0x9D, 0x0D, 0xF1, 0x8C, 0x60, 0x9C, 0xCD, 0xFD, 0x8B, 0x0F, 0x67, 0x68,
    0xFF, 0x32, 0x58, 0x68, 0x09, 0xD6, 0x3A, 0x8C, 0xB9, 0xD4, 0x45, 0xA4, 0x26, 0x86, 0xF5, 0x9F,
    0x59, 0xA2, 0xF2, 0x20, 0x5B, 0x54, 0xF5, 0x61, 0x21, 0x83, 0x78, 0x5B, 0xDC, 0x12, 0xA1, 0xE4,
    0xC4, 0x68, 0xBB, 0x9C, 0xAE, 0x15, 0x23, 0x14, 0xDB, 0x99, 0x9B, 0x74, 0x66, 0x34, 0xB9, 0x26,
    0x47, 0x84, 0x78, 0xE6, 0x2B, 0x9C, 0xBD, 0xDF, 0xFC, 0x23, 0x12, 0x9F, 0xE6, 0x8B, 0x8F, 0x63,
    0xE4, 0x13, 0x00, 0x5F, 0xDE, 0x8B, 0x8F, 0x3F, 0xFF, 0xF4, 0xB5, 0x12, 0xC1, 0x8B, 0x44, 0xEB,
    0x80, 0x9D, 0x3A, 0x83, 0xAF, 0x2A, 0xA3, 0x10, 0x7D, 0x32, 0x3C, 0xC6, 0x60, 0x11, 0x5C, 0xCE,
    0x20, 0x64, 0xB8, 0x42, 0x60, 0x3C, 0xFE, 0xC2, 0x8B, 0xC1, 0x83, 0xB6, 0xF1, 0xB8, 0x67, 0x62,
    0x52, 0xEA, 0xE3, 0x9E, 0x7D, 0xCE, 0x9D, 0xA5, 0x97, 0x2A, 0x9A, 0xC1, 0xBC, 0x32, 0x9F, 0x27,
    0x9B, 0x3E, 0xAF, 0xCC, 0x97, 0x43, 0xB5, 0x72, 0xBF, 0xD2, 0xCF, 0xB8, 0x08, 0x45, 0x1B, 0xCF,
    0x71, 0x8F, 0x69, 0xBA, 0x1D, 0x99, 0xD0, 0x9B, 0x88, 0x6B, 0x92, 0xE9, 0x8E, 0x14, 0xA9, 0x23,
    0x96, 0x3F, 0x71, 0xA6, 0xEC, 0xDA, 0x1F, 0x40, 0xA1, 0x89, 0x48, 0x79, 0x72, 0x40, 0x51, 0x35,
    0x97, 0xC7, 0xE5, 0xED, 0x60, 0x56, 0x7B, 0x24, 0xAA, 0xAF, 0xEF, 0x7C, 0xC9, 0x7C, 0x1E, 0x91,
    0x84, 0x00, 0xB5, 0xE2, 0xCC, 0x02, 0xF2, 0xB3, 0x02, 0x73, 0x02, 0x79, 0x81, 0x87, 0x67, 0x2D,
    0x80, 0x9A, 0x15, 0xFA, 0x9A, 0x15, 0xFA, 0xBA, 0xD7, 0xE1, 0xF1, 0x13, 0xB5, 0x74, 0x82, 0xDB,
    0x1F, 0x33, 0x96, 0xF2, 0xC4, 0x2F, 0x72, 0x18, 0x3C, 0x70, 0x7C, 0x33, 0xCC, 0x75, 0x40, 0x51,
    0x89, 0x03, 0x07, 0x82, 0x5A, 0x9E, 0x18, 0x8F, 0x4C, 0x1B, 0xE4, 0xFF, 0x31, 0x90, 0x89, 0xB6,
    0x87, 0x76, 0x13, 0x74, 0xB2, 0xE9, 0xA9, 0x85, 0x42, 0x36, 0x2B, 0xD1, 0x76, 0x71, 0xAA, 0x16,
    0x99, 0x3F, 0xE4, 0x05, 0x10, 0xFE, 0x52, 0xE3, 0x81, 0x55, 0xE7, 0x09, 0xEF, 0xDB, 0x08, 0x21,
    0x5B, 0xD0, 0xC3, 0x7F, 0x2F, 0x20, 0xAB, 0xFA, 0x10, 0xF5, 0xCF, 0x20, 0xCA, 0xCB, 0x9D, 0x19,
    0x35, 0x46, 0x03, 0xD1, 0x36, 0x84, 0x7A, 0x7D, 0xE3, 0x8A, 0xEC, 0xB7, 0x1F, 0x15, 0x74, 0xB2,
    0xF3, 0x0A, 0x7A, 0xC0, 0x59, 0x2E, 0x9A, 0xFA, 0x0F, 0x03, 0xF4, 0xB8, 0x48, 0x7B, 0xCB, 0x5F,
    0xE4, 0x41, 0x63, 0xE3, 0xFF, 0x94, 0x15, 0x91, 0x78, 0x2E, 0x28, 0xF1, 0x44, 0x07, 0x93, 0x3C,
    0x88, 0x21, 0x4A, 0x2A, 0xDC, 0xD6, 0xF1, 0x88, 0x13, 0x15, 0x7C, 0x81, 0x84, 0xF8, 0x91, 0xA1,
    0x8D, 0x9A, 0x65, 0xDC, 0x37, 0xB2, 0xA8, 0x35, 0x44, 0x3C, 0x25, 0x96, 0x81, 0xD9, 0x86, 0x04,
    0x29, 0x94, 0x2F, 0x00, 0x11, 0x98, 0x85, 0x69, 0x32, 0x3E, 0x00, 0xCB, 0x4D, 0x08, 0x44, 0x67,
    0x4E, 0x5F, 0xFB, 0x87, 0x9E, 0x42, 0xAB, 0xBC, 0xF7, 0xBC, 0x17, 0x9D, 0xDD, 0xA8, 0xFF, 0xC9,
    0x0B, 0x01, 0x12, 0xDC, 0x18, 0x2F, 0xF8, 0x91, 0x26, 0x60, 0x3D, 0x69, 0x5C, 0x25, 0xB0, 0x6D,
    0x86, 0x59, 0xDB, 0x7A, 0x91, 0xA0, 0x40, 0x3F, 0x89, 0xD0, 0xAA, 0xB6, 0x03, 0x78, 0xCE, 0x5E,
    0x31, 0x5E, 0xF4, 0x22, 0x35, 0x91, 0x18, 0x2F, 0x79, 0x3C, 0x27, 0xD3, 0x9E, 0xE2, 0x29, 0x5B,
    0x4E, 0x95, 0x67, 0xA0, 0xAD, 0xE4, 0x5C, 0xA2, 0x09, 0x3D, 0xA6, 0x36, 0x0A, 0xD5, 0xB9, 0x40,
    0x25, 0x4B, 0xDC, 0x49, 0x16, 0x33, 0xAF, 0xCD, 0x84, 0xE8, 0x4B, 0xA4, 0xEA, 0xFD, 0x80, 0xAA,
    0x7A, 0xE1, 0xCC, 0xD3, 0x7F, 0xB1, 0xBE, 0x7B, 0x69, 0xDE, 0x36, 0x30, 0x53, 0x9B, 0xC1, 0x53,
    0x0B, 0x1B, 0xEB, 0x97, 0x4F, 0x9F, 0x2F, 0xD1, 0x29, 0x57, 0xE9, 0xAD, 0x69, 0xE7, 0xD5, 0x6B,
    0x4F, 0x31, 0xF8, 0x4A, 0xC0, 0x45, 0xD0, 0xD4, 0xD5, 0x2B, 0x7E, 0x74, 0x6C, 0xA3, 0xFE, 0xE2,
    0x15, 0x9F, 0xCB, 0x30, 0x04, 0x84, 0x5E, 0x11, 0xB4, 0x05, 0x30, 0x41, 0x0C, 0xD0, 0x8E, 0xE8,
    0xC2, 0x48, 0xA5, 0x2D, 0x80, 0xF1, 0x4E, 0x4E, 0x7F, 0xDC, 0x5B, 0xB3, 0x5F, 0xB1, 0x7C, 0xBB,
    0xA4, 0x96, 0x6C, 0x5D, 0x39, 0x05, 0x0C, 0x5B, 0xAB, 0xAA, 0xE3, 0x9D, 0xB0, 0xE9, 0xE5, 0x11,
    0x84, 0x89, 0x41, 0x8B, 0x96, 0x2C, 0x0F, 0xF9, 0x50, 0xDF, 0x65, 0x93, 0x29, 0x7B, 0x54, 0x9B,
    0x6F, 0x80, 0x65, 0x19, 0xD7, 0x9E, 0xFE, 0x73, 0x92, 0xD1, 0xA0, 0x33, 0x9F, 0x47, 0xF9, 0x6F,
    0x3C, 0x8D, 0x9C, 0x3A, 0x38, 0xEE, 0xAF, 0xEF, 0x5C, 0xE0, 0xFD, 0x9C, 0x8A, 0x87, 0x90, 0x5D,
    0x5B, 0xBB, 0xEB, 0x7E, 0x58, 0x5A, 0xE6, 0xE3, 0x61, 0x24, 0x8C, 0x70, 0x14, 0x91, 0xBA, 0x08,
    0x88, 0xA1, 0x57, 0xDE, 0xAF, 0xFB, 0x2A, 0x0C, 0x97, 0x95, 0xF6, 0x4F, 0x7D, 0xF5, 0x93, 0x80,
    0xF0, 0xAD, 0x40, 0xBD, 0xEB, 0x2F, 0x2B, 0xFD, 0xAD, 0x34, 0xFA, 0x93, 0x7F, 0xF5, 0x65, 0xA5,
    0x5F, 0xD9, 0xB9, 0x80, 0xB9, 0xFC, 0xC6, 0xBB, 0xBE, 0xCA, 0x21, 0x36, 0xFE, 0x17, 0xBE, 0x6A,
    0x69, 0x89, 0x32, 0xDA, 0xC4, 0x74, 0x91, 0xA0, 0xF5, 0xC9, 0x80, 0x54, 0xD0, 0xFB, 0x94, 0xAD,
    0xF7, 0x4E, 0x89, 0xAE, 0x21, 0x33, 0x51, 0xE6, 0x38, 0x50, 0x65, 0x7F, 0x8A, 0x9B, 0x85, 0xFE,
    0xC8, 0x0B, 0x99, 0x2C, 0x97, 0x4E, 0x6E, 0xEC, 0x7C, 0x9D, 0x79, 0x40, 0x8A, 0x09, 0x9D, 0x8B,
    0x44, 0xFA, 0x88, 0xBC, 0x5A, 0xD4, 0x02, 0x12, 0xE4, 0x0F, 0x36, 0xB5, 0x7F, 0x01, 0xF7, 0x42,
    0xDA, 0x43, 0xD6, 0x08, 0x2A, 0x0E, 0x69, 0xB6, 0xA1, 0xED, 0x15, 0xAC, 0x47, 0xDC, 0x70, 0x09,
    0xB9, 0x54, 0xFC, 0xF0, 0xAB, 0xBB, 0x11, 0x40, 0xD5, 0x7C, 0x81, 0x18, 0x60, 0x26, 0x6D, 0x40,
    0x2D, 0x70, 0x7E, 0x4C, 0xB0, 0xAA, 0xF4, 0x97, 0x09, 0xFE, 0x1E, 0xDD, 0xE5, 0x71, 0x2F, 0x24,
    0x7D, 0x93, 0x8C, 0xF2, 0xD0, 0xF4, 0x6C, 0xEB, 0x49, 0x05, 0x00, 0x61, 0x01, 0xA8, 0xB7, 0x02,
    0x5A, 0x8E, 0x67, 0xEE, 0x6C, 0xE8, 0x91, 0x11, 0xD1, 0x99, 0xD4, 0x73, 0x5A, 0xA6, 0xE7, 0x70,
    0xDB, 0x8C, 0xAE, 0xA9, 0x21, 0x9A, 0x69, 0x77, 0x00, 0x22, 0x9E, 0x47, 0xE0, 0xCB, 0x00, 0x17,
    0xC1, 0xF8, 0xDA, 0xCD, 0x48, 0x45, 0xF8, 0xD5, 0xD2, 0x43, 0xC0, 0x12, 0xD2, 0x35, 0x6A, 0x91,
    0xFD, 0x12, 0x83, 0xF9, 0x8E, 0x0B, 0x20, 0xF3, 0xAB, 0x00, 0xD7, 0x63, 0x57, 0xCD, 0x83, 0xFD,
    0xF5, 0x18, 0xF4, 0xD4, 0x9D, 0x27, 0x9D, 0xC0, 0xFC, 0xB1, 0x0F, 0xB0, 0x5F, 0x8C, 0x16, 0x90,
    0x3F, 0x40, 0x25, 0xC4, 0x5F, 0xFD, 0xAE, 0x6A, 0xCD, 0x2A, 0xEB, 0xC5, 0x58, 0x15, 0x9D, 0xFB,
    0x30, 0xC1, 0xDB, 0xB1, 0x3F, 0xE7, 0x18, 0xAE, 0x3A, 0x64, 0x3F, 0xC0, 0x89, 0x47, 0xAC, 0xBF,
    0x6E, 0xC9, 0x94, 0xCC, 0x45, 0x91, 0x2B, 0xC3, 0x17, 0x3F, 0x31, 0x5C, 0x34, 0x53, 0xE2, 0x49,
    0x20, 0x43, 0x3E, 0xE0, 0x9E, 0x9E, 0x7B, 0x8C, 0x05, 0x7E, 0x77, 0xAA, 0xCB, 0x19, 0x1A, 0xA3,
    0x1C, 0x32, 0x91, 0x7A, 0x4D, 0x13, 0x09, 0xC3, 0xEA, 0xDB, 0xF5, 0xF4, 0x3A, 0xC7, 0xFF, 0x7C,
    0xDC, 0x29, 0xF0, 0x52, 0x22, 0x27, 0xE0, 0xC9, 0xE2, 0xEC, 0x02, 0xE5, 0xF2, 0x53, 0x91, 0x58,
    0x55, 0xC3, 0x5F, 0xD9, 0xB1, 0x0C, 0xB2, 0x63, 0xD9, 0xFC, 0xA4, 0x79, 0x7A, 0x89, 0x6D, 0x40,
    0xCF, 0xE0, 0x20, 0x02, 0xE7, 0x03, 0x59, 0xB0, 0x22, 0xE5, 0x40, 0xCB, 0x2F, 0xE3, 0xB1, 0xC5,
    0x76, 0xC2, 0x73, 0xD9, 0x7B, 0x6B, 0x48, 0x11, 0xBC, 0xE4, 0x8E, 0xAE, 0xCB, 0xD2, 0x1F, 0xF5,
    0xE2, 0x44, 0x00, 0x9B, 0xCC, 0x61, 0x27, 0xDA, 0x1D, 0x3C, 0xA7, 0x88, 0xA9, 0xE7, 0x88, 0x74,
    0xFE, 0x99, 0x0B, 0x29, 0xDF, 0xCD, 0x4B, 0x27, 0x12, 0x34, 0x7D, 0x76, 0x23, 0x63, 0x04, 0x27,
    0x2F, 0x96, 0x3C, 0x62, 0x97, 0x63, 0x95, 0x9B, 0x8A, 0x18, 0x0B, 0xF9, 0xA9, 0x3C, 0x02, 0x95,
    0xE7, 0x48, 0xDD, 0x88, 0x78, 0x8E, 0xBF, 0xCA, 0x2F, 0x43, 0x91, 0xC8, 0xAB, 0xEA, 0xA2, 0xC1,
    0xF9, 0x4E, 0x2A, 0x9C, 0x08, 0x38, 0xAF, 0x9A, 0x0B, 0x9C, 0x5A, 0x53, 0x35, 0x6C, 0x51, 0x80,
    0x62, 0x6B, 0x5B, 0x26, 0x59, 0xF2, 0x14, 0xD8, 0xFC, 0xDF, 0x8F, 0x74, 0x8E, 0xD6, 0xDA, 0x0D,
    0x79, 0xE4, 0xB3, 0xF8, 0x5E, 0xE0, 0xF4, 0x78, 0x8A, 0xA7, 0xBF, 0x8A, 0xE9, 0x56, 0x5D, 0xEB,
    0xA5, 0xC4, 0x24, 0x93, 0x39, 0x72, 0x72, 0x01, 0x42, 0x29, 0xFC, 0xD9, 0x23, 0x63, 0xA1, 0x14,
    0xA5, 0xCC, 0xBD, 0x10, 0x67, 0x85, 0x8E, 0x14, 0xF1, 0xD0, 0x0B, 0x99, 0xA3, 0x28, 0x42, 0xF9,
    0x36, 0xA1, 0x47, 0xE8, 0x69, 0x87, 0xD1, 0x48, 0x3B, 0xAF, 0x9D, 0x39, 0x8F, 0xA0, 0x05, 0x59,
    0x6B, 0x10, 0xE1, 0x1C, 0xE2, 0x47, 0x13, 0x74, 0xF4, 0xB7, 0x59, 0xEF, 0x29, 0xE4, 0x1F, 0xE5,
    0x55, 0x23, 0x1F, 0xC8, 0x0F, 0x72, 0x35, 0xD6, 0x39, 0xBF, 0x1A, 0xEB, 0x39, 0xA1, 0xE8, 0x39,
    0x1A, 0x63, 0x34, 0x91, 0xA1, 0x7D, 0x20, 0x4E, 0x45, 0x0E, 0x63, 0x23, 0x5A, 0x00, 0x16, 0xA3,
    0x52, 0xD5, 0x2D, 0x81, 0x54, 0xB4, 0xE4, 0x36, 0x2F, 0xE5, 0xE2, 0x84, 0xC4, 0x90, 0xF5, 0x78,
    0x32, 0x65, 0xFD, 0xC5, 0x37, 0xE2, 0x41, 0xFC, 0x5E, 0x36, 0xEE, 0x0A, 0x65, 0x9E, 0xAA, 0x90,
    0x53, 0xFD, 0x07, 0xAC, 0xAA, 0x8B, 0x8E, 0x8E, 0xAC, 0x06, 0xAB, 0x83, 0xE8, 0xB8, 0x2C, 0xD0,
    0x6F, 0xA8, 0xF0, 0xB3, 0x96, 0x0C, 0xCF, 0xC3, 0xA5, 0x81, 0x7A, 0x1C, 0xF7, 0xF5, 0xE2, 0x51,
    0xC8, 0x8E, 0x65, 0x10, 0x7D, 0xC2, 0x29, 0xBB, 0x7B, 0xB4, 0x6B, 0x86, 0x5B, 0x58, 0xF7, 0xF0,
    0x2E, 0xA7, 0x94, 0xC6, 0x17, 0xF2, 0x54, 0xEA, 0x34, 0xA6, 0x46, 0xD6, 0x79, 0x2A, 0x38, 0x9D,
    0x0F, 0x2B, 0xAA, 0x7E, 0xAA, 0xB9, 0xCF, 0x3D, 0x97, 0xD9, 0xAC, 0xC3, 0xC5, 0x05, 0x65, 0xF4,
    0x7E, 0xA5, 0x99, 0xF0, 0x9C, 0xA5, 0x26, 0x8F, 0x5F, 0x07, 0x4D, 0xCC, 0x10, 0xAA, 0x91, 0x14,
    0xEF, 0x2A, 0x13, 0x53, 0x23, 0x6A, 0x01, 0x94, 0x72, 0x75, 0xBC, 0x53, 0x60, 0x2B, 0x75, 0xF3,
    0x60, 0x2B, 0x35, 0xB3, 0x60, 0x0F, 0xB6, 0x7C, 0xA9, 0x28, 0xC3, 0x63, 0x05, 0xFA, 0xD5, 0x94,
    0xF7, 0x9F, 0x1A, 0x0E, 0xE1, 0xF7, 0x87, 0xFD, 0x74, 0x8E, 0x49, 0x49, 0xDF, 0x25, 0x38, 0xB9,
    0xBD, 0xFE, 0x16, 0xD8, 0x70, 0x5E, 0x67, 0x68, 0x1A, 0x57, 0x08, 0xC8, 0xE4, 0x07, 0x58, 0x3F,
    0xDC, 0xB8, 0x82, 0x99, 0x0D, 0x8F, 0xA4, 0x8F, 0x12, 0x2C, 0x0E, 0x6D, 0x03, 0x38, 0x41, 0xDA,
    0xD2, 0xD1, 0xCF, 0x4A, 0x5E, 0xA6, 0x49, 0x57, 0x16, 0x03, 0x97, 0xB9, 0xB4, 0x88, 0x0E, 0x90,
    0x4C, 0x3E, 0xE8, 0x45, 0x8E, 0x38, 0xC7, 0x30, 0xDB, 0x7C, 0x3D, 0xCC, 0x0C, 0x4E, 0xF6, 0xAC,
    0x60, 0x0D, 0x5A, 0x5E, 0xC4, 0x5B, 0x7E, 0xF9, 0x83, 0xBC, 0xF6, 0xB4, 0xE5, 0xE9, 0x8C, 0xCA,
    0x3C, 0x68, 0x7A, 0xB7, 0xDC, 0x9B, 0xB4, 0x2A, 0x9C, 0x7A, 0x98, 0x6A, 0x49, 0xD2, 0xE6, 0x2D,
    0xAA, 0x42, 0x2C, 0x61, 0x12, 0x49, 0x01, 0xE7, 0x50, 0x8F, 0xC6, 0xC4, 0x2C, 0x7F, 0xD9, 0xF2,
    0x4D, 0x4C, 0xF2, 0x6A, 0xE4, 0x90, 0x50, 0xC8, 0xF0, 0x36, 0xBB, 0xE5, 0x72, 0x9B, 0xF0, 0x3B,
    0x37, 0xD3, 0xD4, 0x41, 0x36, 0x5E, 0xAF, 0x5C, 0xD6, 0x94, 0xE9, 0x8A, 0x61, 0x86, 0x3C, 0x31,
    0x78, 0x0E, 0x49, 0xA1, 0xCF, 0x19, 0x1E, 0xC2, 0x81, 0x52, 0x9B, 0xD7, 0x78, 0x55, 0xB6, 0xA5,
    0x63, 0x4C, 0x5D, 0xD9, 0xE6, 0x23, 0x01, 0x7B, 0xB6, 0x8D, 0xCB, 0x3F, 0x41, 0xAE, 0xC8, 0x3F,
    0x36, 0x7C, 0x12, 0x96, 0xC7, 0xD3, 0x2F, 0xE9, 0xFE, 0x9F, 0xF8, 0xAA, 0xB8, 0x36, 0xC3, 0x63,
    0xBF, 0x53, 0xE8, 0xE7, 0x76, 0x66, 0x6C, 0x70, 0x97, 0xCF, 0x73, 0x8C, 0xAE, 0x7A, 0x3D, 0x11,
    0xAC, 0x1D, 0x90, 0x53, 0x35, 0x1B, 0x8E, 0xD2, 0x42, 0x29, 0x9F, 0x04, 0x36, 0x76, 0x8E, 0x91,
    0x3E, 0xA3, 0xC4, 0x2B, 0xCA, 0x4C, 0x87, 0x67, 0xEF, 0x22, 0xA4, 0xCC, 0xCA, 0xD0, 0x4E, 0x04,
    0x57, 0x8B, 0x54, 0x5E, 0xAF, 0xA1, 0x27, 0x66, 0x84, 0x65, 0x4A, 0x8B, 0x81, 0x42, 0xF6, 0xE2,
    0xC6, 0xAF, 0x42, 0x14, 0x98, 0x2E, 0x0F, 0xEF, 0x2A, 0xAB, 0x8F, 0xEF, 0xEF, 0x72, 0x37, 0xB3,
    0xD9, 0x4E, 0xE2, 0xF2, 0x98, 0xE2, 0x93, 0xB6, 0xCD, 0x7A, 0x86, 0x2E, 0xF0, 0xF8, 0x0F, 0x18,
    0x8F, 0xA7, 0xAF, 0x30, 0x16, 0xC3, 0x59, 0x3E, 0xEF, 0xA8, 0x9A, 0x35, 0x91, 0xD8, 0x9A, 0x0A,
    0x67, 0xBA, 0x7C, 0x7D, 0x9E, 0x13, 0x64, 0xA8, 0xFF, 0x06, 0x31, 0xAB, 0xB0, 0x81, 0x62, 0x29,
    0xE3, 0xF4, 0xC0, 0x11, 0x3C, 0xBE, 0x10, 0x67, 0x16, 0x22, 0xBB, 0x35, 0x88, 0xD3, 0x8D, 0x33,
    0x6F, 0xDB, 0xE8, 0xA2, 0x5A, 0x98, 0xE6, 0x8E, 0xBC, 0xE2, 0x62, 0xAF, 0x0D, 0x21, 0xDB, 0x59,
    0x1C, 0xE4, 0xE9, 0xE8, 0x3B, 0x31, 0xCB, 0x6E, 0x7F, 0x7D, 0x5A, 0xFC, 0x78, 0x3A, 0x10, 0xBF,
    0x42, 0x80, 0xB1, 0x91, 0x1E, 0x81, 0x91, 0x41, 0x80, 0xF9, 0x07, 0x03, 0xB8, 0x51, 0x7E, 0x76,
    0xEC, 0x18, 0x5F, 0x40, 0xEC, 0x7B, 0x5D, 0x2E, 0x4F, 0xBD, 0x81, 0x35, 0xF0, 0xE0, 0x98, 0x48,
    0x8D, 0xFB, 0xB6, 0x66, 0x96, 0x86, 0x06, 0x50, 0x94, 0x02, 0x76, 0x38, 0x3C, 0x86, 0xBE, 0x56,
    0xBF, 0x03, 0xF4, 0xFA, 0x79, 0x95, 0xEF, 0x8F, 0x38, 0xA1, 0xB2, 0xDA, 0x0B, 0xAD, 0x91, 0xD4,
    0x7E, 0xBB, 0x24, 0x84, 0x37, 0xF6, 0x9F, 0xC2, 0x20, 0x6B, 0x5C, 0x0F, 0xB3, 0xFF, 0xED, 0xFF,
    0xEC, 0xCB, 0x0D, 0xB6, 0x67, 0x5C, 0xCA, 0x46, 0xB7, 0x7D, 0x95, 0x97, 0xFC, 0x4D, 0x7B, 0x87,
    0xB7, 0xEB, 0xEE, 0xAD, 0x95, 0x67, 0x1D, 0xAC, 0xE7, 0x42, 0xF6, 0x54, 0xF9, 0x34, 0xC3, 0x51,
    0x93, 0xA1, 0x20, 0x60, 0x3F, 0x81, 0x33, 0x67, 0x8D, 0x37, 0x19, 0x90, 0x91, 0x9A, 0x76, 0x42,
    0xEC, 0x10, 0x18, 0x3D, 0x06, 0xED, 0xA2, 0xEC, 0xA4, 0xF7, 0xDB, 0xFE, 0xA6, 0x43, 0xD2, 0x86,
    0xCE, 0xA4, 0x7B, 0x06, 0x74, 0x6B, 0xB1, 0x71, 0xEE, 0x55, 0xB2, 0xBA, 0xEC, 0x74, 0xF9, 0xBF,
    0x46, 0xD4, 0x54, 0x3B, 0xFD, 0xD0, 0xE7, 0x5F, 0xFF, 0x50, 0xD6, 0x99, 0x33, 0x0E, 0x00, 0xED,
    0x34, 0x47, 0x76, 0x21, 0x49, 0x3D, 0x31, 0x32, 0xED, 0xD4, 0xA0, 0x93, 0x1C, 0x9E, 0x43, 0x6D,
    0x68, 0xED, 0xEA, 0x1A, 0x75, 0x15, 0x27, 0x99, 0x8B, 0xBE, 0xB2, 0x7B, 0xF1, 0x48, 0x3C, 0xB7,
    0x89, 0x85, 0x52, 0x1B, 0x73, 0x8B, 0xCB, 0x6A, 0x99, 0x20, 0xBF, 0xEC, 0x01, 0x8E, 0xFE, 0x61,
    0xD4, 0x50, 0x8D, 0x79, 0xB5, 0xDC, 0xDA, 0xC4, 0xB0, 0xC2, 0xF2, 0xDC, 0xE6, 0xB1, 0x5E, 0xFB,
    0xD5, 0x65, 0x24, 0x71, 0x9F, 0x53, 0xCB, 0xD3, 0x04, 0x33, 0x0F, 0x2E, 0x53, 0x57, 0x69, 0xCC,
    0xE4, 0x61, 0xF5, 0x7D, 0x77, 0xA6, 0x02, 0xED, 0xB9, 0xFD, 0x3F, 0x11, 0x07, 0xEF, 0x4E, 0xF6,
    0x8E, 0x50, 0x6F, 0xE9, 0x16, 0xB1, 0x40, 0x94, 0x9A, 0x5F, 0x68, 0xD8, 0x3C, 0x63, 0xB0, 0x61,
    0x3F, 0x52, 0xAF, 0xCF, 0xA9, 0x86, 0x43, 0x44, 0x55, 0x25, 0xD5, 0xE2, 0x10, 0x2B, 0x08, 0xED,
    0x27, 0x00, 0xDF, 0x7B, 0xEF, 0x8F, 0x00, 0xDF, 0xBF, 0xFA, 0x57, 0x24, 0x08, 0x0F, 0xDF, 0xD4,
    0x3A, 0x6A, 0x3A, 0xB1, 0x39, 0x0F, 0xD1, 0xC8, 0x90, 0xC8, 0xE4, 0x30, 0xA2, 0x0A, 0x83, 0x61,
    0xD7, 0xCA, 0x65, 0x89, 0x9A, 0xEF, 0xE9, 0x64, 0x58, 0x3D, 0xEF, 0x53, 0x3D, 0xD9, 0xE6, 0xF3,
    0x58, 0xAF, 0x17, 0xE3, 0x21, 0x89, 0x1E, 0x34, 0xB1, 0x26, 0x91, 0xFE, 0x76, 0x92, 0xD6, 0x77,
    0x2F, 0xE8, 0x1F, 0xEC, 0x7E, 0x00, 0xF8, 0x79, 0xE5, 0xC9, 0xF2, 0xAD, 0x92, 0x1E, 0x2C, 0x22,
    0x99, 0x29, 0xC1, 0x11, 0x5E, 0x95, 0x12, 0xBF, 0x3A, 0x04, 0x1B, 0xE5, 0xF2, 0x29, 0x9D, 0x97,
    0xC8, 0xCB, 0x92, 0x9C, 0x93, 0xB9, 0x70, 0x0B, 0x39, 0x0B, 0x0D, 0x32, 0x63, 0x3C, 0xF8, 0xA2,
    0xA3, 0xC9, 0x9B, 0x58, 0x7B, 0xF0, 0x76, 0xF9, 0x1B, 0xE5, 0x53, 0x16, 0x7B, 0xF7, 0x3B, 0x32,
    0xF4, 0x90, 0xB7, 0xC1, 0xA8, 0x2F, 0xE6, 0x67, 0x05, 0x64, 0x3A, 0x7A, 0x85, 0xAD, 0xF9, 0x74,
    0x50, 0x06, 0x19, 0x2F, 0x18, 0x0D, 0x97, 0x5F, 0x55, 0xDA, 0x4F, 0xBC, 0xE6, 0xBD, 0x0B, 0x04,
    0x41, 0x73, 0x16, 0xCB, 0x98, 0x47, 0xCD, 0x3C, 0x60, 0xB9, 0xB9, 0x0C, 0x78, 0xB8, 0x19, 0xC9,
    0xDA, 0xE6, 0xA5, 0xB1, 0xB5, 0xCD, 0xC5, 0x64, 0x18, 0x11, 0x9F, 0x99, 0x1B, 0xDF, 0x38, 0x28,
    0xF7, 0xF5, 0xDD, 0xA7, 0x03, 0x1C, 0x22, 0xAD, 0x62, 0x4E, 0xF7, 0x97, 0xB0, 0xF2, 0xA0, 0x1E,
    0xDA, 0xAE, 0xE5, 0x17, 0x48, 0xE1, 0x0E, 0xB0, 0x38, 0x4A, 0xAC, 0x93, 0x4A, 0x8E, 0xF1, 0xC3,
    0xF8, 0xD0, 0x38, 0xA7, 0xD5, 0xC0, 0x6B, 0x64, 0x31, 0x92, 0x48, 0x7D, 0x4C, 0xF8, 0x88, 0xBF,
    0xA9, 0x3E, 0xF6, 0x95, 0xF9, 0xCC, 0xE5, 0x4D, 0xF5, 0x61, 0xA8, 0xCC, 0xE7, 0xDE, 0xD8, 0xC4,
    0xF8, 0x9F, 0xF9, 0xFB, 0x7F, 0x41, 0x58, 0x21, 0xFC, 0xBF, 0x08, 0xC9, 0x80, 0xF8, 0x47, 0x7F,
    0xBD, 0xC9, 0xD7, 0xB9, 0xFE, 0x77, 0x50, 0x0C, 0xF3, 0xFD, 0x5D, 0x0E, 0x86, 0xC6, 0x7D, 0xB8,
    0xC6, 0x91, 0x79, 0x2B, 0x43, 0x68, 0x87, 0x18, 0x5E, 0x85, 0x72, 0x84, 0xE3, 0xAC, 0x35, 0x62,
    0x29, 0x8E, 0xBF, 0x96, 0x49, 0x84, 0xE6, 0xFF, 0xCC, 0xC7, 0x13, 0xB2, 0x4F, 0x88, 0x81, 0xEC,
    0x5E, 0xC0, 0x3A, 0x9C, 0x6C, 0x36, 0x91, 0x45, 0x64, 0xFC, 0x17, 0x27, 0x82, 0x02, 0x5C, 0x3B,
    0xFF, 0xE5, 0xC3, 0x51, 0x95, 0x6E, 0x68, 0x1D, 0x99, 0x7B, 0x2E, 0x26, 0xFD, 0xE8, 0xC8, 0x91,
    0xB9, 0xFF, 0x24, 0x54, 0xAB, 0x6A, 0xEE, 0xC8, 0x03, 0x18, 0xF5, 0x76, 0xEF, 0x9F, 0xC0, 0x92,
    0x6C, 0x87, 0x0F, 0x90, 0x23, 0x23, 0xCE, 0x53, 0xAA, 0xAC, 0xF6, 0xC8, 0x48, 0xC6, 0x99, 0xF3,
    0x44, 0x76, 0x25, 0xC8, 0x6A, 0x87, 0x43, 0x30, 0x25, 0x8B, 0xC0, 0xAA, 0x2C, 0xDD, 0xE4, 0xBC,
    0x23, 0x99, 0x12, 0x65, 0xF6, 0xE7, 0x71, 0xD6, 0x5F, 0x26, 0xD3, 0x97, 0x49, 0xE1, 0x3E, 0x9E,
    0x5E, 0x57, 0xE7, 0xD2, 0xA4, 0x86, 0x10, 0xBB, 0x73, 0xF1, 0xAF, 0xC1, 0x1F, 0xE0, 0x4E, 0x71,
    0x3A, 0x32, 0x49, 0x1A, 0xCB, 0xE9, 0x29, 0x0E, 0x02, 0x24, 0x65, 0x70, 0x25, 0x46, 0xDB, 0x65,
    0x1E, 0x09, 0xD8, 0x12, 0x45, 0x21, 0x91, 0xE0, 0xFF, 0x60, 0x10, 0x23, 0x38, 0x31, 0x9A, 0xB4,
    0x3E, 0x4B, 0x63, 0x9A, 0xC1, 0x0A, 0x86, 0x76, 0x0A, 0x12, 0x2F, 0x3A, 0xF8, 0x35, 0x7E, 0x4A,
    0xF5, 0x6E, 0x8B, 0x35, 0x4E, 0x82, 0x99, 0x98, 0x18, 0xB4, 0xC6, 0x3A, 0x35, 0xA6, 0xCF, 0x2E,
    0xA8, 0x01, 0x18, 0x5D, 0x06, 0xF3, 0x1D, 0x0F, 0xE0, 0x60, 0xCD, 0x0F, 0x93, 0xCC, 0xB6, 0x2D,
    0x82, 0xCB, 0x89, 0xCA, 0xBD, 0xE4, 0x9B, 0x3F, 0xA0, 0xA6, 0xF8, 0x91, 0x6F, 0xBE, 0x49, 0x65,
    0x7F, 0xC9, 0xE7, 0xD9, 0x59, 0xA6, 0xBF, 0x6F, 0x2A, 0xCB, 0x58, 0x96, 0xE5, 0x7E, 0xD4, 0x9E,
    0xE5, 0xDD, 0xDB, 0x5F, 0xB3, 0xCB, 0x13, 0xE4, 0x35, 0x81, 0x50, 0x2B, 0x5B, 0x19, 0x23, 0xC8,
    0x65, 0x78, 0x08, 0x1A, 0xCD, 0x46, 0x7D, 0x74, 0x70, 0x8F, 0x7E, 0x93, 0x1E, 0xFC, 0x2A, 0xEB,
    0xF7, 0xA2, 0x33, 0x2C, 0x90, 0xC1, 0xE8, 0x09, 0x72, 0xF6, 0xFE, 0x02, 0x91, 0xBC, 0x27, 0x4B,
    0x89, 0xF3, 0x7D, 0xAA, 0x7A, 0xC8, 0x09, 0x7B, 0x62, 0xFD, 0x27, 0x09, 0xBB, 0x9C, 0xF5, 0x9F,
    0x4A, 0x1E, 0x6E, 0x5E, 0x99, 0x0E, 0xEB, 0x8B, 0x49, 0x64, 0xA6, 0x6F, 0x24, 0x59, 0x3E, 0xCA,
    0x10, 0x99, 0x67, 0xB6, 0x91, 0xFB, 0xD2, 0x26, 0x25, 0xC9, 0xDA, 0x0D, 0xB1, 0x7A, 0x4F, 0x98,
    0xBB, 0x42, 0x72, 0x48, 0xE5, 0xE8, 0xED, 0x21, 0xDB, 0xEE, 0x65, 0x32, 0x2A, 0xED, 0x25, 0x2F,
    0x83, 0xE7, 0xD0, 0x71, 0x46, 0x41, 0xBC, 0xE2, 0xF9, 0x72, 0x87, 0x93, 0xB5, 0xF1, 0x72, 0xA0,
    0x1D, 0x56, 0x55, 0x48, 0x1B, 0x71, 0xBC, 0x6C, 0x2C, 0xAE, 0xA7, 0xDA, 0x90, 0x5F, 0xDB, 0xEA,
    0x3F, 0x0F, 0x78, 0x34, 0xDA, 0x18, 0x07, 0x39, 0x66, 0xC8, 0x99, 0x64, 0x33, 0x24, 0xFB, 0x4F,
    0xB9, 0x51, 0xBE, 0x5D, 0x7E, 0x76, 0x70, 0xCA, 0x2E, 0xB3, 0x10, 0xC9, 0xEC, 0xB6, 0x38, 0xA6,
    0x0F, 0x57, 0x65, 0x51, 0xD8, 0x44, 0xE4, 0x61, 0xC4, 0x94, 0x9C, 0x7A, 0xAB, 0xA4, 0x74, 0xE3,
    0x5F, 0x51, 0x2D, 0x0D, 0xFE, 0x15, 0xF8, 0xDF, 0xFC, 0xC0, 0x30, 0x7B, 0x88, 0x8E, 0xB7, 0xD9,
    0x59, 0x76, 0x52, 0xBB, 0x58, 0xD3, 0x93, 0x55, 0xFC, 0xC5, 0x4B, 0x1A, 0xFE, 0x88, 0xAD, 0x14,
    0x10, 0x30, 0x10, 0xCD, 0x0D, 0x46, 0xCC, 0x38, 0x32, 0xC4, 0xE4, 0x0E, 0x20, 0x4B, 0x23, 0x5A,
    0xE2, 0x49, 0xE3, 0xAD, 0x8D, 0x89, 0xCE, 0xE7, 0xCF, 0x94, 0xA5, 0x35, 0xDD, 0xC3, 0x1B, 0xD4,
    0xB8, 0x58, 0xCF, 0x0D, 0xCE, 0x5D, 0xD9, 0xDA, 0x3C, 0x4B, 0x46, 0xB6, 0x47, 0x78, 0x24, 0xEF,
    0x5C, 0x79, 0xA5, 0xCC, 0x32, 0xBC, 0xA7, 0xA6, 0x9F, 0x2D, 0xBF, 0x56, 0xC6, 0x9C, 0x00, 0xC8,
    0x24, 0xD9, 0xE6, 0x39, 0x88, 0x5A, 0xB6, 0x8B, 0xFC, 0x12, 0x8B, 0x6A, 0xA8, 0x4A, 0x86, 0x63,
    0x9B, 0xC9, 0x5B, 0x1C, 0xBE, 0x41, 0xFC, 0xA6, 0xB7, 0x91, 0x20, 0xF5, 0xE5, 0x36, 0x68, 0xEC,
    0x7E, 0x19, 0x23, 0xE1, 0x04, 0x14, 0xBC, 0xEC, 0x20, 0xCF, 0x4D, 0xD3, 0x39, 0x3B, 0x11, 0xD6,
    0x9D, 0xA4, 0xCE, 0x0E, 0xAA, 0xCA, 0x31, 0xED, 0x30, 0xA5, 0x14, 0x07, 0xE7, 0x3B, 0x08, 0x9B,
    0xCF, 0xA1, 0x72, 0x8A, 0x2A, 0x77, 0xE3, 0xF3, 0x1D, 0xE1, 0x9E, 0xEA, 0x1C, 0xC6, 0x12, 0xF6,
    0x3C, 0x5C, 0x0D, 0x57, 0x53, 0x36, 0xBA, 0xB2, 0x5E, 0xC0, 0x86, 0x87, 0x22, 0x20, 0xBF, 0x44,
    0xC4, 0x54, 0x8A, 0x05, 0x50, 0x96, 0x79, 0xCE, 0x3D, 0xB2, 0xB2, 0xA3, 0x0E, 0x1B, 0xB2, 0x1C,
    0x21, 0xC1, 0xBC, 0xC0, 0x22, 0x29, 0xE3, 0x15, 0x2D, 0xDC, 0xA4, 0xB7, 0xC9, 0x1B, 0x7E, 0xB8,
    0xF5, 0xAC, 0x72, 0xCE, 0xC0, 0x9F, 0x48, 0xA6, 0x81, 0xF1, 0x7C, 0x48, 0x6C, 0x72, 0xCA, 0x42,
    0xC0, 0x0B, 0xD5, 0x1D, 0x7B, 0x93, 0x70, 0x12, 0x60, 0x59, 0x7E, 0x45, 0x7C, 0x4C, 0x23, 0x49,
    0x68, 0xB1, 0x49, 0x12, 0x3B, 0xBC, 0xDE, 0x65, 0x71, 0x4B, 0xA6, 0xFD, 0x0C, 0xEB, 0x6D, 0x12,
    0x34, 0x5C, 0x44, 0x61, 0xBB, 0x44, 0xAB, 0x98, 0xD1, 0xA9, 0xB0, 0x26, 0x39, 0xF5, 0x19, 0xFC,
    0x0F, 0x79, 0x67, 0x54, 0x84, 0xBE, 0xD5, 0xD9, 0xE2, 0x55, 0x12, 0x39, 0x4D, 0x94, 0xFA, 0xB2,
    0x86, 0x14, 0x69, 0xD6, 0x4F, 0x23, 0x15, 0x39, 0x5E, 0x47, 0x8F, 0x96, 0x54, 0x0D, 0xEB, 0x0F,
    0x38, 0x3F, 0xF6, 0x39, 0x6F, 0x42, 0x81, 0xD7, 0xAC, 0x41, 0x16, 0x46, 0xC7, 0xB3, 0x52, 0x4C,
    0xC5, 0xBF, 0xD2, 0xD1, 0xA8, 0x97, 0x54, 0xD8, 0xC0, 0xB8, 0xD4, 0xA1, 0x4F, 0xAB, 0x55, 0x81,
    0xBA, 0x71, 0x3F, 0xD1, 0x5F, 0xA2, 0xD3, 0xF3, 0x90, 0x21, 0x76, 0x81, 0xD3, 0xF9, 0x57, 0x39,
    0xC7, 0x7B, 0x83, 0x93, 0xD6, 0x57, 0x38, 0x7F, 0x7D, 0x81, 0x8E, 0xD8, 0xE0, 0x1D, 0x98, 0xFE,
    0x9C, 0xD0, 0xCF, 0x7B, 0x1E, 0xE4, 0x05, 0x3A, 0x2C, 0xDF, 0x08, 0x78, 0xF2, 0x77, 0x25, 0x3B,
    0x09, 0x53, 0x65, 0x1D, 0x5E, 0x90, 0x6A, 0x36, 0xBB, 0x59, 0x13, 0x89, 0x93, 0x8C, 0xC0, 0xF2,
    0x72, 0x74, 0xA7, 0x07, 0x07, 0x85, 0xFE, 0xDC, 0xBE, 0xED, 0xCC, 0x60, 0xBB, 0x48, 0x17, 0x5B,
    0x6E, 0xCE, 0x9B, 0xA5, 0xBE, 0x6C, 0x24, 0xB3, 0x26, 0xB4, 0xF9, 0x2F, 0x21, 0x8F, 0x85, 0xC5,
    0x6A, 0xAE, 0x2C, 0xE9, 0x27, 0x4B, 0x20, 0xD9, 0xDC, 0xF3, 0xDB, 0xB3, 0x39, 0x4F, 0x99, 0xF1,
    0xAC, 0x11, 0xAB, 0xA2, 0x3B, 0x4B, 0x5D, 0x08, 0x77, 0x40, 0x93, 0xCE, 0x8C, 0xDC, 0x79, 0xFF,
    0x13, 0xD5, 0x88, 0x1B, 0xDA, 0xF4, 0x7E, 0xF9, 0x6D, 0x71, 0x38, 0xCA, 0x16, 0xFD, 0xCD, 0xEE,
    0xC0, 0xC6, 0x2B, 0x74, 0xAE, 0xC8, 0x4E, 0xAC, 0x84, 0xAB, 0x9C, 0x54, 0x87, 0x9C, 0xFB, 0x90,
    0xDA, 0x7B, 0x77, 0x0E, 0xBD, 0x50, 0x45, 0xBF, 0xE6, 0x17, 0xFD, 0x2C, 0x3F, 0x6F, 0x3F, 0x08,
    0x61, 0xE0, 0xB4, 0xCA, 0x8F, 0x2F, 0x1D, 0xDE, 0xCF, 0x40, 0xFF, 0xEF, 0xC0, 0xE1, 0xB9, 0xBD,
    0x66, 0x04, 0xF7, 0x89, 0x36, 0x89, 0x0C, 0xBD, 0x87, 0x65, 0x4D, 0x42, 0xE2, 0xA5, 0xC4, 0x2E,
    0x5A, 0xE0, 0x1E, 0x4B, 0x60, 0x09, 0xCC, 0x06, 0x38, 0x9F, 0x91, 0xE3, 0x72, 0x8E, 0xAA, 0x95,
    0xF1, 0x0D, 0x1F, 0xE0, 0x53, 0xF8, 0xE4, 0x1C, 0x2E, 0x23, 0xF6, 0xB3, 0x02, 0x9B, 0x88, 0xEC,
    0xA3, 0xD8, 0x40, 0x02, 0x22, 0x4E, 0xFF, 0xDF, 0xEB, 0x2B, 0x2D, 0xE8, 0x18, 0xE7, 0x02, 0xA2,
    0x28, 0xF9, 0x8A, 0xF8, 0xF8, 0x9B, 0x7F, 0xE1, 0xD6, 0x61, 0xD7, 0xCE, 0xB1, 0x8B, 0xEC, 0xC7,
    0xF5, 0x94, 0xB5, 0xBB, 0x11, 0x92, 0x44, 0xD3, 0x79, 0x45, 0xE2, 0x0E, 0xC4, 0x6D, 0x6B, 0x90,
    0xDF, 0xAE, 0x3A, 0x30, 0xED, 0x92, 0xFE, 0x52, 0xD0, 0xBC, 0xE8, 0x23, 0xF3, 0x48, 0x66, 0x81,
    0xBC, 0xA0, 0x1F, 0x27, 0x5B, 0x0E, 0x24, 0x2D, 0xB1, 0xE2, 0x54, 0xDD, 0x56, 0x34, 0x2D, 0x0C,
    0xDB, 0xE5, 0x0D, 0x9E, 0x86, 0xC9, 0xE0, 0xF6, 0xEE, 0xB9, 0xA8, 0xE8, 0x6A, 0x9D, 0xFB, 0xE4,
    0xAE, 0xD9, 0x90, 0x31, 0xC2, 0x32, 0xA1, 0x16, 0xA2, 0x98, 0xBD, 0x2C, 0xA5, 0xCD, 0xF1, 0x38,
    0xCB, 0xAD, 0xB7, 0x94, 0x3D, 0xA9, 0x48, 0x9D, 0xB4, 0x48, 0x2F, 0xB5, 0x55, 0x0C, 0x26, 0x13,
    0x5E, 0xAA, 0x07, 0x01, 0x9D, 0xEC, 0xFF, 0xE0, 0x30, 0x7A, 0x9B, 0x39, 0x10, 0x36, 0xDB, 0x90,
    0xB3, 0xBF, 0x80, 0xAD, 0xF9, 0x2E, 0xE6, 0x63, 0x5C, 0x81, 0xEF, 0x15, 0x33, 0x2E, 0x56, 0xF1,
    0xFE, 0x1D, 0xCE, 0x69, 0xA4, 0x23, 0x93, 0x1C, 0x46, 0x55, 0x10, 0x53, 0x5C, 0x44, 0xC1, 0x38,
    0xD0, 0xBB, 0x9D, 0xAD, 0x24, 0x17, 0xF5, 0x0B, 0xBB, 0x7F, 0x83, 0xD5, 0x05, 0x10, 0xC1, 0xCD,
    0x5F, 0x5F, 0x62, 0xA9, 0xED, 0xFE, 0x17, 0xFA, 0xDC, 0x6F, 0xFF, 0x4C, 0x16, 0x19, 0xB8, 0x71,
    0x26, 0xD6, 0x79, 0x31, 0x61, 0x1E, 0xBD, 0x2C, 0xEE, 0xF9, 0xAE, 0x12, 0x25, 0x74, 0x8A, 0x9E,
    0x85, 0x50, 0xAC, 0x80, 0xE7, 0xF8, 0xA0, 0x24, 0x93, 0xAF, 0x42, 0x51, 0x0B, 0xF4, 0x74, 0x23,
    0x21, 0x46, 0x1C, 0xE3, 0x9E, 0xB9, 0xAC, 0x0A, 0x64, 0xAC, 0xDD, 0x55, 0x1D, 0xA2, 0x8C, 0xDB,
    0x74, 0x4D, 0x1A, 0x98, 0x11, 0x69, 0x7C, 0x09, 0x3D, 0xA0, 0x85, 0xA1, 0x78, 0x8C, 0xC3, 0x63,
    0x91, 0x59, 0xBA, 0x79, 0x2B, 0xE7, 0x6A, 0x64, 0x61, 0x99, 0x58, 0xA9, 0xCC, 0x97, 0xA5, 0x9F,
    0x5D, 0x98, 0x27, 0xA7, 0x38, 0xFD, 0x25, 0xDB, 0xE4, 0xB0, 0xD3, 0xE1, 0x7F, 0x64, 0x53, 0x3C,
    0x7B, 0x42, 0x4B, 0x1C, 0x11, 0x7A, 0x96, 0x7D, 0x15, 0xF4, 0x82, 0xC3, 0x68, 0x6A, 0xBC, 0x08,
    0x7A, 0x77, 0x2E, 0xCB, 0xF0, 0x3D, 0x5A, 0x92, 0xC9, 0x6F, 0x70, 0x97, 0xF0, 0x95, 0x71, 0xFB,
    0x38, 0x27, 0x11, 0xE5, 0x85, 0x93, 0x38, 0x2C, 0xA7, 0x90, 0x6D, 0x58, 0xCB, 0x0C, 0x91, 0x64,
    0x08, 0x6B, 0xB9, 0xAA, 0xDA, 0x1D, 0x3F, 0xA3, 0xBC, 0x20, 0x87, 0xC4, 0x7E, 0x1A, 0xD6, 0xA4,
    0x27, 0xD2, 0x29, 0xE0, 0xE6, 0xE8, 0x21, 0x8A, 0x97, 0x47, 0x2C, 0xE2, 0xFE, 0x36, 0xB2, 0xF7,
    0x98, 0xE9, 0x06, 0x67, 0x20, 0xF5, 0x32, 0xFF, 0x37, 0x48, 0x17, 0xE1, 0x8B, 0xCA, 0xBC, 0x7D,
    0x2E, 0x84, 0xCE, 0x86, 0x5C, 0x9E, 0x8A, 0xEF, 0xB2, 0x82, 0x0D, 0xF4, 0x17, 0x56, 0x67, 0xE4,
    0x2E, 0x35, 0xD2, 0xB5, 0xB4, 0x94, 0x44, 0xBA, 0xF3, 0x01, 0xDC, 0x7C, 0x74, 0x6A, 0xEE, 0x7A,
    0x6E, 0x90, 0xA5, 0xBC, 0x30, 0x42, 0xE2, 0x13, 0x68, 0x7A, 0xC7, 0x73, 0xD0, 0xD5, 0xE8, 0xF6,
    0x3A, 0x2B, 0xCA, 0x13, 0xAC, 0x79, 0xB7, 0x55, 0xEA, 0xB6, 0xDD, 0xF9, 0x03, 0x9D, 0x0B, 0x35,
    0x3A, 0x96, 0xBA, 0xAB, 0x7C, 0x6E, 0xCE, 0xC7, 0xF2, 0x90, 0x96, 0xBB, 0xF7, 0x1C, 0x12, 0x34,
    0x54, 0x5A, 0x87, 0xCC, 0x21, 0xAC, 0x35, 0x67, 0xFA, 0x39, 0x7A, 0xE6, 0x58, 0x68, 0x29, 0x87,
    0xCC, 0x5A, 0xB2, 0xE6, 0x10, 0xCF, 0xF5, 0x48, 0x86, 0xFF, 0xE5, 0x81, 0x0A, 0x9E, 0x41, 0xB4,
    0xEF, 0xBF, 0xC5, 0x60, 0xB0, 0x43, 0x32, 0x31, 0x66, 0xD7, 0x64, 0xD7, 0x8F, 0xFF, 0x68, 0x8B,
    0xAE, 0x3D, 0xF6, 0x23, 0x1E, 0x5D, 0x83, 0x71, 0x7A, 0x18, 0xDC, 0x15, 0x71, 0x9C, 0xCC, 0x05,
    0xA5, 0x3E, 0xC1, 0xA1, 0x32, 0x26, 0x06, 0xE4, 0xB3, 0x38, 0xF2, 0x54, 0xEB, 0xA0, 0xA7, 0xBA,
    0x23, 0x4F, 0x95, 0x1F, 0x4E, 0xAC, 0xB2, 0xDC, 0x96, 0x83, 0x1F, 0x72, 0x9C, 0x0F, 0x67, 0xFF,
    0xF5, 0x06, 0xB7, 0x38, 0xF8, 0xBF, 0xF2, 0xC4, 0xC5, 0xBD, 0xAF, 0x89, 0x7C, 0xC0, 0x64, 0x19,
    0x51, 0xDD, 0x93, 0xD8, 0x06, 0x39, 0x9B, 0xB2, 0x64, 0x2A, 0xDB, 0x24, 0x20, 0xEB, 0xA2, 0xB0,
    0x19, 0x23, 0x4B, 0x3D, 0xCC, 0xA9, 0x38, 0x86, 0xF3, 0x40, 0x06, 0x9F, 0xC3, 0xA2, 0xDE, 0xF0,
    0xD7, 0xD9, 0xD3, 0xB8, 0xC7, 0x39, 0xF3, 0x8C, 0x96, 0xBE, 0xCF, 0x4B, 0x30, 0x86, 0xEA, 0x78,
    0xC0, 0xA4, 0x85, 0x3E, 0x96, 0xAD, 0x37, 0x1B, 0x72, 0xAA, 0x34, 0x4B, 0x52, 0xC0, 0x93, 0x9E,
    0x96, 0x90, 0xEE, 0x85, 0x5C, 0xA4, 0xA4, 0xAC, 0xE5, 0xD5, 0x8A, 0x19, 0xC2, 0xAB, 0x1A, 0x1B,
    0x81, 0xE1, 0x55, 0xA0, 0x61, 0x11, 0xC8, 0xEC, 0xE5, 0x06, 0x36, 0x96, 0xCB, 0x60, 0xAB, 0x65,
    0xC4, 0x09, 0xCD, 0xAA, 0x8A, 0x1E, 0x16, 0x31, 0x41, 0x41, 0xA5, 0x1F, 0xBD, 0x8F, 0xC9, 0xD3,
    0xC5, 0xE7, 0x53, 0x8F, 0xC7, 0x14, 0x0F, 0x0D, 0xAC, 0x45, 0xF1, 0x17, 0x33, 0x4B, 0x95, 0x6A,
    0xE4, 0x34, 0x1E, 0x8E, 0x64, 0x5E, 0xD5, 0xDA, 0xB7, 0xC7, 0x82, 0x7E, 0x46, 0x1A, 0x82, 0xCD,
    0x35, 0xED, 0x63, 0x6C, 0x8D, 0xF7, 0x38, 0x4B, 0xEB, 0x5B, 0x3C, 0xE3, 0xC2, 0x67, 0xFE, 0xEE,
    0x71, 0x34, 0x86, 0x4C, 0xC1, 0xE2, 0x5E, 0xC3, 0x12, 0x8F, 0x33, 0x1C, 0xF4, 0x57, 0x4B, 0xEB,
    0x61, 0x3D, 0x4E, 0x9D, 0x73, 0xE2, 0x18, 0xB7, 0xB0, 0xD6, 0x00, 0xD5, 0xB6, 0xCE, 0x0E, 0x3F,
    0x08, 0x4A, 0x0F, 0xA7, 0x39, 0x6C, 0xE5, 0x16, 0xF9, 0x72, 0x61, 0xED, 0xFD, 0x58, 0x3F, 0x97,
    0x2E, 0x4F, 0xA1, 0xC6, 0x91, 0x00, 0x49, 0xB2, 0xE5, 0x6A, 0x57, 0x06, 0x1B, 0xFC, 0xA4, 0x9B,
    0x74, 0xCB, 0xD4, 0xE3, 0xF9, 0x64, 0xF6, 0xE3, 0x25, 0xD0, 0xC6, 0x13, 0xBC, 0x50, 0x92, 0xBD,
    0xE1, 0x70, 0xE3, 0x60, 0x53, 0xA4, 0x03, 0x9F, 0xEF, 0xC9, 0xC9, 0x64, 0x3D, 0xA0, 0x98, 0x5F,
    0xB9, 0xC8, 0xA6, 0x99, 0xAB, 0x6A, 0xBB, 0xED, 0x88, 0x2E, 0x37, 0x22, 0xC8, 0x2F, 0x49, 0xE1,
    0xCE, 0x72, 0x8D, 0xDB, 0xB7, 0xA8, 0xC6, 0x36, 0x4B, 0xE3, 0x3F, 0x99, 0x7D, 0xB0, 0xE5, 0x2A,
    0xD6, 0x42, 0x94, 0x65, 0x80, 0x6D, 0xA8, 0x74, 0xED, 0x38, 0x67, 0xB1, 0x40, 0x16, 0x80, 0x9E,
    0x18, 0xBC, 0xD3, 0x28, 0x60, 0x8D, 0x1D, 0xDC, 0xD8, 0x5F, 0x55, 0x56, 0x07, 0xEC, 0x9C, 0xD7,
    0x1C, 0xC9, 0x61, 0x06, 0x89, 0xED, 0x23, 0x57, 0x1D, 0x16, 0x1D, 0xE1, 0xAC, 0x75, 0x46, 0x74,
    0xC0, 0x46, 0xD2, 0xD9, 0x55, 0xD1, 0x1A, 0xC8, 0x6F, 0x87, 0x4D, 0x91, 0xDA, 0x82, 0xDE, 0x7F,
    0x65, 0xE2, 0x5C, 0x22, 0xB3, 0x1A, 0x6B, 0xE9, 0xBF, 0x91, 0xFC, 0xCE, 0x29, 0x67, 0x7F, 0x4F,
    0xA3, 0x4E, 0x26, 0x43, 0xF7, 0x7E, 0xBB, 0xE5, 0x32, 0xAA, 0x84, 0xBF, 0x77, 0x3B, 0x27, 0x3B,
    0x0F, 0xF7, 0x4A, 0x32, 0xDF, 0x12, 0x86, 0xA6, 0xE0, 0x41, 0x48, 0x56, 0x32, 0xFD, 0xE0, 0xA0,
    0x2F, 0x96, 0x55, 0xC1, 0x77, 0x95, 0xDA, 0xF5, 0x93, 0xCE, 0x5B, 0x19, 0xE4, 0xD0, 0x3D, 0x7B,
    0x91, 0x89, 0xD3, 0x25, 0x3B, 0xB8, 0x1D, 0x92, 0x5D, 0x64, 0x84, 0xD4, 0x89, 0x94, 0xEB, 0xF8,
    0x63, 0x95, 0xBF, 0x35, 0xE0, 0xD3, 0x1D, 0xD9, 0x98, 0x69, 0xD2, 0x92, 0x0D, 0xF5, 0x33, 0xDC,
    0x29, 0x29, 0xF2, 0x06, 0xE9, 0x88, 0x71, 0x6D, 0x02, 0xCE, 0x91, 0xE8, 0xA9, 0xFB, 0xF7, 0x12,
    0xA9, 0x78, 0x8B, 0x1B, 0x64, 0xDA, 0x65, 0x9A, 0x2F, 0x2D, 0xC9, 0x3C, 0xDB, 0x4F, 0xDD, 0x14,
    0xCB, 0xE5, 0xA7, 0xD8, 0x6F, 0x2C, 0x9B, 0xCF, 0x7A, 0xD9, 0x70, 0x03, 0xC9, 0xDB, 0xE6, 0xC8,
    0x31, 0x04, 0xAD, 0xF6, 0x25, 0xEA, 0xDF, 0xEC, 0x3B, 0x7D, 0xE6, 0xDA, 0xF0, 0x5E, 0xAC, 0x32,
    0xFC, 0x6D, 0xD4, 0x41, 0x11, 0xEF, 0xD4, 0x81, 0xFD, 0x9A, 0x5B, 0xE3, 0xC0, 0xCD, 0x49, 0xF8,
    0xC6, 0x27, 0x38, 0x50, 0x75, 0x1A, 0xF5, 0x5C, 0xA3, 0x0D, 0x89, 0xE7, 0x0E, 0x1C, 0x16, 0x1D,
    0x84, 0xC1, 0x77, 0xA0, 0xE2, 0x61, 0x07, 0xD2, 0x4E, 0xD1, 0x06, 0xEF, 0xD5, 0x81, 0x0C, 0xEA,
    0x40, 0x0C, 0xA4, 0x31, 0x1D, 0x48, 0x83, 0x2D, 0x0C, 0x10, 0x50, 0x63, 0xF4, 0xF0, 0xCA, 0x1D,
    0xD1, 0x09, 0x0C, 0x5E, 0x90, 0x9D, 0xAF, 0xDC, 0xC6, 0xA6, 0xC8, 0x53, 0x66, 0x7D, 0x64, 0x8C,
    0x09, 0x8F, 0x66, 0x6D, 0xFC, 0x77, 0xF2, 0x15, 0xF9, 0x85, 0x35, 0xC4, 0x13, 0x1E, 0x67, 0x71,
    0xDB, 0xCC, 0xBA, 0x21, 0x2A, 0x6A, 0x1E, 0x52, 0x12, 0xA4, 0xDE, 0xF7, 0x03, 0xA5, 0xDD, 0xF1,
    0x5E, 0x27, 0x45, 0xF0, 0x7D, 0xAF, 0x15, 0x2B, 0xE3, 0x4D, 0xAF, 0xD5, 0xC4, 0xEC, 0xC8, 0x16,
    0x69, 0x2D, 0x4F, 0x7A, 0xAD, 0x25, 0xE5, 0xD8, 0x5E, 0x8B, 0xB4, 0x10, 0xDA, 0xDA, 0x6E, 0x95,
    0xB6, 0x96, 0xDF, 0xA4, 0xAD, 0x11, 0x44, 0xB4, 0xD5, 0xDF, 0xC5, 0x56, 0xFB, 0x28, 0xA0, 0x2D,
    0x71, 0x4C, 0x6C, 0x6B, 0x2E, 0xB6, 0x58, 0x62, 0xAF, 0x45, 0x6C, 0x1E, 0x5B, 0x35, 0xD8, 0x9E,
    0x42, 0x33, 0x75, 0x21, 0x6F, 0x52, 0xDE, 0x60, 0x91, 0xE2, 0x3B, 0x98, 0x68, 0xFA, 0x0B, 0x4C,
    0xF1, 0xA3, 0xFA, 0xA2, 0xCD, 0x0A, 0x36, 0x45, 0xDA, 0x24, 0xC8, 0xDE, 0x9B, 0x98, 0x64, 0x60,
    0x27, 0xC8, 0xAE, 0x94, 0xA8, 0x0E, 0x36, 0xAB, 0xD8, 0xE4, 0xB0, 0xB1, 0xAF, 0xD2, 0xC6, 0x7C,
    0x8F, 0x36, 0xFA, 0xC7, 0x3E, 0x96, 0xAE, 0xC3, 0xA6, 0x86, 0x4D, 0x0E, 0x1B, 0xAA, 0x6D, 0xED,
    0x9B, 0x6B, 0x4A, 0x62, 0x70, 0xE9, 0xE8, 0x0E, 0xF8, 0x70, 0x02, 0x09, 0x4A, 0x1D, 0x8A, 0x9A,
    0x11, 0x0C, 0x6B, 0x3B, 0x53, 0xDC, 0x56, 0x99, 0xD1, 0x6D, 0x0D, 0xDF, 0xD4, 0x97, 0x6D, 0x67,
    0xE4, 0xFF, 0x52, 0x82, 0x15, 0x66, 0x75, 0x45, 0x5E, 0x5C, 0x0C, 0xB9, 0xAC, 0x6B, 0x4C, 0x8C,
    0x5D, 0x30, 0x3D, 0xBA, 0xB9, 0xDE, 0x73, 0xCF, 0xF1, 0x24, 0xB7, 0x94, 0x0D, 0xE1, 0xA4, 0x2F,
    0x53, 0x98, 0xAB, 0xF3, 0x5E, 0xCE, 0x11, 0xD9, 0x42, 0x7E, 0x68, 0x44, 0x8E, 0x62, 0x03, 0xDD,
    0x87, 0xA4, 0x46, 0xFF, 0x7F, 0x45, 0x6C, 0x56, 0x71, 0x4A, 0x47, 0x6D, 0xD7, 0xE9, 0xE4, 0x36,
    0x98, 0xC1, 0x36, 0x6E, 0xD0, 0x1A, 0x74, 0xFA, 0x4F, 0xDE, 0xDC, 0xB5, 0xDC, 0xC1, 0x41, 0xE5,
    0xCE, 0x7D, 0xF6, 0x72, 0xBB, 0x5C, 0x6E, 0xB5, 0xA7, 0xDC, 0x7A, 0x82, 0xE2, 0x60, 0x8C, 0x75,
    0xAC, 0xDC, 0x39, 0x99, 0x00, 0x21, 0xBA, 0xD8, 0xED, 0x2C, 0x76, 0x9C, 0x25, 0x8A, 0xA4, 0xCF,
    0x9C, 0x56, 0xFD, 0x61, 0x62, 0xAE, 0x95, 0x84, 0xDE, 0x5D, 0xEB, 0x0E, 0x6A, 0x20, 0x37, 0xBE,
    0xE1, 0x7D, 0x38, 0x7A, 0x3A, 0xC1, 0xC9, 0x01, 0x2F, 0x8B, 0x46, 0x3F, 0x79, 0x03, 0x2D, 0x1F,
    0xC5, 0x6A, 0x89, 0xF9, 0x69, 0x60, 0xA8, 0x4C, 0x4B, 0x64, 0x7D, 0xE8, 0xFE, 0xB5, 0x74, 0x18,
    0xF6, 0x04, 0x5D, 0x47, 0x24, 0xDE, 0x5B, 0xE7, 0xC5, 0xCA, 0xA1, 0x0A, 0x93, 0xA2, 0x90, 0xDB,
    0xE3, 0xEC, 0x4A, 0xD8, 0xB7, 0x8D, 0x1A, 0xE4, 0x6C, 0x03, 0x26, 0x2B, 0x0A, 0xB9, 0xAE, 0x4C,
    0xCC, 0xEC, 0x17, 0x8C, 0x4F, 0xB5, 0xFD, 0x29, 0x6C, 0x56, 0xB1, 0xAF, 0x76, 0x5D, 0x4B, 0x65,
    0x8C, 0x4F, 0x83, 0x43, 0x4D, 0x69, 0xA5, 0x2C, 0x86, 0xB8, 0xD6, 0xF7, 0x34, 0x27, 0x03, 0x66,
    0xFD, 0xFF, 0xCD, 0xE6, 0x97, 0x62, 0xE4, 0x9F, 0xC2, 0xE6, 0x61, 0xF9, 0xE4, 0x20, 0x6D, 0xA9,
    0x86, 0xCC, 0x90, 0xEA, 0xCA, 0xF1, 0xCD, 0xAE, 0xD6, 0x26, 0xCB, 0x01, 0x44, 0x95, 0xE3, 0x2A,
    0x39, 0x25, 0x21, 0xFC, 0xA7, 0x40, 0x3E, 0xC9, 0xF0, 0x32, 0x8C, 0xA9, 0xC3, 0xDD, 0xCC, 0x4B,
    0xBD, 0xDB, 0x18, 0x5A, 0xB7, 0xE1, 0xCE, 0x76, 0x14, 0x1B, 0x97, 0x12, 0x7C, 0xDC, 0x91, 0x48,
    0x69, 0x04, 0xDB, 0xF3, 0x62, 0xF6, 0x30, 0xB3, 0x1C, 0x28, 0x86, 0xF6, 0x4B, 0xB0, 0x22, 0xDF,
    0x84, 0x6A, 0xFA, 0x8E, 0x2B, 0x23, 0x7B, 0x4A, 0x9C, 0xD1, 0x5D, 0x2E, 0xE0, 0x34, 0x18, 0x32,
    0xDB, 0x42, 0xE2, 0x30, 0x28, 0x62, 0xBE, 0x3F, 0x3D, 0x91, 0x14, 0xDE, 0x25, 0xE8, 0x54, 0x77,
    0x30, 0xC7, 0x9D, 0xDA, 0xE6, 0x23, 0x04, 0xD2, 0x59, 0xBE, 0xF6, 0x51, 0x08, 0x76, 0x1D, 0x10,
    0x9B, 0xE2, 0x05, 0x5F, 0x8D, 0x1F, 0xC2, 0x0F, 0x66, 0x90, 0x5A, 0x99, 0x68, 0xB0, 0x7C, 0x2D,
    0x1F, 0x93, 0x04, 0x35, 0xE2, 0x61, 0x55, 0x3C, 0x3D, 0xB6, 0x15, 0x06, 0x54, 0x48, 0x62, 0xAA,
    0x25, 0xA8, 0xC4, 0x2D, 0x52, 0x4B, 0x21, 0x16, 0xAA, 0x05, 0xB0, 0x42, 0xB2, 0x8E, 0xF2, 0xCA,
    0x7E, 0x85, 0x5E, 0x6B, 0x89, 0xB4, 0x96, 0x77, 0x40, 0x09, 0x0D, 0x65, 0x7E, 0xC0, 0xB3, 0x68,
    0x78, 0x16, 0x25, 0xAC, 0x6E, 0xCE, 0x33, 0x2C, 0x0C, 0x06, 0x2F, 0xAB, 0x95, 0xE8, 0x65, 0xAC,
    0xC0, 0xCA, 0x2A, 0x01, 0xCB, 0x53, 0x43, 0xCE, 0x6F, 0xA1, 0xE8, 0x45, 0x2E, 0xF5, 0x8B, 0x10,
    0x3D, 0x3F, 0xF0, 0xB3, 0xB2, 0xB2, 0x3B, 0x95, 0x43, 0xB1, 0xF8, 0x27, 0x1F, 0xC0, 0x9A, 0x96,
    0x6A, 0xC9, 0x88, 0x84, 0xDE, 0xA9, 0xBE, 0xB6, 0x14, 0xDF, 0x8A, 0xAB, 0xD7, 0x81, 0xE1, 0x58,
    0x44, 0x4B, 0x71, 0xF3, 0x73, 0x9B, 0xD9, 0xDE, 0xC8, 0x23, 0x73, 0x92, 0x5C, 0x5A, 0xAA, 0x7C,
    0x85, 0x6B, 0x9B, 0x13, 0x33, 0xBC, 0xC4, 0xCF, 0xF5, 0x46, 0x9F, 0xFB, 0x4B, 0x11, 0x1B, 0x86,
    0xD2, 0x39, 0x01, 0x6A, 0x4E, 0xE6, 0x89, 0x88, 0x72, 0xD2, 0xE9, 0x6B, 0xDA, 0x7B, 0x1C, 0x23,
    0x5B, 0xD9, 0x4A, 0x2D, 0xE2, 0x4D, 0xE0, 0xFD, 0xE0, 0x22, 0x32, 0xAC, 0xD4, 0xE9, 0xEF, 0xE7,
    0x45, 0x37, 0x58, 0x91, 0x2C, 0x96, 0x25, 0x29, 0x5C, 0xE6, 0x85, 0x38, 0x59, 0x27, 0x13, 0x6B,
    0xB8, 0x34, 0xC0, 0xDF, 0xF2, 0x8F, 0x6E, 0x45, 0x37, 0x9C, 0xDA, 0xE3, 0xD6, 0xB2, 0x06, 0xBE,
    0xFA, 0xEC, 0x3F, 0x9B, 0xFF, 0x2E, 0x9F, 0x80, 0xC1, 0x50, 0xB7, 0x98, 0xF2, 0x32, 0xF7, 0x7F,
    0x17, 0x7F, 0x74, 0x2B, 0xAA, 0x33, 0x55, 0x82, 0x28, 0xB1, 0x57, 0x54, 0xC1, 0x76, 0xBF, 0xAC,
    0x7B, 0x75, 0xF9, 0x0C, 0x70, 0x1A, 0xEE, 0x07, 0x0C, 0xCA, 0x3C, 0x24, 0x76, 0x54, 0x97, 0x57,
    0x62, 0xCC, 0xAD, 0x39, 0xE1, 0x3D, 0xDC, 0xC0, 0x9A, 0x4C, 0x73, 0x98, 0x68, 0x27, 0xC4, 0x23,
    0x13, 0xEB, 0x36, 0xEB, 0xA7, 0xD0, 0x56, 0xA1, 0xB6, 0x26, 0x55, 0x2C, 0xAF, 0xA5, 0x72, 0x49,
    0x2E, 0xED, 0x34, 0xCD, 0x34, 0x68, 0xF6, 0x47, 0xF8, 0x5A, 0x9F, 0xF4, 0x75, 0x52, 0x77, 0x8B,
    0xD4, 0xD9, 0xF6, 0xF5, 0xE3, 0x71, 0x9B, 0x3A, 0x1D, 0x78, 0x3E, 0x7D, 0x97, 0xC0, 0xF6, 0xF7,
    0x7C, 0x57, 0x21, 0x41, 0xB6, 0x48, 0x5A, 0xB5, 0xD7, 0xAC, 0x68, 0x9B, 0x64, 0x48, 0x33, 0x73,
    0x06, 0x49, 0x66, 0x73, 0x24, 0xDA, 0x4B, 0x63, 0xF3, 0xF6, 0x44, 0xE2, 0x04, 0xEA, 0x04, 0xF4,
    0xE6, 0xA5, 0x4C, 0x27, 0xEF, 0x3F, 0x6B, 0x25, 0xA3, 0x57, 0x10, 0x34, 0x29, 0x7F, 0x47, 0xAD,
    0x58, 0xEB, 0xF0, 0x0A, 0xD3, 0xE7, 0x40, 0xFF, 0xC3, 0xB0, 0x94, 0xBB, 0x7E, 0x6B, 0xDD, 0x22,
    0x86, 0xA5, 0xEC, 0x78, 0x32, 0xA5, 0xEB, 0x6B, 0x45, 0x71, 0xE1, 0x0D, 0xDE, 0xB1, 0x93, 0x21,
    0xF5, 0x95, 0x22, 0xE9, 0x95, 0x45, 0x92, 0x33, 0x6D, 0x3B, 0x34, 0x53, 0x32, 0xD9, 0x37, 0x54,
    0xDA, 0x75, 0x86, 0x49, 0x3E, 0x1C, 0x3C, 0x90, 0x73, 0x3F, 0x25, 0x1A, 0x6B, 0xD1, 0x4B, 0xE0,
    0x81, 0x8E, 0x8C, 0x9B, 0x22, 0xF3, 0x95, 0x07, 0xED, 0xDC, 0x43, 0x10, 0x8C, 0x3B, 0xB4, 0xD5,
    0x72, 0x03, 0x11, 0x67, 0x26, 0x1C, 0x63, 0x39, 0xC6, 0xCA, 0x95, 0xFA, 0x7C, 0x09, 0x81, 0x92,
    0xCA, 0xDE, 0xDD, 0x62, 0x11, 0x57, 0xCC, 0xDC, 0x41, 0x05, 0x29, 0x7A, 0x3B, 0xB3, 0xA2, 0xCA,
    0x98, 0xDA, 0xF1, 0x59, 0x4C, 0x99, 0xFD, 0xA6, 0x8D, 0x04, 0x61, 0x07, 0x5A, 0x4A, 0x02, 0xD2,
    0x88, 0x4C, 0x38, 0xAB, 0xB4, 0x48, 0x96, 0xF9, 0xB5, 0xB1, 0x36, 0xB7, 0xFC, 0x0F, 0xFB, 0xF8,
    0x28, 0x7B, 0xC5, 0x8C, 0x1F, 0x27, 0x99, 0x25, 0x2F, 0xB9, 0x5F, 0x7C, 0x99, 0x24, 0x28, 0x21,
    0x76, 0xAE, 0xED, 0x6A, 0xE7, 0xFC, 0x05, 0xE8, 0xEE, 0x79, 0xE8, 0x93, 0x70, 0x32, 0xFB, 0x54,
    0x4C, 0x52, 0x4E, 0x76, 0xD7, 0x59, 0x10, 0x7B, 0xC3, 0x20, 0xD1, 0x4F, 0x7A, 0xB7, 0xAA, 0x95,
    0xBA, 0xD5, 0x5A, 0x1A, 0xD4, 0xE2, 0xE3, 0x51, 0xCD, 0xD3, 0x99, 0x24, 0xE9, 0xDB, 0xF9, 0xAC,
    0x5F, 0x48, 0xA3, 0x9A, 0x57, 0x73, 0xFB, 0xAB, 0xDA, 0xE6, 0x3E, 0xE5, 0xDF, 0x90, 0x52, 0xE0,
    0x6B, 0xA8, 0xB9, 0xC3, 0xF5, 0x70, 0x47, 0xE3, 0xA2, 0x8B, 0x7F, 0xCB, 0x6F, 0xDF, 0x0A, 0xD8,
    0x52, 0xBF, 0x36, 0xD9, 0x21, 0xAE, 0x17, 0xC9, 0x9A, 0xDD, 0xEA, 0x33, 0x74, 0x2B, 0x92, 0x91,
    0x2D, 0xD6, 0xFD, 0x8A, 0x2C, 0x74, 0x5A, 0xD0, 0xA9, 0xA0, 0x5C, 0x51, 0xBF, 0x68, 0x91, 0x12,
    0xD7, 0xBE, 0x13, 0xAA, 0xF6, 0x5B, 0xA4, 0x9B, 0xBA, 0x1D, 0xF6, 0x5F, 0x40, 0xFD, 0x22, 0x79,
    0x1B, 0x40, 0xF9, 0x6A, 0xA9, 0x6C, 0x99, 0xF5, 0xBF, 0xE1, 0x1F, 0x44, 0xBB, 0x37, 0x85, 0x14,
    0x5A, 0x44, 0x9A, 0x83, 0xF8, 0xCA, 0x86, 0xD3, 0x53, 0xB5, 0x44, 0x91, 0xF1, 0xFD, 0x02, 0x4C,
    0xF5, 0xEB, 0xB9, 0x0F, 0xD6, 0x6A, 0x6E, 0x0A, 0xB7, 0x9F, 0xE3, 0xB3, 0x3D, 0x65, 0x0B, 0x58,
    0x04, 0xFA, 0xDF, 0x01, 0x70, 0x50, 0x8B, 0x50, 0x45, 0x38, 0x4A, 0x15, 0x55, 0x5E, 0x28, 0xE8,
    0xB3, 0x7D, 0x33, 0x5A, 0xE8, 0xC1, 0x77, 0x0A, 0x8B, 0x3B, 0x36, 0xD9, 0x6A, 0xDC, 0x16, 0x05,
    0x66, 0x35, 0x33, 0x39, 0x58, 0xF3, 0x66, 0x35, 0xDB, 0xF6, 0xB7, 0x32, 0x75, 0x92, 0x2D, 0x8C,
    0x22, 0xBA, 0xE1, 0xB6, 0xB2, 0x63, 0x03, 0x09, 0xF4, 0x53, 0x9E, 0xF2, 0xE7, 0x8A, 0x62, 0xC9,
    0x01, 0x2F, 0xC4, 0xFA, 0x5E, 0x3B, 0x98, 0xF5, 0x2D, 0x1D, 0xC0, 0xFA, 0x3A, 0x7D, 0xD6, 0x07,
    0xF5, 0xB9, 0x45, 0xAC, 0xAF, 0xA5, 0x95, 0x0E, 0x6C, 0xFB, 0xDF, 0x1F, 0x38, 0x72, 0xBB, 0xB3,
    0xF4, 0xD8, 0x0F, 0xAC, 0x11, 0x76, 0xB5, 0x9A, 0xB1, 0xA7, 0xD1, 0xFB, 0xE3, 0x37, 0x8E, 0x61,
    0xB1, 0xE5, 0x8C, 0x5D, 0xB5, 0x89, 0x5D, 0x15, 0x89, 0x5D, 0xDD, 0x8D, 0x30, 0x4F, 0x72, 0xED,
    0x4E, 0xA6, 0x7E, 0x35, 0x47, 0xDF, 0xDE, 0x23, 0xEE, 0x2A, 0x0A, 0xE7, 0xCB, 0x88, 0xC9, 0xCA,
    0xC8, 0x50, 0xC8, 0x27, 0x7D, 0x25, 0xEF, 0x2A, 0x8B, 0x98, 0xD0, 0xF1, 0x4C, 0x2C, 0xC7, 0x21,
    0xF6, 0x09, 0x4C, 0x10, 0x04, 0xA0, 0xC0, 0x7A, 0x67, 0x82, 0x47, 0xB2, 0x3A, 0x9E, 0x3D, 0x85,
    0xF5, 0xCC, 0x92, 0x6D, 0x52, 0x50, 0x72, 0xBD, 0x76, 0xA8, 0xC3, 0x01, 0x06, 0xF6, 0x7F, 0x34,
    0x1B, 0xFA, 0xEA, 0x7F, 0xAB, 0xCC, 0xEC, 0x78, 0x6C, 0xA0, 0xBC, 0x55, 0x3E, 0xF5, 0xA9, 0x2F,
    0xB2, 0x92, 0x75, 0xB3, 0x9C, 0x77, 0x88, 0x87, 0x3A, 0xC1, 0x44, 0x49, 0xF7, 0x43, 0xA2, 0xCE,
    0x56, 0x26, 0xDA, 0x3E, 0xED, 0xBB, 0x42, 0xCA, 0xD1, 0x2A, 0xB1, 0xE5, 0xA2, 0x77, 0x2E, 0x71,
    0xD2, 0x4E, 0xD2, 0x17, 0x7F, 0x3C, 0x4C, 0x56, 0xE4, 0x75, 0xB0, 0x95, 0x28, 0xB8, 0x3C, 0x38,
    0xD6, 0x82, 0xC3, 0x82, 0xF4, 0x58, 0x84, 0x13, 0x69, 0x48, 0x2C, 0xAB, 0x12, 0x56, 0x57, 0x41,
    0xB6, 0x05, 0x30, 0xCB, 0x25, 0xF6, 0xDA, 0xE2, 0xA5, 0x6C, 0x4E, 0x35, 0xD4, 0xC9, 0xC6, 0xA5,
    0x5A, 0x4C, 0xDC, 0x64, 0xCC, 0xD1, 0x0F, 0xDB, 0x5B, 0x82, 0x20, 0xC0, 0xAD, 0xAD, 0x2A, 0x6D,
    0x1C, 0x2C, 0xFF, 0x88, 0x67, 0xCC, 0x62, 0x4C, 0xD8, 0xF6, 0xE7, 0x61, 0x93, 0x9A, 0x7E, 0x1E,
    0xD3, 0x31, 0x8D, 0xA0, 0x6A, 0x79, 0x78, 0x60, 0xC3, 0xBC, 0x8C, 0x47, 0xF2, 0xCA, 0xB2, 0x2A,
    0x8E, 0xF4, 0xF7, 0x48, 0x63, 0xDB, 0x0D, 0xD9, 0x4B, 0x4A, 0xED, 0x77, 0x07, 0x62, 0x03, 0x49,
    0xE9, 0xD8, 0x35, 0x5C, 0x53, 0xD9, 0x0B, 0x07, 0xD0, 0xBD, 0x31, 0xCA, 0x44, 0xAF, 0x89, 0x75,
    0x0F, 0x78, 0x24, 0x07, 0x4C, 0xD0, 0xEE, 0xF4, 0xBD, 0xF1, 0x6C, 0x74, 0x39, 0xD0, 0x12, 0x97,
    0xD8, 0x07, 0x4D, 0xBC, 0x06, 0xF3, 0x79, 0x88, 0x0D, 0xE9, 0xB1, 0xF8, 0x4D, 0xA0, 0xEC, 0x8F,
    0xD4, 0x87, 0xE3, 0xB2, 0x8B, 0x81, 0xDE, 0x94, 0xEB, 0x83, 0xB5, 0x0E, 0x9D, 0xC3, 0xAB, 0xB0,
    0x5C, 0x99, 0x2C, 0x1E, 0xB6, 0x82, 0x4A, 0x59, 0xE2, 0xE1, 0x1A, 0x8E, 0x82, 0xDF, 0xE8, 0x8F,
    0x13, 0x48, 0x94, 0x55, 0xD2, 0x9F, 0x6D, 0xC9, 0xBA, 0x27, 0x07, 0xCA, 0xE0, 0xDC, 0x89, 0x76,
    0xB6, 0xA0, 0x8A, 0x3A, 0xBE, 0x26, 0x8E, 0x62, 0xE4, 0xE7, 0x8E, 0x27, 0xCA, 0xA7, 0x43, 0x91,
    0x3F, 0x45, 0xE9, 0x28, 0x1C, 0xBA, 0x15, 0x88, 0xBE, 0xBA, 0x3A, 0xF4, 0x9B, 0xE3, 0x0C, 0x36,
    0x90, 0xFB, 0x8E, 0xA9, 0x9A, 0xD2, 0x76, 0x79, 0x85, 0x2F, 0xFF, 0x80, 0x3F, 0x9D, 0xB7, 0x54,
    0x84, 0x1A, 0x13, 0xBF, 0x39, 0xB2, 0xF3, 0x80, 0xBF, 0x90, 0xF5, 0xF4, 0x5F, 0x57, 0x27, 0xBE,
    0xF0, 0x09, 0x9F, 0x13, 0x5D, 0xB5, 0xE1, 0x21, 0xC8, 0x61, 0xEF, 0x3F, 0x3D, 0x24, 0x6E, 0xD2,
    0x43, 0x14, 0xC1, 0xDE, 0x7F, 0xA6, 0xDF, 0x76, 0x87, 0x7E, 0x70, 0x8E, 0xEB, 0xE0, 0xB4, 0xAD,
    0x68, 0x18, 0x0C, 0x2A, 0xA9, 0x46, 0xCE, 0xD3, 0x61, 0x7A, 0x40, 0x0F, 0x70, 0xAD, 0x70, 0x91,
    0x4A, 0xBD, 0xCB, 0xC3, 0x0D, 0x46, 0xB6, 0xF8, 0xCB, 0xB9, 0x0B, 0x4A, 0x3D, 0x74, 0x84, 0x3A,
    0x35, 0x52, 0x50, 0x56, 0xA8, 0x04, 0x11, 0x16, 0xCB, 0x56, 0x16, 0x62, 0xBE, 0x48, 0x7F, 0x9C,
    0xA1, 0xFA, 0x9F, 0xC3, 0x8A, 0xA4, 0x33, 0x4A, 0x2D, 0xCE, 0x21, 0xA7, 0xBC, 0x7C, 0x97, 0xB3,
    0x6F, 0xFF, 0x37, 0x8E, 0xE1, 0x1C, 0x9C, 0x8B, 0x84, 0xE0, 0xB8, 0xD6, 0x7A, 0xCC, 0xE7, 0x4C,
    0xD3, 0x3A, 0x82, 0xAA, 0xA3, 0x8A, 0x3C, 0xE3, 0xA1, 0x7B, 0xD5, 0x73, 0x73, 0x48, 0xDE, 0x3D,
    0x6B, 0xB9, 0xF4, 0x10, 0x7A, 0x16, 0x1E, 0x19, 0x6E, 0xAA, 0x68, 0x59, 0x2D, 0x2F, 0xE2, 0x5E,
    0xF9, 0x39, 0xDC, 0x69, 0x6E, 0xE4, 0x8F, 0x7E, 0xD2, 0x4E, 0x3A, 0xD4, 0x58, 0xC4, 0x69, 0xE1,
    0xA6, 0xEE, 0x87, 0xC6, 0x0B, 0xBE, 0x6D, 0xF8, 0xF3, 0xB6, 0xAA, 0xCC, 0xA8, 0x67, 0x38, 0xDF,
    0x01, 0x59, 0x9B, 0xF6, 0xD7, 0xFC, 0x39, 0x2D, 0x58, 0x54, 0x54, 0xCE, 0xCD, 0xBC, 0x0A, 0x67,
    0x75, 0xA4, 0xED, 0xD6, 0x2E, 0x21, 0xFF, 0x49, 0x3B, 0x0D, 0x5F, 0x2B, 0xBB, 0x4D, 0x0E, 0x20,
    0xFA, 0xEC, 0x7F, 0xFD, 0x98, 0xBB, 0xE8, 0x97, 0xFA, 0x9B, 0x2E, 0x47, 0x45, 0x0C, 0x3C, 0x5D,
    0x38, 0xC4, 0xEA, 0x00, 0x75, 0x2C, 0x38, 0x5B, 0x3A, 0xF0, 0x95, 0x83, 0xC9, 0x11, 0xAD, 0x6A,
    0x32, 0xC4, 0x16, 0x16, 0xC3, 0x1C, 0x27, 0x64, 0x9F, 0x22, 0xAD, 0xBA, 0x0D, 0x3F, 0x43, 0x85,
    0xE7, 0xBC, 0x36, 0xF8, 0x6F, 0xB3, 0x96, 0x46, 0xF4, 0x37, 0x5D, 0x26, 0xEA, 0x09, 0xFA, 0x04,
    0xC7, 0x6B, 0x20, 0x2D, 0x30, 0xFF, 0x4A, 0x60, 0xAB, 0x11, 0x83, 0x3F, 0x3C, 0x1C, 0xCC, 0x8A,
    0x38, 0xBF, 0xE3, 0x26, 0xC2, 0x74, 0xBE, 0x15, 0xA8, 0xEF, 0xF8, 0xEA, 0xCF, 0x5C, 0x04, 0x40,
    0xCA, 0x7B, 0x85, 0xF8, 0xD3, 0x98, 0x9E, 0x4D, 0x5E, 0x51, 0x69, 0x38, 0x0F, 0x15, 0xC9, 0x68,
    0x11, 0x65, 0x8A, 0x03, 0x72, 0xFF, 0x2D, 0x76, 0x0D, 0xFD, 0x6B, 0x55, 0x9C, 0x51, 0xF7, 0xCF,
    0xF0, 0xA9, 0xFB, 0xFF, 0xEE, 0xC5, 0x7A, 0x15, 0x78, 0xDA, 0xA6, 0x9A, 0x6A, 0xB8, 0xFC, 0xF4,
    0x88, 0x5A, 0x88, 0xFF, 0xC2, 0x45, 0x8D, 0xFE, 0xFA, 0xAF, 0x6D, 0x72, 0x94, 0xA0, 0x83, 0xD7,
    0xD6, 0xE3, 0x6C, 0xCA, 0xE5, 0xC9, 0xFA, 0x5A, 0x31, 0x0D, 0x4F, 0xEE, 0xAE, 0x7D, 0x42, 0x5D,
    0x96, 0x6F, 0x95, 0x78, 0xD9, 0xE2, 0x08, 0x6B, 0xDD, 0xF5, 0x9F, 0x7B, 0xF2, 0x9B, 0x17, 0xA8,
    0x5A, 0xFE, 0x83, 0xD5, 0x67, 0xA0, 0xE1, 0x6E, 0xC1, 0xC1, 0xA0, 0xFF, 0x6B, 0x65, 0xFC, 0x0F,
    0xCA, 0xFE, 0x9C, 0x5A, 0xF8, 0x9C, 0xAA, 0x7E, 0x4E, 0x3D, 0xF7, 0x39, 0x3E, 0xB3, 0x9B, 0x49,
    0xF2, 0x7E, 0x87, 0x3D, 0xAA, 0x5F, 0xEE, 0x6A, 0x69, 0xE7, 0x78, 0x2F, 0x5F, 0x0C, 0x1F, 0x7E,
    0x28, 0x7C, 0x0E, 0x21, 0xA0, 0x54, 0x4B, 0xDF, 0xF2, 0x51, 0xE5, 0x0F, 0xF3, 0xA8, 0xDB, 0x22,
    0x0B, 0x92, 0xB9, 0xCC, 0x2A, 0x9B, 0x40, 0x70, 0x97, 0x77, 0x6C, 0xC3, 0xC3, 0x2C, 0x4A, 0x2A,
    0x82, 0xE9, 0xE2, 0x0F, 0x94, 0xCD, 0xE6, 0x1A, 0xC8, 0x5C, 0x95, 0xCF, 0x94, 0xB0, 0xD0, 0x19,
    0xFE, 0x90, 0x5E, 0x2A, 0x3B, 0xC4, 0x7F, 0x67, 0x37, 0x88, 0x97, 0xA8, 0xE9, 0xD3, 0x63, 0x3B,
    0x79, 0xB8, 0x82, 0xE7, 0x11, 0x48, 0x7C, 0xC9, 0x73, 0xEA, 0xD0, 0xF2, 0x5C, 0xFE, 0xE1, 0xFC,
    0xDC, 0x62, 0x7E, 0x26, 0xBF, 0xF8, 0xB9, 0xB9, 0xC5, 0x23, 0x6A, 0xF9, 0x73, 0x6A, 0x33, 0x6B,
    0xB0, 0xAC, 0xD1, 0xB3, 0xAA, 0xD3, 0x62, 0x1E, 0x83, 0x73, 0xFB, 0x09, 0xA3, 0xF9, 0x7B, 0xB6,
    0x0E, 0x8B, 0x58, 0xE3, 0x74, 0xE7, 0xBC, 0x5A, 0x72, 0x36, 0x71, 0x48, 0x1D, 0x9D, 0x91, 0x94,
    0xC0, 0x79, 0xA2, 0xA9, 0x3C, 0x02, 0xEC, 0x31, 0xDD, 0xC7, 0x1B, 0x4A, 0xCB, 0xC5, 0x6C, 0x9D,
    0xE5, 0x6C, 0xD9, 0x87, 0x7E, 0xE6, 0x61, 0x1E, 0x4B, 0x77, 0xF7, 0x84, 0x9D, 0x22, 0x0E, 0x75,
    0x30, 0xA8, 0x58, 0x10, 0x36, 0x0A, 0x0E, 0xCC, 0x53, 0x42, 0x44, 0x84, 0xE8, 0x58, 0x08, 0xF7,
    0x3D, 0x5F, 0x15, 0x5F, 0xF4, 0xB1, 0x1A, 0xAC, 0x44, 0xA1, 0x7C, 0x96, 0xEF, 0x9C, 0x1A, 0xFB,
    0x4E, 0xCD, 0x1F, 0x42, 0x59, 0xF8, 0x8B, 0x04, 0xA5, 0xF2, 0x9D, 0xCD, 0xBE, 0x33, 0xF4, 0x9D,
    0xA7, 0x6F, 0xBF, 0x10, 0x23, 0x05, 0x40, 0x08, 0xA5, 0x99, 0xBD, 0xFC, 0x76, 0x26, 0x25, 0x82,
    0xFE, 0xC2, 0x4A, 0xB8, 0x67, 0x8F, 0xBF, 0x63, 0x1A, 0xC3, 0x67, 0xFC, 0xEE, 0xB4, 0xD7, 0x5D,
    0x58, 0x2D, 0x30, 0xCB, 0x24, 0x55, 0x73, 0xB0, 0xEF, 0x2B, 0xD9, 0x60, 0x11, 0x40, 0x10, 0x88,
    0x78, 0x81, 0x03, 0x75, 0x16, 0xCB, 0xCA, 0xD2, 0xF7, 0xAB, 0xF4, 0xBD, 0x49, 0x9D, 0xE1, 0x87,
    0xD4, 0xC3, 0x2E, 0x07, 0xCA, 0x7E, 0x24, 0x50, 0x4B, 0x74, 0x4D, 0x9E, 0xBE, 0x53, 0xB8, 0xFE,
    0x64, 0x20, 0x43, 0xE0, 0x50, 0x81, 0x0E, 0x49, 0x7E, 0x29, 0xEE, 0x9D, 0xD9, 0x77, 0x6A, 0x9E,
    0xDB, 0xD7, 0xE3, 0xF6, 0x9D, 0x23, 0x62, 0xCC, 0x8F, 0x7C, 0x17, 0xE9, 0x5B, 0x41, 0xEA, 0x2A,
    0xCC, 0xD6, 0x90, 0xAF, 0x16, 0x9A, 0xAE, 0x11, 0x58, 0x0A, 0x69, 0x1E, 0x90, 0x7B, 0x33, 0x67,
    0xF4, 0xA8, 0x4D, 0xBA, 0x92, 0x38, 0xA2, 0x3F, 0x4E, 0xDE, 0xC8, 0xAA, 0xAF, 0xF2, 0xFB, 0x48,
    0x4B, 0xAF, 0x26, 0xD3, 0xEB, 0x1C, 0x23, 0xB8, 0x44, 0x9C, 0x65, 0xAA, 0x5F, 0xF6, 0x39, 0x9D,
    0xDE, 0xA5, 0x06, 0xEB, 0x8F, 0x14, 0xB2, 0x80, 0x83, 0x30, 0x0A, 0xB3, 0x1C, 0xCE, 0x38, 0x20,
    0xB3, 0x7D, 0x5F, 0x09, 0xB4, 0xCC, 0xD6, 0x7A, 0xA4, 0x07, 0x6C, 0x5F, 0x22, 0x8A, 0xD7, 0x76,
    0xBF, 0x69, 0x04, 0x33, 0xA6, 0x3F, 0x67, 0xBB, 0xF9, 0x1C, 0xD6, 0x8B, 0xAC, 0xDC, 0x2F, 0x3D,
    0x5C, 0x0B, 0x99, 0x3F, 0xF8, 0x59, 0xA8, 0x2C, 0xB3, 0x35, 0x99, 0x5C, 0x61, 0x0C, 0x23, 0x9E,
    0x1B, 0xFD, 0x44, 0xB8, 0x03, 0x52, 0xC5, 0xC2, 0xA3, 0x98, 0xB0, 0x8D, 0xB0, 0x77, 0x9E, 0xD9,
    0x83, 0x99, 0x72, 0x0E, 0xF5, 0x98, 0x02, 0x7D, 0x1F, 0x00, 0x2D, 0xA3, 0x5A, 0xF5, 0x11, 0x32,
    0xB3, 0xB2, 0xF9, 0x87, 0x0B, 0x99, 0xF2, 0x07, 0x8F, 0x46, 0x16, 0x16, 0x70, 0xB6, 0x7E, 0x41,
    0xFA, 0x70, 0x9F, 0xF3, 0x7E, 0xCA, 0x5F, 0x8A, 0x34, 0xD4, 0x31, 0x12, 0xD5, 0x48, 0xC0, 0x01,
    0x66, 0x18, 0xED, 0xFD, 0x9E, 0x3E, 0x7F, 0x8B, 0x07, 0x78, 0x39, 0xEF, 0xDF, 0xD8, 0xB1, 0x50,
    0xBE, 0x8F, 0x10, 0x2F, 0xE6, 0x77, 0x0C, 0xE4, 0xFD, 0xCC, 0xEC, 0x1D, 0x9D, 0x4C, 0x31, 0x4D,
    0x86, 0xA9, 0x32, 0x98, 0x89, 0x65, 0x83, 0x64, 0xEC, 0xA3, 0x6B, 0x0D, 0x63, 0x04, 0x4E, 0x70,
    0x2B, 0x1A, 0xA4, 0xC8, 0x58, 0xAE, 0xE3, 0xD9, 0x74, 0x1B, 0x47, 0xE9, 0x4C, 0x3F, 0x59, 0xB4,
    0x6C, 0x7F, 0x19, 0x62, 0x2B, 0x53, 0x6F, 0xB6, 0x45, 0x71, 0xCB, 0x85, 0xD2, 0x53, 0xEE, 0x19,
    0x78, 0x26, 0x3A, 0xFC, 0x95, 0xCA, 0xD9, 0xC3, 0x17, 0x06, 0xEF, 0x98, 0x45, 0x07, 0xE5, 0x7C,
    0x21, 0xD7, 0xD7, 0xD0, 0x84, 0xAC, 0x64, 0xD2, 0xED, 0x0B, 0xAC, 0x8A, 0xAE, 0xD0, 0x09, 0x0F,
    0xF7, 0x9D, 0x59, 0xA5, 0x61, 0x9B, 0x0D, 0xBF, 0x20, 0xD1, 0x36, 0xE9, 0x9A, 0xA9, 0x67, 0xA6,
    0x5F, 0x73, 0x6B, 0xB1, 0xAD, 0x96, 0xA2, 0x23, 0x6A, 0x2A, 0xC2, 0xCC, 0x0F, 0xA4, 0x2E, 0x46,
    0x8E, 0xBF, 0xCD, 0x03, 0xAE, 0x43, 0x9D, 0x4C, 0xBA, 0x6C, 0x4A, 0xE5, 0x52, 0xB7, 0xBF, 0xAA,
    0x26, 0xD8, 0x43, 0x9E, 0xBF, 0x08, 0x8A, 0x9C, 0xE7, 0x5C, 0xDA, 0x36, 0x67, 0x5B, 0x42, 0x48,
    0x38, 0xF1, 0xCC, 0x7E, 0x39, 0xFA, 0x2C, 0xA2, 0xCF, 0xE3, 0x46, 0xB9, 0x59, 0xA6, 0x01, 0x72,
    0xEA, 0x0E, 0x77, 0x10, 0x00, 0x22, 0xE4, 0x4B, 0x97, 0xA7, 0x24, 0x36, 0x7A, 0xA4, 0x6C, 0x98,
    0x1E, 0xC8, 0xD7, 0x21, 0xF2, 0x7D, 0xA6, 0xD2, 0x8C, 0x1B, 0x9B, 0x2B, 0xD1, 0x14, 0x55, 0x23,
    0xF5, 0x73, 0xAC, 0x10, 0x11, 0x2B, 0xA7, 0x81, 0x14, 0x04, 0x2D, 0xB0, 0x69, 0x11, 0xCC, 0xB6,
    0x1A, 0x2E, 0x81, 0x5D, 0xC1, 0x14, 0x40, 0x76, 0xDA, 0xF0, 0x3C, 0xD2, 0xD9, 0xFD, 0x5F, 0x0C,
    0x17, 0xE1, 0x5B, 0x7E, 0xB6, 0x2C, 0x1D, 0x7F, 0x3E, 0x63, 0x8A, 0xF9, 0xF1, 0xC6, 0x84, 0x96,
    0x0C, 0x4A, 0xE0, 0xAC, 0x28, 0x6A, 0xC4, 0x8B, 0x38, 0xA7, 0x7B, 0xF9, 0x19, 0xC3, 0xCF, 0x1F,
    0x81, 0x5E, 0x64, 0xF8, 0x33, 0xB6, 0xE1, 0x1D, 0xB1, 0x4C, 0xD7, 0x9E, 0xB0, 0x5C, 0x84, 0x6B,
    0x1C, 0x66, 0xF2, 0x9F, 0x1D, 0xB9, 0x69, 0x73, 0x9C, 0x71, 0x66, 0x71, 0x24, 0x70, 0x80, 0x73,
    0x98, 0xD8, 0x30, 0xDC, 0x5D, 0xF2, 0xE7, 0xA7, 0x9D, 0x03, 0x43, 0x68, 0xFA, 0xEF, 0x3D, 0x28,
    0xCB, 0xFC, 0xC8, 0x77, 0x94, 0x4F, 0xC7, 0x22, 0x33, 0xFA, 0xEF, 0x6E, 0x0C, 0x6F, 0x11, 0xF3,
    0xDF, 0xFE, 0x9E, 0xB6, 0xC5, 0xB1, 0x31, 0xED, 0x08, 0x99, 0xFB, 0x1A, 0x45, 0xA4, 0x96, 0x6B,
    0xE8, 0x07, 0x9C, 0x16, 0x0F, 0x02, 0x7F, 0xB8, 0x77, 0x1F, 0x50, 0xB7, 0xAF, 0x13, 0x03, 0xC7,
    0x3B, 0x9E, 0x45, 0x8C, 0xF6, 0x6C, 0x76, 0x5E, 0xFF, 0x1D, 0x0B, 0xE3, 0x26, 0x64, 0xFF, 0x3D,
    0xFB, 0x9D, 0x06, 0xEF, 0x6A, 0xEE, 0xE9, 0x25, 0x87, 0xF7, 0xAF, 0x24, 0xF2, 0x89, 0x1F, 0xA4,
    0xB1, 0x42, 0x5A, 0xFC, 0x76, 0x36, 0xB1, 0x6B, 0xA2, 0x5C, 0xCA, 0xA5, 0x9D, 0x1C, 0x27, 0xE6,
    0xEF, 0x97, 0x22, 0x32, 0x54, 0x64, 0x3D, 0x1F, 0x1A, 0xEF, 0x06, 0x98, 0xAB, 0x52, 0xF3, 0xD0,
    0x5B, 0x61, 0x2C, 0xF9, 0x6A, 0x95, 0x6C, 0xA4, 0xD8, 0x88, 0xAA, 0x56, 0xB0, 0x58, 0x74, 0xA7,
    0x96, 0x24, 0xBF, 0xD7, 0xCC, 0x78, 0x09, 0x71, 0xAF, 0x1C, 0xD9, 0xAF, 0xD3, 0xE5, 0x7E, 0xFF,
    0xED, 0xD3, 0x7B, 0x46, 0xEB, 0x30, 0xDB, 0xB6, 0x4E, 0x90, 0x56, 0x57, 0x51, 0xF6, 0xBF, 0x2D,
    0xA8, 0xDA, 0xEF, 0xD9, 0xEE, 0xD6, 0x8C, 0xE9, 0x9D, 0x98, 0xD1, 0xDD, 0x51, 0x51, 0x33, 0xB8,
    0x6F, 0x9F, 0x72, 0xBF, 0xCC, 0x74, 0x12, 0xF7, 0x33, 0xDA, 0x31, 0xC7, 0xD6, 0x83, 0x8C, 0x69,
    0x5B, 0x7D, 0xBD, 0x6E, 0x29, 0x63, 0xDD, 0x1A, 0xAF, 0x8C, 0x44, 0x2A, 0x41, 0x91, 0xEB, 0x16,
    0x37, 0x59, 0x7B, 0x2E, 0xEB, 0xD0, 0xF4, 0x52, 0x61, 0x9E, 0x2E, 0xA7, 0x6F, 0x30, 0x4F, 0xF7,
    0x98, 0x21, 0xFE, 0x7C, 0x04, 0x2B, 0x10, 0xF1, 0x17, 0x21, 0x42, 0xA6, 0x8B, 0x6D, 0x7F, 0x8F,
    0xE1, 0x2F, 0xD0, 0x59, 0x05, 0xCC, 0x96, 0xA2, 0xAB, 0x2A, 0xF4, 0x25, 0xC3, 0x1A, 0xC1, 0xBB,
    0x95, 0xBE, 0xAE, 0xC6, 0x7F, 0xC1, 0xA2, 0x19, 0x2E, 0xE6, 0xFC, 0xDF, 0xE8, 0x21, 0x6C, 0xB2,
    0xC8, 0x2B, 0x0B, 0x2F, 0xEE, 0xFB, 0xE3, 0xBC, 0x30, 0xCF, 0x14, 0xB1, 0x84, 0x40, 0xA4, 0x4E,
    0xA9, 0x3A, 0x38, 0x7E, 0xA7, 0x9D, 0xD5, 0x7F, 0xB3, 0x4F, 0x45, 0xFB, 0xCA, 0x37, 0x28, 0x5C,
    0x0B, 0x8C, 0xD7, 0xE6, 0x55, 0x30, 0x0E, 0x8F, 0x27, 0x32, 0xCF, 0x67, 0xA1, 0x91, 0xD4, 0xB0,
    0xFA, 0x8F, 0x49, 0x53, 0xBC, 0x4A, 0x17, 0xBE, 0x10, 0x66, 0x33, 0xB7, 0x9B, 0x54, 0x09, 0x88,
    0xF8, 0x5E, 0xA0, 0x77, 0x70, 0x88, 0x57, 0x67, 0x13, 0x67, 0x64, 0x89, 0x87, 0x28, 0x53, 0x50,
    0x86, 0x9E, 0x3D, 0xF0, 0x7F, 0x04, 0x56, 0x9B, 0x99, 0xC6, 0x45, 0xFF, 0x27, 0x2B, 0xD6, 0xC7,
    0x57, 0x8E, 0xA9, 0xC1, 0xD7, 0x78, 0xE9, 0x30, 0x7D, 0x49, 0xC4, 0x3F, 0x6E, 0xBA, 0x96, 0x49,
    0x3D, 0xDD, 0xD4, 0x89, 0x41, 0x69, 0x41, 0xDE, 0x54, 0xE1, 0xFD, 0x26, 0xDD, 0x13, 0xE7, 0x9D,
    0x51, 0x6C, 0x73, 0xA8, 0x67, 0x41, 0x81, 0x4F, 0xF1, 0x88, 0x6D, 0x7B, 0xA0, 0x22, 0x3A, 0x23,
    0x5D, 0x54, 0x38, 0x81, 0x89, 0x05, 0x3A, 0x48, 0x7D, 0x33, 0xA8, 0x1C, 0x3C, 0x62, 0xDA, 0xCD,
    0x7A, 0xC4, 0x42, 0x26, 0xDA, 0x11, 0x25, 0x0A, 0x7A, 0xD2, 0x87, 0xAF, 0x4D, 0x36, 0x80, 0x7D,
    0x9D, 0x97, 0x02, 0x23, 0x73, 0x13, 0x45, 0xCA, 0x34, 0x8C, 0x59, 0x16, 0x31, 0x56, 0x8F, 0x75,
    0x43, 0xD3, 0x1B, 0xAD, 0xB2, 0x55, 0x8E, 0xB3, 0xC7, 0x04, 0x60, 0x92, 0x21, 0xE0, 0x06, 0x1E,
    0x7B, 0x72, 0x16, 0xEE, 0xD2, 0x1D, 0x47, 0x64, 0x91, 0x8A, 0xEE, 0x67, 0x21, 0x01, 0x1A, 0xD2,
    0x83, 0x59, 0x84, 0x76, 0x67, 0x94, 0x42, 0xB4, 0xE3, 0x9D, 0xF3, 0x8E, 0xB3, 0x0E, 0x76, 0xC7,
    0x2F, 0x5E, 0xD7, 0x83, 0x29, 0x96, 0x5C, 0x23, 0x95, 0xFB, 0x4C, 0xBF, 0xAF, 0xA1, 0x95, 0xEF,
    0x55, 0xA1, 0xAD, 0x05, 0xD6, 0x15, 0xDF, 0xF8, 0x7F, 0x5B, 0xBB, 0x7A, 0x18, 0xC7, 0x8D, 0x2B,
    0x3C, 0x24, 0x4F, 0x4B, 0xC3, 0x42, 0xC2, 0x2B, 0x22, 0xC0, 0x31, 0x9C, 0x95, 0x8B, 0xAB, 0x16,
    0xF0, 0x6A, 0x8B, 0x2B, 0x36, 0xC0, 0xEE, 0x8A, 0x70, 0xE3, 0x22, 0x85, 0x85, 0xE0, 0xB4, 0x07,
    0xC4, 0x08, 0x2E, 0x08, 0x52, 0x1C, 0xAE, 0x88, 0x5D, 0x6C, 0xA1, 0x82, 0x77, 0x22, 0x2E, 0xC5,
    0x15, 0x2E, 0x6E, 0x0B, 0x1B, 0x29, 0x5C, 0x64, 0x11, 0x5F, 0x00, 0x9F, 0xB6, 0xB0, 0x8C, 0x18,
    0x88, 0x10, 0xEB, 0x4C, 0xFA, 0x5C, 0xB8, 0xD8, 0x62, 0x99, 0x18, 0x69, 0x6D, 0x39, 0x41, 0x1A,
    0x1B, 0xC8, 0x12, 0x36, 0x37, 0x91, 0xF7, 0x56, 0x64, 0xDE, 0xF7, 0x66, 0xF8, 0x23, 0xAD, 0xB4,
    0xAB, 0xDB, 0x3B, 0x61, 0xF8, 0x51, 0xE2, 0x50, 0xC3, 0x19, 0x72, 0x38, 0xF3, 0xDE, 0xCC, 0x7B,
    0xDF, 0x7C, 0x47, 0x5D, 0x91, 0x8B, 0x7A, 0x83, 0x81, 0x78, 0x1F, 0x8C, 0x3E, 0x37, 0x43, 0x11,
    0xF5, 0xB5, 0x70, 0x9D, 0x04, 0x96, 0xB2, 0xFF, 0x0C, 0x1D, 0x96, 0x95, 0xFB, 0xC5, 0x5C, 0xCF,
    0xE6, 0x77, 0xED, 0x38, 0x97, 0x4B, 0x26, 0xB6, 0xAC, 0x25, 0x3F, 0x6C, 0x4E, 0x8D, 0xE7, 0xFF,
    0xF5, 0x59, 0x61, 0x43, 0x93, 0x92, 0xF9, 0xDD, 0xE0, 0xB6, 0xE2, 0x95, 0xE5, 0x8C, 0x87, 0x9A,
    0x2F, 0x42, 0xBA, 0x85, 0x8F, 0x30, 0xEE, 0xFE, 0x2F, 0xBF, 0x36, 0x32, 0xDC, 0x7A, 0x64, 0xDA,
    0x97, 0x5A, 0xE0, 0xFD, 0x85, 0x46, 0xFE, 0x92, 0x12, 0xEF, 0x2F, 0xE5, 0x2D, 0xD9, 0xA2, 0x7A,
    0xAC, 0x45, 0x71, 0x0C, 0xF5, 0xA6, 0x60, 0xC7, 0x69, 0x26, 0x30, 0x44, 0x8D, 0xA9, 0x5F, 0x5C,
    0x2F, 0xDC, 0xEF, 0xF5, 0x19, 0xB2, 0x6F, 0x7A, 0xFF, 0x5B, 0x5C, 0x47, 0x48, 0xFC, 0xC4, 0x2A,
    0x4E, 0x83, 0xA5, 0x4E, 0x67, 0x9B, 0x79, 0xE9, 0xA3, 0x4A, 0x73, 0xB2, 0x35, 0xAE, 0xC3, 0xC0,
    0x68, 0x4A, 0x63, 0x7E, 0xA3, 0x03, 0x01, 0x8B, 0x50, 0x96, 0xBE, 0x84, 0x39, 0xC8, 0x41, 0x2D,
    0x19, 0x73, 0x95, 0xFE, 0xBA, 0xD3, 0x4D, 0x92, 0xE1, 0xDB, 0xCD, 0x28, 0x57, 0x00, 0xB5, 0x81,
    0x1A, 0x81, 0x91, 0x8A, 0x2F, 0x4F, 0x87, 0x9A, 0x6C, 0x10, 0x61, 0x72, 0x99, 0x2E, 0xE9, 0xDB,
    0x6B, 0xD4, 0x3E, 0x9C, 0x16, 0x7C, 0x84, 0x6C, 0x28, 0x26, 0xD3, 0x44, 0x6F, 0xA2, 0xA3, 0x43,
    0xAF, 0xEF, 0xA7, 0x8C, 0x14, 0x78, 0x75, 0xF5, 0x87, 0xE3, 0x9B, 0x31, 0x6B, 0xBB, 0xED, 0x5F,
    0xA4, 0xAD, 0x6B, 0xDE, 0xF6, 0x43, 0xF3, 0xE5, 0x87, 0x41, 0x59, 0xFF, 0xD4, 0xB7, 0xF4, 0x7D,
    0x7B, 0x51, 0xFF, 0x8F, 0x58, 0x27, 0x55, 0xDF, 0x31, 0x22, 0x78, 0xAA, 0x50, 0x75, 0xB7, 0x51,
    0xB9, 0x9D, 0x69, 0x6D, 0x52, 0x1A, 0x9E, 0x23, 0x75, 0x66, 0x55, 0xB4, 0xA0, 0x36, 0xEB, 0x83,
    0x55, 0xD3, 0x5F, 0xB5, 0xEC, 0xD5, 0x0D, 0xF1, 0xD3, 0x63, 0xB4, 0x67, 0x6D, 0x57, 0x2D, 0x1B,
    0xFC, 0xD7, 0x0E, 0x89, 0x9D, 0xC3, 0xA3, 0x4E, 0x2F, 0x14, 0xAB, 0xF3, 0x04, 0x36, 0x77, 0x1B,
    0x1E, 0x36, 0x5B, 0x21, 0x4B, 0x8A, 0xFC, 0xF3, 0x38, 0x14, 0x0E, 0xC7, 0xB6, 0x38, 0x6C, 0x85,
    0x20, 0x72, 0x0D, 0x77, 0xA4, 0xAA, 0x59, 0xBC, 0xD3, 0x55, 0x75, 0xA7, 0xA9, 0x10, 0x30, 0x7D,
    0xCC, 0x6A, 0xCF, 0x73, 0xAA, 0xAA, 0x54, 0xD3, 0xB6, 0x20, 0xB8, 0x40, 0x2D, 0x3E, 0x35, 0x88,
    0x3B, 0x69, 0x6D, 0x4B, 0xD7, 0xA4, 0x71, 0xF2, 0x97, 0xD6, 0x28, 0xE8, 0x65, 0xB7, 0xA4, 0x78,
    0x81, 0x71, 0xDD, 0xBA, 0x5B, 0x20, 0xCC, 0xD8, 0xA6, 0xB2, 0xB7, 0xD6, 0xD6, 0x16, 0x7F, 0x62,
    0x5D, 0x58, 0x60, 0x87, 0xBE, 0xE5, 0xC1, 0xE5, 0x95, 0x95, 0xCB, 0x2B, 0x97, 0x57, 0xBB, 0x56,
    0xA0, 0x31, 0xD5, 0xA1, 0xAD, 0x68, 0x0D, 0xE5, 0x42, 0x03, 0xE7, 0x04, 0xB0, 0x26, 0xDE, 0x49,
    0x62, 0x50, 0xF2, 0xC4, 0xC8, 0xD4, 0x06, 0x0A, 0xBC, 0x7C, 0x0E, 0x90, 0x03, 0x18, 0x2E, 0xDD,
    0x84, 0x3A, 0x56, 0x91, 0x13, 0x95, 0xAB, 0xBE, 0x6C, 0x1C, 0x15, 0xFA, 0x39, 0x5A, 0x05, 0xAC,
    0x72, 0x87, 0xBC, 0x81, 0xBB, 0xE2, 0xC3, 0xDE, 0xDD, 0x78, 0x08, 0xD3, 0x0B, 0xE3, 0xCB, 0x80,
    0x5A, 0x1E, 0x63, 0xCF, 0x56, 0x64, 0x4D, 0x72, 0x24, 0xBF, 0x7F, 0x3E, 0xC8, 0xE7, 0xDE, 0x1D,
    0xCA, 0xE1, 0x7B, 0x0E, 0x09, 0xCC, 0x43, 0x47, 0x54, 0x1E, 0x34, 0x98, 0xDB, 0x2E, 0x85, 0x7E,
    0x06, 0x23, 0x40, 0x8C, 0x81, 0x99, 0x03, 0x2C, 0x0A, 0xBB, 0xE7, 0x3B, 0x5A, 0xF5, 0x77, 0xE1,
    0x2D, 0x52, 0xD9, 0x46, 0xED, 0xB8, 0x27, 0x9C, 0x8B, 0xC5, 0xE5, 0x89, 0xB3, 0x04, 0x6E, 0xC4,
    0xF7, 0x1C, 0x30, 0x01, 0x3A, 0xD4, 0xB1, 0x5C, 0x71, 0x20, 0x25, 0xB0, 0x63, 0x94, 0x83, 0x21,
    0x38, 0xEA, 0xEE, 0xB4, 0x01, 0xE8, 0xB6, 0x43, 0x90, 0xD8, 0x85, 0x8E, 0xB6, 0xAC, 0x85, 0xED,
    0xE4, 0xD5, 0xDF, 0x07, 0xED, 0xD8, 0xE4, 0x27, 0x78, 0x5D, 0x52, 0xEB, 0x33, 0x19, 0xFA, 0x93,
    0x14, 0xB0, 0x9D, 0xEC, 0xA3, 0x15, 0x22, 0x70, 0x32, 0x63, 0xFD, 0x39, 0xE0, 0xE6, 0xE6, 0xBE,
    0x2B, 0xF0, 0xB7, 0x61, 0xFB, 0x7E, 0x59, 0x79, 0xD1, 0x73, 0xE5, 0xF2, 0x54, 0x0D, 0x2B, 0x4F,
    0x02, 0xC7, 0x32, 0x44, 0x19, 0xCF, 0x41, 0x0E, 0xEC, 0x21, 0x9A, 0xBB, 0x89, 0x7A, 0x48, 0x99,
    0x01, 0x35, 0xAC, 0x37, 0x01, 0x70, 0x31, 0x90, 0x80, 0xC2, 0x8C, 0x41, 0x03, 0x11, 0x43, 0xC0,
    0x3D, 0x35, 0xF6, 0x88, 0x54, 0x8E, 0x19, 0x44, 0x79, 0x9F, 0x14, 0x9A, 0x71, 0xA0, 0x08, 0x05,
    0x3D, 0x2C, 0x74, 0x59, 0x00, 0xED, 0x55, 0x44, 0x7C, 0x49, 0xFF, 0x8D, 0xFF, 0xA0, 0xA4, 0xF6,
    0xFC, 0xE4, 0xF1, 0x54, 0x48, 0x73, 0x4B, 0xAF, 0x31, 0x3D, 0xA9, 0x6B, 0xF8, 0xDB, 0x41, 0x31,
    0xA9, 0x94, 0x4E, 0x94, 0x34, 0x4D, 0x85, 0x24, 0x27, 0x4F, 0x45, 0x2A, 0x67, 0x8D, 0xB1, 0x6E,
    0x33, 0xC9, 0x89, 0x0B, 0xFC, 0x08, 0x2E, 0x9D, 0xFA, 0xB7, 0xA1, 0xE8, 0x69, 0xEF, 0x04, 0x23,
    0x16, 0x4A, 0xEA, 0xB6, 0x17, 0xFF, 0x32, 0x13, 0xAC, 0xBC, 0x64, 0x0F, 0x99, 0xD9, 0x43, 0xA9,
    0xD9, 0xA0, 0x28, 0x03, 0xFC, 0xCC, 0x63, 0x7B, 0x10, 0xCF, 0x0B, 0xA0, 0xBD, 0x83, 0xD8, 0x6F,
    0x92, 0x91, 0x17, 0xFF, 0x2C, 0x19, 0xA9, 0xA4, 0xEE, 0xD2, 0x4F, 0x80, 0xB0, 0x6E, 0xFF, 0x8D,
    0x24, 0x32, 0x66, 0x31, 0x4B, 0xC1, 0x4B, 0x52, 0xE8, 0x61, 0x90, 0xBA, 0x00, 0x1A, 0x47, 0x1C,
    0x24, 0xB1, 0x17, 0x5F, 0xCB, 0x57, 0x49, 0xFF, 0x31, 0x46, 0xF8, 0x36, 0x24, 0x08, 0x0B, 0xD2,
    0xB6, 0x55, 0x07, 0x48, 0x5F, 0xAB, 0x1B, 0x14, 0xA1, 0x27, 0x81, 0x97, 0x94, 0xFF, 0x1E, 0x82,
    0x0B, 0xEC, 0x43, 0x40, 0x4B, 0x82, 0x76, 0xD7, 0xA5, 0xEE, 0xEF, 0xD3, 0x47, 0xA1, 0x17, 0xDB,
    0x6A, 0x26, 0xD7, 0x4B, 0x6B, 0x1C, 0x26, 0x10, 0xCB, 0x58, 0x09, 0x61, 0x7E, 0xC8, 0x5E, 0x01,
    0x37, 0xF5, 0xA0, 0x2F, 0xBB, 0x13, 0xF0, 0xA0, 0xD9, 0xBC, 0xE6, 0x66, 0xD7, 0x70, 0xA7, 0x9D,
    0xC2, 0xE0, 0x15, 0x2B, 0x3E, 0xBD, 0xDB, 0xD4, 0x0A, 0xB5, 0x1C, 0x63, 0xDF, 0xEE, 0x8D, 0x81,
    0xDB, 0x93, 0xEF, 0x0B, 0xE0, 0x64, 0xAC, 0x82, 0xFC, 0x14, 0x95, 0x14, 0xB8, 0x3F, 0x67, 0x61,
    0x9B, 0x2B, 0x0E, 0xD0, 0xC6, 0x91, 0x1A, 0x23, 0xE9, 0x3A, 0x84, 0x5E, 0x40, 0xF8, 0xC9, 0x21,
    0x75, 0x56, 0xC6, 0x67, 0x83, 0x11, 0x5B, 0x62, 0xD7, 0xDD, 0x76, 0xF2, 0x45, 0xC1, 0x44, 0xE6,
    0x47, 0x19, 0x7F, 0x40, 0x0E, 0xFD, 0x49, 0xCB, 0x6A, 0x65, 0x80, 0x66, 0x1C, 0x60, 0xE4, 0xE7,
    0x4D, 0x2C, 0x4A, 0x6A, 0x0C, 0xE1, 0x5C, 0x92, 0xD8, 0x6D, 0x70, 0x4B, 0x6C, 0x28, 0x11, 0x9C,
    0xDD, 0x22, 0xF4, 0x6D, 0xF4, 0x6A, 0xE8, 0xAA, 0x26, 0x90, 0x57, 0x8F, 0x35, 0xB8, 0xBF, 0x62,
    0xF4, 0x61, 0x8E, 0xFD, 0x51, 0x60, 0xF5, 0xC1, 0x09, 0x56, 0xDB, 0x20, 0x4D, 0x7F, 0xE8, 0x54,
    0xDD, 0x9A, 0xDF, 0x1E, 0x96, 0xC3, 0x9A, 0xA8, 0x0E, 0xF4, 0xF0, 0x02, 0x8F, 0xD5, 0xC8, 0x81,
    0x04, 0x0C, 0x56, 0x80, 0x55, 0x8F, 0x54, 0x07, 0x12, 0x0A, 0xEA, 0xE8, 0x00, 0x6F, 0x2A, 0x9B,
    0x51, 0xCC, 0xCE, 0xA5, 0x66, 0xFE, 0x7D, 0xE5, 0x59, 0x57, 0x95, 0xA7, 0xF0, 0xC9, 0x3C, 0xF3,
    0xCC, 0x23, 0x6E, 0x85, 0x65, 0x3D, 0x60, 0xC7, 0xA1, 0x96, 0xEA, 0xEE, 0x4F, 0x29, 0xF3, 0x88,
    0xA7, 0x7F, 0x20, 0xE5, 0xC1, 0x3E, 0xAC, 0x0A, 0x4B, 0xB1, 0xB6, 0xCE, 0x65, 0xF6, 0x6C, 0x12,
    0x6C, 0xAB, 0xD1, 0x72, 0x46, 0x53, 0x5A, 0x6A, 0x5E, 0x61, 0x4A, 0x95, 0xE3, 0x24, 0x09, 0x9E,
    0xF5, 0xDE, 0xDB, 0x3D, 0xDA, 0xA6, 0x72, 0xEA, 0x5C, 0xDA, 0x1C, 0xEB, 0xB2, 0xE4, 0x3C, 0x03,
    0xD9, 0x76, 0x0D, 0x36, 0xD5, 0x2D, 0x1F, 0x0B, 0xED, 0x7F, 0x81, 0x75, 0x4B, 0x98, 0xFF, 0x8C,
    0xEA, 0x28, 0x79, 0x3C, 0x2A, 0x0F, 0xEA, 0xA2, 0x4E, 0x0A, 0xEA, 0x33, 0x18, 0xF7, 0xCC, 0x7C,
    0x83, 0x7F, 0x73, 0xE2, 0x19, 0x2D, 0x75, 0xE2, 0xCE, 0x36, 0xAC, 0xCE, 0x06, 0xA5, 0xE6, 0xA8,
    0x69, 0x17, 0x1E, 0x54, 0xD1, 0x70, 0x0E, 0x73, 0x8C, 0xAF, 0x50, 0x01, 0x63, 0xD0, 0x45, 0x46,
    0xC2, 0xDB, 0xA6, 0x5A, 0x61, 0x41, 0xF0, 0x57, 0x49, 0x67, 0x37, 0x61, 0xAA, 0x67, 0x5B, 0xA9,
    0xD9, 0xF1, 0xD8, 0x9F, 0x27, 0xAC, 0x7F, 0xFD, 0xF6, 0xCB, 0xA7, 0x78, 0xC0, 0xE1, 0x09, 0xE5,
    0x95, 0x7F, 0x56, 0x47, 0xC3, 0xB1, 0xF6, 0xE9, 0xDD, 0x50, 0xCE, 0x69, 0x23, 0x59, 0x6B, 0xFA,
    0xD2, 0xD1, 0xA3, 0x37, 0x37, 0xB4, 0x53, 0x5A, 0xA9, 0x94, 0xD1, 0xE5, 0x64, 0xFF, 0x9F, 0x5B,
    0xEE, 0x17, 0x54, 0x4F, 0x2C, 0xF2, 0x87, 0xEE, 0x1D, 0x06, 0x7A, 0x0F, 0x50, 0xA6, 0x1A, 0x6A,
    0x6D, 0x55, 0x7E, 0xE3, 0x63, 0xC2, 0x3B, 0x18, 0xA6, 0x76, 0xBB, 0x17, 0x39, 0xDD, 0xFE, 0xA9,
    0xC1, 0x43, 0x91, 0xFC, 0xFE, 0x59, 0xA7, 0xF5, 0x53, 0x7B, 0xE5, 0x86, 0xEE, 0x46, 0x86, 0x3F,
    0x2B, 0x7C, 0x7F, 0x95, 0xBA, 0x45, 0x3F, 0xDE, 0xF5, 0x4F, 0x39, 0x27, 0x0B, 0xD2, 0x6B, 0xF5,
    0x7A, 0xCA, 0xC1, 0x3B, 0x11, 0xDA, 0xE8, 0xED, 0xFD, 0x79, 0x0E, 0x16, 0xC3, 0xAC, 0x1C, 0x7E,
    0xFF, 0x1A, 0x32, 0x76, 0xB4, 0x3B, 0x2D, 0xB7, 0xEF, 0xCF, 0xCC, 0x61, 0x43, 0xFA, 0xD5, 0xEA,
    0xCC, 0x84, 0x35, 0x23, 0x54, 0xAE, 0x06, 0xB0, 0x46, 0x4A, 0x82, 0x53, 0xCE, 0x19, 0x0B, 0x18,
    0x69, 0xA1, 0x14, 0xAB, 0x94, 0xF6, 0x19, 0x5B, 0xE5, 0x75, 0x6A, 0x20, 0x13, 0xC3, 0x5F, 0xF2,
    0xCE, 0x3E, 0xF7, 0xC4, 0x56, 0x52, 0x3E, 0xC1, 0xD3, 0x32, 0x5F, 0x79, 0x0D, 0x19, 0x5E, 0xDA,
    0x1D, 0x3B, 0x48, 0x3F, 0xE9, 0x20, 0x45, 0x9D, 0x91, 0x79, 0xA4, 0x58, 0x35, 0xFD, 0x69, 0xDB,
    0x92, 0x67, 0xD2, 0xF3, 0x31, 0x29, 0xE3, 0x8F, 0x17, 0x77, 0x62, 0x2B, 0x41, 0x7D, 0x80, 0xC1,
    0x87, 0xBE, 0xAD, 0xB8, 0xFA, 0x9F, 0x7C, 0x27, 0xC9, 0xEF, 0x15, 0x9F, 0x88, 0xA2, 0x83, 0x97,
    0x7D, 0x41, 0x71, 0x39, 0xB3, 0xB9, 0x77, 0x3B, 0xBC, 0x93, 0x46, 0x71, 0xC5, 0x5D, 0xE2, 0x16,
    0x77, 0x53, 0x4F, 0x21, 0xE5, 0x61, 0xF3, 0xC8, 0xDB, 0x77, 0xF9, 0x1D, 0xBF, 0xEB, 0x52, 0x2B,
    0xF9, 0xD6, 0xE3, 0x5E, 0x3D, 0x73, 0x56, 0xB7, 0xAF, 0x33, 0x1B, 0x88, 0x33, 0x17, 0x2E, 0xB8,
    0x40, 0xF0, 0xF0, 0x4B, 0x84, 0xD1, 0x88, 0x9E, 0x1C, 0xE7, 0x38, 0x16, 0x4B, 0xF8, 0xC9, 0xAF,
    0x07, 0x0E, 0x65, 0xF2, 0xBF, 0xC0, 0xA3, 0x9F, 0xCF, 0x79, 0x15, 0xE4, 0xAA, 0x40, 0x1C, 0xB8,
    0xE0, 0xE6, 0x54, 0x2A, 0x67, 0x63, 0x83, 0x31, 0x9A, 0x1F, 0x2B, 0x77, 0x30, 0x09, 0x97, 0x7C,
    0x06, 0xBC, 0xFF, 0x8A, 0xFF, 0x38, 0xD7, 0x4A, 0x6B, 0xF3, 0x8E, 0x9C, 0x32, 0x8E, 0x9E, 0xD6,
    0x4E, 0x56, 0x31, 0xBB, 0x9D, 0x2D, 0xC6, 0x3B, 0xC6, 0x9D, 0x3C, 0x1E, 0xA7, 0x0F, 0x72, 0xDA,
    0xF6, 0x27, 0xDE, 0xE5, 0xEC, 0x7A, 0x3B, 0x39, 0x3F, 0xF9, 0x39, 0xB0, 0xB2, 0xB9, 0xFB, 0x15,
    0x8C, 0xCF, 0x92, 0xAF, 0xC2, 0xF6, 0x37, 0x87, 0x58, 0x6D, 0xC5, 0x60, 0x1E, 0xA4, 0x14, 0x4B,
    0x9B, 0xC0, 0x1A, 0xAC, 0x5A, 0x83, 0xE7, 0x3B, 0x93, 0xB1, 0x93, 0x38, 0x91, 0xBE, 0xFA, 0xDC,
    0x63, 0xF6, 0x9A, 0xE8, 0x9C, 0x58, 0xFA, 0xC5, 0xBB, 0x01, 0x56, 0x86, 0xFD, 0x2E, 0x88, 0x3E,
    0xF6, 0xAE, 0xE0, 0x88, 0x25, 0x0A, 0x58, 0xBA, 0x0A, 0xA4, 0xDE, 0x92, 0x70, 0x61, 0x77, 0x32,
    0xF6, 0x04, 0x96, 0x54, 0xCA, 0x9A, 0x1B, 0x4D, 0xDE, 0x43, 0x29, 0x37, 0x9C, 0x07, 0xB5, 0xCD,
    0x3F, 0xB2, 0x78, 0xF0, 0x2D, 0x61, 0xFC, 0x27, 0x1C, 0xE9, 0x89, 0xF3, 0xE3, 0x78, 0xFA, 0x99,
    0x09, 0xB3, 0x6A, 0xCD, 0xD4, 0x4E, 0x30, 0x9F, 0xC8, 0xD3, 0xDA, 0x15, 0x3C, 0xAB, 0x9B, 0xE9,
    0x15, 0xE4, 0x22, 0xD2, 0x05, 0x06, 0x47, 0xD9, 0x27, 0x3C, 0x4D, 0xAC, 0x74, 0x3E, 0xE7, 0x55,
    0xD3, 0x3E, 0xA7, 0xEE, 0xE8, 0x7E, 0xE3, 0x7C, 0xE9, 0xE8, 0xEE, 0xF5, 0xDE, 0xAC, 0x4F, 0xCA,
    0x5E, 0xB8, 0x35, 0x06, 0xDA, 0xC7, 0xB0, 0x84, 0x83, 0x64, 0x95, 0x1C, 0x25, 0xC2, 0x8C, 0xB6,
    0x16, 0x85, 0xE5, 0x6F, 0x61, 0x02, 0x75, 0x0B, 0xF2, 0xF0, 0x16, 0xC6, 0xC7, 0xC6, 0x80, 0x8F,
    0x71, 0x2C, 0x9F, 0x47, 0xFF, 0x00, 0x17, 0x27, 0xFD, 0x97, 0xE5, 0x33, 0xA1, 0xB1, 0xCB, 0xEE,
    0xF8, 0x35, 0x72, 0x4D, 0x86, 0x07, 0x21, 0xD8, 0xB3, 0x36, 0xA6, 0x34, 0x48, 0xE4, 0x5E, 0x90,
    0x7D, 0x14, 0x5B, 0xB6, 0x31, 0x70, 0x39, 0x24, 0x9F, 0x43, 0x94, 0xD2, 0x1E, 0x2D, 0xC5, 0x70,
    0x6B, 0xEF, 0x67, 0xFC, 0x16, 0x39, 0xC9, 0x45, 0x94, 0x76, 0x72, 0xD6, 0x3F, 0x9A, 0x92, 0xBE,
    0x42, 0x9A, 0x95, 0x4B, 0xB7, 0x78, 0x26, 0x00, 0x66, 0xAA, 0x48, 0xE5, 0xF2, 0x3E, 0x3F, 0x8A,
    0x49, 0xBF, 0x01, 0x51, 0x30, 0x5F, 0xA3, 0xDB, 0x58, 0x34, 0x6F, 0xCB, 0x2C, 0xA5, 0xF5, 0x08,
    0xAB, 0x8B, 0x0C, 0x2C, 0xF6, 0x29, 0x22, 0xF1, 0xD4, 0x96, 0xEE, 0x44, 0xD2, 0xAD, 0x45, 0xA4,
    0x4E, 0x44, 0x16, 0x1A, 0x6B, 0x33, 0x75, 0x6B, 0xC1, 0x52, 0x10, 0xAE, 0x96, 0x29, 0x09, 0xFC,
    0xAD, 0x2C, 0x95, 0xD4, 0x99, 0xBE, 0x2D, 0x19, 0xF3, 0x1E, 0x13, 0x36, 0xD0, 0xFB, 0xBA, 0x26,
    0xE9, 0xB8, 0xD6, 0xA8, 0x75, 0x27, 0x05, 0x06, 0xBD, 0x98, 0x09, 0xE6, 0x1D, 0x23, 0x30, 0xC1,
    0x92, 0x6B, 0x04, 0x65, 0x30, 0x3D, 0xE9, 0x03, 0xEB, 0x25, 0x8C, 0x33, 0x87, 0x3F, 0x5C, 0xD4,
    0x06, 0xA2, 0x72, 0xF8, 0xDB, 0xD7, 0x37, 0xFF, 0xAD, 0xAA, 0x37, 0x56, 0xD2, 0xB6, 0x20, 0x37,
    0xB5, 0xD6, 0x60, 0xCA, 0x26, 0xD6, 0x56, 0xCD, 0x3B, 0xB0, 0x9F, 0xD9, 0x22, 0x1D, 0x99, 0x76,
    0x5D, 0x63, 0x0F, 0x23, 0xE8, 0xA1, 0xBE, 0x8F, 0x71, 0xCF, 0x81, 0xF6, 0x85, 0x74, 0x9A, 0x1B,
    0xE5, 0x3B, 0x36, 0x70, 0x14, 0x8D, 0xEE, 0x19, 0x1F, 0x39, 0x09, 0x5F, 0xE0, 0xAE, 0x30, 0xD4,
    0x0C, 0x69, 0x5D, 0xAA, 0x14, 0x21, 0xCF, 0x96, 0x0E, 0xD4, 0x83, 0x4D, 0xE7, 0x63, 0xD4, 0xFC,
    0xDC, 0x1B, 0x42, 0xBA, 0x9A, 0x9B, 0x89, 0xB0, 0x1E, 0xB9, 0xEB, 0x7F, 0x0E, 0x7A, 0xDD, 0xA8,
    0xDB, 0x7D, 0x43, 0x5A, 0x65, 0x3D, 0x76, 0xB8, 0x88, 0x56, 0x4F, 0x66, 0x80, 0x9B, 0xE7, 0xBE,
    0xCA, 0x98, 0x05, 0x5F, 0xE8, 0x01, 0xBB, 0x1F, 0xF3, 0x2D, 0xDE, 0x90, 0x06, 0x0A, 0x5A, 0x61,
    0xD2, 0xFC, 0x57, 0xE7, 0xB9, 0x60, 0xA3, 0xFB, 0x62, 0xD8, 0xFD, 0xD0, 0xF9, 0x20, 0x5C, 0xFE,
    0x8B, 0x6F, 0x25, 0xB6, 0x11, 0xF3, 0xF0, 0x30, 0x15, 0x73, 0x45, 0x36, 0x36, 0x0D, 0x69, 0x6A,
    0x31, 0x2B, 0xC8, 0x17, 0x48, 0x4F, 0x02, 0x4B, 0x6C, 0xBD, 0x20, 0x5E, 0xB8, 0x2C, 0x7E, 0xB0,
    0x22, 0x9E, 0xA5, 0x40, 0x5F, 0xE8, 0x67, 0xD9, 0xEE, 0x82, 0xC6, 0xE9, 0x82, 0xF8, 0x3F,
};

static const EpdGlyph notosans_cjk_14Glyphs[] = {
    { 0, 0, 105, 0, 0, 0, 0 }, // U+0020
    { 5, 23, 151, 2, 22, 29, 0 }, // !
    { 10, 9, 221, 2, 23, 23, 29 }, // "
    { 15, 22, 259, 1, 22, 83, 52 }, // #
    { 14, 29, 259, 1, 25, 102, 135 }, // $
    { 25, 23, 430, 1, 22, 144, 237 }, // %
    { 19, 23, 317, 1, 22, 110, 381 }, // &
    { 4, 9, 130, 2, 23, 9, 491 }, // '
    { 7, 30, 158, 2, 24, 53, 500 }, // (
    { 7, 30, 158, 1, 24, 53, 553 }, // )
    { 11, 11, 218, 1, 24, 31, 606 }, // *
    { 15, 16, 259, 1, 19, 60, 637 }, // +
    { 6, 10, 130, 1, 4, 15, 697 }, // ,
    { 8, 3, 162, 1, 10, 6, 712 }, // -
    { 4, 5, 130, 2, 4, 5, 718 }, // .
    { 11, 30, 183, 0, 24, 83, 723 }, // /
    { 14, 23, 259, 1, 22, 81, 806 }, // 0
    { 13, 22, 259, 2, 22, 72, 887 }, // 1
    { 14, 22, 259, 1, 22, 77, 959 }, // 2
    { 15, 23, 259, 0, 22, 87, 1036 }, // 3
    { 16, 22, 259, 0, 22, 88, 1123 }, // 4
    { 15, 23, 259, 0, 22, 87, 1211 }, // 5
    { 14, 23, 259, 1, 22, 81, 1298 }, // 6
    { 14, 22, 259, 1, 22, 77, 1379 }, // 7
    { 14, 23, 259, 1, 22, 81, 1456 }, // 8
    { 14, 23, 259, 1, 22, 81, 1537 }, // 9
    { 4, 17, 130, 2, 16, 17, 1618 }, // :
    { 6, 22, 130, 1, 16, 33, 1635 }, // ;
    { 15, 14, 259, 1, 18, 53, 1668 }, // <
    { 15, 10, 259, 1, 16, 38, 1721 }, // =
    { 15, 14, 259, 1, 18, 53, 1759 }, // >
    { 12, 24, 221, 1, 23, 72, 1812 }, // ?
    { 25, 28, 442, 1, 22, 175, 1884 }, // @
    { 18, 22, 284, 0, 22, 99, 2059 }, // A
    { 16, 22, 307, 2, 22, 88, 2158 }, // B
    { 17, 23, 298, 1, 22, 98, 2246 }, // C
    { 17, 22, 321, 2, 22, 94, 2344 }, // D
    { 14, 22, 275, 2, 22, 77, 2438 }, // E
    { 14, 22, 258, 2, 22, 77, 2515 }, // F
    { 17, 23, 322, 1, 22, 98, 2592 }, // G
    { 17, 22, 340, 2, 22, 94, 2690 }, // H
    { 4, 22, 137, 2, 22, 22, 2784 }, // I
    { 12, 23, 250, 1, 22, 69, 2806 }, // J
    { 17, 22, 302, 2, 22, 94, 2875 }, // K
    { 13, 22, 253, 2, 22, 72, 2969 }, // L
    { 19, 22, 379, 2, 22, 105, 3041 }, // M
    { 17, 22, 337, 2, 22, 94, 3146 }, // N
    { 19, 23, 346, 1, 22, 110, 3240 }, // O
    { 16, 22, 295, 2, 22, 88, 3350 }, // P
    { 20, 28, 346, 1, 22, 140, 3438 }, // Q
    { 16, 22, 296, 2, 22, 88, 3578 }, // R
    { 16, 23, 278, 1, 22, 92, 3666 }, // S
    { 17, 22, 280, 0, 22, 94, 3758 }, // T
    { 17, 23, 337, 2, 22, 98, 3852 }, // U
    { 17, 22, 268, 0, 22, 94, 3950 }, // V
    { 25, 22, 410, 0, 22, 138, 4044 }, // W
    { 17, 22, 267, 0, 22, 94, 4182 }, // X
    { 17, 22, 248, -1, 22, 94, 4276 }, // Y
    { 16, 22, 281, 1, 22, 88, 4370 }, // Z
    { 6, 29, 158, 3, 24, 44, 4458 }, // [
    { 12, 30, 183, 0, 24, 90, 4502 }, // <backslash>
    { 7, 29, 158, 0, 24, 51, 4592 }, // ]
    { 14, 13, 259, 1, 22, 46, 4643 }, // ^
    { 16, 3, 261, 0, -2, 12, 4689 }, // _
    { 7, 8, 283, 4, 26, 14, 4701 }, // `
    { 14, 18, 263, 1, 17, 63, 4715 }, // a
    { 15, 25, 288, 2, 24, 94, 4778 }, // b
    { 14, 18, 238, 1, 17, 63, 4872 }, // c
    { 15, 25, 289, 1, 24, 94, 4935 }, // d
    { 14, 18, 259, 1, 17, 63, 5029 }, // e
    { 11, 24, 152, 0, 24, 66, 5092 }, // f
    { 16, 25, 263, 1, 17, 100, 5158 }, // g
    { 14, 24, 283, 2, 24, 84, 5258 }, // h
    { 4, 23, 128, 2, 23, 23, 5342 }, // i
    { 8, 31, 128, -2, 23, 62, 5365 }, // j
    { 14, 24, 258, 2, 24, 84, 5427 }, // k
    { 6, 25, 133, 2, 24, 38, 5511 }, // l
    { 23, 17, 432, 2, 17, 98, 5549 }, // m
    { 14, 17, 285, 2, 17, 60, 5647 }, // n
    { 16, 18, 283, 1, 17, 72, 5707 }, // o
    { 15, 24, 289, 2, 17, 90, 5779 }, // p
    { 15, 24, 289, 1, 17, 90, 5869 }, // q
    { 10, 17, 181, 2, 17, 43, 5959 }, // r
    { 13, 18, 218, 0, 17, 59, 6002 }, // s
    { 11, 22, 176, 0, 21, 61, 6061 }, // t
    { 14, 17, 283, 2, 16, 60, 6122 }, // u
    { 15, 16, 243, 0, 16, 60, 6182 }, // v
    { 23, 16, 374, 0, 16, 92, 6242 }, // w
    { 15, 16, 232, 0, 16, 60, 6334 }, // x
    { 15, 23, 243, 0, 16, 87, 6394 }, // y
    { 12, 16, 222, 1, 16, 48, 6481 }, // z
    { 8, 29, 158, 1, 24, 58, 6529 }, // {
    { 2, 34, 126, 3, 25, 17, 6587 }, // |
    { 9, 29, 158, 0, 24, 66, 6604 }, // }
    { 15, 6, 259, 1, 14, 23, 6670 }, // ~
    { 0, 0, 105, 0, 0, 0, 0 }, // U+00A0
    { 5, 24, 151, 2, 17, 30, 0 }, // U+00A1
    { 14, 24, 259, 1, 22, 84, 30 }, // U+00A2
    { 14, 22, 259, 1, 22, 77, 114 }, // U+00A3
    { 16, 16, 259, 0, 19, 64, 191 }, // U+00A4
    { 16, 21, 259, 0, 21, 84, 255 }, // U+00A5
    { 2, 34, 126, 3, 25, 17, 339 }, // U+00A6
    { 15, 25, 467, 7, 23, 94, 356 }, // U+00A7
    { 10, 4, 283, 4, 23, 10, 450 }, // U+00A8
    { 22, 23, 388, 1, 22, 127, 460 }, // U+00A9
    { 9, 12, 180, 1, 24, 27, 587 }, // U+00AA
    { 12, 13, 224, 1, 15, 39, 614 }, // U+00AB
    { 15, 9, 259, 1, 12, 34, 653 }, // U+00AC
    { 8, 3, 162, 1, 10, 6, 687 }, // U+00AD
    { 13, 14, 221, 0, 24, 46, 693 }, // U+00AE
    { 10, 3, 283, 4, 22, 8, 739 }, // U+00AF
    { 9, 9, 173, 1, 23, 21, 747 }, // U+00B0
    { 23, 24, 467, 3, 24, 138, 768 }, // U+00B1
    { 10, 14, 192, 1, 26, 35, 906 }, // U+00B2
    { 10, 14, 192, 1, 26, 35, 941 }, // U+00B3
    { 8, 8, 283, 6, 26, 16, 976 }, // U+00B4
    { 16, 22, 293, 2, 16, 88, 992 }, // U+00B5
    { 14, 25, 467, 7, 23, 88, 1080 }, // U+00B6
    { 7, 8, 467, 11, 15, 14, 1168 }, // U+00B7
    { 7, 9, 283, 5, 1, 16, 1182 }, // U+00B8
    { 6, 14, 192, 2, 26, 21, 1198 }, // U+00B9
    { 11, 12, 190, 0, 24, 33, 1219 }, // U+00BA
    { 12, 13, 224, 1, 15, 39, 1252 }, // U+00BB
    { 23, 23, 407, 2, 22, 133, 1291 }, // U+00BC
    { 23, 23, 421, 2, 22, 133, 1424 }, // U+00BD
    { 24, 23, 415, 1, 22, 138, 1557 }, // U+00BE
    { 12, 24, 221, 1, 17, 72, 1695 }, // U+00BF
    { 18, 29, 284, 0, 29, 131, 1767 }, // U+00C0
    { 18, 29, 284, 0, 29, 131, 1898 }, // U+00C1
    { 18, 28, 284, 0, 28, 126, 2029 }, // U+00C2
    { 18, 28, 284, 0, 28, 126, 2155 }, // U+00C3
    { 18, 27, 284, 0, 27, 122, 2281 }, // U+00C4
    { 18, 29, 284, 0, 29, 131, 2403 }, // U+00C5
    { 26, 22, 428, 0, 22, 143, 2534 }, // U+00C6
    { 17, 30, 298, 1, 22, 128, 2677 }, // U+00C7
    { 14, 29, 275, 2, 29, 102, 2805 }, // U+00C8
    { 14, 29, 275, 2, 29, 102, 2907 }, // U+00C9
    { 14, 28, 275, 2, 28, 98, 3009 }, // U+00CA
    { 14, 27, 275, 2, 27, 95, 3107 }, // U+00CB
    { 8, 29, 137, -1, 29, 58, 3202 }, // U+00CC
    { 7, 29, 137, 2, 29, 51, 3260 }, // U+00CD
    { 11, 28, 137, -1, 28, 77, 3311 }, // U+00CE
    { 11, 27, 137, -1, 27, 75, 3388 }, // U+00CF
    { 19, 22, 332, 1, 22, 105, 3463 }, // U+00D0
    { 17, 28, 337, 2, 28, 119, 3568 }, // U+00D1
    { 19, 30, 346, 1, 29, 143, 3687 }, // U+00D2
    { 19, 30, 346, 1, 29, 143, 3830 }, // U+00D3
    { 19, 29, 346, 1, 28, 138, 3973 }, // U+00D4
    { 19, 29, 346, 1, 28, 138, 4111 }, // U+00D5
    { 19, 28, 346, 1, 27, 133, 4249 }, // U+00D6
    { 19, 20, 467, 5, 21, 95, 4382 }, // U+00D7
    { 20, 24, 346, 1, 23, 120, 4477 }, // U+00D8
    { 17, 30, 337, 2, 29, 128, 4597 }, // U+00D9
    { 17, 30, 337, 2, 29, 128, 4725 }, // U+00DA
    { 17, 29, 337, 2, 28, 124, 4853 }, // U+00DB
    { 17, 28, 337, 2, 27, 119, 4977 }, // U+00DC
    { 17, 29, 248, -1, 29, 124, 5096 }, // U+00DD
    { 16, 22, 304, 2, 22, 88, 5220 }, // U+00DE
    { 16, 25, 300, 2, 24, 100, 5308 }, // U+00DF
    { 14, 27, 263, 1, 26, 95, 5408 }, // U+00E0
    { 14, 27, 263, 1, 26, 95, 5503 }, // U+00E1
    { 14, 26, 263, 1, 25, 91, 5598 }, // U+00E2
    { 14, 25, 263, 1, 24, 88, 5689 }, // U+00E3
    { 14, 24, 263, 1, 23, 84, 5777 }, // U+00E4
    { 14, 26, 263, 1, 25, 91, 5861 }, // U+00E5
    { 24, 18, 409, 1, 17, 108, 5952 }, // U+00E6
    { 14, 25, 238, 1, 17, 88, 6060 }, // U+00E7
    { 14, 27, 259, 1, 26, 95, 6148 }, // U+00E8
    { 14, 27, 259, 1, 26, 95, 6243 }, // U+00E9
    { 14, 26, 259, 1, 25, 91, 6338 }, // U+00EA
    { 14, 24, 259, 1, 23, 84, 6429 }, // U+00EB
    { 7, 26, 128, -1, 26, 46, 6513 }, // U+00EC
    { 7, 26, 128, 2, 26, 46, 6559 }, // U+00ED
    { 12, 25, 128, -2, 25, 75, 6605 }, // U+00EE
    { 10, 23, 128, -1, 23, 58, 6680 }, // U+00EF
    { 15, 25, 284, 1, 24, 94, 6738 }, // U+00F0
    { 14, 24, 285, 2, 24, 84, 6832 }, // U+00F1
    { 16, 27, 283, 1, 26, 108, 6916 }, // U+00F2
    { 16, 27, 283, 1, 26, 108, 7024 }, // U+00F3
    { 16, 26, 283, 1, 25, 104, 7132 }, // U+00F4
    { 16, 25, 283, 1, 24, 100, 7236 }, // U+00F5
    { 16, 24, 283, 1, 23, 96, 7336 }, // U+00F6
    { 23, 20, 467, 3, 21, 115, 7432 }, // U+00F7
    { 16, 18, 283, 1, 17, 72, 7547 }, // U+00F8
    { 14, 27, 283, 2, 26, 95, 7619 }, // U+00F9
    { 14, 27, 283, 2, 26, 95, 7714 }, // U+00FA
    { 14, 26, 283, 2, 25, 91, 7809 }, // U+00FB
    { 14, 24, 283, 2, 23, 84, 7900 }, // U+00FC
    { 15, 33, 243, 0, 26, 124, 7984 }, // U+00FD
    { 15, 31, 289, 2, 24, 117, 8108 }, // U+00FE
    { 15, 30, 243, 0, 23, 113, 8225 }, // U+00FF
    { 9, 2, 467, 10, 12, 5, 0 }, // U+2010
    { 8, 3, 162, 1, 10, 6, 5 }, // U+2011
    { 14, 3, 250, 1, 10, 11, 11 }, // U+2012
    { 14, 3, 250, 1, 10, 11, 22 }, // U+2013
    { 24, 3, 417, 1, 10, 18, 33 }, // U+2014
    { 26, 2, 467, 2, 12, 13, 51 }, // U+2015
    { 7, 30, 467, 11, 26, 53, 64 }, // U+2016
    { 5, 9, 467, 23, 25, 12, 117 }, // U+2018
    { 5, 9, 467, 1, 25, 12, 129 }, // U+2019
    { 5, 9, 130, 2, 4, 12, 141 }, // U+201A
    { 11, 9, 467, 18, 25, 25, 153 }, // U+201C
    { 10, 9, 467, 1, 25, 23, 178 }, // U+201D
    { 10, 9, 221, 2, 4, 23, 201 }, // U+201E
    { 15, 25, 467, 7, 23, 94, 224 }, // U+2020
    { 15, 25, 467, 7, 23, 94, 318 }, // U+2021
    { 7, 8, 467, 11, 15, 14, 412 }, // U+2022
    { 19, 4, 467, 5, 13, 19, 426 }, // U+2025
    { 25, 4, 467, 2, 13, 25, 445 }, // U+2026
    { 0, 0, 467, 0, 0, 0, 0 }, // U+3000
    { 9, 9, 467, 1, 7, 21, 0 }, // U+3001
    { 10, 10, 467, 1, 8, 25, 21 }, // U+3002
    { 17, 16, 467, 6, 19, 68, 46 }, // U+3003
    { 27, 28, 467, 1, 25, 189, 114 }, // U+3004
    { 22, 25, 467, 3, 24, 138, 303 }, // U+3005
    { 22, 25, 467, 4, 23, 138, 441 }, // U+3006
    { 27, 28, 467, 1, 25, 189, 579 }, // U+3007
    { 11, 28, 467, 17, 25, 77, 768 }, // U+3008
    { 12, 28, 467, 1, 25, 84, 845 }, // U+3009
    { 14, 28, 467, 15, 25, 98, 929 }, // U+300A
    { 13, 28, 467, 1, 25, 91, 1027 }, // U+300B
    { 11, 20, 467, 18, 25, 55, 1118 }, // U+300C
    { 11, 20, 467, 0, 17, 55, 1173 }, // U+300D
    { 12, 20, 467, 17, 25, 60, 1228 }, // U+300E
    { 12, 20, 467, 0, 17, 60, 1288 }, // U+300F
    { 10, 28, 467, 19, 25, 70, 1348 }, // U+3010
    { 10, 28, 467, 0, 25, 70, 1418 }, // U+3011
    { 21, 21, 467, 4, 21, 111, 1488 }, // U+3012
    { 25, 24, 467, 2, 23, 150, 1599 }, // U+3013
    { 9, 29, 467, 20, 26, 66, 1749 }, // U+3014
    { 8, 29, 467, 1, 26, 58, 1815 }, // U+3015
    { 11, 28, 467, 18, 25, 77, 1873 }, // U+3016
    { 11, 28, 467, 0, 25, 77, 1950 }, // U+3017
    { 10, 30, 467, 19, 26, 75, 2027 }, // U+3018
    { 11, 30, 467, 0, 26, 83, 2102 }, // U+3019
    { 9, 28, 467, 20, 25, 63, 2185 }, // U+301A
    { 9, 28, 467, 0, 25, 63, 2248 }, // U+301B
    { 27, 9, 467, 1, 16, 61, 2311 }, // U+301C
    { 9, 12, 467, 19, 25, 27, 2372 }, // U+301D
    { 9, 12, 467, 1, 25, 27, 2399 }, // U+301E
    { 9, 13, 467, 1, 10, 30, 2426 }, // U+301F
    { 27, 22, 467, 1, 22, 149, 2456 }, // U+3020
    { 3, 26, 467, 13, 24, 20, 2605 }, // U+3021
    { 11, 26, 467, 9, 24, 72, 2625 }, // U+3022
    { 18, 26, 467, 6, 24, 117, 2697 }, // U+3023
    { 23, 24, 467, 3, 23, 138, 2814 }, // U+3024
    { 15, 24, 467, 7, 23, 90, 2952 }, // U+3025
    { 27, 10, 467, 1, 23, 68, 3042 }, // U+3026
    { 26, 19, 467, 1, 23, 124, 3110 }, // U+3027
    { 25, 24, 467, 2, 24, 150, 3234 }, // U+3028
    { 25, 25, 467, 2, 24, 157, 3384 }, // U+3029
    { 7, 6, 0, -30, -3, 11, 3541 }, // U+302A
    { 7, 6, 0, -30, 31, 11, 3552 }, // U+302B
    { 7, 6, 0, -6, 31, 11, 3563 }, // U+302C
    { 7, 6, 0, -6, -3, 11, 3574 }, // U+302D
    { 5, 6, 117, 1, 14, 8, 3585 }, // U+302E
    { 5, 12, 117, 1, 17, 15, 3593 }, // U+302F
    { 30, 9, 467, 0, 16, 68, 3608 }, // U+3030
    { 17, 56, 467, 5, 39, 238, 3676 }, // U+3031
    { 20, 56, 467, 5, 39, 280, 3914 }, // U+3032
    { 16, 28, 467, 5, 24, 112, 4194 }, // U+3033
    { 20, 28, 467, 5, 24, 140, 4306 }, // U+3034
    { 17, 28, 467, 5, 26, 119, 4446 }, // U+3035
    { 27, 28, 467, 1, 25, 189, 4565 }, // U+3036
    { 29, 28, 467, 0, 25, 203, 4754 }, // U+3037
    { 27, 27, 467, 1, 24, 183, 4957 }, // U+3038
    { 27, 26, 467, 1, 24, 176, 5140 }, // U+3039
    { 27, 27, 467, 1, 24, 183, 5316 }, // U+303A
    { 15, 28, 467, 7, 25, 105, 5499 }, // U+303B
    { 23, 24, 467, 3, 23, 138, 5604 }, // U+303C
    { 26, 21, 467, 2, 21, 137, 5742 }, // U+303D
    { 27, 28, 467, 1, 25, 189, 5879 }, // U+303E
    { 16, 24, 467, 7, 23, 96, 6068 }, // U+303F
    { 27, 3, 467, 1, 13, 21, 6164 }, // U+4E00
    { 27, 26, 467, 1, 24, 176, 6185 }, // U+4E03
    { 28, 26, 467, 0, 23, 182, 6361 }, // U+4E07
    { 27, 28, 467, 1, 25, 189, 6543 }, // U+4E08
    { 27, 23, 467, 1, 22, 156, 6732 }, // U+4E09
    { 27, 26, 467, 1, 25, 176, 6888 }, // U+4E0A
    { 27, 26, 467, 1, 23, 176, 7064 }, // U+4E0B
    { 27, 26, 467, 1, 23, 176, 7240 }, // U+4E0D
    { 25, 27, 467, 1, 24, 169, 7416 }, // U+4E0E
    { 27, 25, 467, 1, 23, 169, 7585 }, // U+4E11
    { 27, 28, 467, 1, 25, 189, 7754 }, // U+4E13
    { 27, 26, 467, 1, 25, 176, 7943 }, // U+4E1A
    { 27, 28, 467, 1, 25, 189, 8119 }, // U+4E22
    { 27, 26, 467, 1, 23, 176, 8308 }, // U+4E24
    { 28, 28, 467, 1, 25, 196, 8484 }, // U+4E2A
    { 25, 28, 467, 2, 25, 175, 8680 }, // U+4E2D
    { 24, 28, 467, 3, 25, 168, 8855 }, // U+4E32
    { 26, 28, 467, 1, 25, 182, 9023 }, // U+4E3A
    { 27, 27, 467, 1, 25, 183, 9205 }, // U+4E3B
    { 29, 28, 467, 0, 25, 203, 9388 }, // U+4E45
    { 28, 28, 467, 1, 25, 196, 9591 }, // U+4E49
    { 28, 27, 467, 1, 25, 189, 9787 }, // U+4E4B
    { 26, 28, 467, 1, 25, 182, 9976 }, // U+4E4C
    { 29, 28, 467, 0, 25, 203, 10158 }, // U+4E5D
    { 23, 26, 467, 3, 23, 150, 10361 }, // U+4E60
    { 27, 28, 467, 1, 25, 189, 10511 }, // U+4E66
    { 25, 26, 467, 2, 23, 163, 10700 }, // U+4E86
    { 27, 28, 467, 1, 25, 189, 10863 }, // U+4E8B
    { 27, 21, 467, 1, 21, 142, 11052 }, // U+4E8C
    { 27, 26, 467, 1, 23, 176, 11194 }, // U+4E8E
    { 27, 23, 467, 1, 22, 156, 11370 }, // U+4E94
    { 27, 27, 467, 1, 25, 183, 11526 }, // U+4E9B
    { 27, 28, 467, 1, 25, 189, 11709 }, // U+4EA4
    { 27, 28, 467, 1, 25, 189, 11898 }, // U+4EA7
    { 27, 28, 467, 1, 25, 189, 12087 }, // U+4EAE
    { 28, 28, 467, 1, 25, 196, 12276 }, // U+4EBA
    { 29, 28, 467, 0, 25, 203, 12472 }, // U+4EC5
    { 28, 28, 467, 1, 25, 196, 12675 }, // U+4ECA
    { 29, 28, 467, 0, 25, 203, 12871 }, // U+4ECB
    { 27, 27, 467, 1, 24, 183, 13074 }, // U+4ECE
    { 29, 28, 467, 0, 25, 203, 13257 }, // U+4ED6
    { 27, 28, 467, 0, 25, 189, 13460 }, // U+4ED9
    { 28, 28, 467, 1, 25, 196, 13649 }, // U+4EE4
    { 27, 27, 467, 2, 24, 183, 13845 }, // U+4EE5
    { 28, 28, 467, 0, 25, 196, 14028 }, // U+4EF6
    { 28, 28, 467, 0, 25, 196, 14224 }, // U+4EFB
    { 29, 28, 467, 0, 25, 203, 14420 }, // U+4EFD
    { 29, 27, 467, 0, 25, 196, 14623 }, // U+4F01
    { 29, 28, 467, 0, 25, 203, 14819 }, // U+4F11
    { 28, 28, 467, 1, 25, 196, 15022 }, // U+4F1A
    { 28, 28, 467, 0, 25, 196, 15218 }, // U+4F20
    { 27, 28, 467, 0, 25, 189, 15414 }, // U+4F2A
    { 29, 28, 467, 0, 25, 203, 15603 }, // U+4F46
    { 27, 28, 467, 1, 25, 189, 15806 }, // U+4F4D
    { 29, 28, 467, 0, 25, 203, 15995 }, // U+4F4E
    { 28, 28, 467, 1, 25, 196, 16198 }, // U+4F4F
    { 29, 28, 467, 0, 25, 203, 16394 }, // U+4F53
    { 28, 28, 467, 1, 25, 196, 16597 }, // U+4F55
    { 29, 28, 467, 0, 25, 203, 16793 }, // U+4F59
    { 28, 28, 467, 1, 25, 196, 16996 }, // U+4F5C
    { 28, 28, 467, 0, 25, 196, 17192 }, // U+4F60
    { 27, 28, 467, 1, 25, 189, 17388 }, // U+4F73
    { 29, 28, 467, 0, 25, 203, 17577 }, // U+4F7F
    { 27, 28, 467, 0, 25, 189, 17780 }, // U+4F8B
    { 28, 28, 467, 0, 25, 196, 17969 }, // U+4F9B
    { 27, 28, 467, 0, 25, 189, 18165 }, // U+4FA7
    { 29, 28, 467, 0, 25, 203, 18354 }, // U+4FDD
    { 28, 28, 467, 0, 25, 196, 18557 }, // U+4FE1
    { 29, 28, 467, 0, 25, 203, 18753 }, // U+4FEE
    { 27, 28, 467, 0, 25, 189, 18956 }, // U+5012
    { 29, 28, 467, 0, 25, 203, 19145 }, // U+5019
    { 28, 28, 467, 0, 25, 196, 19348 }, // U+5026
    { 28, 28, 467, 0, 25, 196, 19544 }, // U+503C
    { 28, 28, 467, 0, 25, 196, 19740 }, // U+503E
    { 28, 28, 467, 0, 25, 196, 19936 }, // U+504F
    { 28, 28, 467, 0, 25, 196, 20132 }, // U+505C
    { 28, 28, 467, 0, 25, 196, 20328 }, // U+50A8
    { 29, 28, 467, 0, 25, 203, 20524 }, // U+50B2
    { 29, 28, 467, 0, 25, 203, 20727 }, // U+50CF
    { 27, 26, 467, 1, 23, 176, 20930 }, // U+5143
    { 27, 28, 467, 1, 25, 189, 21106 }, // U+5145
    { 27, 28, 467, 1, 25, 189, 21295 }, // U+5148
    { 28, 28, 467, 0, 25, 196, 21484 }, // U+5149
    { 27, 28, 467, 1, 25, 189, 21680 }, // U+514D
    { 29, 28, 467, 0, 25, 203, 21869 }, // U+5154
    { 28, 27, 467, 1, 24, 189, 22072 }, // U+5165
    { 29, 27, 467, 0, 25, 196, 22261 }, // U+5168
    { 29, 26, 467, 0, 23, 189, 22457 }, // U+516B
    { 27, 28, 467, 1, 25, 189, 22646 }, // U+516D
    { 27, 28, 467, 1, 25, 189, 22835 }, // U+5171
    { 27, 28, 467, 1, 25, 189, 23024 }, // U+5173
    { 27, 28, 467, 1, 25, 189, 23213 }, // U+5176
    { 28, 27, 467, 1, 24, 189, 23402 }, // U+5177
    { 27, 28, 467, 1, 25, 189, 23591 }, // U+5178
    { 25, 28, 467, 2, 25, 175, 23780 }, // U+5185
    { 27, 26, 467, 1, 23, 176, 23955 }, // U+518C
    { 28, 26, 467, 1, 23, 182, 24131 }, // U+518D
    { 25, 26, 467, 2, 23, 163, 24313 }, // U+5199
    { 26, 27, 467, 2, 24, 176, 24476 }, // U+519B
    { 29, 28, 467, 0, 25, 203, 24652 }, // U+519C
    { 27, 28, 467, 1, 25, 189, 24855 }, // U+51AC
    { 27, 28, 467, 1, 25, 189, 25044 }, // U+51B2
    { 27, 28, 467, 1, 25, 189, 25233 }, // U+51B7
    { 27, 28, 467, 1, 25, 189, 25422 }, // U+51C6
    { 28, 28, 467, 1, 25, 196, 25611 }, // U+51CF
    { 28, 28, 467, 1, 25, 196, 25807 }, // U+51D1
    { 28, 26, 467, 1, 23, 182, 26003 }, // U+51E0
    { 29, 28, 467, 0, 25, 203, 26185 }, // U+51ED
    { 24, 28, 467, 3, 25, 168, 26388 }, // U+51FA
    { 27, 28, 467, 1, 25, 189, 26556 }, // U+51FB
    { 28, 27, 467, 1, 24, 189, 26745 }, // U+5206
    { 28, 27, 467, 0, 24, 189, 26934 }, // U+5207
    { 26, 28, 467, 1, 25, 182, 27123 }, // U+5212
    { 26, 28, 467, 1, 25, 182, 27305 }, // U+5217
    { 26, 28, 467, 1, 25, 182, 27487 }, // U+5219
    { 27, 28, 467, 0, 25, 189, 27669 }, // U+521B
    { 26, 28, 467, 1, 25, 182, 27858 }, // U+521D
    { 26, 27, 467, 1, 24, 176, 28040 }, // U+5220
    { 27, 28, 467, 0, 25, 189, 28216 }, // U+5229
    { 26, 27, 467, 1, 25, 176, 28405 }, // U+5230
    { 27, 28, 467, 1, 25, 189, 28581 }, // U+5236
    { 27, 27, 467, 0, 24, 183, 28770 }, // U+5237
    { 27, 28, 467, 1, 25, 189, 28953 }, // U+524D
    { 26, 28, 467, 1, 25, 182, 29142 }, // U+5269
    { 27, 28, 467, 1, 25, 189, 29324 }, // U+526A
    { 26, 28, 467, 1, 25, 182, 29513 }, // U+529B
    { 27, 28, 467, 1, 25, 189, 29695 }, // U+529F
    { 27, 28, 467, 0, 25, 189, 29884 }, // U+52A0
    { 28, 28, 467, 1, 25, 196, 30073 }, // U+52A1
    { 27, 27, 467, 1, 24, 183, 30269 }, // U+52A8
    { 28, 28, 467, 0, 25, 196, 30452 }, // U+52A9
    { 28, 28, 467, 1, 25, 196, 30648 }, // U+52AA
    { 28, 28, 467, 1, 25, 196, 30844 }, // U+52BF
    { 25, 27, 467, 1, 24, 169, 31040 }, // U+52C7
    { 28, 28, 467, 0, 25, 196, 31209 }, // U+52FF
    { 27, 28, 467, 0, 25, 189, 31405 }, // U+5300
    { 28, 28, 467, 1, 25, 196, 31594 }, // U+5316
    { 26, 24, 467, 2, 23, 156, 31790 }, // U+5339
    { 26, 25, 467, 2, 23, 163, 31946 }, // U+533A
    { 27, 28, 467, 1, 25, 189, 32109 }, // U+5341
    { 27, 28, 467, 1, 25, 189, 32298 }, // U+5347
    { 27, 28, 467, 1, 25, 189, 32487 }, // U+534A
    { 27, 28, 467, 1, 25, 189, 32676 }, // U+5355
    { 28, 28, 467, 1, 25, 196, 32865 }, // U+535A
    { 24, 28, 467, 4, 25, 168, 33061 }, // U+5360
    { 27, 28, 467, 1, 25, 189, 33229 }, // U+5361
    { 25, 28, 467, 2, 25, 175, 33418 }, // U+536F
    { 26, 26, 467, 1, 23, 169, 33593 }, // U+5373
    { 26, 28, 467, 1, 25, 182, 33762 }, // U+5374
    { 29, 27, 467, 0, 25, 196, 33944 }, // U+5377
    { 27, 27, 467, 1, 24, 183, 34140 }, // U+5386
    { 28, 27, 467, 0, 24, 189, 34323 }, // U+538B
    { 27, 26, 467, 1, 23, 176, 34512 }, // U+539F
    { 28, 26, 467, 1, 23, 182, 34688 }, // U+53CA
    { 28, 26, 467, 1, 23, 182, 34870 }, // U+53CC
    { 27, 28, 467, 1, 25, 189, 35052 }, // U+53CD
    { 29, 28, 467, 0, 25, 203, 35241 }, // U+53D1
    { 28, 27, 467, 1, 24, 189, 35444 }, // U+53D6
    { 27, 28, 467, 1, 25, 189, 35633 }, // U+53D7
    { 27, 28, 467, 1, 25, 189, 35822 }, // U+53D8
    { 23, 24, 467, 3, 22, 138, 36011 }, // U+53E3
    { 27, 28, 467, 1, 25, 189, 36149 }, // U+53E4
    { 27, 26, 467, 1, 23, 176, 36338 }, // U+53EF
    { 25, 28, 467, 2, 25, 175, 36514 }, // U+53F0
    { 28, 28, 467, 1, 25, 196, 36689 }, // U+53F2
    { 28, 28, 467, 0, 25, 196, 36885 }, // U+53F3
    { 27, 27, 467, 1, 24, 183, 37081 }, // U+53F7
    { 28, 28, 467, 1, 25, 196, 37264 }, // U+5408
    { 25, 26, 467, 2, 23, 163, 37460 }, // U+540C
    { 24, 28, 467, 1, 25, 168, 37623 }, // U+540D
    { 28, 28, 467, 0, 25, 196, 37791 }, // U+540E
    { 25, 28, 467, 2, 25, 175, 37987 }, // U+5411
    { 27, 26, 467, 1, 23, 176, 38162 }, // U+5426
    { 25, 28, 467, 1, 25, 175, 38338 }, // U+542F
    { 27, 28, 467, 1, 25, 189, 38513 }, // U+544A
    { 26, 27, 467, 0, 24, 176, 38702 }, // U+5468
    { 29, 28, 467, 0, 25, 203, 38878 }, // U+547D
    { 27, 28, 467, 0, 25, 189, 39081 }, // U+548C
    { 27, 28, 467, 2, 25, 189, 39270 }, // U+54C8
    { 27, 28, 467, 2, 25, 189, 39459 }, // U+5524
    { 26, 28, 467, 2, 25, 182, 39648 }, // U+552F
    { 27, 28, 467, 1, 25, 189, 39830 }, // U+5546
    { 26, 28, 467, 2, 25, 182, 40019 }, // U+55DC
    { 29, 27, 467, 0, 24, 196, 40201 }, // U+5668
    { 25, 24, 467, 2, 22, 150, 40397 }, // U+56DB
    { 25, 27, 467, 2, 24, 169, 40547 }, // U+56DE
    { 25, 27, 467, 2, 24, 169, 40716 }, // U+56E0
    { 25, 27, 467, 2, 24, 169, 40885 }, // U+56E2
    { 25, 27, 467, 2, 24, 169, 41054 }, // U+56F0
    { 25, 27, 467, 2, 24, 169, 41223 }, // U+56F4
    { 25, 27, 467, 2, 24, 169, 41392 }, // U+56FA
    { 25, 27, 467, 2, 24, 169, 41561 }, // U+56FD
    { 25, 27, 467, 2, 24, 169, 41730 }, // U+56FE
    { 27, 28, 467, 1, 25, 189, 41899 }, // U+5728
    { 29, 27, 467, 0, 25, 196, 42088 }, // U+5730
    { 27, 28, 467, 1, 25, 189, 42284 }, // U+573A
    { 29, 27, 467, 0, 25, 196, 42473 }, // U+5740
    { 27, 28, 467, 1, 25, 189, 42669 }, // U+5747
    { 29, 28, 467, 0, 25, 203, 42858 }, // U+574F
    { 28, 28, 467, 1, 25, 196, 43061 }, // U+5757
    { 27, 27, 467, 1, 25, 183, 43257 }, // U+578B
    { 28, 28, 467, 1, 25, 196, 43440 }, // U+57CE
    { 28, 28, 467, 0, 25, 196, 43636 }, // U+5806
    { 28, 28, 467, 0, 25, 196, 43832 }, // U+5883
    { 26, 28, 467, 1, 25, 182, 44028 }, // U+589E
    { 27, 26, 467, 1, 25, 176, 44210 }, // U+58EB
    { 27, 27, 467, 1, 25, 183, 44386 }, // U+58EC
    { 28, 28, 467, 0, 25, 196, 44569 }, // U+58F0
    { 29, 28, 467, 0, 25, 203, 44765 }, // U+5904
    { 29, 28, 467, 0, 25, 203, 44968 }, // U+5907
    { 29, 28, 467, 0, 25, 203, 45171 }, // U+590D
    { 28, 27, 467, 1, 24, 189, 45374 }, // U+590F
    { 28, 28, 467, 1, 25, 196, 45563 }, // U+5916
    { 26, 28, 467, 2, 25, 182, 45759 }, // U+591A
    { 29, 28, 467, 0, 25, 203, 45941 }, // U+591C
    { 27, 28, 467, 1, 25, 189, 46144 }, // U+5927
    { 28, 26, 467, 1, 23, 182, 46333 }, // U+5929
    { 28, 28, 467, 1, 25, 196, 46515 }, // U+592A
    { 28, 28, 467, 1, 25, 196, 46711 }, // U+5931
    { 27, 28, 467, 1, 25, 189, 46907 }, // U+5934
    { 27, 28, 467, 1, 25, 189, 47096 }, // U+5939
    { 27, 28, 467, 1, 25, 189, 47285 }, // U+5947
    { 26, 28, 467, 1, 25, 182, 47474 }, // U+5982
    { 27, 28, 467, 1, 25, 189, 47656 }, // U+5999
    { 28, 28, 467, 1, 25, 196, 47845 }, // U+59CB
    { 27, 26, 467, 1, 23, 176, 48041 }, // U+5B50
    { 26, 28, 467, 2, 25, 182, 48217 }, // U+5B57
    { 28, 28, 467, 0, 25, 196, 48399 }, // U+5B58
    { 28, 28, 467, 1, 25, 196, 48595 }, // U+5B5C
    { 27, 28, 467, 1, 25, 189, 48791 }, // U+5B66
    { 27, 28, 467, 1, 25, 189, 48980 }, // U+5B88
    { 26, 28, 467, 2, 25, 182, 49169 }, // U+5B89
    { 27, 28, 467, 1, 25, 189, 49351 }, // U+5B8C
    { 27, 28, 467, 1, 25, 189, 49540 }, // U+5B97
    { 25, 28, 467, 2, 25, 175, 49729 }, // U+5B98
    { 27, 28, 467, 1, 25, 189, 49904 }, // U+5B9A
    { 27, 27, 467, 1, 25, 183, 50093 }, // U+5B9C
    { 26, 28, 467, 2, 25, 182, 50276 }, // U+5B9E
    { 28, 28, 467, 1, 25, 196, 50458 }, // U+5BA2
    { 27, 28, 467, 1, 25, 189, 50654 }, // U+5BB9
    { 28, 28, 467, 1, 25, 196, 50843 }, // U+5BBD
    { 27, 28, 467, 1, 25, 189, 51039 }, // U+5BC5
    { 27, 28, 467, 1, 25, 189, 51228 }, // U+5BC6
    { 25, 28, 467, 2, 25, 175, 51417 }, // U+5BCC
    { 28, 28, 467, 0, 25, 196, 51592 }, // U+5BDD
    { 27, 28, 467, 1, 25, 189, 51788 }, // U+5BF9
    { 27, 27, 467, 1, 24, 183, 51977 }, // U+5BFC
    { 27, 28, 467, 1, 25, 189, 52160 }, // U+5C01
    { 28, 28, 467, 0, 25, 196, 52349 }, // U+5C04
    { 27, 28, 467, 1, 25, 189, 52545 }, // U+5C06
    { 27, 28, 467, 1, 25, 189, 52734 }, // U+5C0A
    { 29, 28, 467, 0, 25, 203, 52923 }, // U+5C0F
    { 28, 28, 467, 0, 25, 196, 53126 }, // U+5C11
    { 23, 28, 467, 3, 25, 161, 53322 }, // U+5C1A
    { 28, 28, 467, 1, 25, 196, 53483 }, // U+5C31
    { 28, 27, 467, 1, 24, 189, 53679 }, // U+5C3D
    { 28, 27, 467, 0, 24, 189, 53868 }, // U+5C3E
    { 27, 26, 467, 0, 23, 176, 54057 }, // U+5C40
    { 28, 26, 467, 0, 23, 182, 54233 }, // U+5C45
    { 28, 27, 467, 0, 24, 189, 54415 }, // U+5C4F
    { 29, 27, 467, 0, 24, 196, 54604 }, // U+5C55
    { 27, 27, 467, 0, 24, 183, 54800 }, // U+5C5E
    { 27, 28, 467, 2, 25, 189, 54983 }, // U+5CF0
    { 27, 28, 467, 0, 25, 189, 55172 }, // U+5D29
    { 27, 28, 467, 1, 25, 189, 55361 }, // U+5D4C
    { 27, 23, 467, 1, 22, 156, 55550 }, // U+5DE5
    { 28, 27, 467, 0, 25, 189, 55706 }, // U+5DE6
    { 26, 25, 467, 2, 23, 163, 55895 }, // U+5DF2
    { 25, 25, 467, 3, 23, 157, 56058 }, // U+5DF3
    { 28, 28, 467, 0, 25, 196, 56215 }, // U+5E03
    { 26, 28, 467, 2, 25, 182, 56411 }, // U+5E08
    { 27, 28, 467, 1, 25, 189, 56593 }, // U+5E0C
    { 25, 28, 467, 2, 25, 175, 56782 }, // U+5E38
    { 27, 28, 467, 1, 25, 189, 56957 }, // U+5E45
    { 29, 28, 467, 0, 25, 203, 57146 }, // U+5E55
    { 27, 26, 467, 1, 23, 176, 57349 }, // U+5E73
    { 27, 28, 467, 1, 25, 189, 57525 }, // U+5E74
    { 27, 28, 467, 1, 25, 189, 57714 }, // U+5E76
    { 27, 28, 467, 1, 25, 189, 57903 }, // U+5E78
    { 25, 28, 467, 2, 25, 175, 58092 }, // U+5E7D
    { 27, 28, 467, 1, 25, 189, 58267 }, // U+5E7F
    { 28, 28, 467, 0, 25, 196, 58456 }, // U+5E93
    { 27, 28, 467, 1, 25, 189, 58652 }, // U+5E94
    { 28, 28, 467, 0, 25, 196, 58841 }, // U+5E95
    { 27, 28, 467, 1, 25, 189, 59037 }, // U+5E9A
    { 27, 28, 467, 1, 25, 189, 59226 }, // U+5E9F
    { 28, 28, 467, 1, 25, 196, 59415 }, // U+5EA6
    { 28, 28, 467, 1, 25, 196, 59611 }, // U+5EFA
    { 27, 28, 467, 1, 25, 189, 59807 }, // U+5EFF
    { 27, 26, 467, 1, 23, 176, 59996 }, // U+5F00
    { 27, 27, 467, 1, 24, 183, 60172 }, // U+5F02
    { 27, 28, 467, 1, 25, 189, 60355 }, // U+5F03
    { 28, 28, 467, 1, 25, 196, 60544 }, // U+5F0F
    { 23, 28, 467, 2, 25, 161, 60740 }, // U+5F15
    { 27, 28, 467, 1, 25, 189, 60901 }, // U+5F39
    { 23, 28, 467, 3, 25, 161, 61090 }, // U+5F53
    { 27, 26, 467, 1, 23, 176, 61251 }, // U+5F55
    { 28, 28, 467, 1, 25, 196, 61427 }, // U+5F62
    { 28, 28, 467, 0, 25, 196, 61623 }, // U+5F80
    { 29, 28, 467, 0, 25, 203, 61819 }, // U+5F85
    { 29, 28, 467, 0, 25, 203, 62022 }, // U+5F88
    { 28, 28, 467, 0, 25, 196, 62225 }, // U+5F8B
    { 28, 28, 467, 0, 25, 196, 0 }, // U+5F97
    { 28, 28, 467, 0, 25, 196, 196 }, // U+5FA1
    { 29, 28, 467, 0, 25, 203, 392 }, // U+5FAE
    { 29, 28, 467, 0, 25, 203, 595 }, // U+5FB7
    { 28, 26, 467, 1, 24, 182, 798 }, // U+5FC3
    { 27, 26, 467, 1, 24, 176, 980 }, // U+5FCC
    { 27, 27, 467, 1, 25, 183, 1156 }, // U+5FD7
    { 27, 27, 467, 1, 25, 183, 1339 }, // U+5FD8
    { 29, 28, 467, 0, 25, 203, 1522 }, // U+5FEB
    { 27, 27, 467, 1, 25, 183, 1725 }, // U+5FFD
    { 27, 27, 467, 1, 25, 183, 1908 }, // U+6001
    { 27, 26, 467, 1, 24, 176, 2091 }, // U+601D
    { 28, 28, 467, 0, 25, 196, 2267 }, // U+6027
    { 27, 28, 467, 1, 25, 189, 2463 }, // U+603B
    { 27, 28, 467, 1, 25, 189, 2652 }, // U+6062
    { 27, 27, 467, 1, 25, 183, 2841 }, // U+606F
    { 28, 28, 467, 0, 25, 196, 3024 }, // U+6094
    { 27, 27, 467, 1, 25, 183, 3220 }, // U+60A8
    { 28, 28, 467, 0, 25, 196, 3403 }, // U+60C5
    { 27, 28, 467, 1, 25, 189, 3599 }, // U+60EF
    { 27, 28, 467, 1, 25, 189, 3788 }, // U+610F
    { 29, 28, 467, 0, 25, 203, 3977 }, // U+614E
    { 29, 28, 467, 0, 25, 203, 4180 }, // U+6162
    { 27, 27, 467, 1, 25, 183, 4383 }, // U+6167
    { 29, 28, 467, 0, 25, 203, 4566 }, // U+620A
    { 28, 28, 467, 1, 25, 196, 4769 }, // U+620C
    { 28, 28, 467, 0, 25, 196, 4965 }, // U+620F
    { 27, 28, 467, 1, 25, 189, 5161 }, // U+6210
    { 28, 28, 467, 1, 25, 196, 5350 }, // U+6211
    { 28, 28, 467, 1, 25, 196, 5546 }, // U+6216
    { 27, 28, 467, 2, 25, 189, 5742 }, // U+6218
    { 27, 28, 467, 1, 25, 189, 5931 }, // U+622A
    { 25, 28, 467, 0, 25, 175, 6120 }, // U+6237
    { 28, 28, 467, 0, 25, 196, 6295 }, // U+6240
    { 27, 28, 467, 1, 25, 189, 6491 }, // U+624B
    { 28, 28, 467, 1, 25, 196, 6680 }, // U+6253
    { 29, 28, 467, 0, 25, 203, 6876 }, // U+6267
    { 27, 28, 467, 1, 25, 189, 7079 }, // U+6269
    { 26, 28, 467, 1, 25, 182, 7268 }, // U+626B
    { 29, 28, 467, 0, 25, 203, 7450 }, // U+6279
    { 29, 28, 467, 0, 25, 203, 7653 }, // U+627E
    { 28, 27, 467, 1, 24, 189, 7856 }, // U+627F
    { 28, 28, 467, 1, 25, 196, 8045 }, // U+6280
    { 28, 28, 467, 0, 25, 196, 8241 }, // U+6295
    { 29, 28, 467, 0, 25, 203, 8437 }, // U+6297
    { 26, 28, 467, 1, 25, 182, 8640 }, // U+62A4
    { 29, 28, 467, 0, 25, 203, 8822 }, // U+62A5
    { 28, 28, 467, 0, 25, 196, 9025 }, // U+62C5
    { 28, 28, 467, 1, 25, 196, 9221 }, // U+62C9
    { 28, 28, 467, 1, 25, 196, 9417 }, // U+62E9
    { 28, 28, 467, 1, 25, 196, 9613 }, // U+62FE
    { 28, 28, 467, 0, 25, 196, 9809 }, // U+6301
    { 28, 28, 467, 0, 25, 196, 10005 }, // U+6307
    { 28, 28, 467, 0, 25, 196, 10201 }, // U+6309
    { 27, 28, 467, 1, 25, 189, 10397 }, // U+6316
    { 29, 28, 467, 0, 25, 203, 10586 }, // U+635F
    { 28, 28, 467, 1, 25, 196, 10789 }, // U+6362
    { 28, 28, 467, 0, 25, 196, 10985 }, // U+636E
    { 29, 28, 467, 0, 25, 203, 11181 }, // U+6377
    { 29, 28, 467, 0, 25, 203, 11384 }, // U+6388
    { 27, 28, 467, 1, 25, 189, 11587 }, // U+638C
    { 28, 28, 467, 1, 25, 196, 11776 }, // U+6392
    { 28, 28, 467, 0, 25, 196, 11972 }, // U+6398
    { 28, 28, 467, 1, 25, 196, 12168 }, // U+63A2
    { 29, 28, 467, 0, 25, 203, 12364 }, // U+63A5
    { 29, 28, 467, 0, 25, 203, 12567 }, // U+63A7
    { 28, 28, 467, 0, 25, 196, 12770 }, // U+63A8
    { 28, 28, 467, 0, 25, 196, 12966 }, // U+63CF
    { 29, 28, 467, 0, 25, 203, 13162 }, // U+63D0
    { 27, 28, 467, 1, 25, 189, 13365 }, // U+63D2
    { 28, 28, 467, 1, 25, 196, 13554 }, // U+641C
    { 27, 28, 467, 1, 25, 189, 13750 }, // U+6478
    { 29, 28, 467, 0, 25, 203, 13939 }, // U+64A4
    { 29, 28, 467, 0, 25, 203, 14142 }, // U+64AD
    { 28, 28, 467, 1, 25, 196, 14345 }, // U+64CD
    { 28, 28, 467, 1, 25, 196, 14541 }, // U+652F
    { 28, 28, 467, 1, 25, 196, 14737 }, // U+6536
    { 28, 28, 467, 1, 25, 196, 14933 }, // U+6539
    { 29, 28, 467, 0, 25, 203, 15129 }, // U+653E
    { 28, 28, 467, 1, 25, 196, 15332 }, // U+6545
    { 28, 28, 467, 1, 25, 196, 15528 }, // U+6548
    { 28, 28, 467, 1, 25, 196, 15724 }, // U+6570
    { 28, 27, 467, 1, 25, 189, 15920 }, // U+6574
    { 28, 28, 467, 1, 25, 196, 16109 }, // U+6587
    { 29, 28, 467, 0, 25, 203, 16305 }, // U+659C
    { 27, 28, 467, 2, 25, 189, 16508 }, // U+65AD
    { 27, 28, 467, 1, 25, 189, 16697 }, // U+65B0
    { 27, 28, 467, 1, 25, 189, 16886 }, // U+65B9
    { 29, 28, 467, 0, 25, 203, 17075 }, // U+65C5
    { 29, 28, 467, 0, 25, 203, 17278 }, // U+65CB
    { 28, 28, 467, 0, 25, 196, 17481 }, // U+65D7
    { 27, 26, 467, 1, 23, 176, 17677 }, // U+65E0
    { 20, 26, 467, 5, 23, 130, 17853 }, // U+65E5
    { 27, 28, 467, 2, 25, 189, 17983 }, // U+65F6
    { 26, 27, 467, 2, 24, 176, 18172 }, // U+660E
    { 27, 26, 467, 1, 24, 176, 18348 }, // U+661F
    { 27, 28, 467, 2, 25, 189, 18524 }, // U+6620
    { 28, 27, 467, 1, 24, 189, 18713 }, // U+662F
    { 27, 25, 467, 1, 24, 169, 18902 }, // U+663E
    { 27, 28, 467, 1, 25, 189, 19071 }, // U+666E
    { 27, 27, 467, 1, 24, 183, 19260 }, // U+666F
    { 26, 28, 467, 1, 25, 182, 19443 }, // U+667A
    { 27, 28, 467, 1, 25, 189, 19625 }, // U+6682
    { 28, 27, 467, 1, 24, 189, 19814 }, // U+66B4
    { 25, 28, 467, 2, 25, 175, 20003 }, // U+66F2
    { 28, 26, 467, 1, 23, 182, 20178 }, // U+66F4
    { 28, 27, 467, 1, 24, 189, 20360 }, // U+6700
    { 24, 26, 467, 0, 23, 156, 20549 }, // U+6708
    { 27, 28, 467, 1, 25, 189, 20705 }, // U+6709
    { 29, 27, 467, 0, 24, 196, 20894 }, // U+670D
    { 27, 28, 467, 1, 25, 189, 21090 }, // U+671F
    { 29, 28, 467, 0, 25, 203, 21279 }, // U+6728
    { 29, 28, 467, 0, 25, 203, 21482 }, // U+672A
    { 28, 28, 467, 1, 25, 196, 21685 }, // U+672B
    { 28, 28, 467, 1, 25, 196, 21881 }, // U+672C
    { 28, 28, 467, 1, 25, 196, 22077 }, // U+672F
    { 29, 28, 467, 0, 25, 203, 22273 }, // U+673A
    { 29, 28, 467, 0, 25, 203, 22476 }, // U+6743
    { 28, 28, 467, 1, 25, 196, 22679 }, // U+675F
    { 28, 28, 467, 1, 25, 196, 22875 }, // U+6761
    { 29, 28, 467, 0, 25, 203, 23071 }, // U+6765
    { 28, 28, 467, 0, 25, 196, 23274 }, // U+677E
    { 29, 28, 467, 0, 25, 203, 23470 }, // U+6781
    { 28, 28, 467, 0, 25, 196, 23673 }, // U+6790
    { 28, 27, 467, 1, 24, 189, 23869 }, // U+679C
    { 27, 28, 467, 1, 25, 189, 24058 }, // U+67B6
    { 28, 27, 467, 1, 25, 189, 24247 }, // U+67E5
    { 29, 28, 467, 0, 25, 203, 24436 }, // U+67F1
    { 28, 28, 467, 0, 25, 196, 24639 }, // U+6807
    { 28, 28, 467, 0, 25, 196, 24835 }, // U+680B
    { 28, 28, 467, 0, 25, 196, 25031 }, // U+680F
    { 29, 28, 467, 0, 25, 203, 25227 }, // U+6821
    { 28, 28, 467, 0, 25, 196, 25430 }, // U+6837
    { 28, 28, 467, 1, 25, 196, 25626 }, // U+6839
    { 29, 28, 467, 0, 25, 203, 25822 }, // U+683C
    { 29, 28, 467, 0, 25, 203, 26025 }, // U+6848
    { 27, 28, 467, 0, 25, 189, 26228 }, // U+6863
    { 29, 28, 467, 0, 25, 203, 26417 }, // U+68C0
    { 29, 28, 467, 0, 25, 203, 26620 }, // U+68CB
    { 29, 28, 467, 0, 25, 203, 26823 }, // U+6A21
    { 29, 28, 467, 0, 25, 203, 27026 }, // U+6A2A
    { 28, 28, 467, 1, 25, 196, 27229 }, // U+6B21
    { 29, 28, 467, 0, 25, 203, 27425 }, // U+6B32
    { 27, 26, 467, 1, 25, 176, 27628 }, // U+6B62
    { 27, 25, 467, 1, 23, 169, 27804 }, // U+6B63
    { 28, 27, 467, 1, 25, 189, 27973 }, // U+6B64
    { 27, 28, 467, 1, 25, 189, 28162 }, // U+6B65
    { 27, 25, 467, 1, 23, 169, 28351 }, // U+6B7B
    { 29, 28, 467, 0, 25, 203, 28520 }, // U+6BB5
    { 27, 28, 467, 1, 25, 189, 28723 }, // U+6BCF
    { 26, 28, 467, 2, 25, 182, 28912 }, // U+6BD4
    { 29, 28, 467, 0, 25, 203, 29094 }, // U+6C14
    { 28, 28, 467, 1, 25, 196, 29297 }, // U+6C34
    { 29, 28, 467, 0, 25, 203, 29493 }, // U+6C38
    { 28, 28, 467, 1, 25, 196, 29696 }, // U+6C42
    { 28, 28, 467, 1, 25, 196, 29892 }, // U+6C57
    { 28, 28, 467, 1, 25, 196, 30088 }, // U+6CA1
    { 27, 28, 467, 1, 25, 189, 30284 }, // U+6CD5
    { 28, 28, 467, 1, 25, 196, 30473 }, // U+6CDB
    { 28, 28, 467, 1, 25, 196, 30669 }, // U+6CE2
    { 28, 28, 467, 1, 25, 196, 30865 }, // U+6CE8
    { 28, 28, 467, 1, 25, 196, 31061 }, // U+6D41
    { 27, 28, 467, 1, 25, 189, 31257 }, // U+6D45
    { 26, 28, 467, 1, 25, 182, 31446 }, // U+6D4F
    { 27, 28, 467, 1, 25, 189, 31628 }, // U+6D6A
    { 28, 28, 467, 1, 25, 196, 31817 }, // U+6D77
    { 27, 28, 467, 1, 25, 189, 32013 }, // U+6D88
    { 27, 28, 467, 1, 25, 189, 32202 }, // U+6D89
    { 27, 28, 467, 1, 25, 189, 32391 }, // U+6DAF
    { 27, 28, 467, 1, 25, 189, 32580 }, // U+6DF1
    { 28, 28, 467, 1, 25, 196, 32769 }, // U+6DFB
    { 27, 28, 467, 1, 25, 189, 32965 }, // U+6E05
    { 27, 28, 467, 1, 25, 189, 33154 }, // U+6E10
    { 28, 28, 467, 1, 25, 196, 33343 }, // U+6E1D
    { 28, 27, 467, 1, 25, 189, 33539 }, // U+6E29
    { 28, 28, 467, 1, 25, 196, 33728 }, // U+6E38
    { 27, 28, 467, 1, 25, 189, 33924 }, // U+6E83
    { 28, 28, 467, 1, 25, 196, 34113 }, // U+6E90
    { 26, 28, 467, 1, 25, 182, 34309 }, // U+6EAF
    { 27, 28, 467, 1, 25, 189, 34491 }, // U+6ED1
    { 28, 28, 467, 1, 25, 196, 34680 }, // U+6EE4
    { 27, 27, 467, 1, 25, 183, 34876 }, // U+6EE5
    { 28, 27, 467, 1, 24, 189, 35059 }, // U+6F2B
    { 28, 28, 467, 1, 25, 196, 35248 }, // U+706B
    { 27, 28, 467, 1, 25, 189, 35444 }, // U+7070
    { 28, 27, 467, 1, 24, 189, 35633 }, // U+7075
    { 28, 28, 467, 0, 25, 196, 35822 }, // U+7089
    { 27, 28, 467, 1, 25, 189, 36018 }, // U+70B9
    { 28, 28, 467, 0, 25, 196, 36207 }, // U+70BC
    { 28, 28, 467, 1, 25, 196, 36403 }, // U+70ED
    { 28, 28, 467, 1, 25, 196, 36599 }, // U+719F
    { 26, 28, 467, 1, 25, 182, 36795 }, // U+7247
    { 29, 28, 467, 0, 25, 203, 36977 }, // U+7248
    { 27, 26, 467, 1, 23, 176, 37180 }, // U+7259
    { 27, 28, 467, 1, 25, 189, 37356 }, // U+725B
    { 29, 28, 467, 0, 25, 203, 37545 }, // U+72B6
    { 29, 28, 467, 0, 25, 203, 37748 }, // U+72EC
    { 28, 28, 467, 0, 25, 196, 37951 }, // U+730E
    { 28, 28, 467, 0, 25, 196, 38147 }, // U+732B
    { 27, 28, 467, 1, 25, 189, 38343 }, // U+7387
    { 27, 25, 467, 1, 23, 169, 38532 }, // U+738B
    { 27, 26, 467, 1, 23, 176, 38701 }, // U+73AF
    { 27, 27, 467, 1, 24, 183, 38877 }, // U+73B0
    { 28, 28, 467, 1, 25, 196, 39060 }, // U+73E0
    { 28, 26, 467, 1, 24, 182, 39256 }, // U+7406
    { 27, 27, 467, 1, 25, 183, 39438 }, // U+751F
    { 26, 26, 467, 0, 23, 169, 39621 }, // U+7528
    { 23, 28, 467, 3, 25, 161, 39790 }, // U+7531
    { 26, 27, 467, 3, 25, 176, 39951 }, // U+7535
    { 25, 26, 467, 2, 23, 163, 40127 }, // U+753B
    { 28, 27, 467, 1, 24, 189, 40290 }, // U+754C
    { 25, 28, 467, 2, 25, 175, 40479 }, // U+7559
    { 27, 28, 467, 2, 25, 189, 40654 }, // U+7565
    { 29, 28, 467, 0, 25, 203, 40843 }, // U+7678
    { 29, 27, 467, 0, 25, 196, 41046 }, // U+767B
    { 22, 28, 467, 4, 25, 154, 41242 }, // U+767D
    { 27, 26, 467, 1, 23, 176, 41396 }, // U+767E
    { 26, 27, 467, 2, 25, 176, 41572 }, // U+7684
    { 27, 27, 467, 1, 25, 183, 41748 }, // U+76CA
    { 27, 27, 467, 1, 25, 183, 41931 }, // U+76D8
    { 21, 26, 467, 4, 23, 137, 42114 }, // U+76EE
    { 27, 27, 467, 1, 25, 183, 42251 }, // U+76F4
    { 28, 28, 467, 0, 25, 196, 42434 }, // U+76F8
    { 27, 28, 467, 1, 25, 189, 42630 }, // U+7701
    { 25, 26, 467, 1, 23, 163, 42819 }, // U+7709
    { 28, 28, 467, 0, 25, 196, 42982 }, // U+770B
    { 27, 27, 467, 2, 24, 183, 43178 }, // U+7720
    { 28, 28, 467, 1, 25, 196, 43361 }, // U+77E2
    { 27, 28, 467, 0, 25, 189, 43557 }, // U+77E5
    { 27, 27, 467, 1, 25, 183, 43746 }, // U+77ED
    { 28, 26, 467, 0, 23, 182, 43929 }, // U+7801
    { 28, 26, 467, 0, 23, 182, 44111 }, // U+7814
    { 28, 28, 467, 0, 25, 196, 44293 }, // U+7834
    { 29, 27, 467, 0, 24, 196, 44489 }, // U+786C
    { 27, 28, 467, 1, 25, 189, 44685 }, // U+786E
    { 29, 27, 467, 0, 25, 196, 44874 }, // U+78C1
    { 27, 26, 467, 1, 23, 176, 45070 }, // U+793A
    { 28, 28, 467, 0, 25, 196, 45246 }, // U+793E
    { 28, 28, 467, 1, 25, 196, 45442 }, // U+795D
    { 27, 28, 467, 0, 25, 189, 45638 }, // U+795E
    { 27, 28, 467, 1, 25, 189, 45827 }, // U+7981
    { 27, 28, 467, 1, 25, 189, 46016 }, // U+79BB
    { 28, 28, 467, 0, 25, 196, 46205 }, // U+79D2
    { 28, 28, 467, 0, 25, 196, 46401 }, // U+79F0
    { 28, 28, 467, 0, 25, 196, 46597 }, // U+79FB
    { 29, 28, 467, 0, 25, 203, 46793 }, // U+7A00
    { 29, 28, 467, 0, 25, 203, 46996 }, // U+7A0B
    { 27, 28, 467, 1, 25, 189, 47199 }, // U+7A0D
    { 29, 28, 467, 0, 25, 203, 47388 }, // U+7A33
    { 28, 28, 467, 1, 25, 196, 47591 }, // U+7A76
    { 26, 27, 467, 2, 25, 176, 47787 }, // U+7A7A
    { 27, 28, 467, 1, 25, 189, 47963 }, // U+7A81
    { 27, 28, 467, 1, 25, 189, 48152 }, // U+7A84
    { 25, 28, 467, 2, 25, 175, 48341 }, // U+7A97
    { 27, 27, 467, 1, 25, 183, 48516 }, // U+7ACB
    { 27, 26, 467, 1, 24, 176, 48699 }, // U+7AD6
    { 27, 28, 467, 1, 25, 189, 48875 }, // U+7AE0
    { 27, 28, 467, 1, 25, 189, 49064 }, // U+7AEF
    { 27, 28, 467, 1, 25, 189, 49253 }, // U+7B14
    { 27, 28, 467, 1, 25, 189, 49442 }, // U+7B26
    { 27, 28, 467, 1, 25, 189, 49631 }, // U+7B2C
    { 28, 28, 467, 0, 25, 196, 49820 }, // U+7B49
    { 28, 27, 467, 1, 25, 189, 50016 }, // U+7B7E
    { 27, 28, 467, 1, 25, 189, 50205 }, // U+7B80
    { 27, 28, 467, 1, 25, 189, 50394 }, // U+7B97
    { 27, 28, 467, 1, 25, 189, 50583 }, // U+7BA1
    { 28, 28, 467, 0, 25, 196, 50772 }, // U+7BB1
    { 28, 28, 467, 0, 25, 196, 50968 }, // U+7C4D
    { 27, 28, 467, 1, 25, 189, 51164 }, // U+7C97
    { 26, 28, 467, 2, 25, 182, 51353 }, // U+7CFB
    { 27, 28, 467, 1, 25, 189, 51535 }, // U+7D20
    { 27, 28, 467, 1, 25, 189, 51724 }, // U+7D22
    { 27, 27, 467, 1, 24, 183, 51913 }, // U+7D27
    { 27, 27, 467, 1, 24, 183, 52096 }, // U+7D2F
    { 29, 28, 467, 0, 25, 203, 52279 }, // U+7E41
    { 28, 26, 467, 0, 25, 182, 52482 }, // U+7EA2
    { 26, 28, 467, 1, 25, 182, 52664 }, // U+7EA6
    { 29, 28, 467, 0, 25, 203, 52846 }, // U+7EA7
    { 28, 28, 467, 1, 25, 196, 53049 }, // U+7EAF
    { 26, 28, 467, 1, 25, 182, 53245 }, // U+7EB3
    { 28, 28, 467, 1, 25, 196, 53427 }, // U+7EBF
    { 28, 27, 467, 0, 25, 189, 53623 }, // U+7EC6
    { 29, 28, 467, 0, 25, 203, 53812 }, // U+7EC8
    { 29, 27, 467, 0, 25, 196, 54015 }, // U+7ECF
    { 28, 28, 467, 0, 25, 196, 54211 }, // U+7ED3
    { 28, 28, 467, 0, 25, 196, 54407 }, // U+7ED8
    { 29, 28, 467, 0, 25, 203, 54603 }, // U+7EDC
    { 28, 27, 467, 0, 25, 189, 54806 }, // U+7EDD
    { 28, 28, 467, 0, 25, 196, 54995 }, // U+7EDF
    { 27, 26, 467, 1, 25, 176, 55191 }, // U+7EE7
    { 27, 28, 467, 1, 25, 189, 55367 }, // U+7EEA
    { 27, 28, 467, 1, 25, 189, 55556 }, // U+7EED
    { 27, 28, 467, 1, 25, 189, 55745 }, // U+7EF4
    { 29, 28, 467, 0, 25, 203, 55934 }, // U+7F13
    { 27, 28, 467, 1, 25, 189, 56137 }, // U+7F16
    { 27, 28, 467, 1, 25, 189, 56326 }, // U+7F29
    { 29, 28, 467, 0, 25, 203, 56515 }, // U+7F3A
    { 25, 26, 467, 2, 23, 163, 56718 }, // U+7F51
    { 27, 26, 467, 1, 23, 176, 56881 }, // U+7F55
    { 27, 27, 467, 1, 24, 183, 57057 }, // U+7F62
    { 27, 26, 467, 1, 24, 176, 57240 }, // U+7F6E
    { 27, 28, 467, 1, 25, 189, 57416 }, // U+7F8E
    { 29, 28, 467, 0, 25, 203, 57605 }, // U+7FA4
    { 27, 28, 467, 1, 25, 189, 57808 }, // U+7FFB
    { 27, 28, 467, 1, 25, 189, 57997 }, // U+8003
    { 28, 28, 467, 0, 25, 196, 58186 }, // U+8005
    { 27, 26, 467, 1, 23, 176, 58382 }, // U+800C
    { 28, 28, 467, 1, 25, 196, 58558 }, // U+8010
    { 23, 28, 467, 3, 25, 161, 58754 }, // U+8096
    { 27, 28, 467, 1, 25, 189, 58915 }, // U+80CC
    { 28, 28, 467, 0, 25, 196, 59104 }, // U+80D6
    { 29, 28, 467, 0, 25, 203, 59300 }, // U+80DC
    { 28, 28, 467, 1, 25, 196, 59503 }, // U+80FD
    { 28, 28, 467, 0, 25, 196, 59699 }, // U+8111
    { 28, 28, 467, 0, 25, 196, 59895 }, // U+811A
    { 29, 28, 467, 0, 25, 203, 60091 }, // U+814A
    { 21, 28, 467, 4, 25, 147, 60294 }, // U+81EA
    { 27, 25, 467, 1, 23, 169, 60441 }, // U+81F3
    { 28, 27, 467, 1, 25, 189, 60610 }, // U+8272
    { 27, 28, 467, 1, 25, 189, 60799 }, // U+8282
    { 27, 26, 467, 1, 25, 176, 60988 }, // U+8292
    { 27, 27, 467, 1, 25, 183, 61164 }, // U+82AF
    { 27, 28, 467, 1, 25, 189, 61347 }, // U+82B1
    { 28, 28, 467, 0, 25, 196, 61536 }, // U+82E5
    { 27, 28, 467, 1, 25, 189, 61732 }, // U+8303
    { 27, 28, 467, 1, 25, 189, 61921 }, // U+83B7
    { 27, 28, 467, 1, 25, 189, 62110 }, // U+83C7
    { 29, 28, 467, 0, 25, 203, 62299 }, // U+83DC
    { 27, 28, 467, 1, 25, 189, 62502 }, // U+8425
    { 28, 28, 467, 1, 25, 196, 62691 }, // U+843D
    { 28, 28, 467, 0, 25, 196, 0 }, // U+8457
    { 27, 28, 467, 1, 25, 189, 196 }, // U+84C4
    { 27, 27, 467, 1, 25, 183, 385 }, // U+84DD
    { 29, 28, 467, 0, 25, 203, 568 }, // U+85CF
    { 27, 28, 467, 1, 25, 189, 771 }, // U+8611
    { 27, 28, 467, 1, 25, 189, 960 }, // U+865A
    { 27, 27, 467, 1, 24, 183, 1149 }, // U+86CB
    { 28, 28, 467, 1, 25, 196, 1332 }, // U+86F0
    { 27, 28, 467, 1, 25, 189, 1528 }, // U+8717
    { 28, 28, 467, 1, 25, 196, 1717 }, // U+8788
    { 28, 28, 467, 0, 25, 196, 1913 }, // U+884C
    { 28, 28, 467, 1, 25, 196, 2109 }, // U+8868
    { 29, 28, 467, 0, 25, 203, 2305 }, // U+88AB
    { 28, 28, 467, 1, 25, 196, 2508 }, // U+88C1
    { 28, 28, 467, 1, 25, 196, 2704 }, // U+88C5
    { 29, 28, 467, 0, 25, 203, 2900 }, // U+892A
    { 27, 26, 467, 1, 23, 176, 3103 }, // U+897F
    { 27, 27, 467, 1, 24, 183, 3279 }, // U+8981
    { 27, 26, 467, 1, 23, 176, 3462 }, // U+89C1
    { 27, 28, 467, 1, 25, 189, 3638 }, // U+89C4
    { 28, 28, 467, 1, 25, 196, 3827 }, // U+89C6
    { 27, 28, 467, 1, 25, 189, 4023 }, // U+89C8
    { 25, 28, 467, 1, 25, 175, 4212 }, // U+89D2
    { 28, 28, 467, 0, 25, 196, 4387 }, // U+89E3
    { 29, 28, 467, 0, 25, 203, 4583 }, // U+89E6
    { 27, 28, 467, 1, 25, 189, 4786 }, // U+8A00
    { 27, 28, 467, 1, 25, 189, 4975 }, // U+8BA1
    { 27, 27, 467, 1, 24, 183, 5164 }, // U+8BA2
    { 28, 28, 467, 1, 25, 196, 5347 }, // U+8BA4
    { 28, 26, 467, 1, 24, 182, 5543 }, // U+8BB0
    { 28, 27, 467, 1, 24, 189, 5725 }, // U+8BBE
    { 28, 26, 467, 1, 24, 182, 5914 }, // U+8BC1
    { 28, 27, 467, 1, 24, 189, 6096 }, // U+8BC4
    { 27, 27, 467, 1, 24, 183, 6285 }, // U+8BC6
    { 26, 27, 467, 1, 24, 176, 6468 }, // U+8BCD
    { 28, 28, 467, 1, 25, 196, 6644 }, // U+8BD5
    { 28, 28, 467, 1, 25, 196, 6840 }, // U+8BD7
    { 27, 28, 467, 1, 25, 189, 7036 }, // U+8BDD
    { 27, 28, 467, 1, 25, 189, 7225 }, // U+8BE2
    { 27, 28, 467, 1, 25, 189, 7414 }, // U+8BE5
    { 27, 28, 467, 1, 25, 189, 7603 }, // U+8BE6
    { 27, 27, 467, 1, 24, 183, 7792 }, // U+8BED
    { 28, 27, 467, 1, 24, 189, 7975 }, // U+8BEF
    { 27, 28, 467, 1, 25, 189, 8164 }, // U+8BF4
    { 27, 28, 467, 1, 25, 189, 8353 }, // U+8BF7
    { 27, 28, 467, 1, 25, 189, 8542 }, // U+8BFB
    { 26, 27, 467, 1, 24, 176, 8731 }, // U+8C03
    { 28, 28, 467, 1, 25, 196, 8907 }, // U+8C1C
    { 27, 27, 467, 1, 25, 183, 9103 }, // U+8C28
    { 29, 27, 467, 0, 24, 196, 9286 }, // U+8C5A
    { 27, 28, 467, 1, 25, 189, 9482 }, // U+8C61
    { 26, 28, 467, 1, 25, 182, 9671 }, // U+8D1F
    { 27, 28, 467, 1, 25, 189, 9853 }, // U+8D23
    { 28, 28, 467, 1, 25, 196, 10042 }, // U+8D25
    { 28, 27, 467, 1, 24, 189, 10238 }, // U+8D26
    { 27, 27, 467, 1, 24, 183, 10427 }, // U+8D2F
    { 27, 28, 467, 1, 25, 189, 10610 }, // U+8D44
    { 27, 28, 467, 1, 25, 189, 10799 }, // U+8D5E
    { 29, 28, 467, 0, 25, 203, 10988 }, // U+8D70
    { 29, 28, 467, 0, 25, 203, 11191 }, // U+8D77
    { 29, 28, 467, 0, 25, 203, 11394 }, // U+8D85
    { 29, 28, 467, 0, 25, 203, 11597 }, // U+8D8A
    { 28, 27, 467, 1, 24, 189, 11800 }, // U+8DB3
    { 27, 26, 467, 1, 24, 176, 11989 }, // U+8DDD
    { 28, 27, 467, 1, 24, 189, 12165 }, // U+8DDF
    { 28, 28, 467, 1, 25, 196, 12354 }, // U+8DF3
    { 27, 28, 467, 1, 25, 189, 12550 }, // U+8EAB
    { 27, 28, 467, 1, 25, 189, 12739 }, // U+8F66
    { 27, 28, 467, 1, 25, 189, 12928 }, // U+8F6C
    { 27, 28, 467, 1, 25, 189, 13117 }, // U+8F7B
    { 28, 28, 467, 1, 25, 196, 13306 }, // U+8F7D
    { 27, 28, 467, 1, 25, 189, 13502 }, // U+8F85
    { 27, 28, 467, 1, 25, 189, 13691 }, // U+8F91
    { 28, 28, 467, 1, 25, 196, 13880 }, // U+8F93
    { 29, 28, 467, 0, 25, 203, 14076 }, // U+8FB9
    { 28, 27, 467, 1, 25, 189, 14279 }, // U+8FBE
    { 28, 27, 467, 1, 25, 189, 14468 }, // U+8FC1
    { 28, 27, 467, 1, 25, 189, 14657 }, // U+8FC7
    { 28, 26, 467, 1, 23, 182, 14846 }, // U+8FD0
    { 28, 27, 467, 1, 25, 189, 15028 }, // U+8FD1
    { 29, 27, 467, 0, 25, 196, 15217 }, // U+8FD4
    { 29, 28, 467, 0, 25, 203, 15413 }, // U+8FD8
    { 28, 28, 467, 1, 25, 196, 15616 }, // U+8FD9
    { 28, 26, 467, 1, 24, 182, 15812 }, // U+8FDB
    { 28, 26, 467, 1, 23, 182, 15994 }, // U+8FDC
    { 29, 28, 467, 0, 25, 203, 16176 }, // U+8FDE
    { 28, 27, 467, 1, 25, 189, 16379 }, // U+8FF0
    { 28, 26, 467, 1, 24, 182, 16568 }, // U+9000
    { 29, 28, 467, 0, 25, 203, 16750 }, // U+9001
    { 28, 27, 467, 1, 25, 189, 16953 }, // U+9002
    { 28, 28, 467, 1, 25, 196, 17142 }, // U+9006
    { 28, 28, 467, 1, 25, 196, 17338 }, // U+9009
    { 28, 28, 467, 1, 25, 196, 17534 }, // U+900F
    { 28, 28, 467, 1, 25, 196, 17730 }, // U+9014
    { 28, 27, 467, 1, 24, 189, 17926 }, // U+901A
    { 28, 28, 467, 1, 25, 196, 18115 }, // U+901F
    { 28, 28, 467, 1, 25, 196, 18311 }, // U+9020
    { 28, 27, 467, 1, 25, 189, 18507 }, // U+9053
    { 28, 28, 467, 1, 25, 196, 18696 }, // U+9065
    { 28, 28, 467, 1, 25, 196, 18892 }, // U+9075
    { 27, 28, 467, 1, 25, 189, 19088 }, // U+90BB
    { 27, 28, 467, 1, 25, 189, 19277 }, // U+90E8
    { 29, 28, 467, 0, 25, 203, 19466 }, // U+90FD
    { 27, 26, 467, 1, 23, 176, 19669 }, // U+9149
    { 28, 27, 467, 1, 24, 189, 19845 }, // U+914D
    { 28, 27, 467, 1, 24, 189, 20034 }, // U+9192
    { 29, 28, 467, 0, 25, 203, 20223 }, // U+91CA
    { 27, 26, 467, 1, 24, 176, 20426 }, // U+91CC
    { 27, 27, 467, 1, 25, 183, 20602 }, // U+91CD
    { 27, 26, 467, 1, 24, 176, 20785 }, // U+91CF
    { 28, 28, 467, 0, 25, 196, 20961 }, // U+9488
    { 27, 28, 467, 1, 25, 189, 21157 }, // U+949F
    { 29, 28, 467, 0, 25, 203, 21346 }, // U+94FE
    { 27, 28, 467, 1, 25, 189, 21549 }, // U+9500
    { 29, 28, 467, 0, 25, 203, 21738 }, // U+9501
    { 28, 28, 467, 0, 25, 196, 21941 }, // U+9505
    { 27, 28, 467, 1, 25, 189, 22137 }, // U+9519
    { 29, 28, 467, 0, 25, 203, 22326 }, // U+952E
    { 28, 28, 467, 0, 25, 196, 22529 }, // U+952F
    { 28, 28, 467, 1, 25, 196, 22725 }, // U+955C
    { 28, 28, 467, 1, 25, 196, 22921 }, // U+957F
    { 25, 28, 467, 2, 25, 175, 23117 }, // U+95E8
    { 25, 28, 467, 2, 25, 175, 23292 }, // U+95EA
    { 25, 28, 467, 2, 25, 175, 23467 }, // U+95ED
    { 25, 28, 467, 2, 25, 175, 23642 }, // U+95EE
    { 25, 28, 467, 2, 25, 175, 23817 }, // U+95F0
    { 25, 28, 467, 2, 25, 175, 23992 }, // U+95F4
    { 25, 28, 467, 2, 25, 175, 24167 }, // U+9605
    { 27, 28, 467, 2, 25, 189, 24342 }, // U+9636
    { 27, 28, 467, 2, 25, 189, 24531 }, // U+9644
    { 27, 28, 467, 2, 25, 189, 24720 }, // U+9664
    { 27, 28, 467, 2, 25, 189, 24909 }, // U+9669
    { 27, 28, 467, 2, 25, 189, 25098 }, // U+968F
    { 26, 28, 467, 2, 25, 182, 25287 }, // U+9690
    { 26, 28, 467, 2, 25, 182, 25469 }, // U+969C
    { 27, 28, 467, 1, 25, 189, 25651 }, // U+96B6
    { 28, 28, 467, 0, 25, 196, 25840 }, // U+96BE
    { 29, 28, 467, 0, 25, 203, 26036 }, // U+96C6
    { 25, 27, 467, 2, 24, 169, 26239 }, // U+96F7
    { 27, 27, 467, 1, 24, 183, 26408 }, // U+9700
    { 29, 27, 467, 0, 24, 196, 26591 }, // U+9707
    { 27, 28, 467, 1, 25, 189, 26787 }, // U+9752
    { 27, 28, 467, 1, 25, 189, 26976 }, // U+975E
    { 27, 26, 467, 1, 23, 176, 27165 }, // U+9762
    { 27, 28, 467, 1, 25, 189, 27341 }, // U+97F3
    { 27, 26, 467, 1, 23, 176, 27530 }, // U+9875
    { 28, 27, 467, 1, 24, 189, 27706 }, // U+9876
    { 29, 27, 467, 0, 24, 196, 27895 }, // U+9879
    { 28, 27, 467, 0, 24, 189, 28091 }, // U+987A
    { 27, 27, 467, 1, 24, 183, 28280 }, // U+9884
    { 29, 28, 467, 0, 25, 203, 28463 }, // U+9886
    { 28, 28, 467, 1, 25, 196, 28666 }, // U+9891
    { 28, 27, 467, 1, 24, 189, 28862 }, // U+9897
    { 29, 27, 467, 0, 24, 196, 29051 }, // U+9898
    { 28, 28, 467, 1, 25, 196, 29247 }, // U+989D
    { 28, 27, 467, 1, 24, 189, 29443 }, // U+98CE
    { 28, 28, 467, 1, 25, 196, 29632 }, // U+98DF
    { 29, 28, 467, 0, 25, 203, 29828 }, // U+996D
    { 29, 28, 467, 0, 25, 203, 30031 }, // U+9988
    { 27, 28, 467, 1, 25, 189, 30234 }, // U+9996
    { 28, 28, 467, 1, 25, 196, 30423 }, // U+9999
    { 26, 28, 467, 1, 25, 182, 30619 }, // U+9A7E
    { 29, 28, 467, 0, 25, 203, 30801 }, // U+9A8C
    { 29, 28, 467, 0, 25, 203, 31004 }, // U+9A91
    { 27, 28, 467, 1, 25, 189, 31207 }, // U+9AD8
    { 27, 27, 467, 1, 25, 183, 31396 }, // U+9C7C
    { 26, 28, 467, 2, 25, 182, 31579 }, // U+9E2D
    { 28, 28, 467, 0, 25, 196, 31761 }, // U+9E45
    { 28, 28, 467, 0, 25, 196, 31957 }, // U+9E70
    { 27, 27, 467, 1, 24, 183, 32153 }, // U+9ED1
    { 29, 28, 467, 0, 25, 203, 32336 }, // U+9ED8
    { 28, 28, 467, 1, 25, 196, 32539 }, // U+9F50
    { 27, 28, 467, 1, 25, 189, 32735 }, // U+9F7F
    { 29, 27, 467, 0, 25, 196, 32924 }, // U+9F99
    { 28, 27, 467, 1, 25, 189, 33120 }, // U+9F9F
    { 5, 23, 467, 5, 22, 29, 33309 }, // U+FF01
    { 11, 11, 467, 9, 26, 31, 33338 }, // U+FF02
    { 21, 23, 467, 4, 23, 121, 33369 }, // U+FF03
    { 17, 30, 467, 6, 26, 128, 33490 }, // U+FF04
    { 25, 24, 467, 2, 23, 150, 33618 }, // U+FF05
    { 20, 23, 467, 5, 22, 115, 33768 }, // U+FF06
    { 4, 11, 467, 13, 26, 11, 33883 }, // U+FF07
    { 8, 28, 467, 20, 25, 56, 33894 }, // U+FF08
    { 8, 28, 467, 1, 25, 56, 33950 }, // U+FF09
    { 21, 24, 467, 4, 23, 126, 34006 }, // U+FF0A
    { 23, 22, 467, 3, 22, 127, 34132 }, // U+FF0B
    { 7, 11, 467, 3, 7, 20, 34259 }, // U+FF0C
    { 23, 3, 467, 3, 12, 18, 34279 }, // U+FF0D
    { 6, 5, 467, 4, 5, 8, 34297 }, // U+FF0E
    { 29, 28, 467, 0, 25, 203, 34305 }, // U+FF0F
    { 17, 23, 467, 6, 22, 98, 34508 }, // U+FF10
    { 16, 22, 467, 7, 22, 88, 34606 }, // U+FF11
    { 17, 22, 467, 6, 22, 94, 34694 }, // U+FF12
    { 16, 23, 467, 6, 22, 92, 34788 }, // U+FF13
    { 18, 22, 467, 6, 22, 99, 34880 }, // U+FF14
    { 16, 23, 467, 6, 22, 92, 34979 }, // U+FF15
    { 16, 23, 467, 7, 22, 92, 35071 }, // U+FF16
    { 16, 22, 467, 7, 22, 88, 35163 }, // U+FF17
    { 17, 23, 467, 6, 22, 98, 35251 }, // U+FF18
    { 17, 23, 467, 6, 22, 98, 35349 }, // U+FF19
    { 5, 20, 467, 5, 19, 25, 35447 }, // U+FF1A
    { 6, 24, 467, 4, 19, 36, 35472 }, // U+FF1B
    { 23, 24, 467, 3, 23, 138, 35508 }, // U+FF1C
    { 23, 10, 467, 3, 16, 58, 35646 }, // U+FF1D
    { 24, 24, 467, 3, 23, 144, 35704 }, // U+FF1E
    { 14, 24, 467, 0, 23, 84, 35848 }, // U+FF1F
    { 25, 28, 467, 2, 25, 175, 35932 }, // U+FF20
    { 21, 22, 467, 4, 22, 116, 36107 }, // U+FF21
    { 17, 22, 467, 7, 22, 94, 36223 }, // U+FF22
    { 19, 23, 467, 5, 22, 110, 36317 }, // U+FF23
    { 18, 22, 467, 6, 22, 99, 36427 }, // U+FF24
    { 15, 22, 467, 8, 22, 83, 36526 }, // U+FF25
    { 15, 22, 467, 8, 22, 83, 36609 }, // U+FF26
    { 19, 23, 467, 5, 22, 110, 36692 }, // U+FF27
    { 19, 22, 467, 5, 22, 105, 36802 }, // U+FF28
    { 15, 22, 467, 7, 22, 83, 36907 }, // U+FF29
    { 14, 23, 467, 7, 22, 81, 36990 }, // U+FF2A
    { 18, 22, 467, 7, 22, 99, 37071 }, // U+FF2B
    { 15, 22, 467, 8, 22, 83, 37170 }, // U+FF2C
    { 21, 22, 467, 4, 22, 116, 37253 }, // U+FF2D
    { 18, 22, 467, 6, 22, 99, 37369 }, // U+FF2E
    { 21, 23, 467, 4, 22, 121, 37468 }, // U+FF2F
    { 17, 22, 467, 7, 22, 94, 37589 }, // U+FF30
    { 22, 28, 467, 4, 22, 154, 37683 }, // U+FF31
    { 17, 22, 467, 7, 22, 94, 37837 }, // U+FF32
    { 18, 23, 467, 6, 22, 104, 37931 }, // U+FF33
    { 19, 22, 467, 5, 22, 105, 38035 }, // U+FF34
    { 19, 23, 467, 5, 22, 110, 38140 }, // U+FF35
    { 20, 22, 467, 5, 22, 110, 38250 }, // U+FF36
    { 29, 22, 467, 0, 22, 160, 38360 }, // U+FF37
    { 19, 22, 467, 5, 22, 105, 38520 }, // U+FF38
    { 19, 22, 467, 5, 22, 105, 38625 }, // U+FF39
    { 18, 22, 467, 6, 22, 99, 38730 }, // U+FF3A
    { 9, 28, 467, 20, 25, 63, 38829 }, // U+FF3B
    { 29, 28, 467, 0, 25, 203, 38892 }, // U+FF3C
    { 9, 28, 467, 0, 25, 63, 39095 }, // U+FF3D
    { 10, 5, 467, 10, 28, 13, 39158 }, // U+FF3E
    { 30, 2, 467, 0, -2, 15, 39171 }, // U+FF3F
    { 8, 5, 467, 9, 28, 10, 39186 }, // U+FF40
    { 15, 18, 467, 7, 17, 68, 39196 }, // U+FF41
    { 16, 25, 467, 7, 24, 100, 39264 }, // U+FF42
    { 16, 18, 467, 7, 17, 72, 39364 }, // U+FF43
    { 16, 25, 467, 6, 24, 100, 39436 }, // U+FF44
    { 17, 18, 467, 6, 17, 77, 39536 }, // U+FF45
    { 16, 24, 467, 8, 24, 96, 39613 }, // U+FF46
    { 18, 25, 467, 6, 17, 113, 39709 }, // U+FF47
    { 15, 24, 467, 7, 24, 90, 39822 }, // U+FF48
    { 5, 24, 467, 12, 24, 30, 39912 }, // U+FF49
    { 13, 32, 467, 6, 24, 104, 39942 }, // U+FF4A
    { 16, 24, 467, 8, 24, 96, 40046 }, // U+FF4B
    { 11, 25, 467, 12, 24, 69, 40142 }, // U+FF4C
    { 26, 17, 467, 2, 17, 111, 40211 }, // U+FF4D
    { 15, 17, 467, 7, 17, 64, 40322 }, // U+FF4E
    { 17, 18, 467, 6, 17, 77, 40386 }, // U+FF4F
    { 16, 24, 467, 7, 17, 96, 40463 }, // U+FF50
    { 16, 24, 467, 6, 17, 96, 40559 }, // U+FF51
    { 14, 17, 467, 9, 17, 60, 40655 }, // U+FF52
    { 15, 18, 467, 7, 17, 68, 40715 }, // U+FF53
    { 16, 22, 467, 7, 21, 88, 40783 }, // U+FF54
    { 15, 17, 467, 7, 16, 64, 40871 }, // U+FF55
    { 17, 16, 467, 6, 16, 68, 40935 }, // U+FF56
    { 25, 16, 467, 2, 16, 100, 41003 }, // U+FF57
    { 17, 16, 467, 6, 16, 68, 41103 }, // U+FF58
    { 17, 23, 467, 6, 16, 98, 41171 }, // U+FF59
    { 15, 16, 467, 7, 16, 60, 41269 }, // U+FF5A
    { 9, 28, 467, 20, 25, 63, 41329 }, // U+FF5B
    { 3, 30, 467, 13, 26, 23, 41392 }, // U+FF5C
    { 8, 28, 467, 1, 25, 56, 41415 }, // U+FF5D
    { 27, 9, 467, 1, 16, 61, 41471 }, // U+FF5E
    { 13, 28, 467, 16, 25, 91, 41532 }, // U+FF5F
    { 12, 28, 467, 1, 25, 84, 41623 }, // U+FF60
    { 10, 10, 233, 0, 8, 25, 41707 }, // U+FF61
    { 10, 20, 233, 4, 25, 50, 41732 }, // U+FF62
    { 11, 20, 233, 0, 17, 55, 41782 }, // U+FF63
    { 10, 9, 233, 0, 7, 23, 41837 }, // U+FF64
    { 6, 6, 233, 4, 14, 9, 41860 }, // U+FF65
    { 11, 23, 233, 2, 21, 64, 41869 }, // U+FF66
    { 11, 19, 233, 2, 17, 53, 41933 }, // U+FF67
    { 10, 20, 233, 1, 18, 50, 41986 }, // U+FF68
    { 11, 20, 233, 2, 18, 55, 42036 }, // U+FF69
    { 11, 15, 233, 2, 15, 42, 42091 }, // U+FF6A
    { 11, 19, 233, 2, 18, 53, 42133 }, // U+FF6B
    { 12, 20, 233, 1, 18, 60, 42186 }, // U+FF6C
    { 11, 15, 233, 2, 15, 42, 42246 }, // U+FF6D
    { 9, 17, 233, 3, 15, 39, 42288 }, // U+FF6E
    { 12, 19, 233, 1, 17, 57, 42327 }, // U+FF6F
    { 13, 4, 233, 1, 13, 13, 42384 }, // U+FF70
    { 13, 23, 233, 1, 21, 75, 42397 }, // U+FF71
    { 13, 24, 233, 0, 23, 78, 42472 }, // U+FF72
    { 13, 25, 233, 1, 23, 82, 42550 }, // U+FF73
    { 13, 19, 233, 1, 20, 62, 42632 }, // U+FF74
    { 13, 24, 233, 1, 23, 78, 42694 }, // U+FF75
    { 13, 24, 233, 0, 23, 78, 42772 }, // U+FF76
    { 13, 25, 233, 1, 23, 82, 42850 }, // U+FF77
    { 12, 25, 233, 1, 23, 75, 42932 }, // U+FF78
    { 14, 25, 233, 0, 23, 88, 43007 }, // U+FF79
    { 11, 20, 233, 2, 20, 55, 43095 }, // U+FF7A
    { 13, 25, 233, 1, 23, 82, 43150 }, // U+FF7B
    { 13, 24, 233, 1, 23, 78, 43232 }, // U+FF7C
    { 13, 22, 233, 1, 21, 72, 43310 }, // U+FF7D
    { 14, 24, 233, 0, 23, 84, 43382 }, // U+FF7E
    { 13, 22, 233, 1, 21, 72, 43466 }, // U+FF7F
    { 12, 26, 233, 1, 24, 78, 43538 }, // U+FF80
    { 13, 24, 233, 1, 23, 78, 43616 }, // U+FF81
    { 14, 24, 233, 0, 22, 84, 43694 }, // U+FF82
    { 13, 24, 233, 1, 22, 78, 43778 }, // U+FF83
    { 9, 24, 233, 4, 23, 54, 43856 }, // U+FF84
    { 13, 25, 233, 1, 23, 82, 43910 }, // U+FF85
    { 13, 18, 233, 1, 19, 59, 43992 }, // U+FF86
    { 12, 22, 233, 1, 21, 66, 44051 }, // U+FF87
    { 13, 25, 233, 1, 23, 82, 44117 }, // U+FF88
    { 11, 23, 233, 1, 22, 64, 44199 }, // U+FF89
    { 14, 20, 233, 0, 20, 70, 44263 }, // U+FF8A
    { 11, 23, 233, 2, 22, 64, 44333 }, // U+FF8B
    { 12, 22, 233, 2, 20, 66, 44397 }, // U+FF8C
    { 14, 20, 233, 0, 20, 70, 44463 }, // U+FF8D
    { 14, 24, 233, 0, 23, 84, 44533 }, // U+FF8E
    { 13, 22, 233, 1, 20, 72, 44617 }, // U+FF8F
    { 10, 23, 233, 2, 22, 58, 44689 }, // U+FF90
    { 14, 24, 233, 0, 22, 84, 44747 }, // U+FF91
    { 12, 25, 233, 1, 23, 75, 44831 }, // U+FF92
    { 13, 22, 233, 1, 21, 72, 44906 }, // U+FF93
    { 14, 25, 233, 0, 23, 88, 44978 }, // U+FF94
    { 14, 19, 233, 0, 20, 67, 45066 }, // U+FF95
    { 11, 21, 233, 2, 20, 58, 45133 }, // U+FF96
    { 11, 24, 233, 2, 22, 66, 45191 }, // U+FF97
    { 10, 24, 233, 2, 22, 60, 45257 }, // U+FF98
    { 15, 23, 233, 0, 22, 87, 45317 }, // U+FF99
    { 12, 23, 233, 2, 22, 69, 45404 }, // U+FF9A
    { 11, 20, 233, 2, 20, 55, 45473 }, // U+FF9B
    { 12, 23, 233, 2, 21, 69, 45528 }, // U+FF9C
    { 13, 23, 233, 1, 22, 75, 45597 }, // U+FF9D
    { 8, 8, 233, 0, 25, 16, 45672 }, // U+FF9E
    { 7, 8, 233, 0, 25, 14, 45688 }, // U+FF9F
    { 17, 15, 429, 5, 18, 64, 45702 }, // U+FFA1
    { 20, 15, 429, 4, 18, 75, 45766 }, // U+FFA2
    { 22, 15, 429, 3, 18, 83, 45841 }, // U+FFA3
    { 18, 14, 429, 5, 18, 63, 45924 }, // U+FFA4
    { 20, 15, 429, 4, 18, 75, 45987 }, // U+FFA5
    { 19, 16, 429, 4, 19, 76, 46062 }, // U+FFA6
    { 17, 14, 429, 5, 18, 60, 46138 }, // U+FFA7
    { 19, 14, 429, 4, 18, 67, 46198 }, // U+FFA8
    { 18, 16, 429, 5, 19, 72, 46265 }, // U+FFA9
    { 19, 15, 429, 4, 18, 72, 46337 }, // U+FFAA
    { 20, 15, 429, 4, 18, 75, 46409 }, // U+FFAB
    { 20, 15, 429, 4, 18, 75, 46484 }, // U+FFAC
    { 21, 16, 429, 4, 19, 84, 46559 }, // U+FFAD
    { 20, 15, 429, 4, 18, 75, 46643 }, // U+FFAE
    { 20, 15, 429, 4, 18, 75, 46718 }, // U+FFAF
    { 20, 16, 429, 4, 19, 80, 46793 }, // U+FFB0
    { 17, 14, 429, 5, 18, 60, 46873 }, // U+FFB1
    { 17, 16, 429, 5, 19, 68, 46933 }, // U+FFB2
    { 19, 15, 429, 4, 18, 72, 47001 }, // U+FFB3
    { 21, 15, 429, 4, 18, 79, 47073 }, // U+FFB4
    { 19, 16, 429, 4, 19, 76, 47152 }, // U+FFB5
    { 23, 14, 429, 2, 18, 81, 47228 }, // U+FFB6
    { 17, 16, 429, 5, 19, 68, 47309 }, // U+FFB7
    { 19, 16, 429, 4, 19, 76, 47377 }, // U+FFB8
    { 23, 16, 429, 2, 19, 92, 47453 }, // U+FFB9
    { 19, 17, 429, 4, 20, 81, 47545 }, // U+FFBA
    { 18, 16, 429, 4, 19, 72, 47626 }, // U+FFBB
    { 17, 15, 429, 5, 18, 64, 47698 }, // U+FFBC
    { 19, 15, 429, 4, 18, 72, 47762 }, // U+FFBD
    { 19, 18, 429, 4, 20, 86, 47834 }, // U+FFBE
    { 9, 27, 429, 11, 24, 61, 47920 }, // U+FFC2
    { 10, 27, 429, 9, 24, 68, 47981 }, // U+FFC3
    { 9, 27, 429, 10, 24, 61, 48049 }, // U+FFC4
    { 10, 27, 429, 9, 24, 68, 48110 }, // U+FFC5
    { 10, 27, 429, 8, 24, 68, 48178 }, // U+FFC6
    { 14, 27, 429, 6, 24, 95, 48246 }, // U+FFC7
    { 10, 27, 429, 8, 24, 68, 48341 }, // U+FFCA
    { 14, 27, 429, 6, 24, 95, 48409 }, // U+FFCB
    { 25, 14, 429, 1, 19, 88, 48504 }, // U+FFCC
    { 25, 27, 429, 1, 24, 169, 48592 }, // U+FFCD
    { 23, 27, 429, 1, 24, 156, 48761 }, // U+FFCE
    { 22, 27, 429, 2, 24, 149, 48917 }, // U+FFCF
    { 25, 15, 429, 1, 19, 94, 49066 }, // U+FFD2
    { 25, 15, 429, 1, 16, 94, 49160 }, // U+FFD3
    { 22, 27, 429, 2, 24, 149, 49254 }, // U+FFD4
    { 23, 27, 429, 2, 24, 156, 49403 }, // U+FFD5
    { 22, 27, 429, 2, 24, 149, 49559 }, // U+FFD6
    { 25, 15, 429, 1, 16, 94, 49708 }, // U+FFD7
    { 25, 3, 429, 1, 13, 19, 49802 }, // U+FFDA
    { 22, 27, 429, 2, 24, 149, 49821 }, // U+FFDB
    { 3, 27, 429, 12, 24, 21, 49970 }, // U+FFDC
    { 17, 25, 467, 6, 23, 107, 49991 }, // U+FFE0
    { 17, 22, 467, 6, 22, 94, 50098 }, // U+FFE1
    { 23, 11, 467, 3, 16, 64, 50192 }, // U+FFE2
    { 30, 2, 467, 0, 26, 15, 50256 }, // U+FFE3
    { 3, 28, 467, 13, 25, 21, 50271 }, // U+FFE4
    { 19, 22, 467, 5, 22, 105, 50292 }, // U+FFE5
    { 25, 22, 467, 2, 22, 138, 50397 }, // U+FFE6
    { 3, 34, 233, 6, 25, 26, 50535 }, // U+FFE8
    { 14, 14, 233, 0, 18, 49, 50561 }, // U+FFE9
    { 11, 28, 233, 2, 25, 77, 50610 }, // U+FFEA
    { 15, 14, 233, 0, 18, 53, 50687 }, // U+FFEB
    { 11, 28, 233, 2, 25, 77, 50740 }, // U+FFEC
    { 11, 12, 233, 2, 17, 33, 50817 }, // U+FFED
    { 12, 12, 233, 1, 17, 36, 50850 }, // U+FFEE
};

static const EpdUnicodeInterval notosans_cjk_14Intervals[] = {
    { 0x20, 0x7E, 0x0 },
    { 0xA0, 0xFF, 0x5F },
    { 0x2010, 0x2016, 0xBF },
    { 0x2018, 0x201A, 0xC6 },
    { 0x201C, 0x201E, 0xC9 },
    { 0x2020, 0x2022, 0xCC },
    { 0x2025, 0x2026, 0xCF },
    { 0x3000, 0x303F, 0xD1 },
    { 0x4E00, 0x4E00, 0x111 },
    { 0x4E03, 0x4E03, 0x112 },
    { 0x4E07, 0x4E0B, 0x113 },
    { 0x4E0D, 0x4E0E, 0x118 },
    { 0x4E11, 0x4E11, 0x11A },
    { 0x4E13, 0x4E13, 0x11B },
    { 0x4E1A, 0x4E1A, 0x11C },
    { 0x4E22, 0x4E22, 0x11D },
    { 0x4E24, 0x4E24, 0x11E },
    { 0x4E2A, 0x4E2A, 0x11F },
    { 0x4E2D, 0x4E2D, 0x120 },
    { 0x4E32, 0x4E32, 0x121 },
    { 0x4E3A, 0x4E3B, 0x122 },
    { 0x4E45, 0x4E45, 0x124 },
    { 0x4E49, 0x4E49, 0x125 },
    { 0x4E4B, 0x4E4C, 0x126 },
    { 0x4E5D, 0x4E5D, 0x128 },
    { 0x4E60, 0x4E60, 0x129 },
    { 0x4E66, 0x4E66, 0x12A },
    { 0x4E86, 0x4E86, 0x12B },
    { 0x4E8B, 0x4E8C, 0x12C },
    { 0x4E8E, 0x4E8E, 0x12E },
    { 0x4E94, 0x4E94, 0x12F },
    { 0x4E9B, 0x4E9B, 0x130 },
    { 0x4EA4, 0x4EA4, 0x131 },
    { 0x4EA7, 0x4EA7, 0x132 },
    { 0x4EAE, 0x4EAE, 0x133 },
    { 0x4EBA, 0x4EBA, 0x134 },
    { 0x4EC5, 0x4EC5, 0x135 },
    { 0x4ECA, 0x4ECB, 0x136 },
    { 0x4ECE, 0x4ECE, 0x138 },
    { 0x4ED6, 0x4ED6, 0x139 },
    { 0x4ED9, 0x4ED9, 0x13A },
    { 0x4EE4, 0x4EE5, 0x13B },
    { 0x4EF6, 0x4EF6, 0x13D },
    { 0x4EFB, 0x4EFB, 0x13E },
    { 0x4EFD, 0x4EFD, 0x13F },
    { 0x4F01, 0x4F01, 0x140 },
    { 0x4F11, 0x4F11, 0x141 },
    { 0x4F1A, 0x4F1A, 0x142 },
    { 0x4F20, 0x4F20, 0x143 },
    { 0x4F2A, 0x4F2A, 0x144 },
    { 0x4F46, 0x4F46, 0x145 },
    { 0x4F4D, 0x4F4F, 0x146 },
    { 0x4F53, 0x4F53, 0x149 },
    { 0x4F55, 0x4F55, 0x14A },
    { 0x4F59, 0x4F59, 0x14B },
    { 0x4F5C, 0x4F5C, 0x14C },
    { 0x4F60, 0x4F60, 0x14D },
    { 0x4F73, 0x4F73, 0x14E },
    { 0x4F7F, 0x4F7F, 0x14F },
    { 0x4F8B, 0x4F8B, 0x150 },
    { 0x4F9B, 0x4F9B, 0x151 },
    { 0x4FA7, 0x4FA7, 0x152 },
    { 0x4FDD, 0x4FDD, 0x153 },
    { 0x4FE1, 0x4FE1, 0x154 },
    { 0x4FEE, 0x4FEE, 0x155 },
    { 0x5012, 0x5012, 0x156 },
    { 0x5019, 0x5019, 0x157 },
    { 0x5026, 0x5026, 0x158 },
    { 0x503C, 0x503C, 0x159 },
    { 0x503E, 0x503E, 0x15A },
    { 0x504F, 0x504F, 0x15B },
    { 0x505C, 0x505C, 0x15C },
    { 0x50A8, 0x50A8, 0x15D },
    { 0x50B2, 0x50B2, 0x15E },
    { 0x50CF, 0x50CF, 0x15F },
    { 0x5143, 0x5143, 0x160 },
    { 0x5145, 0x5145, 0x161 },
    { 0x5148, 0x5149, 0x162 },
    { 0x514D, 0x514D, 0x164 },
    { 0x5154, 0x5154, 0x165 },
    { 0x5165, 0x5165, 0x166 },
    { 0x5168, 0x5168, 0x167 },
    { 0x516B, 0x516B, 0x168 },
    { 0x516D, 0x516D, 0x169 },
    { 0x5171, 0x5171, 0x16A },
    { 0x5173, 0x5173, 0x16B },
    { 0x5176, 0x5178, 0x16C },
    { 0x5185, 0x5185, 0x16F },
    { 0x518C, 0x518D, 0x170 },
    { 0x5199, 0x5199, 0x172 },
    { 0x519B, 0x519C, 0x173 },
    { 0x51AC, 0x51AC, 0x175 },
    { 0x51B2, 0x51B2, 0x176 },
    { 0x51B7, 0x51B7, 0x177 },
    { 0x51C6, 0x51C6, 0x178 },
    { 0x51CF, 0x51CF, 0x179 },
    { 0x51D1, 0x51D1, 0x17A },
    { 0x51E0, 0x51E0, 0x17B },
    { 0x51ED, 0x51ED, 0x17C },
    { 0x51FA, 0x51FB, 0x17D },
    { 0x5206, 0x5207, 0x17F },
    { 0x5212, 0x5212, 0x181 },
    { 0x5217, 0x5217, 0x182 },
    { 0x5219, 0x5219, 0x183 },
    { 0x521B, 0x521B, 0x184 },
    { 0x521D, 0x521D, 0x185 },
    { 0x5220, 0x5220, 0x186 },
    { 0x5229, 0x5229, 0x187 },
    { 0x5230, 0x5230, 0x188 },
    { 0x5236, 0x5237, 0x189 },
    { 0x524D, 0x524D, 0x18B },
    { 0x5269, 0x526A, 0x18C },
    { 0x529B, 0x529B, 0x18E },
    { 0x529F, 0x52A1, 0x18F },
    { 0x52A8, 0x52AA, 0x192 },
    { 0x52BF, 0x52BF, 0x195 },
    { 0x52C7, 0x52C7, 0x196 },
    { 0x52FF, 0x5300, 0x197 },
    { 0x5316, 0x5316, 0x199 },
    { 0x5339, 0x533A, 0x19A },
    { 0x5341, 0x5341, 0x19C },
    { 0x5347, 0x5347, 0x19D },
    { 0x534A, 0x534A, 0x19E },
    { 0x5355, 0x5355, 0x19F },
    { 0x535A, 0x535A, 0x1A0 },
    { 0x5360, 0x5361, 0x1A1 },
    { 0x536F, 0x536F, 0x1A3 },
    { 0x5373, 0x5374, 0x1A4 },
    { 0x5377, 0x5377, 0x1A6 },
    { 0x5386, 0x5386, 0x1A7 },
    { 0x538B, 0x538B, 0x1A8 },
    { 0x539F, 0x539F, 0x1A9 },
    { 0x53CA, 0x53CA, 0x1AA },
    { 0x53CC, 0x53CD, 0x1AB },
    { 0x53D1, 0x53D1, 0x1AD },
    { 0x53D6, 0x53D8, 0x1AE },
    { 0x53E3, 0x53E4, 0x1B1 },
    { 0x53EF, 0x53F0, 0x1B3 },
    { 0x53F2, 0x53F3, 0x1B5 },
    { 0x53F7, 0x53F7, 0x1B7 },
    { 0x5408, 0x5408, 0x1B8 },
    { 0x540C, 0x540E, 0x1B9 },
    { 0x5411, 0x5411, 0x1BC },
    { 0x5426, 0x5426, 0x1BD },
    { 0x542F, 0x542F, 0x1BE },
    { 0x544A, 0x544A, 0x1BF },
    { 0x5468, 0x5468, 0x1C0 },
    { 0x547D, 0x547D, 0x1C1 },
    { 0x548C, 0x548C, 0x1C2 },
    { 0x54C8, 0x54C8, 0x1C3 },
    { 0x5524, 0x5524, 0x1C4 },
    { 0x552F, 0x552F, 0x1C5 },
    { 0x5546, 0x5546, 0x1C6 },
    { 0x55DC, 0x55DC, 0x1C7 },
    { 0x5668, 0x5668, 0x1C8 },
    { 0x56DB, 0x56DB, 0x1C9 },
    { 0x56DE, 0x56DE, 0x1CA },
    { 0x56E0, 0x56E0, 0x1CB },
    { 0x56E2, 0x56E2, 0x1CC },
    { 0x56F0, 0x56F0, 0x1CD },
    { 0x56F4, 0x56F4, 0x1CE },
    { 0x56FA, 0x56FA, 0x1CF },
    { 0x56FD, 0x56FE, 0x1D0 },
    { 0x5728, 0x5728, 0x1D2 },
    { 0x5730, 0x5730, 0x1D3 },
    { 0x573A, 0x573A, 0x1D4 },
    { 0x5740, 0x5740, 0x1D5 },
    { 0x5747, 0x5747, 0x1D6 },
    { 0x574F, 0x574F, 0x1D7 },
    { 0x5757, 0x5757, 0x1D8 },
    { 0x578B, 0x578B, 0x1D9 },
    { 0x57CE, 0x57CE, 0x1DA },
    { 0x5806, 0x5806, 0x1DB },
    { 0x5883, 0x5883, 0x1DC },
    { 0x589E, 0x589E, 0x1DD },
    { 0x58EB, 0x58EC, 0x1DE },
    { 0x58F0, 0x58F0, 0x1E0 },
    { 0x5904, 0x5904, 0x1E1 },
    { 0x5907, 0x5907, 0x1E2 },
    { 0x590D, 0x590D, 0x1E3 },
    { 0x590F, 0x590F, 0x1E4 },
    { 0x5916, 0x5916, 0x1E5 },
    { 0x591A, 0x591A, 0x1E6 },
    { 0x591C, 0x591C, 0x1E7 },
    { 0x5927, 0x5927, 0x1E8 },
    { 0x5929, 0x592A, 0x1E9 },
    { 0x5931, 0x5931, 0x1EB },
    { 0x5934, 0x5934, 0x1EC },
    { 0x5939, 0x5939, 0x1ED },
    { 0x5947, 0x5947, 0x1EE },
    { 0x5982, 0x5982, 0x1EF },
    { 0x5999, 0x5999, 0x1F0 },
    { 0x59CB, 0x59CB, 0x1F1 },
    { 0x5B50, 0x5B50, 0x1F2 },
    { 0x5B57, 0x5B58, 0x1F3 },
    { 0x5B5C, 0x5B5C, 0x1F5 },
    { 0x5B66, 0x5B66, 0x1F6 },
    { 0x5B88, 0x5B89, 0x1F7 },
    { 0x5B8C, 0x5B8C, 0x1F9 },
    { 0x5B97, 0x5B98, 0x1FA },
    { 0x5B9A, 0x5B9A, 0x1FC },
    { 0x5B9C, 0x5B9C, 0x1FD },
    { 0x5B9E, 0x5B9E, 0x1FE },
    { 0x5BA2, 0x5BA2, 0x1FF },
    { 0x5BB9, 0x5BB9, 0x200 },
    { 0x5BBD, 0x5BBD, 0x201 },
    { 0x5BC5, 0x5BC6, 0x202 },
    { 0x5BCC, 0x5BCC, 0x204 },
    { 0x5BDD, 0x5BDD, 0x205 },
    { 0x5BF9, 0x5BF9, 0x206 },
    { 0x5BFC, 0x5BFC, 0x207 },
    { 0x5C01, 0x5C01, 0x208 },
    { 0x5C04, 0x5C04, 0x209 },
    { 0x5C06, 0x5C06, 0x20A },
    { 0x5C0A, 0x5C0A, 0x20B },
    { 0x5C0F, 0x5C0F, 0x20C },
    { 0x5C11, 0x5C11, 0x20D },
    { 0x5C1A, 0x5C1A, 0x20E },
    { 0x5C31, 0x5C31, 0x20F },
    { 0x5C3D, 0x5C3E, 0x210 },
    { 0x5C40, 0x5C40, 0x212 },
    { 0x5C45, 0x5C45, 0x213 },
    { 0x5C4F, 0x5C4F, 0x214 },
    { 0x5C55, 0x5C55, 0x215 },
    { 0x5C5E, 0x5C5E, 0x216 },
    { 0x5CF0, 0x5CF0, 0x217 },
    { 0x5D29, 0x5D29, 0x218 },
    { 0x5D4C, 0x5D4C, 0x219 },
    { 0x5DE5, 0x5DE6, 0x21A },
    { 0x5DF2, 0x5DF3, 0x21C },
    { 0x5E03, 0x5E03, 0x21E },
    { 0x5E08, 0x5E08, 0x21F },
    { 0x5E0C, 0x5E0C, 0x220 },
    { 0x5E38, 0x5E38, 0x221 },
    { 0x5E45, 0x5E45, 0x222 },
    { 0x5E55, 0x5E55, 0x223 },
    { 0x5E73, 0x5E74, 0x224 },
    { 0x5E76, 0x5E76, 0x226 },
    { 0x5E78, 0x5E78, 0x227 },
    { 0x5E7D, 0x5E7D, 0x228 },
    { 0x5E7F, 0x5E7F, 0x229 },
    { 0x5E93, 0x5E95, 0x22A },
    { 0x5E9A, 0x5E9A, 0x22D },
    { 0x5E9F, 0x5E9F, 0x22E },
    { 0x5EA6, 0x5EA6, 0x22F },
    { 0x5EFA, 0x5EFA, 0x230 },
    { 0x5EFF, 0x5F00, 0x231 },
    { 0x5F02, 0x5F03, 0x233 },
    { 0x5F0F, 0x5F0F, 0x235 },
    { 0x5F15, 0x5F15, 0x236 },
    { 0x5F39, 0x5F39, 0x237 },
    { 0x5F53, 0x5F53, 0x238 },
    { 0x5F55, 0x5F55, 0x239 },
    { 0x5F62, 0x5F62, 0x23A },
    { 0x5F80, 0x5F80, 0x23B },
    { 0x5F85, 0x5F85, 0x23C },
    { 0x5F88, 0x5F88, 0x23D },
    { 0x5F8B, 0x5F8B, 0x23E },
    { 0x5F97, 0x5F97, 0x23F },
    { 0x5FA1, 0x5FA1, 0x240 },
    { 0x5FAE, 0x5FAE, 0x241 },
    { 0x5FB7, 0x5FB7, 0x242 },
    { 0x5FC3, 0x5FC3, 0x243 },
    { 0x5FCC, 0x5FCC, 0x244 },
    { 0x5FD7, 0x5FD8, 0x245 },
    { 0x5FEB, 0x5FEB, 0x247 },
    { 0x5FFD, 0x5FFD, 0x248 },
    { 0x6001, 0x6001, 0x249 },
    { 0x601D, 0x601D, 0x24A },
    { 0x6027, 0x6027, 0x24B },
    { 0x603B, 0x603B, 0x24C },
    { 0x6062, 0x6062, 0x24D },
    { 0x606F, 0x606F, 0x24E },
    { 0x6094, 0x6094, 0x24F },
    { 0x60A8, 0x60A8, 0x250 },
    { 0x60C5, 0x60C5, 0x251 },
    { 0x60EF, 0x60EF, 0x252 },
    { 0x610F, 0x610F, 0x253 },
    { 0x614E, 0x614E, 0x254 },
    { 0x6162, 0x6162, 0x255 },
    { 0x6167, 0x6167, 0x256 },
    { 0x620A, 0x620A, 0x257 },
    { 0x620C, 0x620C, 0x258 },
    { 0x620F, 0x6211, 0x259 },
    { 0x6216, 0x6216, 0x25C },
    { 0x6218, 0x6218, 0x25D },
    { 0x622A, 0x622A, 0x25E },
    { 0x6237, 0x6237, 0x25F },
    { 0x6240, 0x6240, 0x260 },
    { 0x624B, 0x624B, 0x261 },
    { 0x6253, 0x6253, 0x262 },
    { 0x6267, 0x6267, 0x263 },
    { 0x6269, 0x6269, 0x264 },
    { 0x626B, 0x626B, 0x265 },
    { 0x6279, 0x6279, 0x266 },
    { 0x627E, 0x6280, 0x267 },
    { 0x6295, 0x6295, 0x26A },
    { 0x6297, 0x6297, 0x26B },
    { 0x62A4, 0x62A5, 0x26C },
    { 0x62C5, 0x62C5, 0x26E },
    { 0x62C9, 0x62C9, 0x26F },
    { 0x62E9, 0x62E9, 0x270 },
    { 0x62FE, 0x62FE, 0x271 },
    { 0x6301, 0x6301, 0x272 },
    { 0x6307, 0x6307, 0x273 },
    { 0x6309, 0x6309, 0x274 },
    { 0x6316, 0x6316, 0x275 },
    { 0x635F, 0x635F, 0x276 },
    { 0x6362, 0x6362, 0x277 },
    { 0x636E, 0x636E, 0x278 },
    { 0x6377, 0x6377, 0x279 },
    { 0x6388, 0x6388, 0x27A },
    { 0x638C, 0x638C, 0x27B },
    { 0x6392, 0x6392, 0x27C },
    { 0x6398, 0x6398, 0x27D },
    { 0x63A2, 0x63A2, 0x27E },
    { 0x63A5, 0x63A5, 0x27F },
    { 0x63A7, 0x63A8, 0x280 },
    { 0x63CF, 0x63D0, 0x282 },
    { 0x63D2, 0x63D2, 0x284 },
    { 0x641C, 0x641C, 0x285 },
    { 0x6478, 0x6478, 0x286 },
    { 0x64A4, 0x64A4, 0x287 },
    { 0x64AD, 0x64AD, 0x288 },
    { 0x64CD, 0x64CD, 0x289 },
    { 0x652F, 0x652F, 0x28A },
    { 0x6536, 0x6536, 0x28B },
    { 0x6539, 0x6539, 0x28C },
    { 0x653E, 0x653E, 0x28D },
    { 0x6545, 0x6545, 0x28E },
    { 0x6548, 0x6548, 0x28F },
    { 0x6570, 0x6570, 0x290 },
    { 0x6574, 0x6574, 0x291 },
    { 0x6587, 0x6587, 0x292 },
    { 0x659C, 0x659C, 0x293 },
    { 0x65AD, 0x65AD, 0x294 },
    { 0x65B0, 0x65B0, 0x295 },
    { 0x65B9, 0x65B9, 0x296 },
    { 0x65C5, 0x65C5, 0x297 },
    { 0x65CB, 0x65CB, 0x298 },
    { 0x65D7, 0x65D7, 0x299 },
    { 0x65E0, 0x65E0, 0x29A },
    { 0x65E5, 0x65E5, 0x29B },
    { 0x65F6, 0x65F6, 0x29C },
    { 0x660E, 0x660E, 0x29D },
    { 0x661F, 0x6620, 0x29E },
    { 0x662F, 0x662F, 0x2A0 },
    { 0x663E, 0x663E, 0x2A1 },
    { 0x666E, 0x666F, 0x2A2 },
    { 0x667A, 0x667A, 0x2A4 },
    { 0x6682, 0x6682, 0x2A5 },
    { 0x66B4, 0x66B4, 0x2A6 },
    { 0x66F2, 0x66F2, 0x2A7 },
    { 0x66F4, 0x66F4, 0x2A8 },
    { 0x6700, 0x6700, 0x2A9 },
    { 0x6708, 0x6709, 0x2AA },
    { 0x670D, 0x670D, 0x2AC },
    { 0x671F, 0x671F, 0x2AD },
    { 0x6728, 0x6728, 0x2AE },
    { 0x672A, 0x672C, 0x2AF },
    { 0x672F, 0x672F, 0x2B2 },
    { 0x673A, 0x673A, 0x2B3 },
    { 0x6743, 0x6743, 0x2B4 },
    { 0x675F, 0x675F, 0x2B5 },
    { 0x6761, 0x6761, 0x2B6 },
    { 0x6765, 0x6765, 0x2B7 },
    { 0x677E, 0x677E, 0x2B8 },
    { 0x6781, 0x6781, 0x2B9 },
    { 0x6790, 0x6790, 0x2BA },
    { 0x679C, 0x679C, 0x2BB },
    { 0x67B6, 0x67B6, 0x2BC },
    { 0x67E5, 0x67E5, 0x2BD },
    { 0x67F1, 0x67F1, 0x2BE },
    { 0x6807, 0x6807, 0x2BF },
    { 0x680B, 0x680B, 0x2C0 },
    { 0x680F, 0x680F, 0x2C1 },
    { 0x6821, 0x6821, 0x2C2 },
    { 0x6837, 0x6837, 0x2C3 },
    { 0x6839, 0x6839, 0x2C4 },
    { 0x683C, 0x683C, 0x2C5 },
    { 0x6848, 0x6848, 0x2C6 },
    { 0x6863, 0x6863, 0x2C7 },
    { 0x68C0, 0x68C0, 0x2C8 },
    { 0x68CB, 0x68CB, 0x2C9 },
    { 0x6A21, 0x6A21, 0x2CA },
    { 0x6A2A, 0x6A2A, 0x2CB },
    { 0x6B21, 0x6B21, 0x2CC },
    { 0x6B32, 0x6B32, 0x2CD },
    { 0x6B62, 0x6B65, 0x2CE },
    { 0x6B7B, 0x6B7B, 0x2D2 },
    { 0x6BB5, 0x6BB5, 0x2D3 },
    { 0x6BCF, 0x6BCF, 0x2D4 },
    { 0x6BD4, 0x6BD4, 0x2D5 },
    { 0x6C14, 0x6C14, 0x2D6 },
    { 0x6C34, 0x6C34, 0x2D7 },
    { 0x6C38, 0x6C38, 0x2D8 },
    { 0x6C42, 0x6C42, 0x2D9 },
    { 0x6C57, 0x6C57, 0x2DA },
    { 0x6CA1, 0x6CA1, 0x2DB },
    { 0x6CD5, 0x6CD5, 0x2DC },
    { 0x6CDB, 0x6CDB, 0x2DD },
    { 0x6CE2, 0x6CE2, 0x2DE },
    { 0x6CE8, 0x6CE8, 0x2DF },
    { 0x6D41, 0x6D41, 0x2E0 },
    { 0x6D45, 0x6D45, 0x2E1 },
    { 0x6D4F, 0x6D4F, 0x2E2 },
    { 0x6D6A, 0x6D6A, 0x2E3 },
    { 0x6D77, 0x6D77, 0x2E4 },
    { 0x6D88, 0x6D89, 0x2E5 },
    { 0x6DAF, 0x6DAF, 0x2E7 },
    { 0x6DF1, 0x6DF1, 0x2E8 },
    { 0x6DFB, 0x6DFB, 0x2E9 },
    { 0x6E05, 0x6E05, 0x2EA },
    { 0x6E10, 0x6E10, 0x2EB },
    { 0x6E1D, 0x6E1D, 0x2EC },
    { 0x6E29, 0x6E29, 0x2ED },
    { 0x6E38, 0x6E38, 0x2EE },
    { 0x6E83, 0x6E83, 0x2EF },
    { 0x6E90, 0x6E90, 0x2F0 },
    { 0x6EAF, 0x6EAF, 0x2F1 },
    { 0x6ED1, 0x6ED1, 0x2F2 },
    { 0x6EE4, 0x6EE5, 0x2F3 },
    { 0x6F2B, 0x6F2B, 0x2F5 },
    { 0x706B, 0x706B, 0x2F6 },
    { 0x7070, 0x7070, 0x2F7 },
    { 0x7075, 0x7075, 0x2F8 },
    { 0x7089, 0x7089, 0x2F9 },
    { 0x70B9, 0x70B9, 0x2FA },
    { 0x70BC, 0x70BC, 0x2FB },
    { 0x70ED, 0x70ED, 0x2FC },
    { 0x719F, 0x719F, 0x2FD },
    { 0x7247, 0x7248, 0x2FE },
    { 0x7259, 0x7259, 0x300 },
    { 0x725B, 0x725B, 0x301 },
    { 0x72B6, 0x72B6, 0x302 },
    { 0x72EC, 0x72EC, 0x303 },
    { 0x730E, 0x730E, 0x304 },
    { 0x732B, 0x732B, 0x305 },
    { 0x7387, 0x7387, 0x306 },
    { 0x738B, 0x738B, 0x307 },
    { 0x73AF, 0x73B0, 0x308 },
    { 0x73E0, 0x73E0, 0x30A },
    { 0x7406, 0x7406, 0x30B },
    { 0x751F, 0x751F, 0x30C },
    { 0x7528, 0x7528, 0x30D },
    { 0x7531, 0x7531, 0x30E },
    { 0x7535, 0x7535, 0x30F },
    { 0x753B, 0x753B, 0x310 },
    { 0x754C, 0x754C, 0x311 },
    { 0x7559, 0x7559, 0x312 },
    { 0x7565, 0x7565, 0x313 },
    { 0x7678, 0x7678, 0x314 },
    { 0x767B, 0x767B, 0x315 },
    { 0x767D, 0x767E, 0x316 },
    { 0x7684, 0x7684, 0x318 },
    { 0x76CA, 0x76CA, 0x319 },
    { 0x76D8, 0x76D8, 0x31A },
    { 0x76EE, 0x76EE, 0x31B },
    { 0x76F4, 0x76F4, 0x31C },
    { 0x76F8, 0x76F8, 0x31D },
    { 0x7701, 0x7701, 0x31E },
    { 0x7709, 0x7709, 0x31F },
    { 0x770B, 0x770B, 0x320 },
    { 0x7720, 0x7720, 0x321 },
    { 0x77E2, 0x77E2, 0x322 },
    { 0x77E5, 0x77E5, 0x323 },
    { 0x77ED, 0x77ED, 0x324 },
    { 0x7801, 0x7801, 0x325 },
    { 0x7814, 0x7814, 0x326 },
    { 0x7834, 0x7834, 0x327 },
    { 0x786C, 0x786C, 0x328 },
    { 0x786E, 0x786E, 0x329 },
    { 0x78C1, 0x78C1, 0x32A },
    { 0x793A, 0x793A, 0x32B },
    { 0x793E, 0x793E, 0x32C },
    { 0x795D, 0x795E, 0x32D },
    { 0x7981, 0x7981, 0x32F },
    { 0x79BB, 0x79BB, 0x330 },
    { 0x79D2, 0x79D2, 0x331 },
    { 0x79F0, 0x79F0, 0x332 },
    { 0x79FB, 0x79FB, 0x333 },
    { 0x7A00, 0x7A00, 0x334 },
    { 0x7A0B, 0x7A0B, 0x335 },
    { 0x7A0D, 0x7A0D, 0x336 },
    { 0x7A33, 0x7A33, 0x337 },
    { 0x7A76, 0x7A76, 0x338 },
    { 0x7A7A, 0x7A7A, 0x339 },
    { 0x7A81, 0x7A81, 0x33A },
    { 0x7A84, 0x7A84, 0x33B },
    { 0x7A97, 0x7A97, 0x33C },
    { 0x7ACB, 0x7ACB, 0x33D },
    { 0x7AD6, 0x7AD6, 0x33E },
    { 0x7AE0, 0x7AE0, 0x33F },
    { 0x7AEF, 0x7AEF, 0x340 },
    { 0x7B14, 0x7B14, 0x341 },
    { 0x7B26, 0x7B26, 0x342 },
    { 0x7B2C, 0x7B2C, 0x343 },
    { 0x7B49, 0x7B49, 0x344 },
    { 0x7B7E, 0x7B7E, 0x345 },
    { 0x7B80, 0x7B80, 0x346 },
    { 0x7B97, 0x7B97, 0x347 },
    { 0x7BA1, 0x7BA1, 0x348 },
    { 0x7BB1, 0x7BB1, 0x349 },
    { 0x7C4D, 0x7C4D, 0x34A },
    { 0x7C97, 0x7C97, 0x34B },
    { 0x7CFB, 0x7CFB, 0x34C },
    { 0x7D20, 0x7D20, 0x34D },
    { 0x7D22, 0x7D22, 0x34E },
    { 0x7D27, 0x7D27, 0x34F },
    { 0x7D2F, 0x7D2F, 0x350 },
    { 0x7E41, 0x7E41, 0x351 },
    { 0x7EA2, 0x7EA2, 0x352 },
    { 0x7EA6, 0x7EA7, 0x353 },
    { 0x7EAF, 0x7EAF, 0x355 },
    { 0x7EB3, 0x7EB3, 0x356 },
    { 0x7EBF, 0x7EBF, 0x357 },
    { 0x7EC6, 0x7EC6, 0x358 },
    { 0x7EC8, 0x7EC8, 0x359 },
    { 0x7ECF, 0x7ECF, 0x35A },
    { 0x7ED3, 0x7ED3, 0x35B },
    { 0x7ED8, 0x7ED8, 0x35C },
    { 0x7EDC, 0x7EDD, 0x35D },
    { 0x7EDF, 0x7EDF, 0x35F },
    { 0x7EE7, 0x7EE7, 0x360 },
    { 0x7EEA, 0x7EEA, 0x361 },
    { 0x7EED, 0x7EED, 0x362 },
    { 0x7EF4, 0x7EF4, 0x363 },
    { 0x7F13, 0x7F13, 0x364 },
    { 0x7F16, 0x7F16, 0x365 },
    { 0x7F29, 0x7F29, 0x366 },
    { 0x7F3A, 0x7F3A, 0x367 },
    { 0x7F51, 0x7F51, 0x368 },
    { 0x7F55, 0x7F55, 0x369 },
    { 0x7F62, 0x7F62, 0x36A },
    { 0x7F6E, 0x7F6E, 0x36B },
    { 0x7F8E, 0x7F8E, 0x36C },
    { 0x7FA4, 0x7FA4, 0x36D },
    { 0x7FFB, 0x7FFB, 0x36E },
    { 0x8003, 0x8003, 0x36F },
    { 0x8005, 0x8005, 0x370 },
    { 0x800C, 0x800C, 0x371 },
    { 0x8010, 0x8010, 0x372 },
    { 0x8096, 0x8096, 0x373 },
    { 0x80CC, 0x80CC, 0x374 },
    { 0x80D6, 0x80D6, 0x375 },
    { 0x80DC, 0x80DC, 0x376 },
    { 0x80FD, 0x80FD, 0x377 },
    { 0x8111, 0x8111, 0x378 },
    { 0x811A, 0x811A, 0x379 },
    { 0x814A, 0x814A, 0x37A },
    { 0x81EA, 0x81EA, 0x37B },
    { 0x81F3, 0x81F3, 0x37C },
    { 0x8272, 0x8272, 0x37D },
    { 0x8282, 0x8282, 0x37E },
    { 0x8292, 0x8292, 0x37F },
    { 0x82AF, 0x82AF, 0x380 },
    { 0x82B1, 0x82B1, 0x381 },
    { 0x82E5, 0x82E5, 0x382 },
    { 0x8303, 0x8303, 0x383 },
    { 0x83B7, 0x83B7, 0x384 },
    { 0x83C7, 0x83C7, 0x385 },
    { 0x83DC, 0x83DC, 0x386 },
    { 0x8425, 0x8425, 0x387 },
    { 0x843D, 0x843D, 0x388 },
    { 0x8457, 0x8457, 0x389 },
    { 0x84C4, 0x84C4, 0x38A },
    { 0x84DD, 0x84DD, 0x38B },
    { 0x85CF, 0x85CF, 0x38C },
    { 0x8611, 0x8611, 0x38D },
    { 0x865A, 0x865A, 0x38E },
    { 0x86CB, 0x86CB, 0x38F },
    { 0x86F0, 0x86F0, 0x390 },
    { 0x8717, 0x8717, 0x391 },
    { 0x8788, 0x8788, 0x392 },
    { 0x884C, 0x884C, 0x393 },
    { 0x8868, 0x8868, 0x394 },
    { 0x88AB, 0x88AB, 0x395 },
    { 0x88C1, 0x88C1, 0x396 },
    { 0x88C5, 0x88C5, 0x397 },
    { 0x892A, 0x892A, 0x398 },
    { 0x897F, 0x897F, 0x399 },
    { 0x8981, 0x8981, 0x39A },
    { 0x89C1, 0x89C1, 0x39B },
    { 0x89C4, 0x89C4, 0x39C },
    { 0x89C6, 0x89C6, 0x39D },
    { 0x89C8, 0x89C8, 0x39E },
    { 0x89D2, 0x89D2, 0x39F },
    { 0x89E3, 0x89E3, 0x3A0 },
    { 0x89E6, 0x89E6, 0x3A1 },
    { 0x8A00, 0x8A00, 0x3A2 },
    { 0x8BA1, 0x8BA2, 0x3A3 },
    { 0x8BA4, 0x8BA4, 0x3A5 },
    { 0x8BB0, 0x8BB0, 0x3A6 },
    { 0x8BBE, 0x8BBE, 0x3A7 },
    { 0x8BC1, 0x8BC1, 0x3A8 },
    { 0x8BC4, 0x8BC4, 0x3A9 },
    { 0x8BC6, 0x8BC6, 0x3AA },
    { 0x8BCD, 0x8BCD, 0x3AB },
    { 0x8BD5, 0x8BD5, 0x3AC },
    { 0x8BD7, 0x8BD7, 0x3AD },
    { 0x8BDD, 0x8BDD, 0x3AE },
    { 0x8BE2, 0x8BE2, 0x3AF },
    { 0x8BE5, 0x8BE6, 0x3B0 },
    { 0x8BED, 0x8BED, 0x3B2 },
    { 0x8BEF, 0x8BEF, 0x3B3 },
    { 0x8BF4, 0x8BF4, 0x3B4 },
    { 0x8BF7, 0x8BF7, 0x3B5 },
    { 0x8BFB, 0x8BFB, 0x3B6 },
    { 0x8C03, 0x8C03, 0x3B7 },
    { 0x8C1C, 0x8C1C, 0x3B8 },
    { 0x8C28, 0x8C28, 0x3B9 },
    { 0x8C5A, 0x8C5A, 0x3BA },
    { 0x8C61, 0x8C61, 0x3BB },
    { 0x8D1F, 0x8D1F, 0x3BC },
    { 0x8D23, 0x8D23, 0x3BD },
    { 0x8D25, 0x8D26, 0x3BE },
    { 0x8D2F, 0x8D2F, 0x3C0 },
    { 0x8D44, 0x8D44, 0x3C1 },
    { 0x8D5E, 0x8D5E, 0x3C2 },
    { 0x8D70, 0x8D70, 0x3C3 },
    { 0x8D77, 0x8D77, 0x3C4 },
    { 0x8D85, 0x8D85, 0x3C5 },
    { 0x8D8A, 0x8D8A, 0x3C6 },
    { 0x8DB3, 0x8DB3, 0x3C7 },
    { 0x8DDD, 0x8DDD, 0x3C8 },
    { 0x8DDF, 0x8DDF, 0x3C9 },
    { 0x8DF3, 0x8DF3, 0x3CA },
    { 0x8EAB, 0x8EAB, 0x3CB },
    { 0x8F66, 0x8F66, 0x3CC },
    { 0x8F6C, 0x8F6C, 0x3CD },
    { 0x8F7B, 0x8F7B, 0x3CE },
    { 0x8F7D, 0x8F7D, 0x3CF },
    { 0x8F85, 0x8F85, 0x3D0 },
    { 0x8F91, 0x8F91, 0x3D1 },
    { 0x8F93, 0x8F93, 0x3D2 },
    { 0x8FB9, 0x8FB9, 0x3D3 },
    { 0x8FBE, 0x8FBE, 0x3D4 },
    { 0x8FC1, 0x8FC1, 0x3D5 },
    { 0x8FC7, 0x8FC7, 0x3D6 },
    { 0x8FD0, 0x8FD1, 0x3D7 },
    { 0x8FD4, 0x8FD4, 0x3D9 },
    { 0x8FD8, 0x8FD9, 0x3DA },
    { 0x8FDB, 0x8FDC, 0x3DC },
    { 0x8FDE, 0x8FDE, 0x3DE },
    { 0x8FF0, 0x8FF0, 0x3DF },
    { 0x9000, 0x9002, 0x3E0 },
    { 0x9006, 0x9006, 0x3E3 },
    { 0x9009, 0x9009, 0x3E4 },
    { 0x900F, 0x900F, 0x3E5 },
    { 0x9014, 0x9014, 0x3E6 },
    { 0x901A, 0x901A, 0x3E7 },
    { 0x901F, 0x9020, 0x3E8 },
    { 0x9053, 0x9053, 0x3EA },
    { 0x9065, 0x9065, 0x3EB },
    { 0x9075, 0x9075, 0x3EC },
    { 0x90BB, 0x90BB, 0x3ED },
    { 0x90E8, 0x90E8, 0x3EE },
    { 0x90FD, 0x90FD, 0x3EF },
    { 0x9149, 0x9149, 0x3F0 },
    { 0x914D, 0x914D, 0x3F1 },
    { 0x9192, 0x9192, 0x3F2 },
    { 0x91CA, 0x91CA, 0x3F3 },
    { 0x91CC, 0x91CD, 0x3F4 },
    { 0x91CF, 0x91CF, 0x3F6 },
    { 0x9488, 0x9488, 0x3F7 },
    { 0x949F, 0x949F, 0x3F8 },
    { 0x94FE, 0x94FE, 0x3F9 },
    { 0x9500, 0x9501, 0x3FA },
    { 0x9505, 0x9505, 0x3FC },
    { 0x9519, 0x9519, 0x3FD },
    { 0x952E, 0x952F, 0x3FE },
    { 0x955C, 0x955C, 0x400 },
    { 0x957F, 0x957F, 0x401 },
    { 0x95E8, 0x95E8, 0x402 },
    { 0x95EA, 0x95EA, 0x403 },
    { 0x95ED, 0x95EE, 0x404 },
    { 0x95F0, 0x95F0, 0x406 },
    { 0x95F4, 0x95F4, 0x407 },
    { 0x9605, 0x9605, 0x408 },
    { 0x9636, 0x9636, 0x409 },
    { 0x9644, 0x9644, 0x40A },
    { 0x9664, 0x9664, 0x40B },
    { 0x9669, 0x9669, 0x40C },
    { 0x968F, 0x9690, 0x40D },
    { 0x969C, 0x969C, 0x40F },
    { 0x96B6, 0x96B6, 0x410 },
    { 0x96BE, 0x96BE, 0x411 },
    { 0x96C6, 0x96C6, 0x412 },
    { 0x96F7, 0x96F7, 0x413 },
    { 0x9700, 0x9700, 0x414 },
    { 0x9707, 0x9707, 0x415 },
    { 0x9752, 0x9752, 0x416 },
    { 0x975E, 0x975E, 0x417 },
    { 0x9762, 0x9762, 0x418 },
    { 0x97F3, 0x97F3, 0x419 },
    { 0x9875, 0x9876, 0x41A },
    { 0x9879, 0x987A, 0x41C },
    { 0x9884, 0x9884, 0x41E },
    { 0x9886, 0x9886, 0x41F },
    { 0x9891, 0x9891, 0x420 },
    { 0x9897, 0x9898, 0x421 },
    { 0x989D, 0x989D, 0x423 },
    { 0x98CE, 0x98CE, 0x424 },
    { 0x98DF, 0x98DF, 0x425 },
    { 0x996D, 0x996D, 0x426 },
    { 0x9988, 0x9988, 0x427 },
    { 0x9996, 0x9996, 0x428 },
    { 0x9999, 0x9999, 0x429 },
    { 0x9A7E, 0x9A7E, 0x42A },
    { 0x9A8C, 0x9A8C, 0x42B },
    { 0x9A91, 0x9A91, 0x42C },
    { 0x9AD8, 0x9AD8, 0x42D },
    { 0x9C7C, 0x9C7C, 0x42E },
    { 0x9E2D, 0x9E2D, 0x42F },
    { 0x9E45, 0x9E45, 0x430 },
    { 0x9E70, 0x9E70, 0x431 },
    { 0x9ED1, 0x9ED1, 0x432 },
    { 0x9ED8, 0x9ED8, 0x433 },
    { 0x9F50, 0x9F50, 0x434 },
    { 0x9F7F, 0x9F7F, 0x435 },
    { 0x9F99, 0x9F99, 0x436 },
    { 0x9F9F, 0x9F9F, 0x437 },
    { 0xFF01, 0xFF9F, 0x438 },
    { 0xFFA1, 0xFFBE, 0x4D7 },
    { 0xFFC2, 0xFFC7, 0x4F5 },
    { 0xFFCA, 0xFFCF, 0x4FB },
    { 0xFFD2, 0xFFD7, 0x501 },
    { 0xFFDA, 0xFFDC, 0x507 },
    { 0xFFE0, 0xFFE6, 0x50A },
    { 0xFFE8, 0xFFEE, 0x511 },
};

static const EpdFontGroup notosans_cjk_14Groups[] = {
    { 0, 3208, 7397, 95, 0 },
    { 3208, 3015, 9121, 96, 95 },
    { 6223, 270, 527, 18, 191 },
    { 6493, 26896, 65484, 366, 209 },
    { 33389, 31693, 65404, 330, 575 },
    { 65082, 24485, 54120, 399, 905 },
};

static const EpdFontData notosans_cjk_14 = {
    notosans_cjk_14Bitmaps,
    notosans_cjk_14Glyphs,
    notosans_cjk_14Intervals,
    730,
    42,
    34,
    -9,
    true,
    notosans_cjk_14Groups,
    6,
    nullptr,
    nullptr,
    nullptr,
    nullptr,
    nullptr,
    nullptr,
    nullptr,
    nullptr,
    nullptr,
    nullptr,
    nullptr,
    0,
    0,
    0,
    0,
    nullptr,
    0,
};
