/**
 * generated by fontconvert.py
 * name: notosans_cjk_16
 * size: 16
 * mode: 2-bit  compressed: true
 * Command used: F:\paperread\crossmux\lib\EpdFont\scripts\fontconvert.py notosans_cjk_16 16 F:\paperread\fontwork\cjkcomp\NotoSansSC.i18n.otf --2bit --compress --additional-intervals 0x4E00,0x9FFF --additional-intervals 0x3000,0x303F --additional-intervals 0xFF00,0xFFEF
 */
#pragma once
#include "EpdFontData.h"

static const uint8_t notosans_cjk_16Bitmaps[103586] = {
    0xBD, 0x5A, 0x3D, 0x90, 0xE4, 0xC6, 0x75, 0x7E, 0x00, 0x78, 0x0B, 0x89, 0x28, 0x15, 0x18, 0x78,
    0x25, 0x9B, 0x57, 0x26, 0x1C, 0xB8, 0x5C, 0x65, 0xDA, 0x3C, 0x24, 0x0E, 0x1C, 0xDC, 0x4D, 0x43,
    0x74, 0xE0, 0xC0, 0x01, 0x37, 0xD8, 0x11, 0x83, 0x0B, 0xE8, 0x40, 0x81, 0x4A, 0x0C, 0xD6, 0x81,
    0x02, 0x06, 0x3B, 0x3B, 0x30, 0x19, 0x28, 0xE4, 0xB9, 0x8A, 0x8A, 0xCD, 0xE0, 0x02, 0x72, 0x15,
    0x5C, 0xE2, 0xE0, 0xA4, 0x9A, 0x19, 0xA0, 0xCC, 0xC0, 0x81, 0x03, 0x0E, 0xCD, 0x72, 0xA4, 0x80,
    0xB0, 0xBD, 0x67, 0x5B, 0x72, 0x70, 0xB0, 0x04, 0x4B, 0xB8, 0x23, 0x06, 0xED, 0xEF, 0x7B, 0x0D,
    0xCC, 0xEE, 0xDE, 0xEF, 0x9E, 0x48, 0x69, 0x81, 0x7E, 0x18, 0x00, 0x0D, 0x74, 0xF7, 0xFB, 0xF9,
    0xDE, 0x0F, 0xD6, 0x88, 0xD9, 0x6E, 0x93, 0x87, 0xB6, 0x57, 0xB0, 0xFD, 0x9E, 0xB8, 0x3F, 0x23,
    0x45, 0x66, 0xB3, 0xB9, 0x3C, 0x27, 0x2F, 0x7B, 0x1F, 0x18, 0xAF, 0x3D, 0xDD, 0xA5, 0x4D, 0xA5,
    0xC1, 0xFE, 0x92, 0xD4, 0xD8, 0x5D, 0xEF, 0xAB, 0xFC, 0xF1, 0x00, 0x79, 0xCB, 0xAB, 0x1C, 0xD9,
    0xFD, 0xD1, 0xB7, 0xEE, 0x88, 0xB1, 0xD6, 0x66, 0x2F, 0xF7, 0x3F, 0xBC, 0x9F, 0x49, 0x1D, 0x94,
    0x72, 0x86, 0x54, 0x61, 0x2E, 0x1E, 0xC9, 0x9B, 0xF7, 0x6F, 0xFD, 0x54, 0x0A, 0x6B, 0x7B, 0x79,
    0xFD, 0xCE, 0x1B, 0xFB, 0x12, 0x94, 0xB1, 0x9C, 0x25, 0xF9, 0x4B, 0x22, 0xA1, 0x23, 0xAF, 0x88,
    0x44, 0x19, 0x88, 0xF8, 0xEB, 0x33, 0x0D, 0xC3, 0xA5, 0xBD, 0x88, 0xB5, 0xEB, 0xA0, 0xBF, 0xDE,
    0x44, 0x95, 0xD4, 0x31, 0x5E, 0xBF, 0x6D, 0xE8, 0x12, 0x61, 0x5A, 0xC1, 0x06, 0xCF, 0x59, 0x9C,
    0xA4, 0x1D, 0x4E, 0x6C, 0x2E, 0x32, 0xC7, 0x83, 0x51, 0x83, 0x17, 0xE0, 0x82, 0x6C, 0xDB, 0x73,
    0x68, 0x89, 0xF8, 0xAD, 0x39, 0xB9, 0x5C, 0x47, 0x78, 0xA7, 0x57, 0xE0, 0xDD, 0x61, 0x75, 0x7E,
    0x4C, 0xFC, 0x79, 0x2B, 0x10, 0x5C, 0x0E, 0x6D, 0xA9, 0x97, 0x92, 0x57, 0x6B, 0xE1, 0xB2, 0x26,
    0xD2, 0x4A, 0x9C, 0x89, 0x1C, 0x62, 0x4B, 0x84, 0xC7, 0xAB, 0xD8, 0x44, 0x6E, 0x83, 0xBE, 0xA5,
    0xC7, 0x6B, 0xCA, 0x3D, 0x1C, 0xC9, 0x28, 0x5C, 0xBB, 0xCA, 0xC7, 0xD8, 0x2F, 0xCA, 0x0F, 0x72,
    0xF4, 0x5A, 0xC4, 0xBE, 0x6D, 0x04, 0x9C, 0x7E, 0x25, 0x5C, 0x2F, 0x24, 0xFE, 0x49, 0x7D, 0x35,
    0xCE, 0x26, 0x9C, 0xF2, 0x3F, 0x24, 0x7C, 0xE3, 0xB7, 0xA5, 0x4E, 0x24, 0x56, 0x26, 0x5C, 0xD1,
    0x63, 0x50, 0x5E, 0xD1, 0x11, 0xE3, 0xCC, 0x1D, 0xD9, 0x2B, 0x56, 0xE1, 0xB8, 0xE3, 0x5B, 0xB8,
    0x9A, 0xE2, 0x58, 0x4B, 0x54, 0x5E, 0xC3, 0xC4, 0x2B, 0x09, 0xEE, 0xB7, 0xA2, 0x93, 0xB5, 0x98,
    0x81, 0x87, 0x47, 0x2E, 0xE1, 0xF6, 0x4E, 0xCB, 0x65, 0xA5, 0x16, 0xA7, 0x32, 0x7F, 0x83, 0x53,
    0xEA, 0x02, 0xDE, 0x6E, 0x7C, 0x4C, 0xD7, 0xAF, 0xF5, 0x77, 0x1D, 0xAC, 0x79, 0x25, 0xE2, 0xDD,
    0x36, 0x65, 0xCF, 0xAE, 0xE7, 0x53, 0x73, 0x7D, 0xD6, 0x90, 0x33, 0x1E, 0x58, 0x9B, 0xE4, 0x21,
    0x38, 0x9D, 0x4A, 0xF2, 0x69, 0x4D, 0x95, 0xFB, 0x66, 0x27, 0x33, 0x99, 0x4B, 0x01, 0x06, 0x2F,
    0xC5, 0xFC, 0x63, 0x83, 0x63, 0xFC, 0xAB, 0x1A, 0xBF, 0x03, 0xF0, 0x0E, 0x6C, 0xC4, 0x13, 0x26,
    0x13, 0x5B, 0x4B, 0x52, 0x45, 0xB6, 0xCF, 0xC0, 0xF5, 0xCA, 0x96, 0x1E, 0xF4, 0x21, 0xC9, 0xE5,
    0x12, 0x07, 0x79, 0xF9, 0x8C, 0xFA, 0xA6, 0xD8, 0x5E, 0xC2, 0x86, 0xBF, 0xEF, 0x09, 0xE6, 0x16,
    0xAC, 0xC3, 0x32, 0xCE, 0x63, 0x5C, 0x9D, 0x80, 0xB3, 0x87, 0xB2, 0xD0, 0xAD, 0xDD, 0x6E, 0xEE,
    0xFC, 0x10, 0xF7, 0x26, 0x9C, 0x11, 0x78, 0x11, 0x95, 0x41, 0x09, 0xA5, 0xA9, 0x21, 0x82, 0x17,
    0x94, 0xFF, 0xB8, 0x8E, 0xAB, 0x79, 0x58, 0x06, 0x6B, 0xBF, 0xF6, 0x6A, 0x69, 0xF0, 0x58, 0x37,
    0x3C, 0x76, 0xBA, 0xB9, 0xD7, 0x36, 0x5E, 0x4D, 0x5E, 0x04, 0x65, 0x54, 0xC6, 0x59, 0xA2, 0x23,
    0xE2, 0xEF, 0x0F, 0x45, 0xFE, 0x9C, 0x22, 0x7C, 0xE1, 0xF0, 0xB9, 0x55, 0xDF, 0xCD, 0x6D, 0xBB,
    0x63, 0x33, 0xDF, 0x4A, 0x78, 0xB7, 0x8C, 0xDF, 0x59, 0xC7, 0x9E, 0x6A, 0x8C, 0x7F, 0x83, 0xB2,
    0x5A, 0x3F, 0x81, 0x4C, 0x5F, 0xBF, 0x33, 0xA5, 0x21, 0x58, 0x47, 0x9E, 0xDC, 0xD9, 0x11, 0xF7,
    0x17, 0xAF, 0x93, 0x3A, 0x69, 0xA0, 0xCB, 0xB5, 0xD4, 0x7E, 0x15, 0x95, 0x46, 0x35, 0x6E, 0x77,
    0x9A, 0xCD, 0x6D, 0x89, 0x9D, 0x56, 0x3D, 0xCF, 0x8B, 0xD2, 0x64, 0x50, 0x6E, 0x95, 0xB5, 0xAA,
    0x0B, 0x8E, 0x57, 0xD0, 0xAE, 0xA9, 0xAA, 0x88, 0x2A, 0x67, 0xA3, 0x6A, 0x02, 0x39, 0x3B, 0x35,
    0xA7, 0x8A, 0x84, 0x68, 0x51, 0x2E, 0x83, 0x66, 0x3D, 0xF9, 0x91, 0xEA, 0x62, 0x8F, 0x48, 0x74,
    0x22, 0x58, 0x62, 0xE6, 0xF7, 0x45, 0x19, 0xD6, 0x21, 0xCC, 0xD5, 0x6F, 0x20, 0xEA, 0x0E, 0x0A,
    0xD5, 0x19, 0x91, 0x25, 0xDA, 0x11, 0xDB, 0x04, 0x13, 0x3F, 0x7A, 0xA0, 0xE1, 0xDA, 0x64, 0xB8,
    0x3F, 0x83, 0x52, 0x2F, 0x13, 0x3C, 0x13, 0x97, 0x5E, 0x1B, 0x55, 0x41, 0x1D, 0xB4, 0x49, 0xE5,
    0x59, 0xAC, 0xD7, 0x40, 0x29, 0xBD, 0x3D, 0xA7, 0xDA, 0x07, 0x6B, 0x89, 0xAD, 0x6B, 0x12, 0x7D,
    0x39, 0xED, 0xE5, 0x5B, 0x3F, 0x7B, 0x1F, 0xB8, 0xD6, 0xB0, 0xC9, 0x9B, 0x27, 0x50, 0x63, 0xA8,
    0xEA, 0x7D, 0xB0, 0x3A, 0x8B, 0xAB, 0xAB, 0x12, 0x90, 0x13, 0xE0, 0x8A, 0xD7, 0x9E, 0x36, 0x9E,
    0xF3, 0x3A, 0x71, 0x84, 0x80, 0x94, 0xA8, 0x4C, 0x44, 0x80, 0x49, 0x7E, 0xEB, 0xF0, 0x29, 0xC5,
    0xA5, 0xC2, 0x81, 0x91, 0x9E, 0xFE, 0xE7, 0xF1, 0x31, 0xB5, 0x40, 0x35, 0xE1, 0xF9, 0x9F, 0x8A,
    0xE2, 0x9B, 0x84, 0x7D, 0xD1, 0x48, 0x54, 0xA1, 0x93, 0x2F, 0xA2, 0x96, 0x77, 0xB4, 0x25, 0xC4,
    0x23, 0xBE, 0xD0, 0xE1, 0x59, 0x82, 0x77, 0xC4, 0x44, 0xB9, 0x98, 0x06, 0xFD, 0x7C, 0x51, 0x8F,
    0x37, 0x38, 0x88, 0xD0, 0xDE, 0x30, 0x86, 0x92, 0x5C, 0xC9, 0x57, 0x78, 0x0D, 0x17, 0x0A, 0x49,
    0x9B, 0xB0, 0x03, 0xAA, 0x61, 0x69, 0x90, 0x51, 0xEE, 0x18, 0x39, 0xD0, 0xB8, 0x1E, 0xDE, 0x2C,
    0x86, 0x64, 0x45, 0xB9, 0xFF, 0x92, 0xD8, 0xFA, 0x73, 0x90, 0xE8, 0x5F, 0x40, 0x92, 0xB7, 0x41,
    0x0C, 0x11, 0x63, 0x09, 0xE2, 0xB5, 0x20, 0x01, 0x0C, 0x06, 0x5C, 0x03, 0x89, 0x73, 0x10, 0x93,
    0x81, 0x19, 0x73, 0xAC, 0x6A, 0xAD, 0x64, 0x77, 0xFA, 0xFA, 0xFF, 0x65, 0xC4, 0x17, 0x79, 0x3C,
    0x99, 0x4E, 0xF7, 0x01, 0x2B, 0x60, 0xB2, 0x12, 0xF2, 0xF2, 0x4C, 0x87, 0xE0, 0x01, 0xF2, 0xBF,
    0x1F, 0x12, 0xDE, 0xC1, 0xAB, 0xC0, 0xDE, 0xEA, 0xC4, 0x5B, 0xFB, 0x0E, 0xA0, 0x4E, 0x17, 0xCD,
    0xF5, 0x26, 0x5B, 0xA2, 0xA7, 0x26, 0xFB, 0x0A, 0xBB, 0xA4, 0xE4, 0x69, 0x7A, 0x72, 0xB9, 0x13,
    0x40, 0x50, 0xAD, 0x2A, 0x3A, 0x2C, 0xDC, 0x5B, 0x65, 0x84, 0x46, 0x5E, 0xFB, 0x9F, 0x8D, 0xF8,
    0x1B, 0x98, 0xBA, 0x8E, 0x46, 0x85, 0x50, 0x2F, 0x23, 0x89, 0xBE, 0xDB, 0x79, 0x50, 0x92, 0x10,
    0xCF, 0x1A, 0x03, 0x7C, 0x35, 0xF7, 0xBE, 0xD1, 0x12, 0x19, 0x3B, 0x0E, 0x7F, 0xC4, 0xBB, 0xC6,
    0x91, 0x54, 0x09, 0x7A, 0x81, 0x2F, 0x24, 0x84, 0xC2, 0xB0, 0x46, 0x3F, 0xBF, 0x0B, 0x1B, 0x8A,
    0x1B, 0xBA, 0x92, 0x8C, 0x33, 0xD8, 0x9D, 0x4E, 0xA7, 0xE4, 0xD7, 0x5C, 0x81, 0x81, 0x9E, 0xCA,
    0xA3, 0x4A, 0xD1, 0x83, 0xD1, 0xC7, 0xE5, 0x6E, 0x6C, 0x18, 0x07, 0x40, 0x6A, 0x7B, 0x9B, 0xFC,
    0x09, 0xEA, 0x53, 0xCD, 0xE3, 0x6C, 0xCF, 0xB9, 0xC6, 0xA1, 0x25, 0x43, 0xDB, 0xB9, 0xA9, 0x6B,
    0x0E, 0xFA, 0x5B, 0x15, 0xCC, 0xA9, 0xC1, 0xAD, 0x16, 0x6F, 0x5E, 0x80, 0x4F, 0x0B, 0x1E, 0x79,
    0x8E, 0x09, 0x36, 0xFE, 0x06, 0xE3, 0x16, 0x3F, 0x29, 0xD1, 0x57, 0x82, 0x5F, 0xDA, 0x32, 0x2E,
    0x81, 0x3E, 0x98, 0x35, 0x46, 0xDF, 0xC0, 0xCC, 0x27, 0x33, 0x2C, 0x6C, 0xE6, 0x4C, 0x75, 0x8E,
    0x35, 0x6F, 0xE2, 0x2A, 0x6C, 0x43, 0x32, 0x94, 0xFC, 0xE4, 0x62, 0xD2, 0xF7, 0x85, 0xE8, 0x1E,
    0xF5, 0x7C, 0x36, 0xAE, 0x4C, 0x16, 0xD4, 0x06, 0xBA, 0x02, 0x2D, 0xEE, 0xF0, 0xDC, 0x02, 0x6D,
    0x76, 0xE4, 0xCC, 0x1F, 0x66, 0xEE, 0xF5, 0x49, 0x19, 0xF6, 0x71, 0x5F, 0x1C, 0xF9, 0x16, 0x5D,
    0x5E, 0xCC, 0x67, 0xA7, 0x8B, 0xDC, 0xF2, 0xA1, 0xFE, 0x2A, 0xCC, 0x2A, 0xBD, 0x31, 0xCF, 0x13,
    0xB0, 0x87, 0xDE, 0x53, 0x76, 0x05, 0x21, 0x8D, 0xC9, 0x8A, 0x72, 0x9E, 0xA7, 0xF2, 0xF0, 0xDF,
    0x29, 0x20, 0xEE, 0x64, 0x78, 0xB2, 0x86, 0xE7, 0x29, 0x1F, 0xEE, 0xF5, 0x68, 0x5C, 0xA5, 0xE6,
    0x8D, 0x3A, 0x15, 0x59, 0x7A, 0xBC, 0xC6, 0x45, 0x20, 0xA1, 0x05, 0xC4, 0x17, 0xCD, 0x68, 0x63,
    0x05, 0x95, 0xE3, 0x72, 0x4F, 0xC5, 0x28, 0xEE, 0xD1, 0xC1, 0x52, 0xA2, 0x10, 0x29, 0xF5, 0x49,
    0x3B, 0x84, 0xEE, 0x65, 0x10, 0xED, 0x39, 0xD8, 0x7F, 0xDC, 0xDF, 0x03, 0xFD, 0x6E, 0x6C, 0x8D,
    0x5E, 0x87, 0x8C, 0x68, 0xAB, 0x72, 0xB0, 0x51, 0x17, 0x5C, 0x0D, 0x53, 0x73, 0x93, 0xDC, 0xE1,
    0xAF, 0x02, 0x38, 0x93, 0x60, 0x32, 0x3A, 0x8B, 0x39, 0xE7, 0x53, 0x70, 0x66, 0x37, 0x4F, 0xDF,
    0x0F, 0xC7, 0x40, 0xD6, 0x25, 0x76, 0x23, 0xF3, 0xBF, 0x2B, 0xE4, 0x4F, 0xD5, 0x36, 0xCE, 0xE9,
    0x49, 0xEE, 0xB4, 0x1B, 0x83, 0x7A, 0x9D, 0x53, 0x2B, 0xAA, 0xD4, 0x78, 0xD9, 0x0C, 0x1A, 0xF8,
    0xC7, 0x0F, 0xF1, 0xDA, 0x8D, 0x55, 0xE4, 0x6E, 0x3A, 0xCF, 0x9D, 0xBB, 0x7B, 0xA0, 0x0C, 0xC2,
    0xA8, 0x56, 0x63, 0x08, 0x7B, 0xC3, 0x63, 0x5F, 0x5A, 0x40, 0x3C, 0xBC, 0x9B, 0x6A, 0xAC, 0x08,
    0x07, 0xA9, 0x6B, 0x9F, 0x6B, 0xCE, 0xF8, 0xA0, 0xF2, 0xF0, 0x34, 0xE9, 0xDB, 0x70, 0xFE, 0x40,
    0x16, 0xFB, 0x79, 0x1E, 0x67, 0x31, 0x5C, 0xCB, 0x3C, 0x8B, 0xE0, 0x98, 0xE3, 0x3C, 0x81, 0x4B,
    0xBF, 0xA2, 0x2E, 0x3F, 0xCA, 0xAF, 0xE1, 0x19, 0x77, 0x3C, 0x14, 0x06, 0x49, 0x08, 0xB2, 0x70,
    0x25, 0x86, 0x38, 0x5B, 0xBD, 0x73, 0x55, 0x7D, 0xBD, 0x0B, 0x20, 0x36, 0x7A, 0xCF, 0xFC, 0xD5,
    0x5D, 0x00, 0xCD, 0x15, 0xCC, 0x8B, 0x9E, 0x03, 0xEA, 0xDD, 0x84, 0xBD, 0x33, 0x34, 0x95, 0xDC,
    0xA0, 0x2C, 0xC1, 0x10, 0x07, 0x2B, 0xEE, 0xEA, 0x5A, 0x73, 0xF1, 0xB9, 0x9E, 0xA8, 0x9F, 0x16,
    0xA5, 0x0A, 0xDA, 0x2A, 0xFE, 0xC8, 0xCE, 0xF1, 0x9E, 0x13, 0xA2, 0x52, 0x15, 0x8D, 0xA7, 0xA1,
    0x96, 0x4F, 0xFF, 0x2C, 0xC1, 0x7F, 0x91, 0x86, 0x9F, 0x52, 0x65, 0xA2, 0x8F, 0xF8, 0xD6, 0xF8,
    0x6D, 0x05, 0xDB, 0x6F, 0xB6, 0xBA, 0xD0, 0x4E, 0xF9, 0xB8, 0x50, 0xAC, 0x3F, 0x52, 0x56, 0x18,
    0x55, 0xFF, 0x54, 0xFD, 0x0B, 0xB8, 0xE4, 0x5B, 0x3A, 0xBE, 0x40, 0x69, 0x78, 0xFF, 0xF8, 0x87,
    0x15, 0x45, 0x83, 0xE9, 0x41, 0x6E, 0x41, 0xA3, 0x1D, 0x5A, 0xC5, 0xFB, 0x6E, 0xF0, 0x3B, 0x47,
    0x2A, 0xC7, 0xA5, 0x6A, 0xC8, 0x74, 0x4A, 0xE9, 0x20, 0x4E, 0x27, 0x69, 0x70, 0x31, 0x62, 0xA0,
    0x06, 0x2C, 0x5C, 0xF2, 0xEE, 0x92, 0x23, 0x8F, 0xE4, 0x88, 0x84, 0x77, 0x2F, 0x37, 0xEC, 0xBC,
    0x26, 0xA9, 0x64, 0x35, 0x7D, 0x73, 0xA3, 0x9D, 0xB3, 0x25, 0x91, 0x64, 0x49, 0x75, 0x59, 0x52,
    0x39, 0xF8, 0x6B, 0x3D, 0x9E, 0xA6, 0x24, 0x45, 0xB6, 0x9A, 0xDE, 0xEA, 0xDD, 0x40, 0x85, 0xBD,
    0x4F, 0x0E, 0xC0, 0x83, 0xD2, 0xDF, 0x64, 0xCC, 0x15, 0x2A, 0x04, 0x83, 0x61, 0x0D, 0x80, 0x95,
    0x35, 0x55, 0x40, 0xE2, 0x6A, 0x04, 0x58, 0xE7, 0xA7, 0xB2, 0x11, 0xC6, 0x8D, 0x3C, 0x82, 0x9C,
    0xE2, 0x7B, 0x39, 0x3E, 0x16, 0xA9, 0x53, 0x00, 0x13, 0xFF, 0xDA, 0xEB, 0xC9, 0xAA, 0xE2, 0xCE,
    0x01, 0x55, 0x1C, 0x33, 0xF7, 0x55, 0x32, 0x88, 0x2F, 0x87, 0xE5, 0xF7, 0xE2, 0x16, 0xB3, 0x94,
    0x83, 0x16, 0xC4, 0xEF, 0xB7, 0x2B, 0x4A, 0xB7, 0x2B, 0xD2, 0xC5, 0x44, 0x15, 0x48, 0x58, 0x8F,
    0x24, 0xA8, 0xCF, 0x9D, 0x86, 0xD5, 0xD8, 0x45, 0x3B, 0x2B, 0x37, 0x4C, 0xBE, 0xA4, 0xCC, 0x97,
    0x02, 0xCF, 0xBA, 0x3A, 0x56, 0x24, 0x84, 0xB5, 0x16, 0xF6, 0x44, 0x8D, 0x7A, 0x8F, 0xCC, 0x60,
    0xA3, 0x31, 0x2F, 0x1F, 0xD3, 0x78, 0x8F, 0x4F, 0xB1, 0xAD, 0x30, 0xE3, 0xE5, 0x13, 0xFA, 0xB2,
    0x15, 0xC7, 0xC7, 0x37, 0xD1, 0xB7, 0x63, 0xBB, 0xE8, 0x18, 0x3A, 0xCE, 0xF1, 0x71, 0x36, 0x8E,
    0xF3, 0xB4, 0x31, 0xCE, 0x36, 0x91, 0x3F, 0xF9, 0x6F, 0x15, 0x23, 0x2C, 0x92, 0xB2, 0xB5, 0x37,
    0xFC, 0x8E, 0x62, 0xFC, 0x9B, 0x07, 0xC4, 0x98, 0x3C, 0x52, 0x8C, 0xDE, 0xF1, 0x87, 0x06, 0x02,
    0xD9, 0xE0, 0x17, 0x48, 0xC6, 0xD8, 0x0E, 0xFD, 0x66, 0x14, 0xE3, 0x8C, 0x30, 0x30, 0xA3, 0x18,
    0x67, 0x14, 0xE3, 0x0C, 0x62, 0xC4, 0x80, 0xC5, 0x9D, 0xEB, 0x1B, 0x8A, 0xB1, 0xA1, 0xE2, 0xA3,
    0xEB, 0xA5, 0x3D, 0xD9, 0xA7, 0xA7, 0x1C, 0xE5, 0x71, 0x21, 0xB2, 0xA2, 0xC8, 0x88, 0xA5, 0x8E,
    0x80, 0xAD, 0xD7, 0xEB, 0x67, 0x7A, 0xC1, 0x29, 0xD9, 0x5F, 0x3E, 0xE6, 0xCF, 0xB9, 0x6F, 0x7A,
    0xDF, 0x2F, 0xDA, 0x22, 0xF5, 0xE0, 0xBF, 0x0B, 0xB5, 0x5A, 0x41, 0x23, 0xCD, 0xBF, 0x16, 0x59,
    0xC2, 0x68, 0x48, 0x9D, 0x5D, 0xC6, 0xD5, 0x5F, 0xA2, 0x52, 0x98, 0x6C, 0xB0, 0x5C, 0x9F, 0x56,
    0x1A, 0x31, 0xCB, 0x02, 0x17, 0x97, 0xE4, 0xF6, 0x92, 0x28, 0xB5, 0x24, 0x13, 0x97, 0x64, 0xE7,
    0x32, 0x25, 0x61, 0xE6, 0x86, 0x94, 0x85, 0xFE, 0x01, 0xEC, 0x28, 0xE0, 0x8C, 0xA5, 0x28, 0x11,
    0x8B, 0x16, 0x84, 0xDF, 0x25, 0x03, 0x92, 0x25, 0xCD, 0x67, 0xB0, 0x7A, 0x5C, 0x1E, 0xC7, 0x70,
    0x66, 0xEE, 0x4C, 0x61, 0xFF, 0x19, 0x14, 0xE5, 0x59, 0x1A, 0x94, 0xF8, 0xFD, 0xC2, 0x89, 0xA7,
    0x26, 0x70, 0xEE, 0x66, 0xF4, 0x0D, 0xF0, 0xDC, 0x39, 0xBD, 0x09, 0x01, 0x16, 0x8A, 0xBA, 0x66,
    0xCA, 0x89, 0x50, 0x34, 0xB8, 0x9B, 0x2F, 0x41, 0x3F, 0xCB, 0x17, 0xAD, 0x84, 0x1F, 0xE7, 0x0B,
    0xA4, 0xCE, 0xEF, 0xE6, 0x8B, 0x43, 0x89, 0xE3, 0x7C, 0x81, 0xD4, 0x0F, 0x14, 0x29, 0x22, 0x68,
    0x9C, 0x1D, 0x92, 0xEA, 0x1E, 0x96, 0x0D, 0x68, 0xF0, 0x49, 0x0D, 0xEA, 0xFF, 0x7B, 0x05, 0xEA,
    0xFD, 0x62, 0x0D, 0x2A, 0x9F, 0x97, 0xA4, 0x45, 0x4E, 0x8A, 0xB0, 0x3E, 0x5F, 0x68, 0x98, 0xB6,
    0x40, 0x4C, 0x41, 0x2A, 0x5B, 0x3A, 0xA5, 0x7C, 0x0B, 0x46, 0x62, 0x98, 0x13, 0x48, 0x49, 0x82,
    0x59, 0x54, 0xCB, 0x06, 0x64, 0xD1, 0x91, 0xCC, 0x48, 0x0C, 0x49, 0x92, 0x83, 0xC4, 0x25, 0x08,
    0x92, 0x95, 0x6A, 0xE1, 0x37, 0x20, 0xCC, 0xB2, 0x17, 0xB2, 0x22, 0x31, 0x24, 0xC9, 0x3B, 0x20,
    0xF1, 0x47, 0x20, 0xC1, 0x7F, 0x80, 0xF8, 0xBF, 0x02, 0x41, 0x9E, 0xBE, 0x60, 0xBD, 0x02, 0xC4,
    0x90, 0x24, 0x24, 0xD4, 0x87, 0x83, 0x9B, 0xEA, 0xE8, 0xE9, 0x48, 0x8C, 0x86, 0xAC, 0x36, 0x03,
    0x76, 0x07, 0x88, 0x7B, 0x7B, 0x8A, 0x0E, 0xE8, 0x4D, 0xEB, 0x31, 0xB9, 0x8B, 0xF0, 0xD4, 0x9F,
    0xAF, 0x69, 0x5E, 0xD1, 0x9A, 0x86, 0x17, 0x55, 0xA4, 0xA1, 0xA3, 0xF5, 0x99, 0xDF, 0x95, 0xF6,
    0xA9, 0x5C, 0xFF, 0x44, 0xBD, 0x3F, 0x8D, 0x37, 0x2D, 0xA9, 0x37, 0x08, 0xD7, 0x5A, 0xA2, 0x19,
    0x00, 0x32, 0xA0, 0xDE, 0x10, 0x50, 0x69, 0xF3, 0x2C, 0x8D, 0x38, 0x67, 0xC7, 0x9C, 0xFD, 0x21,
    0x9F, 0x72, 0x59, 0xF5, 0xC7, 0x9E, 0xBA, 0x13, 0x45, 0xD6, 0x2D, 0xD1, 0x53, 0x3A, 0x1B, 0xCC,
    0x7C, 0xE5, 0xBD, 0xD1, 0x39, 0x2C, 0x56, 0x54, 0x5E, 0x4D, 0x47, 0x8C, 0xB9, 0x28, 0xF9, 0x6D,
    0x33, 0x26, 0x29, 0x29, 0x0C, 0x30, 0x86, 0x39, 0x13, 0xD3, 0x03, 0x22, 0x5F, 0xB1, 0x7E, 0x88,
    0x31, 0x89, 0xA6, 0xEC, 0xA1, 0x06, 0x0D, 0x81, 0x0B, 0x19, 0xEC, 0x9D, 0xF7, 0x65, 0x48, 0x2D,
    0xD0, 0xAB, 0x1E, 0x23, 0xBD, 0x3D, 0x19, 0x7D, 0x84, 0xA5, 0xF1, 0x7D, 0x63, 0x73, 0xDE, 0xF8,
    0x1E, 0xE0, 0x9B, 0x19, 0xEF, 0x86, 0x9B, 0xD1, 0xB3, 0x22, 0x14, 0x2D, 0x8E, 0x69, 0xEF, 0xF4,
    0x1C, 0x83, 0xF9, 0xA7, 0x04, 0x82, 0x07, 0xCC, 0xDA, 0x7B, 0xC0, 0xAC, 0xD1, 0x67, 0xE7, 0xC7,
    0x34, 0x32, 0x07, 0xAD, 0x56, 0x42, 0xF8, 0x4C, 0xE4, 0xB5, 0xF2, 0x35, 0x87, 0xDF, 0x67, 0x08,
    0x31, 0x3D, 0xE4, 0x2A, 0x02, 0xC6, 0xBD, 0x52, 0x6C, 0x34, 0x8C, 0xE3, 0x12, 0x8B, 0x6E, 0x1B,
    0x7F, 0x16, 0x8A, 0xF7, 0xDA, 0x7F, 0x7D, 0x4A, 0x7E, 0x9F, 0xEF, 0x40, 0xAC, 0x64, 0xF2, 0xF4,
    0xDE, 0xB7, 0x2C, 0xDD, 0x06, 0x35, 0x89, 0xCF, 0x7A, 0xFB, 0x2E, 0xD0, 0xDD, 0xB3, 0x84, 0x64,
    0x25, 0x9A, 0x22, 0xFF, 0xD6, 0xC8, 0xB3, 0xBB, 0x91, 0x27, 0x12, 0x05, 0xC8, 0x8A, 0x9E, 0xA6,
    0x3A, 0x1A, 0xD4, 0x4B, 0x57, 0x9E, 0x94, 0x50, 0x06, 0x84, 0xAA, 0xFD, 0x75, 0x62, 0x38, 0x63,
    0xDF, 0xF9, 0xB8, 0x7C, 0xA2, 0xE9, 0xBE, 0xC6, 0xD8, 0x73, 0x4E, 0xC9, 0xF0, 0x55, 0xF0, 0x98,
    0x41, 0x0D, 0xDF, 0x19, 0x56, 0xE0, 0x7D, 0xB4, 0x06, 0x1B, 0xE3, 0x12, 0x4E, 0x01, 0x80, 0x52,
    0x43, 0x0F, 0x02, 0x96, 0xD9, 0x10, 0xDC, 0x4C, 0x06, 0x94, 0xEE, 0x18, 0x2F, 0x2E, 0x19, 0x2C,
    0x4F, 0x98, 0x1E, 0x69, 0x3E, 0x9E, 0xFE, 0x05, 0x2B, 0x02, 0xDF, 0x67, 0x0A, 0xF8, 0xCF, 0xAC,
    0xCF, 0x7C, 0xCC, 0x42, 0xCD, 0xDD, 0x9C, 0xD2, 0x53, 0xD5, 0x63, 0x40, 0xDA, 0x6B, 0xDE, 0xA4,
    0xBB, 0x51, 0x07, 0xED, 0x12, 0x54, 0xA6, 0xA7, 0x50, 0xF9, 0x79, 0x89, 0x23, 0x94, 0x1E, 0x20,
    0x77, 0x44, 0x15, 0xF8, 0x9C, 0x9A, 0x84, 0xE3, 0x2F, 0x2A, 0x0C, 0x17, 0xAD, 0xBD, 0x9F, 0x33,
    0x79, 0x0D, 0x2B, 0xFF, 0xDF, 0x6A, 0x8C, 0x1C, 0x56, 0xC1, 0x27, 0x0D, 0xA6, 0x04, 0xA0, 0x5B,
    0xB7, 0x88, 0xA4, 0x83, 0x3A, 0x2C, 0x3B, 0xCC, 0xC3, 0x6F, 0xA2, 0x12, 0xE8, 0x87, 0xD9, 0xC6,
    0xF9, 0x8C, 0xF9, 0x6B, 0x1B, 0x67, 0x93, 0x70, 0xAD, 0x45, 0x57, 0xA3, 0xC7, 0x54, 0x52, 0xE6,
    0x62, 0xCB, 0x89, 0x24, 0xAF, 0xD1, 0xFF, 0x5F, 0x23, 0x8E, 0x63, 0x25, 0x40, 0xF2, 0x77, 0x69,
    0xCE, 0x0B, 0x89, 0x3E, 0xA3, 0x4E, 0x61, 0x8C, 0xBB, 0xD4, 0xB8, 0xC6, 0xAD, 0x20, 0x01, 0xEA,
    0xF6, 0xAE, 0x46, 0x41, 0xEB, 0xDB, 0xA5, 0x18, 0x31, 0xD9, 0xA8, 0x72, 0xBC, 0x52, 0x36, 0xB5,
    0x5C, 0x96, 0x72, 0x68, 0xC5, 0x04, 0xC6, 0x30, 0x7C, 0x4F, 0xBE, 0xCF, 0x9A, 0x8C, 0x72, 0xC3,
    0x8E, 0xDC, 0x20, 0x23, 0xDC, 0x2F, 0xCD, 0xAA, 0xF4, 0x6E, 0xFA, 0x97, 0xD5, 0xF0, 0xC4, 0x06,
    0xCF, 0x62, 0x65, 0x1B, 0x86, 0xD7, 0x73, 0xBA, 0x66, 0x93, 0x83, 0x0B, 0x31, 0x51, 0x44, 0x81,
    0x23, 0x68, 0x76, 0x29, 0x41, 0x9C, 0x6A, 0x0E, 0x1D, 0xD6, 0x00, 0x87, 0x78, 0x8D, 0xCE, 0x49,
    0x09, 0x46, 0xB0, 0xC8, 0xC5, 0x69, 0x2C, 0x1D, 0x12, 0x62, 0x1A, 0xE9, 0xAB, 0x4C, 0x76, 0xDE,
    0x61, 0x36, 0xF5, 0x4F, 0x2C, 0xBA, 0xDD, 0x2D, 0x29, 0x8F, 0x6C, 0x4C, 0x13, 0x36, 0xF2, 0x6C,
    0xF0, 0x77, 0x09, 0xD6, 0x93, 0xC5, 0xAC, 0xAD, 0xC4, 0x9A, 0x0D, 0x68, 0x52, 0x32, 0x54, 0x40,
    0x36, 0xA3, 0xA6, 0x6B, 0xE2, 0xA2, 0xC6, 0xA8, 0xB6, 0x69, 0xC6, 0x9B, 0x64, 0xCB, 0x50, 0xDA,
    0xA8, 0xC6, 0x38, 0x5A, 0x03, 0xB5, 0xD5, 0xF6, 0x66, 0x73, 0xFE, 0xE6, 0xCF, 0x8E, 0x8F, 0x6F,
    0xB0, 0x2A, 0x51, 0x29, 0xD9, 0xDD, 0x9F, 0x77, 0xB3, 0xFD, 0x43, 0xF9, 0xF5, 0xB6, 0x79, 0xF7,
    0xDD, 0x0F, 0x7E, 0x67, 0x28, 0x14, 0x5E, 0x1B, 0x0A, 0x87, 0x2C, 0x20, 0xB2, 0x54, 0xC9, 0x82,
    0x22, 0xD3, 0x2E, 0x16, 0x18, 0xB5, 0x0A, 0x5D, 0xB9, 0xC2, 0xA3, 0x16, 0x20, 0x6F, 0x7F, 0xA9,
    0x0F, 0x65, 0xD3, 0x7D, 0xDB, 0x4E, 0x6F, 0xCB, 0xAF, 0xB9, 0xD9, 0xF6, 0xF8, 0x03, 0x8D, 0x73,
    0xC9, 0x5A, 0x83, 0x11, 0x67, 0x18, 0xB1, 0xC5, 0x88, 0xF5, 0x6D, 0xE4, 0xB2, 0x87, 0x98, 0xC8,
    0x04, 0x93, 0x4A, 0x11, 0x3D, 0x20, 0x61, 0x45, 0x6C, 0xC1, 0x34, 0x76, 0x82, 0xAB, 0xAC, 0x29,
    0xC1, 0xF6, 0xF7, 0x76, 0x87, 0x78, 0xDD, 0xD6, 0xDF, 0x3D, 0x46, 0x00, 0x84, 0x19, 0x7D, 0x55,
    0x43, 0x66, 0xBC, 0x0E, 0xFE, 0x97, 0x45, 0xBC, 0x95, 0x96, 0x7B, 0x90, 0x47, 0x5F, 0x7A, 0x4F,
    0x2B, 0x36, 0xAC, 0x98, 0xC7, 0x55, 0x54, 0xEF, 0xA8, 0x70, 0xBD, 0xB1, 0x32, 0xD2, 0x21, 0xD9,
    0x87, 0x23, 0xED, 0x3B, 0xA0, 0x74, 0x07, 0x61, 0x8F, 0x05, 0xD6, 0xA1, 0x05, 0x5D, 0xBA, 0x4E,
    0xBB, 0xD8, 0x6E, 0x16, 0xBE, 0xAD, 0x0E, 0x69, 0x31, 0xDF, 0x39, 0xFB, 0x21, 0xE4, 0x51, 0xCD,
    0x7B, 0x0F, 0x2F, 0xB1, 0xD9, 0x86, 0x15, 0xFA, 0x93, 0xA4, 0xB1, 0x99, 0xDF, 0x41, 0x6B, 0x3A,
    0xA2, 0x0D, 0xDA, 0xD1, 0xD0, 0xE6, 0x43, 0x5B, 0x0D, 0x6D, 0xC3, 0x9A, 0x16, 0xFC, 0x6E, 0x63,
    0x4F, 0x0E, 0xEA, 0xFB, 0xD0, 0xC9, 0x76, 0xBE, 0x19, 0x0A, 0xB4, 0xDF, 0xA6, 0xEF, 0x2B, 0x05,
    0x3E, 0x2B, 0xD8, 0xF8, 0x35, 0xEB, 0x8B, 0xD4, 0xAA, 0xF4, 0x4C, 0x45, 0xE1, 0xA1, 0x96, 0xBB,
    0x3E, 0xE8, 0xFB, 0x07, 0x41, 0xFF, 0x6A, 0xEB, 0x11, 0x3C, 0x53, 0x98, 0x29, 0xA1, 0x53, 0xE4,
    0xF9, 0xEC, 0x5C, 0x79, 0xEF, 0x31, 0xC4, 0x7B, 0x0F, 0xC4, 0xD8, 0x24, 0xC7, 0xD3, 0x36, 0x0F,
    0x36, 0x3B, 0x36, 0xC7, 0xFB, 0x34, 0x1C, 0x48, 0xF2, 0x94, 0x1F, 0x30, 0x8C, 0x3C, 0x91, 0xB0,
    0x0B, 0xE4, 0x91, 0xE6, 0xF0, 0x82, 0x45, 0x1E, 0x6D, 0x80, 0x1D, 0x40, 0xF1, 0x8F, 0x01, 0x92,
    0x9B, 0x38, 0x1F, 0x6A, 0x86, 0xEF, 0xA9, 0x63, 0xCF, 0x59, 0xB5, 0x04, 0x36, 0xB5, 0x40, 0x1F,
    0xC8, 0x60, 0xC1, 0xE1, 0xF9, 0x25, 0x02, 0xC4, 0x50, 0x8C, 0x66, 0x3A, 0x9D, 0xEB, 0x57, 0x32,
    0x31, 0x90, 0xF6, 0x99, 0x6C, 0x56, 0x93, 0xA4, 0x64, 0xEB, 0x69, 0x83, 0x8D, 0x77, 0x9B, 0x55,
    0x41, 0x02, 0x86, 0xD6, 0x77, 0xB8, 0x5C, 0x64, 0xE1, 0xB6, 0xF5, 0xFB, 0x9B, 0x01, 0xCB, 0xAC,
    0x84, 0xA2, 0xED, 0x0E, 0xF3, 0xC7, 0x7E, 0xFD, 0x4E, 0x76, 0xF6, 0xE2, 0x53, 0x77, 0xB9, 0x44,
    0x4F, 0x0E, 0x4B, 0x2E, 0x03, 0x5B, 0x58, 0x84, 0x7B, 0x84, 0xAE, 0x12, 0xB0, 0x0D, 0x4E, 0x29,
    0x74, 0xB5, 0x8E, 0xE0, 0x14, 0xAB, 0x29, 0x39, 0x26, 0xBB, 0xF8, 0xAE, 0xF6, 0xB0, 0x71, 0x06,
    0xA7, 0x75, 0xFF, 0x81, 0x9C, 0x88, 0x26, 0x85, 0xF7, 0xB4, 0x32, 0x91, 0xC5, 0x7F, 0x3B, 0x9D,
    0x43, 0xF1, 0xF1, 0xE4, 0x84, 0xBE, 0x70, 0xA6, 0xBE, 0x90, 0xE2, 0x4E, 0xD7, 0x9E, 0x95, 0x98,
    0x92, 0xF4, 0xEC, 0x58, 0x73, 0x7E, 0xBA, 0x32, 0xEE, 0xC3, 0x69, 0xD8, 0x0C, 0x29, 0xEE, 0xDA,
    0x36, 0x49, 0xC5, 0xC2, 0x01, 0x42, 0xD2, 0x06, 0xCA, 0x36, 0xB6, 0xF6, 0xA2, 0xED, 0x25, 0xB8,
    0xE2, 0x79, 0x6E, 0xCE, 0x94, 0xAC, 0x9E, 0xBE, 0xF1, 0x1B, 0xD4, 0x3C, 0x43, 0x36, 0x22, 0xE6,
    0xA1, 0x7A, 0xD7, 0x17, 0xDC, 0xE7, 0xF2, 0x47, 0x1B, 0x31, 0x9D, 0x7E, 0xA1, 0xBC, 0x00, 0x23,
    0xB4, 0x45, 0x55, 0x07, 0x6D, 0xE9, 0xD4, 0xA5, 0xC0, 0xDC, 0x01, 0xD3, 0x1D, 0x24, 0xD3, 0x41,
    0x81, 0x3A, 0xCC, 0xB2, 0xA3, 0x91, 0x7D, 0x0E, 0xB5, 0xF8, 0x14, 0x1A, 0x93, 0x77, 0xC8, 0x10,
    0x57, 0xE2, 0xFA, 0xF2, 0x99, 0x78, 0x8D, 0xD8, 0xB8, 0x26, 0x23, 0xBE, 0xA3, 0xB1, 0xC3, 0xC5,
    0x37, 0xC4, 0x9B, 0xB9, 0x29, 0x11, 0xF0, 0x7B, 0x37, 0x64, 0x07, 0x9A, 0x91, 0x5A, 0x16, 0x1A,
    0x5B, 0x6B, 0x3F, 0x42, 0xC4, 0x6B, 0x9B, 0x83, 0xCF, 0x3E, 0x29, 0x30, 0x5E, 0xD4, 0xC3, 0xB6,
    0x08, 0x00, 0x3A, 0x9A, 0x56, 0xA5, 0x7E, 0x13, 0x07, 0x42, 0x00, 0x66, 0x90, 0xB5, 0xF6, 0x8B,
    0x6B, 0x84, 0x42, 0x93, 0x62, 0x93, 0xC7, 0x80, 0x1A, 0x10, 0xB1, 0xA1, 0x1D, 0x16, 0xB4, 0x48,
    0xA3, 0x10, 0x51, 0x9A, 0x41, 0x7D, 0x63, 0x06, 0x75, 0xD1, 0x96, 0xC4, 0x2E, 0xC6, 0xD3, 0x2E,
    0xDA, 0x19, 0xC8, 0x52, 0xE0, 0x05, 0x0C, 0x95, 0xF5, 0xAB, 0x4A, 0xAA, 0x1A, 0xBE, 0xEF, 0x20,
    0xA2, 0xFD, 0x82, 0x70, 0xDA, 0xC3, 0xF4, 0x3A, 0xC0, 0x69, 0x07, 0x93, 0x79, 0x9C, 0x72, 0x7C,
    0x20, 0x23, 0x1C, 0x19, 0xFB, 0x1A, 0x21, 0xEF, 0xEE, 0x97, 0x07, 0x79, 0x9F, 0x11, 0xF2, 0x88,
    0xA8, 0x7B, 0x4F, 0x05, 0x5D, 0x91, 0x17, 0xA1, 0x27, 0x59, 0x9B, 0xD6, 0xAD, 0xAD, 0xFA, 0x26,
    0xA3, 0x4A, 0xEA, 0x57, 0xAC, 0xEE, 0x02, 0xBB, 0x7C, 0x3D, 0x63, 0x81, 0x88, 0x39, 0x1D, 0xA6,
    0x9C, 0xE8, 0xE7, 0x0E, 0x33, 0xA0, 0x24, 0xD3, 0xAA, 0xA8, 0x1F, 0xEA, 0xDE, 0x49, 0xEF, 0xBE,
    0x41, 0x3B, 0x27, 0xC1, 0x48, 0x77, 0xFD, 0x67, 0x38, 0x16, 0x59, 0x9A, 0x1B, 0xA6, 0x33, 0x0C,
    0xB5, 0x77, 0x07, 0x4B, 0x6D, 0xCF, 0x37, 0x7E, 0xA9, 0x33, 0xD0, 0x5B, 0xB6, 0xAF, 0x6F, 0xF6,
    0xCF, 0x7D, 0xC1, 0x7B, 0x5A, 0xD3, 0x39, 0xF6, 0x97, 0x08, 0x9E, 0x43, 0x8D, 0x7F, 0x6F, 0x04,
    0x83, 0xEE, 0xD9, 0x9B, 0xDF, 0x99, 0x3C, 0xEA, 0x92, 0x93, 0xF9, 0x22, 0xB6, 0xDD, 0xE1, 0xE8,
    0x9E, 0x65, 0x28, 0xE8, 0xAB, 0x44, 0xD2, 0x4C, 0xBF, 0x1D, 0x25, 0x43, 0x30, 0xBE, 0x64, 0xBD,
    0x97, 0x76, 0xA0, 0x31, 0x37, 0xBF, 0xBD, 0x35, 0x0C, 0xE3, 0x5A, 0x82, 0x7A, 0x17, 0x69, 0x1D,
    0x8D, 0xFF, 0x9C, 0x40, 0x54, 0x4E, 0xC9, 0xBB, 0x84, 0xF1, 0x60, 0xCC, 0x90, 0x2F, 0xEA, 0x86,
    0x0A, 0xE9, 0x29, 0x7C, 0xB1, 0x6C, 0x91, 0x66, 0xDE, 0x46, 0xC2, 0x75, 0x92, 0x23, 0xCF, 0x8F,
    0x90, 0xE5, 0x06, 0x77, 0x35, 0xD9, 0x0D, 0x3F, 0x46, 0xDC, 0x12, 0xAD, 0xA3, 0x77, 0xB3, 0x04,
    0xAE, 0x25, 0x7E, 0x0D, 0xD1, 0x4B, 0x50, 0xC7, 0xFC, 0x34, 0xE2, 0xD7, 0x09, 0xE3, 0x18, 0xAF,
    0xB9, 0x12, 0x54, 0x40, 0xF6, 0xF6, 0x9A, 0x5F, 0x2F, 0xF0, 0xAA, 0xAB, 0x5E, 0x8D, 0x77, 0x2F,
    0x0E, 0xA5, 0x81, 0xEA, 0xCF, 0x6E, 0xCB, 0x3D, 0xCC, 0x6A, 0xD2, 0xE8, 0xB7, 0x43, 0x53, 0x2B,
    0xC2, 0x21, 0x72, 0xE7, 0x7F, 0x0E, 0x40, 0xAD, 0xCC, 0x50, 0x56, 0x87, 0x3A, 0xC2, 0xDA, 0x4A,
    0x2C, 0x25, 0xAC, 0xE9, 0xDA, 0x1A, 0x7E, 0x66, 0xE8, 0xB8, 0x80, 0x23, 0x95, 0x3B, 0x8B, 0xD7,
    0xB1, 0xE6, 0x98, 0x5A, 0x5C, 0xE4, 0xDC, 0x0D, 0x4F, 0x67, 0x5C, 0x14, 0xA3, 0x1C, 0x5F, 0x03,
    0xEF, 0x2A, 0x24, 0x2A, 0x00, 0x09, 0xF1, 0x3E, 0x8D, 0xB9, 0x8B, 0x2D, 0x0B, 0xE3, 0x81, 0x85,
    0xC3, 0x97, 0xB7, 0x09, 0xB9, 0xB7, 0xA4, 0x07, 0x54, 0x28, 0x69, 0xF1, 0x02, 0x7E, 0x66, 0x6C,
    0xC9, 0xC2, 0x05, 0xB3, 0x94, 0x19, 0x53, 0x13, 0xA3, 0x45, 0x10, 0x7E, 0x03, 0x88, 0xFF, 0x9E,
    0x83, 0x33, 0xFD, 0x08, 0x35, 0x55, 0xE8, 0xC6, 0xAF, 0xAB, 0x4C, 0xB7, 0x86, 0x0F, 0x91, 0xD5,
    0x36, 0xC2, 0xCE, 0x07, 0x8D, 0xE0, 0x7F, 0x9E, 0xC8, 0xE5, 0x1B, 0x23, 0x9F, 0x61, 0xF5, 0x46,
    0xBF, 0x80, 0x1E, 0x0C, 0x5F, 0x83, 0xFB, 0xD3, 0xEF, 0x2A, 0x8F, 0xF8, 0x48, 0x3C, 0x5E, 0xE6,
    0xEB, 0xE6, 0x3F, 0xD0, 0x04, 0xB9, 0xD6, 0xF4, 0x18, 0xE8, 0x8B, 0xD4, 0x6C, 0x93, 0xF1, 0x5B,
    0x6B, 0x75, 0xBA, 0xFB, 0x6E, 0xAF, 0x4F, 0x77, 0x5C, 0x3C, 0x60, 0x65, 0x8F, 0xDD, 0xB1, 0x9E,
    0x73, 0x77, 0xB5, 0xF3, 0xB9, 0xC7, 0x6B, 0xD5, 0x6B, 0x18, 0xE9, 0x8B, 0xF9, 0xED, 0x8B, 0xFC,
    0xBD, 0xB0, 0xAF, 0xFF, 0xC9, 0x71, 0xBD, 0xE2, 0x4C, 0xBD, 0x47, 0xED, 0x6E, 0x28, 0xFE, 0x06,
    0x97, 0x7A, 0x0D, 0x68, 0x8B, 0x1C, 0xCC, 0xF6, 0xCE, 0xCC, 0xF1, 0x91, 0x4F, 0x31, 0x9E, 0x29,
    0xE5, 0xC3, 0x81, 0x71, 0x9A, 0xC0, 0xC0, 0xF1, 0x7F, 0x4D, 0xCC, 0x1B, 0xB5, 0x91, 0xB7, 0x7C,
    0xC6, 0x44, 0x32, 0x27, 0xD3, 0xBD, 0x4C, 0xFE, 0x1F, 0xD5, 0x5A, 0x31, 0x90, 0xDC, 0xD4, 0x19,
    0xFE, 0x25, 0xD9, 0x2B, 0x82, 0xC0, 0x72, 0x71, 0xCE, 0xC0, 0x18, 0x23, 0x0A, 0x8A, 0xC0, 0x18,
    0x2B, 0x85, 0x8B, 0x2B, 0x76, 0x4F, 0xC2, 0x45, 0x52, 0xA4, 0xC8, 0x15, 0x77, 0xA1, 0x60, 0x26,
    0x50, 0x90, 0x99, 0x00, 0xC5, 0x51, 0x50, 0x78, 0x32, 0x77, 0x5E, 0x25, 0x2E, 0x52, 0xE6, 0x0A,
    0x26, 0x29, 0x4D, 0xE1, 0xC2, 0x9C, 0x0B, 0x28, 0x5C, 0xDC, 0x30, 0x7B, 0xBB, 0x9A, 0xB8, 0x48,
    0x91, 0x46, 0x19, 0xFA, 0x20, 0x06, 0x13, 0x32, 0xA4, 0x40, 0x33, 0x88, 0x41, 0x18, 0xED, 0x2A,
    0xDF, 0xF7, 0x3F, 0xED, 0xDE, 0xDE, 0xF9, 0x88, 0x6D, 0xC6, 0xBE, 0xD8, 0xD2, 0xBE, 0xFF, 0xAD,
    0xA4, 0xA7, 0xF7, 0xFE, 0xF7, 0xBF, 0xF7, 0x7F, 0xEF, 0xFF, 0xFF, 0xA7, 0x05, 0xE9, 0x4B, 0x93,
    0x8C, 0xE2, 0x48, 0xCC, 0xF1, 0xA4, 0xBC, 0x80, 0x73, 0xE9, 0x96, 0x33, 0x9A, 0x3B, 0x45, 0x62,
    0xA4, 0x7C, 0x37, 0x59, 0xA5, 0xC8, 0x5A, 0x93, 0x58, 0x4D, 0x53, 0x7A, 0x93, 0x7F, 0x15, 0x41,
    0x96, 0x4B, 0x14, 0xE7, 0xA8, 0x39, 0x97, 0x21, 0xD2, 0xCE, 0x5C, 0xE2, 0x35, 0xEF, 0xF3, 0x39,
    0xCA, 0x3D, 0x83, 0xF2, 0x95, 0x8D, 0xF7, 0xF8, 0xBE, 0xD6, 0x33, 0x5F, 0xEF, 0xF4, 0xE8, 0x34,
    0x9B, 0x12, 0x36, 0x95, 0x8C, 0xFE, 0x3C, 0x91, 0xB1, 0x74, 0xAD, 0x4A, 0xC4, 0x46, 0x51, 0xA7,
    0x40, 0x5E, 0x98, 0xFF, 0xBC, 0x27, 0xB5, 0xC8, 0xF3, 0x93, 0xAD, 0x24, 0x6A, 0x9A, 0xF4, 0xC4,
    0x70, 0x35, 0x06, 0xDB, 0x32, 0x4B, 0x1B, 0x48, 0x03, 0xA4, 0xCA, 0xBC, 0xE7, 0xDF, 0xDC, 0xDA,
    0x42, 0xB9, 0x86, 0xE9, 0x08, 0x5E, 0x97, 0x33, 0xB2, 0xE2, 0xA6, 0xC1, 0xA5, 0xE6, 0x52, 0xEA,
    0xE1, 0x96, 0x38, 0xB5, 0x3D, 0x66, 0xC1, 0x0B, 0xE2, 0x65, 0xE8, 0xB2, 0x9F, 0x4A, 0x18, 0x83,
    0x04, 0x86, 0x78, 0xB8, 0x14, 0x17, 0xBD, 0x10, 0xA7, 0x04, 0x47, 0xCE, 0xE4, 0xE5, 0x89, 0xF8,
    0x78, 0x2D, 0x8E, 0x7E, 0x36, 0xF1, 0xD2, 0xC7, 0xC1, 0x52, 0xA2, 0x8C, 0x3F, 0x0F, 0xDE, 0x37,
    0xC3, 0x04, 0xAF, 0x6B, 0x05, 0xE6, 0x8D, 0x02, 0xBC, 0xA0, 0xA7, 0x60, 0xB6, 0x66, 0x87, 0x37,
    0xC8, 0x4E, 0xE4, 0x64, 0x22, 0x01, 0xAA, 0x15, 0xFF, 0x4F, 0x10, 0xAE, 0xFB, 0x25, 0xAE, 0x50,
    0x5F, 0x42, 0x92, 0x9A, 0xCE, 0x91, 0x3C, 0x7A, 0x15, 0xDD, 0xDB, 0x77, 0xEF, 0x20, 0xB2, 0xBD,
    0xFF, 0x90, 0x03, 0xEE, 0x1D, 0x97, 0xCE, 0x87, 0x68, 0x6B, 0x04, 0xC1, 0xDA, 0xE3, 0x5F, 0xD5,
    0xEC, 0xCF, 0x82, 0x90, 0x05, 0xF6, 0x56, 0xD8, 0x6F, 0x30, 0xC2, 0x1A, 0x1D, 0x88, 0x5F, 0x20,
    0x95, 0x58, 0x82, 0x73, 0x18, 0xA9, 0x25, 0xF1, 0xC6, 0xD2, 0xC3, 0x8B, 0x94, 0x6B, 0x88, 0x91,
    0x14, 0x3F, 0x0E, 0x4A, 0x10, 0xB7, 0xD9, 0x0C, 0x70, 0x7B, 0xD2, 0xE3, 0x88, 0xF1, 0xC5, 0x40,
    0xF9, 0xA9, 0xA5, 0x15, 0xBF, 0x8E, 0x83, 0xF9, 0x57, 0x8B, 0xB7, 0xE9, 0x96, 0x94, 0x59, 0x26,
    0xD6, 0x68, 0xDC, 0x8E, 0xF3, 0x11, 0x59, 0x88, 0x64, 0xDC, 0x8F, 0xC7, 0x91, 0x0E, 0x15, 0x8E,
    0x65, 0xA5, 0x23, 0x32, 0x20, 0xDE, 0xD7, 0x3F, 0x1E, 0x9B, 0x4A, 0x02, 0x48, 0x17, 0x92, 0xB3,
    0x73, 0xA1, 0xD8, 0x64, 0x5B, 0xDC, 0xA4, 0x33, 0x91, 0xAE, 0xF8, 0x12, 0x35, 0xD9, 0x31, 0x39,
    0x25, 0x63, 0x3B, 0xF3, 0xE4, 0x34, 0xE6, 0x46, 0xEC, 0xC6, 0x5D, 0x96, 0x71, 0x92, 0x45, 0x37,
    0xD5, 0x8C, 0x1D, 0x74, 0xD2, 0x69, 0x66, 0x6E, 0xB6, 0x45, 0x4E, 0x73, 0x24, 0xDC, 0xF8, 0x14,
    0xC6, 0x25, 0xF7, 0x50, 0x59, 0xBF, 0xC9, 0x8F, 0xA1, 0x6A, 0xBF, 0x89, 0xBB, 0x6C, 0x68, 0x19,
    0x0D, 0xB5, 0xCD, 0x4E, 0x99, 0xF0, 0x3E, 0xEB, 0x8C, 0x0D, 0x83, 0xE4, 0x43, 0x2C, 0xB2, 0x6B,
    0x0F, 0x31, 0x57, 0xD3, 0x17, 0x9C, 0x5C, 0xAC, 0x02, 0x3F, 0xAB, 0x29, 0x82, 0xCF, 0x8A, 0x9E,
    0x14, 0xE7, 0xA5, 0x18, 0xD8, 0xC5, 0x85, 0x57, 0x8A, 0xB0, 0x2E, 0x3A, 0x9B, 0xC7, 0xB5, 0x63,
    0x8B, 0x4E, 0x22, 0x95, 0x1F, 0xDB, 0x05, 0x64, 0x9A, 0x0E, 0x20, 0xDE, 0x42, 0x96, 0xDC, 0x4C,
    0xD6, 0xDD, 0x44, 0x36, 0xC0, 0x5A, 0x08, 0x86, 0xFC, 0xB4, 0x12, 0x27, 0x87, 0x48, 0x4B, 0x5F,
    0xA4, 0x8B, 0x07, 0x98, 0xAB, 0xAB, 0x38, 0xD0, 0x26, 0xA6, 0xA9, 0x12, 0x8E, 0xD8, 0xED, 0x89,
    0xC8, 0x89, 0xD5, 0xB8, 0xDF, 0xA4, 0xF8, 0x49, 0x07, 0x8C, 0x42, 0xEA, 0x4E, 0xE6, 0x25, 0x9E,
    0x58, 0xD9, 0xA9, 0xA8, 0xF8, 0xA0, 0xBB, 0x78, 0x7E, 0x71, 0x71, 0xB1, 0xBB, 0x78, 0xB6, 0x77,
    0xED, 0xF4, 0xD9, 0x28, 0x3F, 0xBD, 0xB8, 0xF8, 0xD6, 0x22, 0xC8, 0xD9, 0x63, 0x0B, 0x0B, 0x85,
    0x1B, 0xDB, 0xA9, 0xF5, 0xF5, 0x5A, 0x2C, 0x61, 0xA5, 0x15, 0xBD, 0xB1, 0xF5, 0x6E, 0xD3, 0x14,
    0x5B, 0x5B, 0xEF, 0x42, 0x26, 0x5E, 0x23, 0xE1, 0xCB, 0x69, 0xD7, 0xCE, 0xDE, 0x96, 0xFC, 0x6D,
    0xF4, 0xD2, 0xCA, 0x7B, 0x4E, 0x16, 0x34, 0x89, 0xDD, 0x0E, 0xAA, 0x65, 0xF4, 0x18, 0xB2, 0xF8,
    0x01, 0xD9, 0x1B, 0x5B, 0x57, 0xA1, 0xA7, 0xE0, 0x9A, 0x47, 0xD2, 0x5E, 0xFD, 0xD0, 0xCA, 0x66,
    0xBC, 0x1C, 0x70, 0x98, 0x16, 0xD2, 0x36, 0x3B, 0x41, 0x01, 0xAF, 0xC6, 0xD6, 0x15, 0x4C, 0xD0,
    0x24, 0x7A, 0x25, 0x5B, 0xB4, 0x0B, 0xAD, 0x42, 0x29, 0x66, 0x02, 0x26, 0x4F, 0x20, 0x46, 0x8B,
    0xA1, 0x34, 0xE1, 0x17, 0x57, 0xA2, 0xA6, 0x3E, 0xB1, 0xBA, 0x22, 0xEF, 0x41, 0x1A, 0x69, 0xF8,
    0x52, 0xF1, 0xC4, 0xAC, 0x30, 0x06, 0x13, 0xE3, 0x33, 0xCA, 0x14, 0xA7, 0x30, 0x7D, 0x06, 0x8B,
    0x52, 0x45, 0x3F, 0x2F, 0xFC, 0x26, 0xB3, 0xDE, 0xD3, 0x86, 0x1F, 0x11, 0x02, 0x2A, 0xF1, 0x46,
    0x3C, 0x54, 0x95, 0x00, 0x87, 0xA0, 0x06, 0xE6, 0xA8, 0x89, 0x2E, 0x53, 0x52, 0xDC, 0x1D, 0x19,
    0x1B, 0xE2, 0x15, 0xA8, 0x3B, 0x00, 0xF9, 0xC7, 0xB0, 0x12, 0xC0, 0x6C, 0x93, 0x8C, 0x9B, 0x6C,
    0x94, 0xD6, 0x47, 0xE4, 0xA8, 0xD4, 0xA6, 0x8D, 0x5B, 0xC9, 0x95, 0x76, 0xBA, 0xAC, 0xC8, 0x49,
    0xCC, 0xAE, 0x66, 0xF2, 0xBE, 0xD3, 0xD4, 0xBE, 0x8F, 0x14, 0x20, 0x85, 0x48, 0xD1, 0x5C, 0x0A,
    0xDB, 0xFB, 0x7C, 0xCE, 0x72, 0x16, 0x92, 0x04, 0x48, 0xB2, 0xCE, 0x09, 0x7B, 0x17, 0x29, 0xC8,
    0xFB, 0xD5, 0xA8, 0x6E, 0xEA, 0x51, 0x1D, 0x95, 0x1E, 0x14, 0xDE, 0xCE, 0x9C, 0xD4, 0xCB, 0x3A,
    0x95, 0xAC, 0xCB, 0x7A, 0xA7, 0x8A, 0xB2, 0x05, 0xE2, 0x51, 0x31, 0xC2, 0x69, 0x1F, 0x78, 0x4A,
    0x6C, 0x0D, 0x31, 0x60, 0x59, 0x68, 0x17, 0xEB, 0x32, 0xD8, 0x96, 0x6E, 0x25, 0xBD, 0x52, 0x7A,
    0xF8, 0x33, 0x90, 0xF5, 0x9E, 0x54, 0xC1, 0x5F, 0x0A, 0x17, 0x73, 0xFF, 0x37, 0xDA, 0xB9, 0xD3,
    0x36, 0xC6, 0x10, 0xEF, 0x78, 0xAA, 0x5E, 0x50, 0xE7, 0x2A, 0x88, 0x65, 0x03, 0x03, 0x8B, 0xD9,
    0x0B, 0xDD, 0xCB, 0xA0, 0x96, 0xC9, 0x4C, 0x2D, 0x31, 0x90, 0x3D, 0x27, 0x35, 0xE3, 0xB2, 0xAC,
    0xEA, 0x74, 0x12, 0xC3, 0x89, 0x91, 0x1A, 0x21, 0xEB, 0x8A, 0xBC, 0x89, 0xEC, 0x9A, 0xB4, 0x53,
    0x84, 0x99, 0x9D, 0x69, 0x86, 0x77, 0x98, 0x79, 0x66, 0xCA, 0x06, 0x66, 0x22, 0xF6, 0x4C, 0x76,
    0x5E, 0x9E, 0x63, 0x56, 0x60, 0x45, 0x04, 0x48, 0xE4, 0x32, 0x41, 0xE6, 0xA4, 0xCE, 0x3F, 0x91,
    0xB9, 0x89, 0xF7, 0x6B, 0xD5, 0x5A, 0xFF, 0x69, 0x61, 0x33, 0x3D, 0x66, 0x5D, 0x39, 0xCF, 0xEC,
    0x9A, 0x14, 0xCC, 0x0A, 0xFB, 0xE6, 0x68, 0x93, 0x12, 0x82, 0x1E, 0x6A, 0x33, 0x60, 0x86, 0xCD,
    0xE0, 0x19, 0x9B, 0x41, 0xD6, 0x33, 0xD9, 0xC2, 0x0C, 0x47, 0x4F, 0x1B, 0xAE, 0xD7, 0x0D, 0xD7,
    0x85, 0x72, 0x4D, 0x85, 0xD8, 0xE5, 0x53, 0xC1, 0xA5, 0x50, 0xB4, 0x40, 0x76, 0xC6, 0x64, 0x5D,
    0x93, 0x6D, 0x9B, 0xAC, 0xC0, 0x82, 0x60, 0x15, 0x76, 0x16, 0x35, 0x31, 0xD9, 0xAD, 0x83, 0xD4,
    0x2A, 0xBC, 0xF8, 0x2D, 0x27, 0xB3, 0x0A, 0xBC, 0x46, 0x18, 0xED, 0x99, 0x6C, 0x5D, 0xB4, 0x56,
    0xC0, 0xA5, 0x97, 0x68, 0x33, 0x81, 0xB9, 0x01, 0xF4, 0x47, 0x33, 0x5C, 0xA3, 0x50, 0x1E, 0xCA,
    0xC3, 0x66, 0x88, 0xA4, 0x5D, 0xEA, 0x60, 0xC9, 0x66, 0x46, 0xC8, 0x0C, 0xEC, 0x5B, 0x1F, 0x6A,
    0x87, 0x7D, 0x0C, 0x9A, 0x10, 0x18, 0x55, 0xAE, 0x8F, 0xB4, 0xFC, 0x8A, 0x91, 0xAB, 0x6D, 0xF8,
    0x3D, 0x99, 0x6A, 0x87, 0xA1, 0x6B, 0xE7, 0x91, 0xAD, 0x65, 0xEC, 0x1F, 0xD4, 0xD3, 0x28, 0xFC,
    0xB6, 0x93, 0x76, 0xD0, 0xC4, 0x36, 0xA0, 0x3C, 0x5D, 0x27, 0x8E, 0x86, 0x69, 0xF4, 0x72, 0x71,
    0x46, 0x7E, 0x87, 0xA5, 0x3E, 0xED, 0xCA, 0x57, 0xA9, 0xBC, 0x26, 0xD7, 0xEC, 0x8F, 0xB4, 0x52,
    0xF7, 0x7A, 0xCA, 0x99, 0xE7, 0x3B, 0xBA, 0x3E, 0x9C, 0x61, 0xE6, 0xC5, 0x4B, 0x57, 0xFF, 0x2D,
    0xBA, 0x1E, 0x8C, 0xF7, 0xF7, 0xAF, 0xD0, 0x8C, 0xCD, 0x30, 0x8B, 0x95, 0xED, 0xA3, 0x5C, 0xF9,
    0xF0, 0x2C, 0xC4, 0xDD, 0x30, 0x6B, 0x57, 0xD3, 0xB9, 0xE3, 0xD1, 0xC4, 0xDC, 0x63, 0x62, 0xD7,
    0x69, 0x50, 0xED, 0x98, 0x75, 0x52, 0x2D, 0x93, 0x6C, 0xF7, 0xF6, 0x9E, 0x94, 0xB8, 0x49, 0x70,
    0x63, 0x8D, 0xE6, 0x89, 0x58, 0x0D, 0x4D, 0x9E, 0x59, 0x8D, 0xC7, 0x94, 0x86, 0x6A, 0x73, 0xF8,
    0x0A, 0x75, 0x76, 0x6D, 0x60, 0x4D, 0xE9, 0x63, 0x73, 0x8D, 0xAF, 0x2A, 0xD5, 0x35, 0xC3, 0x6A,
    0xC8, 0xAF, 0x4D, 0xE9, 0x8A, 0xF3, 0x39, 0xA9, 0xFB, 0x11, 0x97, 0x31, 0xEF, 0x3A, 0xAB, 0xF0,
    0xFF, 0x40, 0x1A, 0xBC, 0x48, 0xC4, 0x0F, 0x15, 0x17, 0xCC, 0xA2, 0x7C, 0x01, 0x27, 0x2D, 0xA9,
    0x48, 0xD1, 0x22, 0x54, 0x7B, 0x03, 0xEC, 0xDA, 0x6A, 0x94, 0x38, 0x4A, 0xDD, 0x9B, 0x5B, 0x57,
    0x73, 0xDA, 0x0F, 0xBA, 0x7C, 0x11, 0xBF, 0x58, 0xA0, 0x82, 0x01, 0xC4, 0x57, 0xF8, 0xE2, 0x58,
    0x2B, 0x19, 0xB2, 0xDB, 0x2D, 0x8F, 0x7A, 0x7C, 0xB0, 0xCB, 0xBA, 0x57, 0xEC, 0x76, 0x69, 0x47,
    0x1F, 0x9E, 0x7D, 0x48, 0x7A, 0xA1, 0xFC, 0x38, 0x6A, 0x10, 0xF8, 0x7F, 0x2D, 0xD4, 0x60, 0x61,
    0x8B, 0xCF, 0xCA, 0x13, 0x0F, 0x05, 0xFF, 0x61, 0x0E, 0x85, 0x95, 0x51, 0xED, 0xA3, 0x58, 0xD9,
    0x6F, 0xA8, 0xF5, 0x3E, 0x97, 0xF2, 0xD8, 0xDA, 0x7C, 0x28, 0xF8, 0x5F, 0xD2, 0xCB, 0x11, 0xF0,
    0x94, 0x6D, 0xED, 0xA8, 0x55, 0x79, 0xFC, 0x41, 0xE7, 0xFC, 0x75, 0x9D, 0xF8, 0xFF, 0x51, 0x1E,
    0x7E, 0xAF, 0x76, 0xB7, 0xBA, 0x3F, 0xEE, 0x8B, 0xF9, 0x8C, 0x37, 0x94, 0x7E, 0xE0, 0xE5, 0x4F,
    0xBB, 0x69, 0x6A, 0x4D, 0x91, 0xAB, 0xC6, 0xE4, 0xD6, 0x77, 0xC6, 0xFC, 0x72, 0xBE, 0x32, 0xB9,
    0xFB, 0xA9, 0xC9, 0xFD, 0xEB, 0x26, 0x0F, 0x2E, 0x9A, 0x3C, 0x72, 0x4C, 0x3E, 0x6C, 0xF3, 0xDA,
    0xE4, 0x76, 0x05, 0x86, 0xD4, 0x6D, 0x33, 0xB9, 0x97, 0x3B, 0xDF, 0xC2, 0xD8, 0x02, 0x53, 0xE6,
    0x79, 0xF8, 0xC5, 0x55, 0xCD, 0x23, 0xAE, 0x85, 0x6A, 0x8C, 0x6B, 0x6E, 0xA9, 0x1D, 0x24, 0x64,
    0x5C, 0x73, 0x2C, 0x1F, 0x9A, 0xFB, 0x99, 0xC9, 0x01, 0xD1, 0x0E, 0xCD, 0x49, 0xF8, 0x2F, 0xDA,
    0xE1, 0xBE, 0xB4, 0x1D, 0x97, 0x37, 0x6F, 0xA0, 0x34, 0x39, 0x47, 0x8D, 0x39, 0xBC, 0x63, 0xB7,
    0xA0, 0x31, 0x9B, 0xB9, 0xF4, 0x4E, 0xFD, 0x7C, 0xEA, 0x1F, 0x29, 0x36, 0x51, 0x18, 0xF4, 0x80,
    0x0C, 0x44, 0xDF, 0x42, 0xE2, 0x69, 0xB9, 0x60, 0xD7, 0xAD, 0x52, 0x9E, 0xD0, 0x8D, 0x57, 0xAD,
    0x09, 0xA5, 0x3E, 0xFA, 0x6C, 0xAD, 0xA4, 0xAF, 0x07, 0x13, 0xB1, 0xE1, 0x9C, 0x55, 0x07, 0x8C,
    0x2B, 0x9B, 0x50, 0x03, 0x5B, 0x1C, 0xAC, 0xA6, 0xA4, 0xC3, 0xCB, 0x11, 0x6B, 0x9C, 0xCE, 0xE9,
    0xCC, 0xD4, 0x66, 0xE9, 0x7C, 0xA7, 0x4B, 0xC2, 0x25, 0xDD, 0xAC, 0x38, 0x18, 0x8D, 0x65, 0x08,
    0xA3, 0x64, 0x1A, 0xB6, 0x38, 0x7A, 0x50, 0x1A, 0x1A, 0xA1, 0x25, 0x4C, 0x43, 0xD8, 0xBD, 0x3B,
    0xFF, 0xA3, 0xAC, 0x2A, 0xD7, 0xD6, 0xD6, 0x65, 0x94, 0xAD, 0x99, 0x76, 0x17, 0x20, 0x76, 0x76,
    0x62, 0x98, 0xE1, 0x12, 0xE6, 0xCA, 0xE1, 0xF2, 0x00, 0x23, 0x57, 0x2E, 0xD4, 0x90, 0x68, 0x04,
    0xA3, 0xDB, 0x4B, 0x9D, 0xD8, 0xB8, 0xE0, 0x87, 0xD5, 0xBE, 0x9B, 0xC1, 0xC7, 0xCF, 0xFD, 0xCC,
    0xCB, 0x38, 0xCA, 0xD6, 0x21, 0xF6, 0xFD, 0x18, 0x86, 0x3D, 0xC8, 0xA1, 0x98, 0x17, 0xE4, 0x29,
    0x3C, 0x5C, 0x41, 0x91, 0xBB, 0x3B, 0x69, 0x1A, 0x0E, 0x9D, 0xDA, 0xCF, 0xA3, 0x98, 0x96, 0xC2,
    0x09, 0x4C, 0xEA, 0xBB, 0x3B, 0x15, 0x85, 0xA0, 0x31, 0xA9, 0x7F, 0x11, 0x8E, 0xEE, 0xE0, 0xAC,
    0xFC, 0x44, 0x94, 0x11, 0xD6, 0x7D, 0x4F, 0x7E, 0xC4, 0xAB, 0xC1, 0x48, 0xC6, 0x17, 0xA4, 0x6E,
    0xC1, 0xFC, 0xDE, 0x55, 0x6E, 0x29, 0x64, 0x39, 0x0C, 0x41, 0xA9, 0xFE, 0x03, 0x0D, 0x4A, 0x6B,
    0x94, 0x13, 0x23, 0x3C, 0x45, 0x0E, 0xDB, 0xE0, 0xC8, 0x44, 0x69, 0x5F, 0x69, 0x14, 0x93, 0x86,
    0x86, 0x26, 0x6F, 0xDE, 0xDC, 0x02, 0x34, 0xD2, 0x11, 0x0F, 0x52, 0x80, 0x0D, 0xFE, 0xF3, 0xBE,
    0xA1, 0x61, 0xB2, 0x5B, 0x5E, 0x43, 0x3F, 0x58, 0x99, 0x40, 0x2D, 0x75, 0xCF, 0x1C, 0xAD, 0x39,
    0xC4, 0x9F, 0x9B, 0x57, 0x0D, 0xEC, 0x4E, 0x94, 0x87, 0xD9, 0x42, 0xDB, 0x4F, 0x7D, 0x9A, 0x7A,
    0x67, 0xC4, 0xF9, 0x04, 0xA6, 0xA7, 0x93, 0xC2, 0xFD, 0xB6, 0x66, 0xEB, 0xF0, 0x2A, 0xE3, 0x0D,
    0x23, 0xBC, 0x90, 0x03, 0x0F, 0x40, 0x52, 0x12, 0xD4, 0x95, 0xEF, 0x80, 0xED, 0x7C, 0x50, 0x93,
    0x6C, 0x90, 0x44, 0x24, 0x60, 0x27, 0x1F, 0x00, 0x31, 0xF3, 0x01, 0x60, 0x34, 0x1F, 0xD8, 0x25,
    0x08, 0x00, 0x16, 0x64, 0x48, 0x12, 0x91, 0x04, 0x17, 0x41, 0xFC, 0xEB, 0x20, 0xCE, 0xA7, 0x20,
    0xF6, 0x37, 0x20, 0xD2, 0x90, 0xF4, 0x49, 0x22, 0x92, 0x80, 0xC4, 0x9B, 0xFA, 0xD1, 0xB6, 0x02,
    0x8D, 0xBB, 0xC7, 0xE4, 0x54, 0x23, 0xD8, 0xD8, 0xBC, 0x76, 0xBC, 0xBB, 0x64, 0xAD, 0x5D, 0x96,
    0x36, 0x88, 0xD4, 0x02, 0x75, 0x13, 0x7B, 0x35, 0x45, 0x00, 0xE4, 0x72, 0x55, 0xB2, 0x44, 0x0D,
    0x4C, 0x65, 0x5A, 0xC5, 0x29, 0x41, 0xD3, 0xCF, 0x08, 0x29, 0x5E, 0x46, 0x28, 0xF5, 0x72, 0x52,
    0xD7, 0xD0, 0x62, 0xEE, 0x7F, 0xAE, 0x65, 0x72, 0x53, 0x3E, 0x50, 0xAB, 0x9A, 0x6D, 0x87, 0xA9,
    0x67, 0xE4, 0x5E, 0x71, 0x99, 0xB4, 0x27, 0x6C, 0xC8, 0x40, 0xAD, 0x84, 0xC4, 0xDA, 0x16, 0x6C,
    0xE5, 0xE8, 0x1C, 0x87, 0x72, 0x6A, 0xD7, 0x66, 0xB6, 0xC6, 0xBB, 0x46, 0x68, 0xA0, 0x40, 0xF2,
    0x23, 0x79, 0x98, 0xFA, 0x12, 0xE9, 0x08, 0x4D, 0xB8, 0x64, 0xD8, 0xC5, 0x86, 0x2E, 0x2B, 0xF0,
    0x6F, 0xA5, 0x23, 0x4E, 0xFC, 0xF0, 0xF4, 0xC2, 0xAB, 0xE8, 0x51, 0x07, 0xCD, 0x39, 0x06, 0xDC,
    0x02, 0x96, 0xE9, 0xDA, 0x4D, 0x42, 0x9F, 0xF6, 0xC9, 0x87, 0x68, 0x2C, 0xFC, 0x34, 0xD0, 0x4A,
    0xC2, 0x74, 0xFA, 0xDF, 0x9A, 0x73, 0xDD, 0x1E, 0x78, 0xFE, 0x1F, 0x27, 0xD1, 0xDA, 0x9C, 0x82,
    0x9C, 0xF8, 0x19, 0x31, 0x0E, 0xD7, 0x63, 0x1A, 0x80, 0xAC, 0xAA, 0xE4, 0x4D, 0x3E, 0x72, 0x4A,
    0x35, 0x78, 0xC6, 0xAA, 0x3B, 0x51, 0x29, 0x53, 0x73, 0xA9, 0xFD, 0xAF, 0xF7, 0x4D, 0x19, 0x53,
    0xDE, 0xBC, 0xAB, 0xF5, 0x98, 0x3A, 0x4D, 0xFD, 0xA6, 0xAD, 0xC7, 0x5B, 0xE3, 0x66, 0x76, 0xE0,
    0xEE, 0xDA, 0x0D, 0x78, 0xDA, 0x90, 0xD5, 0x1F, 0x33, 0xCA, 0x0A, 0x53, 0xA1, 0x49, 0xBC, 0x86,
    0xC0, 0x63, 0x64, 0x05, 0x53, 0x18, 0xED, 0x39, 0x0D, 0xDC, 0x7C, 0xF1, 0x3F, 0x4E, 0xD1, 0xEB,
    0x10, 0x62, 0x4F, 0x64, 0xC3, 0x23, 0xFF, 0x15, 0x65, 0xE2, 0x14, 0x94, 0x92, 0x97, 0x82, 0xC6,
    0x41, 0x4C, 0xDA, 0xA3, 0xDC, 0xE2, 0x8A, 0xB2, 0x82, 0x19, 0xEA, 0x65, 0xC1, 0xDF, 0x53, 0xCA,
    0xEA, 0xCB, 0x18, 0xD2, 0xF6, 0x26, 0xCA, 0x24, 0x45, 0x04, 0xC1, 0x08, 0xAC, 0x40, 0xB7, 0xA1,
    0xAC, 0xFC, 0x4B, 0x94, 0x55, 0xA4, 0xB2, 0x7A, 0x6A, 0x2F, 0x86, 0x30, 0xA8, 0xAB, 0xAA, 0x27,
    0xAD, 0x3D, 0x66, 0x40, 0x44, 0x23, 0xF3, 0xF2, 0xD3, 0xB6, 0xC4, 0x0A, 0xA1, 0x7B, 0x87, 0xBD,
    0xBC, 0x27, 0x24, 0xDF, 0xE1, 0x80, 0x0F, 0x49, 0x2E, 0xB4, 0x13, 0xC3, 0x4F, 0xD1, 0x76, 0x90,
    0x06, 0x19, 0xF0, 0xD8, 0xE3, 0xEE, 0x84, 0xAD, 0xA6, 0x73, 0x9F, 0x43, 0x6C, 0xAD, 0xCC, 0x58,
    0x55, 0xFC, 0x56, 0x34, 0xE7, 0xEC, 0x54, 0xA6, 0x6D, 0x1D, 0xAB, 0xF4, 0x01, 0xE3, 0xD4, 0xE5,
    0xDC, 0x09, 0xE8, 0xF0, 0x2C, 0xD1, 0x40, 0xAE, 0x18, 0x4E, 0xDD, 0x94, 0x57, 0x1F, 0x28, 0x26,
    0xAD, 0x0A, 0xB2, 0xB3, 0x6B, 0xA8, 0x96, 0xFE, 0x83, 0xA1, 0x12, 0x3F, 0x60, 0xC3, 0xAD, 0x01,
    0x16, 0xAA, 0xBE, 0x89, 0x12, 0xE9, 0xF4, 0x54, 0x65, 0x7D, 0xAB, 0x7D, 0x7E, 0x82, 0xDC, 0x42,
    0x63, 0x9C, 0x12, 0x2A, 0xE4, 0x16, 0x98, 0x19, 0x50, 0xF7, 0x02, 0x35, 0xA3, 0x3F, 0xB0, 0xF3,
    0xD4, 0xED, 0x53, 0x93, 0x31, 0xA2, 0x2F, 0x19, 0x9E, 0xA3, 0xEA, 0xD3, 0x79, 0xF3, 0xFE, 0x46,
    0xF5, 0xFF, 0x92, 0xA1, 0x33, 0xE3, 0xF8, 0xC9, 0xB4, 0xE6, 0x9D, 0x3B, 0x27, 0x2B, 0x07, 0xDC,
    0xE6, 0x2E, 0x9E, 0xDA, 0xC6, 0x24, 0x15, 0x2C, 0x65, 0xF4, 0x6D, 0x87, 0xEA, 0x48, 0x1E, 0x92,
    0x1D, 0x2E, 0xCE, 0x24, 0xE9, 0x94, 0x84, 0xBC, 0x8C, 0xE2, 0xB6, 0xC8, 0xC9, 0x31, 0x5F, 0x2B,
    0x49, 0x62, 0x53, 0xD5, 0xF7, 0xB6, 0x2F, 0x6B, 0xEF, 0xD2, 0xF6, 0x1A, 0x73, 0x67, 0x90, 0x9E,
    0x1F, 0xD1, 0xA3, 0x4F, 0x33, 0x66, 0x48, 0x17, 0x78, 0x87, 0xA4, 0xE6, 0x65, 0x3D, 0x93, 0x43,
    0x3D, 0xDB, 0xC1, 0x53, 0x3F, 0xD5, 0x10, 0x98, 0xE1, 0xB8, 0x37, 0xE1, 0xD3, 0x7E, 0xCE, 0x37,
    0x58, 0x0A, 0xD0, 0x81, 0xA2, 0x51, 0x5A, 0x73, 0xA0, 0x6A, 0x0E, 0x19, 0x49, 0x5A, 0x5B, 0xBC,
    0x74, 0x80, 0x50, 0x35, 0x63, 0x7A, 0xB5, 0xA5, 0x7B, 0x66, 0x53, 0x34, 0x79, 0xA6, 0x8D, 0xC6,
    0x8F, 0x5A, 0xE5, 0xA4, 0x96, 0xB2, 0x76, 0x8D, 0xC4, 0xCE, 0x05, 0x34, 0x8E, 0xBE, 0x43, 0x01,
    0xC5, 0xA8, 0x21, 0xF7, 0x73, 0xAF, 0xE8, 0x68, 0x21, 0xDD, 0x73, 0xAB, 0x35, 0xEF, 0xC0, 0x47,
    0x18, 0x4D, 0x6A, 0x28, 0x50, 0x0D, 0x78, 0xAD, 0xC9, 0x3D, 0x99, 0x37, 0xC9, 0xA9, 0xC3, 0x2C,
    0xAC, 0xFD, 0x66, 0x3C, 0xB0, 0x9B, 0x7C, 0x5D, 0x87, 0xDF, 0x4C, 0xE5, 0x84, 0xF3, 0xCC, 0xC0,
    0x37, 0x67, 0xC9, 0xD0, 0xB4, 0xCD, 0x9D, 0x2F, 0x89, 0xEF, 0x5F, 0xDB, 0xD6, 0x65, 0xA3, 0xE9,
    0x54, 0xF4, 0x88, 0xC2, 0x76, 0x72, 0x28, 0x7A, 0x29, 0x89, 0x4A, 0xE3, 0xFE, 0xB4, 0xF9, 0xBA,
    0x3C, 0x61, 0x35, 0x69, 0xCF, 0xF9, 0xBC, 0xE8, 0x3A, 0x69, 0x53, 0xB9, 0x49, 0x58, 0x58, 0xD3,
    0x48, 0xEE, 0xFD, 0x68, 0x6F, 0x59, 0x62, 0x0B, 0x73, 0xC5, 0xAA, 0xDD, 0x52, 0xAA, 0x36, 0xD0,
    0x71, 0xBF, 0xDA, 0xE2, 0xEB, 0xC1, 0xFB, 0x66, 0xDB, 0x10, 0xBD, 0xD3, 0x74, 0xC6, 0x8B, 0x85,
    0xEB, 0x5A, 0x1B, 0x63, 0xBF, 0xE7, 0x6D, 0x76, 0x96, 0xE5, 0x44, 0x8C, 0x29, 0xAF, 0xD3, 0x19,
    0x36, 0x85, 0x87, 0x45, 0x32, 0xDC, 0x0C, 0x2F, 0x25, 0xFD, 0xF8, 0x11, 0x36, 0x4C, 0x2B, 0x04,
    0x2B, 0xAA, 0x9B, 0x99, 0xC8, 0x4C, 0x6E, 0x02, 0x33, 0xB9, 0x9C, 0x6C, 0xBE, 0x5E, 0x7D, 0xA9,
    0xB0, 0x9B, 0xEF, 0xB0, 0xB0, 0x17, 0xFE, 0xB7, 0x0C, 0xCD, 0x6C, 0x46, 0xEA, 0x3D, 0xC1, 0xF9,
    0xD3, 0x45, 0x69, 0x67, 0xBA, 0xC9, 0xAF, 0x9E, 0xC6, 0x90, 0x3B, 0x8F, 0x16, 0xF0, 0x6E, 0xB4,
    0x76, 0xE3, 0x64, 0x12, 0x36, 0xD4, 0xA1, 0xD4, 0x6B, 0x32, 0x8B, 0x3A, 0xBC, 0x62, 0xF4, 0xC8,
    0x7A, 0x8D, 0x66, 0x4D, 0xCA, 0x8D, 0x2F, 0x67, 0x6C, 0x17, 0x04, 0x3D, 0x0D, 0xCC, 0x1F, 0x14,
    0x5D, 0x9F, 0x45, 0xD9, 0x4D, 0x19, 0x94, 0x7D, 0xC6, 0x99, 0x9C, 0xE3, 0xA6, 0x19, 0xBB, 0x61,
    0xBE, 0x4D, 0xE0, 0xB6, 0x0E, 0x39, 0x56, 0xF1, 0x2C, 0xE9, 0xDE, 0x8C, 0x58, 0x84, 0x9E, 0x7C,
    0x77, 0xD3, 0xCE, 0x2C, 0xF2, 0xF5, 0x2C, 0x3E, 0xA7, 0x20, 0xAB, 0x66, 0x90, 0x53, 0xCE, 0x42,
    0x39, 0xC7, 0xF7, 0x0C, 0xBB, 0xF5, 0x0E, 0x75, 0x9C, 0x6D, 0xE8, 0x6E, 0x4E, 0x05, 0x84, 0x86,
    0xA8, 0x07, 0x74, 0x3C, 0x96, 0x18, 0x9B, 0xE3, 0xD7, 0x17, 0xDC, 0x68, 0x5F, 0x5D, 0xED, 0xAB,
    0xDD, 0x23, 0xD1, 0xD6, 0xD6, 0xD6, 0x5C, 0x98, 0x49, 0x3D, 0x70, 0x13, 0x61, 0xD2, 0x76, 0xC6,
    0xD6, 0x36, 0x63, 0x6F, 0x44, 0xE8, 0x26, 0x97, 0x16, 0x58, 0x67, 0x7A, 0xAD, 0xBB, 0x2E, 0xA6,
    0xA4, 0xF2, 0x36, 0x5B, 0xF4, 0x75, 0x2F, 0x5D, 0xE2, 0x43, 0x67, 0xCD, 0x52, 0x0B, 0xB8, 0x9E,
    0x2E, 0xF0, 0x11, 0x8B, 0x57, 0x10, 0x33, 0xD0, 0x06, 0x6C, 0xCD, 0xEB, 0xFE, 0x21, 0x31, 0xB4,
    0x0C, 0xF5, 0xA7, 0x8E, 0x62, 0xA2, 0xD1, 0x02, 0x27, 0x2F, 0xFB, 0x8F, 0x43, 0x19, 0xB2, 0xC7,
    0x30, 0xF3, 0xA3, 0x44, 0x0D, 0xEE, 0x5A, 0x7A, 0x73, 0xDB, 0xC2, 0xB7, 0x3F, 0xB9, 0xDF, 0xB0,
    0x63, 0x8D, 0xDD, 0x92, 0xE6, 0xF4, 0xEE, 0xAB, 0xD1, 0x1D, 0x9C, 0xFC, 0x68, 0x45, 0xA0, 0x34,
    0x36, 0x3A, 0xE6, 0x7E, 0xC2, 0xB0, 0xF0, 0x06, 0xBA, 0x13, 0xC0, 0xEB, 0x3A, 0xBA, 0x57, 0x06,
    0xD1, 0xBD, 0x49, 0x0B, 0xB2, 0x3C, 0xB4, 0xEA, 0xC6, 0xAE, 0x37, 0xA4, 0xDC, 0x53, 0x7F, 0xFD,
    0x83, 0x7E, 0xAD, 0x09, 0x0E, 0x0F, 0x6B, 0x04, 0x0B, 0x5F, 0xC2, 0x7C, 0xC2, 0x60, 0x6E, 0xDE,
    0x06, 0xCA, 0x3D, 0xC6, 0x77, 0x47, 0xBF, 0xC0, 0x65, 0x69, 0xD4, 0xB1, 0x6E, 0x2D, 0x80, 0xCE,
    0xE5, 0x88, 0xF6, 0x52, 0x5F, 0x43, 0xE0, 0xB1, 0x5B, 0x5A, 0xF0, 0x22, 0x32, 0xBA, 0x5D, 0xFC,
    0x78, 0xC7, 0x58, 0x58, 0xB7, 0x92, 0x04, 0xC3, 0x18, 0xC6, 0x18, 0xC6, 0x88, 0xC3, 0x08, 0x67,
    0x6A, 0xEC, 0xD6, 0x1C, 0xC6, 0xC2, 0xCC, 0x0D, 0x35, 0xBD, 0x30, 0xBB, 0x5F, 0x75, 0x1B, 0x29,
    0xFD, 0x4B, 0x69, 0xE1, 0x3B, 0x4D, 0xFE, 0xB4, 0x8C, 0xD2, 0x23, 0xF3, 0xA2, 0x44, 0xA1, 0x2A,
    0x6C, 0xE2, 0x0A, 0x2E, 0x45, 0x53, 0x06, 0x39, 0xC3, 0xCD, 0xA8, 0xA9, 0x04, 0xCC, 0x4D, 0x53,
    0x75, 0xA7, 0xC9, 0x54, 0xF8, 0xEC, 0xCC, 0xA8, 0x19, 0xC9, 0xD4, 0xB2, 0x57, 0x27, 0xC4, 0x14,
    0x18, 0x1C, 0x00, 0x40, 0xAF, 0x89, 0x01, 0x4A, 0x7E, 0xC1, 0x85, 0x5E, 0x74, 0xC6, 0xEC, 0xCF,
    0x88, 0x13, 0x34, 0x4A, 0x42, 0x5A, 0x96, 0xB3, 0x2E, 0xD3, 0xDA, 0xF4, 0x66, 0xC4, 0x37, 0xC6,
    0xA7, 0x16, 0xD1, 0xC2, 0x80, 0xCD, 0x11, 0xC5, 0x30, 0xA6, 0x18, 0xCA, 0x39, 0x31, 0x4C, 0x0F,
    0x22, 0x8E, 0x09, 0xC3, 0xAB, 0x05, 0x9A, 0xB6, 0xE1, 0x4F, 0x65, 0x4D, 0xCD, 0x8B, 0xFD, 0x00,
    0x74, 0x08, 0xAC, 0x29, 0x00, 0xA9, 0x87, 0xE1, 0xAB, 0x1B, 0xCE, 0x25, 0x6A, 0xE0, 0xE8, 0xF7,
    0x1B, 0xD5, 0xAD, 0x00, 0x74, 0x08, 0x0C, 0x3D, 0xC7, 0x00, 0x47, 0x93, 0xBE, 0x20, 0xCE, 0x37,
    0x65, 0x57, 0x9C, 0x74, 0x54, 0x33, 0xF8, 0x57, 0xC8, 0x1E, 0xC3, 0xE4, 0x90, 0x78, 0x39, 0x4E,
    0x43, 0xA1, 0x86, 0xB2, 0x58, 0x63, 0x6A, 0x4C, 0x6D, 0x17, 0xB7, 0x82, 0xE1, 0xA1, 0x4C, 0x1F,
    0xD3, 0x73, 0xA3, 0xB5, 0x66, 0xB9, 0x98, 0x65, 0xED, 0xCD, 0x7D, 0x53, 0xE7, 0xD6, 0xE3, 0x8D,
    0x2D, 0x1E, 0xBB, 0x9F, 0x13, 0xE9, 0xD5, 0x6D, 0xDE, 0xB9, 0xD3, 0x66, 0xAD, 0x15, 0x2C, 0xAE,
    0x61, 0x73, 0x31, 0xB5, 0x08, 0x20, 0x4E, 0x6D, 0x4F, 0xA6, 0x42, 0x00, 0xF0, 0x84, 0xB1, 0xF3,
    0x31, 0xFA, 0xEF, 0xFF, 0x12, 0xA4, 0xC7, 0xAE, 0x6F, 0x83, 0x58, 0x05, 0x88, 0x9B, 0x82, 0xF8,
    0x14, 0xC2, 0x06, 0xA3, 0x43, 0x70, 0xB3, 0x12, 0x8F, 0x42, 0x70, 0x55, 0x8A, 0x14, 0x42, 0x97,
    0x42, 0x58, 0x98, 0x2D, 0xE2, 0x9B, 0xED, 0x37, 0x8F, 0x33, 0xDF, 0xA0, 0xDD, 0xF3, 0xD1, 0x71,
    0x89, 0xF7, 0x03, 0x74, 0x7D, 0xF7, 0xC9, 0xAE, 0xA3, 0xC4, 0xAB, 0x83, 0x1B, 0xFD, 0x81, 0xDF,
    0xD4, 0xEB, 0x7B, 0xFD, 0x02, 0xBB, 0x0D, 0xED, 0x52, 0x6F, 0x47, 0x86, 0x09, 0x5A, 0x13, 0x5E,
    0x32, 0xFF, 0x35, 0xC2, 0xBD, 0x6F, 0xBB, 0x83, 0x4E, 0x07, 0x8C, 0x10, 0x8D, 0x4D, 0xA9, 0xC2,
    0x4F, 0xDD, 0x14, 0xBE, 0x81, 0x81, 0x93, 0xFB, 0xD3, 0x66, 0x6C, 0xC5, 0x0C, 0x78, 0x71, 0x05,
    0x75, 0x0A, 0x2F, 0xDD, 0x3F, 0x2D, 0xEE, 0xBD, 0x6C, 0x8D, 0x71, 0x36, 0x87, 0x8D, 0xC9, 0xED,
    0xB0, 0xB1, 0x8D, 0x56, 0xFB, 0x09, 0x6D, 0x8D, 0x18, 0x13, 0x41, 0xBF, 0x53, 0x5D, 0x32, 0x0E,
    0xAB, 0x9B, 0x9B, 0x0F, 0xC1, 0x2A, 0xAC, 0x21, 0x34, 0xEF, 0xD4, 0xD7, 0x18, 0xD0, 0x94, 0xE1,
    0xD7, 0x4D, 0x06, 0xE4, 0x42, 0x9F, 0xE1, 0xC1, 0x4B, 0x9C, 0xD1, 0x5F, 0x12, 0x02, 0x69, 0x0A,
    0x32, 0xDA, 0x65, 0x66, 0x97, 0x7E, 0x8D, 0x6B, 0xB6, 0x50, 0x73, 0xB3, 0x6F, 0x6A, 0x66, 0x9B,
    0x5A, 0x69, 0x21, 0x4B, 0x9C, 0xE4, 0x56, 0xC4, 0x6F, 0xDB, 0x55, 0xF4, 0x7B, 0x13, 0x6C, 0xA5,
    0x1A, 0x0B, 0xDC, 0x04, 0x1E, 0x46, 0x73, 0x23, 0x28, 0x9B, 0xD8, 0xAE, 0x38, 0x8E, 0x78, 0xB6,
    0x53, 0xEB, 0x9E, 0x9D, 0xA6, 0x7E, 0x9B, 0x86, 0x6D, 0x1A, 0xD3, 0xCE, 0x9F, 0x88, 0x5B, 0x36,
    0x37, 0xD6, 0x0A, 0xBC, 0x9B, 0xD6, 0x7D, 0xB8, 0x20, 0xD6, 0xF2, 0xF7, 0xB6, 0x73, 0x45, 0x76,
    0xD1, 0xAA, 0xA0, 0xFD, 0x56, 0xB6, 0x71, 0xA2, 0x83, 0x3E, 0xF7, 0xFB, 0xBF, 0x4B, 0xED, 0xBF,
    0xA5, 0x50, 0xB1, 0x4E, 0xC3, 0x30, 0x14, 0xBC, 0xC4, 0x54, 0x96, 0xE8, 0x90, 0x85, 0x6C, 0x20,
    0x26, 0x06, 0x24, 0x1A, 0x56, 0x86, 0x46, 0xF6, 0x27, 0x74, 0x20, 0xFD, 0x08, 0xE6, 0x0C, 0xDD,
    0x6C, 0x26, 0x56, 0x3E, 0x81, 0x11, 0x75, 0x66, 0x45, 0x7E, 0x94, 0x81, 0x35, 0x9F, 0x10, 0xF8,
    0x82, 0x0E, 0xAD, 0xD4, 0xC1, 0xA9, 0xB1, 0x5D, 0xA0, 0x12, 0x43, 0x55, 0xC4, 0xB3, 0x75, 0xB2,
    0x4F, 0xF7, 0xEE, 0x9D, 0x5E, 0x5E, 0x49, 0xE3, 0x08, 0x40, 0x5E, 0x49, 0xE5, 0xC8, 0xDF, 0xBC,
    0xAA, 0xAE, 0x95, 0x73, 0xDD, 0xCD, 0x74, 0xFA, 0xF8, 0xEB, 0x5D, 0x6D, 0xBE, 0xBE, 0xAC, 0x67,
    0xA6, 0x3F, 0x64, 0xF0, 0x88, 0x15, 0x8C, 0x36, 0x75, 0xF0, 0x70, 0xFC, 0xDF, 0x03, 0x24, 0x0D,
    0xA7, 0x0C, 0x17, 0x18, 0x42, 0x90, 0x68, 0x45, 0x9B, 0x45, 0xFF, 0x4B, 0xA9, 0x48, 0x35, 0xA2,
    0x49, 0x89, 0x51, 0x5F, 0x16, 0xB8, 0xF2, 0x5C, 0x0F, 0x42, 0x7B, 0x0D, 0x71, 0xCF, 0x71, 0x9D,
    0xA1, 0x44, 0xFD, 0x15, 0x24, 0x69, 0x0E, 0xC1, 0xA9, 0x44, 0x86, 0x27, 0xEF, 0xD4, 0x62, 0x98,
    0x12, 0xC4, 0xAC, 0x83, 0xF8, 0x70, 0x10, 0xEF, 0x0E, 0x19, 0x3D, 0x7F, 0x67, 0x16, 0xE9, 0xC2,
    0xDC, 0x59, 0xF3, 0xD6, 0xA9, 0xD7, 0x8E, 0xD1, 0x80, 0xE9, 0x61, 0x86, 0xBA, 0x4C, 0xDB, 0x9A,
    0xE9, 0x38, 0x62, 0x24, 0x6E, 0xAD, 0x98, 0xAD, 0xC5, 0xCB, 0x9A, 0x53, 0xC1, 0xE8, 0x84, 0x07,
    0xC1, 0xA4, 0x4C, 0xE7, 0x35, 0x8B, 0xC1, 0x92, 0x91, 0x07, 0x36, 0xF7, 0x90, 0xEE, 0x82, 0xF3,
    0xF1, 0x72, 0x2C, 0xC3, 0x1A, 0x75, 0x84, 0xDD, 0xE2, 0xBF, 0xC1, 0x76, 0xF8, 0x9E, 0x59, 0xB6,
    0x31, 0xCE, 0x42, 0xAA, 0x3D, 0x66, 0x6C, 0x3B, 0xF2, 0xF1, 0xB2, 0xDA, 0xA7, 0x03, 0x38, 0x6D,
    0xD5, 0xCA, 0x58, 0x67, 0x8D, 0x15, 0x8B, 0xFE, 0xFD, 0x20, 0x30, 0x30, 0xD2, 0x2F, 0x9C, 0x5C,
    0x44, 0x15, 0x96, 0x4F, 0x47, 0x71, 0xC9, 0x05, 0x30, 0x41, 0xD2, 0x2A, 0x9D, 0xAC, 0xC1, 0x56,
    0x46, 0x27, 0x0E, 0xDC, 0x2A, 0x89, 0xCE, 0xFF, 0x7A, 0x80, 0x17, 0x8D, 0x3E, 0x01, 0xC4, 0xBD,
    0x5D, 0x8C, 0x1C, 0xE7, 0xB9, 0x26, 0xF6, 0x55, 0xD5, 0xCC, 0xB4, 0x34, 0x25, 0xA9, 0x18, 0x40,
    0x34, 0xF4, 0x5F, 0xCA, 0xAE, 0x76, 0x41, 0x71, 0xA5, 0x29, 0x05, 0xD0, 0x05, 0xBD, 0x98, 0xEE,
    0x2A, 0x59, 0x7B, 0xD6, 0xD9, 0xF8, 0x42, 0x83, 0x0D, 0x5B, 0xDC, 0x58, 0x17, 0x54, 0x02, 0x2D,
    0x20, 0xC8, 0xD9, 0x43, 0x05, 0x20, 0x12, 0x9E, 0x45, 0x0F, 0xBB, 0x24, 0x6F, 0x60, 0x20, 0xBE,
    0xD0, 0x6C, 0x60, 0xDE, 0xE4, 0xC6, 0x4C, 0x42, 0x03, 0xD2, 0x10, 0x38, 0xF4, 0x85, 0x82, 0xCC,
    0x09, 0x7A, 0xA6, 0x4B, 0x36, 0x12, 0x01, 0xEB, 0x00, 0x6E, 0xDB, 0x4B, 0x1C, 0x60, 0xCF, 0x85,
    0xCA, 0xC7, 0x52, 0xCE, 0x1E, 0x3A, 0x58, 0x95, 0xED, 0xA2, 0x4F, 0x71, 0xDC, 0xDD, 0x95, 0xF7,
    0x79, 0xDF, 0xF7, 0xEB, 0xBF, 0x99, 0xA1, 0x48, 0x49, 0x9B, 0x1D, 0x72, 0xE6, 0xA9, 0xEE, 0xFA,
    0xEA, 0xE7, 0xFB, 0x7B, 0xBF, 0xF7, 0xFF, 0x33, 0xC6, 0x84, 0xC6, 0xC4, 0x99, 0x09, 0x0A, 0xE3,
    0x0D, 0x8D, 0xA9, 0x27, 0x1F, 0x72, 0xE3, 0xA4, 0xC6, 0x18, 0x77, 0x6C, 0x82, 0x4F, 0xB3, 0xA6,
    0x53, 0x9C, 0x37, 0xEF, 0xFF, 0xD0, 0x3C, 0xFF, 0xA6, 0x39, 0x7F, 0xC1, 0xFC, 0x90, 0x3E, 0xD2,
    0x97, 0x74, 0x0A, 0x3F, 0x4B, 0xC6, 0x49, 0x4C, 0x98, 0x7A, 0xA5, 0x89, 0xF9, 0x8F, 0xF1, 0x0B,
    0xD3, 0x35, 0xC1, 0xC0, 0x8C, 0x4C, 0x90, 0x99, 0xA1, 0x89, 0x12, 0x07, 0xDF, 0x7A, 0x85, 0x69,
    0xE1, 0xAE, 0x3D, 0xE3, 0x67, 0xA6, 0x32, 0x41, 0x6A, 0x0A, 0x13, 0x18, 0xB7, 0x30, 0x6B, 0xC6,
    0x1B, 0x98, 0x75, 0xE3, 0x65, 0xF4, 0xC7, 0x4F, 0xCC, 0x83, 0xC6, 0xC5, 0x5D, 0x9D, 0x3D, 0xBE,
    0xB9, 0x89, 0x46, 0x0C, 0x2E, 0xC1, 0x03, 0x84, 0x74, 0x5B, 0xFE, 0x6D, 0xE2, 0xB8, 0x34, 0xA6,
    0x04, 0xAE, 0xE3, 0x0E, 0x84, 0x81, 0x69, 0xE0, 0x95, 0x83, 0x46, 0x16, 0xE0, 0x9A, 0xC0, 0x1D,
    0x3C, 0x4B, 0x37, 0xA2, 0xA7, 0x14, 0xEB, 0xC6, 0x78, 0xE9, 0x03, 0xE6, 0x87, 0xA7, 0x08, 0xE9,
    0xCB, 0xF3, 0xE7, 0x09, 0xF7, 0x2B, 0x73, 0xEA, 0x4D, 0xC2, 0x6B, 0xB9, 0x59, 0xFF, 0x21, 0x61,
    0x62, 0x26, 0xF8, 0x0C, 0xE1, 0x19, 0x7C, 0x7E, 0xD3, 0x34, 0x6A, 0xE0, 0x79, 0x13, 0x5C, 0x23,
    0x3C, 0x75, 0xCA, 0x3C, 0xD3, 0x20, 0x3C, 0xBF, 0x6E, 0x9E, 0x41, 0xB9, 0xE2, 0x71, 0xF3, 0x2C,
    0xDE, 0x35, 0x0F, 0x0C, 0x9E, 0xE8, 0x65, 0x8D, 0x94, 0xAA, 0x61, 0xFC, 0xD4, 0x1B, 0x38, 0x03,
    0x6E, 0xD9, 0xD2, 0xE4, 0xC6, 0x74, 0x8C, 0x69, 0x39, 0x39, 0xEA, 0x6A, 0x82, 0x5F, 0x67, 0x26,
    0xA4, 0x22, 0x4E, 0x9D, 0xAC, 0x48, 0xCD, 0x9C, 0x3A, 0x97, 0x9A, 0x7E, 0xCF, 0xCC, 0xFC, 0x34,
    0x06, 0x0C, 0xD4, 0x80, 0x33, 0x10, 0x26, 0x0C, 0xB1, 0x14, 0xB9, 0x28, 0x30, 0xDE, 0xDE, 0x7E,
    0x0F, 0x77, 0xA1, 0x9F, 0xCC, 0x78, 0x80, 0xC4, 0x34, 0x72, 0x2E, 0x85, 0xCB, 0xA8, 0x54, 0x44,
    0x8D, 0x32, 0xE4, 0x2F, 0x9C, 0xCA, 0x50, 0xAF, 0xA0, 0x2B, 0x5C, 0x3A, 0xA2, 0x52, 0x8D, 0x82,
    0x4B, 0x85, 0x83, 0x53, 0xD4, 0x4D, 0xA6, 0x9B, 0xF4, 0xD3, 0xAE, 0x31, 0x8F, 0x9B, 0xB8, 0x1C,
    0xF2, 0x4B, 0xD4, 0x25, 0x3F, 0xA2, 0x5B, 0x30, 0xF8, 0x43, 0x7D, 0x61, 0x7D, 0x0D, 0x79, 0x45,
    0x5F, 0x4E, 0xBA, 0x5A, 0x0B, 0x39, 0x67, 0x9E, 0xE2, 0xBF, 0xDC, 0x87, 0x8E, 0xDC, 0x8B, 0x6F,
    0x15, 0xF0, 0x35, 0x71, 0x8A, 0xFE, 0xEB, 0xD3, 0xFF, 0x14, 0x27, 0xE3, 0x92, 0x86, 0x8D, 0x69,
    0x8C, 0xF9, 0x64, 0xBF, 0x46, 0x17, 0x86, 0x35, 0xCA, 0x79, 0xFA, 0x97, 0x3B, 0xF7, 0xD3, 0x0A,
    0xA3, 0xE1, 0xC7, 0xF8, 0xAA, 0x6B, 0xFA, 0xD9, 0xEB, 0x54, 0x91, 0xB0, 0xEC, 0x79, 0x15, 0x0D,
    0xDB, 0x9E, 0x4F, 0x0F, 0x2F, 0x3A, 0x68, 0xD7, 0x63, 0x9D, 0x2E, 0xAE, 0x69, 0x72, 0xDB, 0xC6,
    0x15, 0xFF, 0xE5, 0x17, 0x8C, 0xB9, 0x09, 0x63, 0x7E, 0xBD, 0xC8, 0xCC, 0xFD, 0x7C, 0x53, 0x5A,
    0xFE, 0xD1, 0x9A, 0x1F, 0x64, 0xA8, 0x05, 0x71, 0x75, 0x63, 0x9C, 0xB8, 0x78, 0x97, 0x88, 0xEE,
    0x1D, 0x16, 0xFC, 0xBA, 0xC6, 0x1D, 0x6A, 0x6D, 0xF6, 0xD0, 0x86, 0xB8, 0x53, 0xE2, 0x0F, 0xA4,
    0x83, 0x82, 0x54, 0xBA, 0x4D, 0xEE, 0xED, 0x15, 0xD2, 0x49, 0x6E, 0xD1, 0x92, 0x67, 0x94, 0x4D,
    0xC5, 0x4D, 0xC1, 0xAA, 0xA3, 0x68, 0x3F, 0xDB, 0xF3, 0x52, 0xDE, 0x29, 0x23, 0xBD, 0x5E, 0xFA,
    0xDC, 0xCB, 0x65, 0x08, 0xF8, 0x83, 0x86, 0x3E, 0xCF, 0x2B, 0x75, 0x28, 0x70, 0x4D, 0xE9, 0x4F,
    0x97, 0x0A, 0x36, 0xA8, 0xC2, 0x61, 0x29, 0xEF, 0xEC, 0xD5, 0xDF, 0x7B, 0x85, 0x7B, 0xAA, 0x5B,
    0xD7, 0xDC, 0x0E, 0x2B, 0x35, 0x37, 0xAD, 0x31, 0xCB, 0xC9, 0xA4, 0xEA, 0x0F, 0x68, 0x6B, 0xE0,
    0xE9, 0x43, 0xC3, 0x23, 0x94, 0xA6, 0x28, 0x0F, 0x1C, 0x3C, 0x18, 0x2F, 0xD3, 0xC3, 0xDB, 0xC8,
    0xD7, 0x34, 0x71, 0x4D, 0x90, 0xC8, 0x00, 0x6C, 0xEA, 0x95, 0xA8, 0x37, 0xDE, 0x89, 0xDB, 0x03,
    0xCF, 0xE9, 0xE8, 0x08, 0x45, 0x41, 0x5C, 0x80, 0x0B, 0x71, 0x03, 0xDC, 0x88, 0x6F, 0x88, 0x1B,
    0xDF, 0xCB, 0x4F, 0x7F, 0xD6, 0x16, 0x4D, 0xB5, 0x68, 0x71, 0x48, 0xD1, 0xB9, 0x7B, 0x0C, 0xED,
    0x09, 0xBD, 0x0A, 0x6F, 0xB0, 0x29, 0x0F, 0xC6, 0xBB, 0xE3, 0x45, 0xF0, 0xEE, 0x91, 0x16, 0x1B,
    0xCE, 0xBF, 0xBB, 0xAD, 0xD2, 0x43, 0xB6, 0xFA, 0x4E, 0x7E, 0x8A, 0xE8, 0xC1, 0x8E, 0x69, 0x64,
    0x85, 0xF1, 0x5F, 0xC8, 0x4D, 0x40, 0xB3, 0xF7, 0x59, 0xA2, 0x21, 0xEB, 0x34, 0x9B, 0xDF, 0x7F,
    0xC2, 0x80, 0x6E, 0xB8, 0x83, 0x0B, 0x34, 0xAF, 0xE9, 0xF4, 0x5B, 0x44, 0xAE, 0x88, 0xCC, 0x3C,
    0x01, 0x3A, 0x45, 0x64, 0x0A, 0x45, 0x80, 0xF8, 0x4C, 0x84, 0x86, 0x28, 0x0F, 0xD1, 0xCC, 0xEC,
    0x7D, 0xBA, 0x25, 0xD1, 0x9A, 0x82, 0x6A, 0x76, 0x01, 0x05, 0xA8, 0x11, 0xD6, 0x1A, 0x19, 0x5F,
    0xE8, 0xBF, 0x95, 0xF3, 0x8D, 0x70, 0x43, 0xB3, 0xC5, 0xF3, 0x03, 0x8F, 0xE8, 0x50, 0xB1, 0xA6,
    0x9F, 0x7E, 0xC6, 0x7D, 0x66, 0x1E, 0x84, 0x17, 0xF1, 0xB2, 0x92, 0xDF, 0xDB, 0xBB, 0xDD, 0x7B,
    0x77, 0xB8, 0x18, 0xBF, 0xB7, 0x3B, 0x7D, 0x6F, 0xDC, 0xEE, 0x55, 0x69, 0xFE, 0x6E, 0x3D, 0xA4,
    0xFF, 0x1D, 0xEE, 0xB2, 0xCF, 0xF1, 0xFF, 0x41, 0xDC, 0xE3, 0x0A, 0xB7, 0xFD, 0x5D, 0xFF, 0x6F,
    0xB7, 0x2B, 0x1A, 0x95, 0x3A, 0x30, 0x63, 0xA2, 0x5C, 0xCF, 0x19, 0x33, 0xFD, 0x0D, 0xE9, 0x33,
    0xF5, 0xD1, 0xE7, 0xFE, 0x3D, 0x61, 0xA7, 0x3E, 0xD3, 0xB0, 0xC4, 0xAC, 0xB8, 0x9F, 0xFB, 0xB7,
    0xFD, 0x4D, 0x37, 0xA9, 0xC7, 0x6E, 0x92, 0x19, 0xF9, 0x1D, 0xD0, 0xFA, 0xC0, 0x24, 0x16, 0x74,
    0x22, 0xA7, 0x19, 0x55, 0xD7, 0xA6, 0x1E, 0x1A, 0xAA, 0x48, 0x5D, 0x18, 0xA2, 0x1F, 0x44, 0x83,
    0xF1, 0x3F, 0xC1, 0x42, 0x2A, 0xFF, 0xC7, 0xF3, 0xFF, 0x27, 0xDF, 0xD3, 0x64, 0xD4, 0xC2, 0x39,
    0x5F, 0x4B, 0x37, 0x19, 0x19, 0xDC, 0xAD, 0xCE, 0xFA, 0x75, 0xC1, 0xDD, 0x53, 0x84, 0x75, 0xE1,
    0xD7, 0x85, 0x57, 0x17, 0x0E, 0x7D, 0xD3, 0x2F, 0x40, 0xCA, 0xE8, 0x3F, 0x51, 0xA3, 0x80, 0xFF,
    0x13, 0xE9, 0x6D, 0x1C, 0xF8, 0xEF, 0xF3, 0x7F, 0x29, 0x10, 0x71, 0x79, 0x22, 0xDF, 0x7C, 0x07,
    0xBA, 0x4F, 0x50, 0x17, 0x51, 0x5D, 0xD0, 0xFD, 0xBB, 0x58, 0x28, 0xAA, 0x3E, 0xFE, 0x0E, 0xE5,
    0xD8, 0x1C, 0xF1, 0xC3, 0x67, 0x87, 0x52, 0xF2, 0x8D, 0xED, 0x6B, 0xFB, 0xDB, 0xEF, 0xDA, 0xF5,
    0xE8, 0xCB, 0xFA, 0xBB, 0x9A, 0x82, 0xEC, 0x4F, 0x1F, 0xF3, 0xF9, 0xC1, 0xDC, 0xF1, 0xCF, 0xF1,
    0x36, 0x7E, 0x4E, 0x7F, 0xC1, 0xE7, 0xBD, 0xB1, 0x8D, 0x9F, 0x77, 0x89, 0xC7, 0xA0, 0x35, 0x9F,
    0x28, 0x30, 0xAD, 0x0F, 0xE1, 0x00, 0x4B, 0x6E, 0xE7, 0x8B, 0xFD, 0xA7, 0x65, 0x2A, 0x20, 0xFE,
    0x6B, 0xC4, 0x6B, 0x37, 0x18, 0x0E, 0x73, 0x8C, 0xBF, 0xEF, 0xA6, 0xC6, 0x2F, 0x79, 0x18, 0x85,
    0x29, 0xE8, 0xDF, 0x17, 0xF9, 0x1F, 0x27, 0xC4, 0x53, 0xD1, 0x53, 0x68, 0xDD, 0x38, 0x35, 0x69,
    0x96, 0xBF, 0xBF, 0x7D, 0xCD, 0x3C, 0x69, 0xCE, 0x9B, 0x27, 0x9D, 0xCC, 0x3C, 0xD9, 0x30, 0xE6,
    0xC9, 0xFB, 0xE8, 0x97, 0x68, 0xD5, 0x93, 0xAF, 0xD2, 0x2F, 0x75, 0xD6, 0x93, 0xD4, 0x55, 0x7F,
    0x8B, 0xDE, 0xE7, 0x6F, 0x1B, 0xF9, 0xFD, 0x5B, 0xF4, 0xFB, 0x77, 0xE9, 0xF7, 0xEF, 0xCC, 0xFC,
    0xFE, 0x2D, 0xFD, 0xB5, 0xE7, 0xFF, 0xE3, 0x44, 0xAE, 0xE3, 0xDF, 0x27, 0xF5, 0x7E, 0xF7, 0xD3,
    0xAF, 0x47, 0xBF, 0x66, 0x40, 0xBF, 0x27, 0x40, 0x02, 0x78, 0x59, 0xDD, 0xDE, 0xBE, 0xD7, 0xB8,
    0x6E, 0xEA, 0x9A, 0xCB, 0xAE, 0x79, 0xCA, 0x35, 0xF7, 0xB9, 0x34, 0x07, 0xE9, 0x0B, 0xE3, 0xBC,
    0x6D, 0xCC, 0x8F, 0x8C, 0xA1, 0xBF, 0xFF, 0xA3, 0x31, 0xFF, 0x98, 0xEF, 0x3B, 0xFB, 0xFF, 0x1F,
    0xF3, 0x29, 0x2E, 0xE0, 0x7C, 0xCD, 0x78, 0xAE, 0x59, 0xE6, 0x6B, 0x9F, 0x73, 0xCD, 0xC0, 0xF5,
    0x12, 0xF7, 0x31, 0xE3, 0xF6, 0xB1, 0xA6, 0xA7, 0x60, 0x79, 0xD6, 0x9F, 0x77, 0x07, 0xF7, 0x3D,
    0x61, 0x9E, 0x7D, 0xDE, 0x29, 0x9E, 0xF3, 0x93, 0xE7, 0x4E, 0x99, 0xE7, 0x9E, 0xBB, 0xFB, 0xFF,
    0xCF, 0x9A, 0xE7, 0x1A, 0xE9, 0x29, 0xF3, 0xBE, 0x9F, 0xDC, 0xEF, 0x14, 0x8F, 0x99, 0x27, 0x9E,
    0x63, 0xFE, 0x27, 0x71, 0x99, 0xA9, 0xBA, 0xEF, 0x59, 0x73, 0xAA, 0x91, 0x9D, 0x32, 0x17, 0xE8,
    0xAC, 0x29, 0xEE, 0x35, 0x8F, 0xDF, 0x6B, 0xEE, 0xBD, 0xCB, 0xFF, 0xF7, 0xDF, 0x6B, 0xD6, 0xEF,
    0x75, 0xF3, 0x7B, 0x03, 0xF3, 0xF8, 0xF3, 0xA6, 0x3C, 0x41, 0x37, 0xBA, 0x00, 0x1E, 0xD7, 0x31,
    0xC2, 0xA0, 0x0C, 0xF6, 0xF7, 0x53, 0x62, 0xC8, 0xBF, 0xDC, 0xFF, 0x74, 0xDB, 0x7E, 0x9D, 0xF1,
    0xFD, 0xB3, 0xAB, 0xBF, 0xCE, 0xBC, 0xB7, 0xBF, 0xE4, 0xFF, 0x74, 0xDB, 0xBA, 0xCE, 0x26, 0x43,
    0xED, 0x51, 0x65, 0x23, 0x6B, 0x61, 0x32, 0xBD, 0xFA, 0x2A, 0xC4, 0x89, 0x9C, 0x46, 0x64, 0x3F,
    0x25, 0xF6, 0x94, 0x78, 0x44, 0xA6, 0x70, 0x34, 0x99, 0xBC, 0x91, 0xE9, 0x66, 0x0F, 0x09, 0x67,
    0x26, 0x7C, 0xB0, 0x52, 0x2B, 0x67, 0x8F, 0x6F, 0xF1, 0x0C, 0x4F, 0x98, 0x98, 0xB8, 0xD9, 0x91,
    0x4C, 0x91, 0xC1, 0x43, 0x26, 0x25, 0xBE, 0xA2, 0x4B, 0x8B, 0x25, 0x15, 0xEC, 0x27, 0x60, 0x3B,
    0x1D, 0xFB, 0x64, 0x37, 0xC3, 0xC7, 0xEE, 0x80, 0xEE, 0x1A, 0xE6, 0x60, 0x07, 0x8E, 0x39, 0xB8,
    0x84, 0xAE, 0x87, 0xA8, 0x53, 0xE2, 0x56, 0x4F, 0xD9, 0x77, 0x5C, 0x67, 0x5E, 0x15, 0x37, 0x21,
    0x6A, 0x4D, 0x4C, 0x15, 0x7A, 0x35, 0xC1, 0xE4, 0x2C, 0x99, 0x0B, 0xA6, 0x47, 0xD2, 0x85, 0x4E,
    0x3A, 0xA9, 0x13, 0x53, 0x85, 0xD1, 0x14, 0x95, 0x3C, 0x1C, 0xF8, 0x59, 0x2C, 0x67, 0x51, 0x18,
    0xE4, 0x24, 0x5A, 0xFA, 0x17, 0xC1, 0xE0, 0xF8, 0x8B, 0xC5, 0x9B, 0x7E, 0x11, 0x0C, 0xE2, 0xEC,
    0xC4, 0xE5, 0xB5, 0xCD, 0x60, 0x70, 0xB3, 0xB8, 0x6F, 0xEB, 0xB1, 0xFB, 0x82, 0xC1, 0xD6, 0xE5,
    0xFB, 0x5E, 0xBD, 0xEF, 0xB1, 0x60, 0x70, 0xF9, 0xF2, 0x43, 0xA7, 0xFC, 0xF7, 0x83, 0xC1, 0xDF,
    0xCF, 0xDE, 0xF4, 0x9D, 0xAD, 0x60, 0xB0, 0xEC, 0x65, 0x6E, 0x42, 0x64, 0xE2, 0x18, 0x4D, 0xAB,
    0x8C, 0x56, 0xC0, 0x37, 0x69, 0x91, 0xBF, 0x4C, 0xD3, 0x6C, 0xF0, 0x18, 0xC9, 0x2D, 0xDE, 0x96,
    0x9F, 0x9C, 0x07, 0xBB, 0xD7, 0xAD, 0x20, 0x98, 0xB8, 0x1F, 0x0B, 0x0B, 0x65, 0xA2, 0xF7, 0xBE,
    0x25, 0x7C, 0xFB, 0x37, 0x7F, 0x00, 0xB6, 0xEB, 0x36, 0x3F, 0xEF, 0x32, 0xEB, 0x84, 0xFF, 0x1B,
    0xA6, 0x55, 0x7D, 0x81, 0xFF, 0x57, 0xEC, 0x7D, 0xF8, 0xFF, 0xD3, 0xD3, 0x46, 0x11, 0x4E, 0x37,
    0x4C, 0x3A, 0x73, 0x7F, 0x9B, 0xFF, 0x3F, 0xFE, 0x7D, 0x70, 0xE1, 0xE9, 0x27, 0x66, 0xDE, 0x6A,
    0xF1, 0x2F, 0x28, 0xB2, 0x72, 0xE0, 0x4B, 0x22, 0x8C, 0xAD, 0x11, 0xEC, 0xF2, 0x80, 0x01, 0xDF,
    0x49, 0x83, 0x17, 0xA2, 0x02, 0xC9, 0xD4, 0x2E, 0xC6, 0x77, 0x3F, 0x61, 0x06, 0x39, 0x1A, 0x40,
    0x54, 0x21, 0x22, 0xCE, 0x2B, 0x9F, 0x3B, 0x8A, 0x78, 0xEC, 0xF4, 0xBB, 0x22, 0xEA, 0x8E, 0x67,
    0xC5, 0x2C, 0x4F, 0xC4, 0xC3, 0x40, 0x86, 0x7C, 0x24, 0x33, 0xA7, 0x1F, 0xE0, 0x2E, 0xDE, 0xD0,
    0xAB, 0x58, 0xFE, 0x75, 0x70, 0x45, 0x37, 0x03, 0x0D, 0x6F, 0x50, 0xB9, 0x28, 0x33, 0xE7, 0xE8,
    0x44, 0x90, 0x37, 0x50, 0xBA, 0x51, 0xC4, 0x23, 0x1E, 0xEF, 0xA1, 0x08, 0x6A, 0xCB, 0xB3, 0x23,
    0x10, 0x6F, 0x01, 0x69, 0x90, 0xD8, 0x66, 0x62, 0x0E, 0xBD, 0x82, 0xC4, 0x33, 0x7F, 0x40, 0x2F,
    0x4C, 0xEF, 0xB5, 0x89, 0x1A, 0x36, 0x51, 0xB1, 0x26, 0xAA, 0xD5, 0x33, 0xFD, 0x01, 0x49, 0x8B,
    0xE1, 0x18, 0x8F, 0x66, 0xE9, 0x2C, 0x1C, 0x0B, 0x11, 0x22, 0x71, 0x83, 0x2E, 0xA3, 0x2B, 0x46,
    0x60, 0xB8, 0x63, 0x88, 0x04, 0x01, 0x5A, 0x2E, 0x48, 0x7B, 0xF8, 0xB3, 0x89, 0x3F, 0x2D, 0xB4,
    0x17, 0x66, 0xA7, 0x28, 0x04, 0x1A, 0x63, 0x7A, 0x41, 0x87, 0x05, 0xAD, 0x47, 0xA5, 0xB6, 0x8F,
    0xE8, 0x0B, 0x45, 0x77, 0x89, 0xFC, 0xD3, 0x96, 0x9F, 0xA4, 0x96, 0x9F, 0xCC, 0xE2, 0x4C, 0x91,
    0xBB, 0xBD, 0xEF, 0xC3, 0x07, 0xE6, 0xE9, 0xE1, 0xF7, 0xFD, 0x7C, 0x3F, 0x71, 0x2D, 0x34, 0xCC,
    0xE2, 0x23, 0xDB, 0x2C, 0xBD, 0x7F, 0x8E, 0x76, 0x38, 0x3E, 0x7B, 0x5B, 0x61, 0x47, 0xEA, 0xD4,
    0xE2, 0xDD, 0xB1, 0x41, 0x87, 0xBC, 0xD7, 0x5D, 0xFE, 0x9C, 0x64, 0x42, 0xB7, 0x9D, 0x74, 0xF5,
    0xF9, 0xDD, 0x83, 0xEF, 0x71, 0x47, 0xF5, 0x72, 0xB6, 0xB7, 0xFB, 0xDB, 0xDB, 0xAA, 0xCD, 0xA0,
    0xCB, 0x05, 0x93, 0xF9, 0x92, 0x2D, 0x21, 0xF9, 0x2C, 0xF7, 0xED, 0xA9, 0x4C, 0x18, 0x25, 0x32,
    0xCD, 0x82, 0x81, 0x08, 0xA2, 0x24, 0x1D, 0x8B, 0xAA, 0x61, 0x6C, 0x64, 0x8A, 0xC5, 0xA9, 0xCC,
    0xB1, 0xE0, 0x37, 0x3A, 0xBB, 0x54, 0xB5, 0x61, 0x44, 0xE6, 0x37, 0xE0, 0xAE, 0x45, 0x5C, 0x90,
    0x61, 0x19, 0x15, 0x7D, 0x9C, 0x70, 0xEB, 0x34, 0xC4, 0x24, 0xEA, 0x56, 0x74, 0x38, 0xA0, 0x85,
    0x67, 0xC0, 0xD3, 0x34, 0xAA, 0x44, 0x25, 0xF5, 0x00, 0xBF, 0xDA, 0x89, 0x99, 0x6A, 0x06, 0x83,
    0x56, 0x79, 0xFE, 0xD4, 0xF9, 0x53, 0xAD, 0x12, 0xCF, 0x77, 0x68, 0x89, 0x39, 0x75, 0xFE, 0xCD,
    0x53, 0xA7, 0x4E, 0x45, 0xC5, 0x4A, 0xEA, 0x24, 0x41, 0xD1, 0xEC, 0x9C, 0x7A, 0x66, 0x7D, 0x3D,
    0x2C, 0x57, 0xB6, 0x68, 0xA2, 0xE7, 0x6B, 0x3B, 0xA7, 0x9E, 0x39, 0xF5, 0xCC, 0xDA, 0x0E, 0x13,
    0x05, 0xE2, 0xE9, 0xE2, 0x41, 0x9C, 0xC7, 0xD9, 0x6A, 0xB2, 0x4C, 0x53, 0x99, 0x8E, 0x07, 0x11,
    0x8F, 0xB8, 0x15, 0x13, 0xF3, 0xA7, 0x70, 0x76, 0xFC, 0xD1, 0x1B, 0xF8, 0x23, 0x48, 0xBC, 0xD4,
    0x04, 0x31, 0x2D, 0x71, 0x61, 0x46, 0xB2, 0xE6, 0x0E, 0xC9, 0x9A, 0x4D, 0x68, 0xD2, 0x30, 0xA9,
    0x21, 0x1E, 0x12, 0x14, 0xF4, 0xCF, 0xC9, 0xE9, 0xBB, 0xF7, 0x1D, 0x7A, 0x4A, 0x45, 0x9C, 0x5F,
    0x93, 0x4A, 0x99, 0x18, 0x4C, 0x24, 0x9A, 0x16, 0x0C, 0xA5, 0x3B, 0xC3, 0xFD, 0x43, 0xAF, 0x65,
    0xF8, 0x85, 0xB8, 0x05, 0xF9, 0x15, 0x58, 0x6D, 0x02, 0x05, 0x08, 0x37, 0x36, 0x97, 0xE6, 0x66,
    0x96, 0x62, 0x99, 0x74, 0x80, 0x2A, 0xA6, 0x76, 0xAD, 0xCA, 0x87, 0x35, 0x14, 0x50, 0x30, 0x49,
    0x89, 0x30, 0xB5, 0x25, 0x2E, 0xDA, 0x1B, 0x39, 0x93, 0x1B, 0xB1, 0x56, 0x83, 0x8B, 0xB1, 0x1E,
    0x85, 0xEF, 0x16, 0x99, 0xB9, 0x3F, 0x4C, 0x76, 0xA5, 0xC8, 0xC0, 0xDE, 0x58, 0x94, 0x20, 0xC3,
    0x89, 0xAA, 0x89, 0x6F, 0xCF, 0x1D, 0xBE, 0x50, 0xC6, 0x39, 0xB4, 0x4C, 0x66, 0xAB, 0xC0, 0xEF,
    0x20, 0x8D, 0xC0, 0x54, 0xB7, 0x3F, 0xD1, 0x15, 0x45, 0x93, 0x07, 0x2E, 0x14, 0x94, 0x3B, 0x72,
    0xE9, 0x3F, 0x99, 0x9F, 0x0C, 0xDC, 0x80, 0x52, 0x5C, 0x07, 0x61, 0x34, 0xA3, 0x7B, 0xE2, 0x5B,
    0xCB, 0x2B, 0xCB, 0x03, 0x45, 0x91, 0xA4, 0xC5, 0x33, 0x63, 0x6B, 0x8F, 0xF7, 0x4C, 0xD0, 0x9A,
    0x60, 0xFB, 0x86, 0xEE, 0xDB, 0x24, 0xF4, 0x97, 0x5E, 0x56, 0x51, 0x9D, 0xDC, 0xA2, 0x83, 0x82,
    0xE5, 0x09, 0x34, 0x69, 0x87, 0x0B, 0x3E, 0x65, 0xB5, 0x81, 0x7C, 0x5F, 0x67, 0xE6, 0xBE, 0x56,
    0x5D, 0x64, 0x6C, 0xD3, 0xEA, 0xDD, 0x23, 0xB3, 0xF8, 0x57, 0x96, 0x35, 0x2D, 0xC9, 0x57, 0x71,
    0xF3, 0x69, 0x1B, 0xCB, 0x9D, 0xA5, 0x05, 0x55, 0x01, 0x29, 0x13, 0xEB, 0x60, 0x51, 0xE7, 0xC8,
    0xA2, 0xD9, 0xB4, 0xA6, 0xF2, 0x76, 0x3A, 0xEE, 0x64, 0xA5, 0x93, 0x96, 0x51, 0x0D, 0xDD, 0xCC,
    0x6B, 0x1C, 0xBC, 0x40, 0x9F, 0x20, 0x97, 0x2D, 0xB4, 0xBE, 0xAA, 0x80, 0xA7, 0x03, 0x73, 0x32,
    0xEC, 0xF6, 0x0E, 0x19, 0x98, 0x78, 0x40, 0x38, 0x19, 0xE1, 0xDD, 0x83, 0x03, 0xF3, 0xA8, 0x11,
    0x2E, 0x13, 0xA1, 0x9C, 0x14, 0x9B, 0x8C, 0xDF, 0xF0, 0x90, 0xA1, 0x1B, 0x1D, 0x7C, 0x41, 0x79,
    0x43, 0xDB, 0xE1, 0xE9, 0xB4, 0xA9, 0x66, 0x54, 0xA6, 0xD2, 0x9C, 0xD2, 0xB4, 0xD2, 0x14, 0xE1,
    0xCC, 0x40, 0xEA, 0x1A, 0x97, 0x39, 0x0D, 0x28, 0xEA, 0xAB, 0xC6, 0x07, 0x34, 0x3E, 0x0A, 0xA8,
    0x84, 0xFC, 0xDC, 0x29, 0x9A, 0xB8, 0x6F, 0xF5, 0x20, 0x5E, 0x59, 0xC6, 0xC7, 0x31, 0x7D, 0x69,
    0x1D, 0x77, 0xE5, 0xCC, 0xB8, 0x9B, 0x19, 0x1F, 0xE1, 0x11, 0x23, 0x43, 0xFE, 0x3E, 0x68, 0x69,
    0xAF, 0xBC, 0x68, 0x38, 0x99, 0x41, 0x8B, 0xB3, 0x6C, 0xF7, 0x90, 0x59, 0xB6, 0x58, 0x66, 0x64,
    0x6C, 0x73, 0xC7, 0x47, 0xCE, 0xC4, 0xC3, 0xA6, 0x6C, 0x78, 0xC8, 0xFC, 0x97, 0xEA, 0xD0, 0xBB,
    0x3B, 0xFD, 0x5B, 0xFC, 0xA6, 0x6B, 0xC9, 0x0A, 0x7F, 0x2F, 0x1A, 0x78, 0xD6, 0x71, 0x82, 0xE9,
    0x7D, 0x1E, 0xE7, 0xE8, 0x0F, 0xD7, 0xF8, 0x7E, 0x9D, 0xA6, 0x1E, 0x51, 0x57, 0x6E, 0xF1, 0xEC,
    0xBE, 0x55, 0x2C, 0x61, 0xE9, 0xE0, 0x21, 0x1F, 0x6B, 0xCE, 0xE0, 0xCD, 0xE7, 0x96, 0x99, 0xB5,
    0x20, 0x69, 0x4F, 0x14, 0xDA, 0xAF, 0x0A, 0x3E, 0xF4, 0xEA, 0x0A, 0x97, 0xBB, 0x6F, 0x4B, 0xCA,
    0xDD, 0xB7, 0xB5, 0xB2, 0x7D, 0xED, 0x06, 0x3E, 0x4B, 0x35, 0xEE, 0x7B, 0x75, 0x1E, 0x1F, 0x7A,
    0x4E, 0xF0, 0xA9, 0xA7, 0x04, 0x9F, 0x7B, 0x4C, 0xF0, 0xD5, 0xFB, 0x05, 0xB3, 0x06, 0x23, 0xC9,
    0xBC, 0x29, 0x90, 0x3E, 0x5D, 0x06, 0x3E, 0xA6, 0xCB, 0xCA, 0x9B, 0x06, 0x36, 0x11, 0x08, 0x2D,
    0xAC, 0xC9, 0x7C, 0x96, 0x25, 0xA7, 0x1F, 0x7C, 0x6B, 0x30, 0xAB, 0xB8, 0x16, 0xBD, 0xFB, 0x3D,
    0xC6, 0x29, 0xF0, 0xDB, 0xA2, 0x36, 0x6C, 0x11, 0x5B, 0x17, 0xD1, 0xC8, 0xC0, 0x6F, 0x90, 0x36,
    0x32, 0xFA, 0x1D, 0xF8, 0x99, 0xFC, 0xF3, 0x06, 0x41, 0x42, 0xBF, 0xA9, 0x5B, 0x84, 0x50, 0x2F,
    0x1B, 0x03, 0x55, 0x33, 0x7E, 0x7B, 0x4D, 0xF9, 0x5D, 0x87, 0x0E, 0x02, 0x26, 0x8B, 0x1D, 0xF9,
    0x85, 0x42, 0x19, 0xBF, 0xE0, 0xFF, 0xF0, 0x0B, 0xE3, 0x02, 0xFA, 0x0A, 0x36, 0x17, 0x90, 0x17,
    0x1C, 0xFB, 0xC5, 0xF4, 0x3C, 0x16, 0x47, 0xFC, 0xB6, 0x3A, 0xF2, 0xDB, 0x69, 0xCA, 0xEF, 0x90,
    0x18, 0xE4, 0x2A, 0xA2, 0x6A, 0x84, 0xF8, 0x25, 0x7E, 0x38, 0x48, 0xF1, 0x8B, 0x37, 0x6B, 0x0C,
    0xE8, 0x1D, 0xF1, 0x66, 0x99, 0x97, 0xE3, 0x4C, 0x98, 0xB8, 0x45, 0x4C, 0x75, 0xA1, 0x8E, 0x2F,
    0x69, 0x38, 0x55, 0xF4, 0x3B, 0xBC, 0x60, 0xCC, 0x0F, 0xE9, 0xF7, 0x82, 0xD6, 0xF7, 0xD8, 0xE7,
    0xE0, 0xED, 0x0E, 0x45, 0xEA, 0xE4, 0xEE, 0x11, 0x3C, 0x64, 0xFC, 0x65, 0xDC, 0xFF, 0x4B, 0xC0,
    0xE3, 0xF3, 0x14, 0xAE, 0xA3, 0xF3, 0xF5, 0x8B, 0xE1, 0x62, 0x7D, 0xDB, 0xED, 0xBD, 0xF6, 0xD9,
    0xEB, 0xED, 0xE4, 0xCB, 0xBA, 0xFF, 0x17, 0xC7, 0x85, 0x1F, 0x7C, 0x89, 0x25, 0x2C, 0x20, 0x4E,
    0x47, 0x31, 0xFD, 0x1C, 0x48, 0x95, 0x3C, 0x7B, 0xE9, 0xEC, 0xF5, 0x83, 0xFD, 0x8D, 0xB3, 0x5C,
    0x2E, 0x11, 0x0C, 0x17, 0xD1, 0x08, 0x46, 0x8A, 0xB1, 0x62, 0x4B, 0x71, 0x53, 0xB1, 0xA7, 0x38,
    0x14, 0x74, 0x2A, 0x41, 0xB7, 0x10, 0xA4, 0xE9, 0xC3, 0x48, 0x54, 0x6C, 0x15, 0xF5, 0x10, 0x22,
    0x99, 0x9A, 0x60, 0xBA, 0x44, 0xB3, 0xAC, 0xE6, 0x4C, 0x3E, 0x73, 0x6B, 0xCC, 0x10, 0xC6, 0xF1,
    0x94, 0x6E, 0xE6, 0x13, 0x41, 0x51, 0xCC, 0x66, 0x38, 0x7F, 0x8E, 0x3E, 0xFB, 0xF5, 0xD0, 0x9C,
    0xE8, 0x93, 0x94, 0xDF, 0x1F, 0x59, 0x4B, 0x5D, 0x38, 0xBD, 0xA0, 0x9C, 0xDC, 0xA5, 0x9B, 0xAA,
    0x1D, 0x95, 0x18, 0x62, 0x5E, 0x01, 0x6F, 0x59, 0x91, 0xB3, 0x3F, 0x86, 0x09, 0xEC, 0x1F, 0xD0,
    0x57, 0x98, 0xEA, 0x63, 0x23, 0x56, 0x14, 0xB1, 0xEF, 0x09, 0xBB, 0x7F, 0xE5, 0x9F, 0x33, 0x54,
    0x6F, 0x0A, 0xCF, 0xC1, 0xD0, 0x78, 0x9D, 0xE1, 0xF1, 0x13, 0x0C, 0xE7, 0x19, 0x9C, 0x01, 0x43,
    0x23, 0x61, 0x78, 0xDC, 0x30, 0x9C, 0x67, 0x20, 0xB2, 0x0C, 0x68, 0x24, 0x0C, 0x8F, 0x1B, 0x86,
    0xF3, 0x0C, 0xA0, 0xD8, 0x04, 0x50, 0x7E, 0x12, 0x3C, 0x6E, 0x18, 0xCE, 0x33, 0xE0, 0x14, 0x01,
    0xEB, 0x45, 0x4F, 0xBC, 0xF9, 0x38, 0xB3, 0xE0, 0x6F, 0x9E, 0x67, 0xF8, 0x6F, 0x98, 0x30, 0x9E,
    0xF8, 0xEF, 0x84, 0x2F, 0x17, 0xDB, 0xDA, 0x09, 0x91, 0x46, 0x2A, 0x51, 0xF9, 0x6E, 0x18, 0x91,
    0xD4, 0xF1, 0xF7, 0xBF, 0x45, 0xC3, 0x3A, 0xFF, 0x4F, 0x96, 0xF1, 0x82, 0x92, 0xFE, 0xEF, 0xC9,
    0x9B, 0xBC, 0x5C, 0x3C, 0xCB, 0x4B, 0xC5, 0x3A, 0xFD, 0x3E, 0xA6, 0x84, 0xE6, 0x7E, 0x1D, 0x82,
    0xBE, 0x65, 0xF1, 0xA6, 0xBA, 0x24, 0xF9, 0x51, 0x21, 0xC2, 0xFC, 0x50, 0xF1, 0x79, 0xC5, 0x67,
    0x66, 0xEC, 0x6C, 0xDC, 0x3E, 0xF6, 0x06, 0x7A, 0xA1, 0xB3, 0x78, 0xE1, 0xFA, 0xC2, 0x05, 0xBE,
    0x0A, 0x3F, 0xEE, 0x44, 0x96, 0x7A, 0x7A, 0xF5, 0xAD, 0x2B, 0x27, 0x57, 0xD2, 0x2B, 0xE7, 0x97,
    0x93, 0x8D, 0xE3, 0xCB, 0xC9, 0xEB, 0x76, 0x5D, 0x3A, 0x4A, 0x36, 0x9B, 0xAC, 0x5B, 0x13, 0x6C,
    0x54, 0xF4, 0x7E, 0xB4, 0x9C, 0x47, 0xD7, 0x52, 0xE6, 0x01, 0xDE, 0x87, 0x68, 0x43, 0xE5, 0x8E,
    0x41, 0xF8, 0xE5, 0x72, 0xC7, 0x14, 0xDF, 0xD4, 0xFB, 0x16, 0x2A, 0xE5, 0xED, 0x5F, 0xC1, 0xB9,
    0x93, 0x57, 0x6F, 0x5C, 0x31, 0x4B, 0xAF, 0xC2, 0xA4, 0x2E, 0xE5, 0xD0, 0x13, 0x0F, 0x1D, 0x83,
    0xF0, 0x58, 0x41, 0x19, 0x72, 0xFC, 0x8F, 0xB9, 0x95, 0xB5, 0xF6, 0x74, 0xFE, 0xD4, 0xFC, 0xF3,
    0x0F, 0x7F, 0x5F, 0xD5, 0xA7, 0x2C, 0xD9, 0xF3, 0x7F, 0x82, 0x7A, 0xAE, 0xA6, 0x3B, 0x0F, 0x4A,
    0x3D, 0x37, 0x78, 0x92, 0x42, 0xA6, 0xE2, 0xDE, 0xCA, 0x7E, 0x4E, 0x1C, 0x49, 0xF6, 0x8B, 0xC4,
    0x3C, 0x9F, 0xFD, 0x2C, 0x33, 0x3F, 0xCC, 0x06, 0xB9, 0xA1, 0x6E, 0x7C, 0xD3, 0x4B, 0xB3, 0xC1,
    0xA9, 0x86, 0xC9, 0x06, 0xF7, 0x3D, 0x40, 0x7F, 0xFC, 0xC7, 0xE8, 0x8F, 0x77, 0x9E, 0xFE, 0xD0,
    0xE4, 0xA3, 0xCB, 0x72, 0x7C, 0xC4, 0x51, 0xE3, 0x14, 0xFD, 0x79, 0xE0, 0x3E, 0xFA, 0xF3, 0xD8,
    0x2A, 0xFD, 0x79, 0xDE, 0x4B, 0xB2, 0xC1, 0x0F, 0x5D, 0xBA, 0xC1, 0xC0, 0x0C, 0xB2, 0x9F, 0xA7,
    0xE6, 0xCD, 0xEC, 0x17, 0xF4, 0xD6, 0xD9, 0xCF, 0xF0, 0x20, 0x7E, 0xDA, 0x0D, 0x1A, 0xE8, 0x19,
    0xAF, 0xFB, 0x32, 0x8A, 0xAC, 0xE5, 0xC0, 0x5A, 0x02, 0xEA, 0xA1, 0xFD, 0x7E, 0x6A, 0x5E, 0xF5,
    0xB3, 0x2F, 0x80, 0xC7, 0x18, 0x9D, 0x6B, 0x10, 0xF3, 0xB2, 0x57, 0xD8, 0x3C, 0x13, 0xD0, 0x63,
    0xF6, 0x37, 0xCC, 0xB7, 0x08, 0xAE, 0xB0, 0xA4, 0x7E, 0x8B, 0x39, 0xD2, 0xFA, 0xFB, 0x7C, 0xDD,
    0xD3, 0x9F, 0xEB, 0x39, 0xEE, 0x8C, 0x81, 0xF5, 0x30, 0xB4, 0xEB, 0x3B, 0x48, 0x90, 0xA7, 0x22,
    0x3D, 0x84, 0xF2, 0xB1, 0x2A, 0x0F, 0x36, 0xD4, 0x90, 0xD2, 0xDE, 0x88, 0xA5, 0x1D, 0x4A, 0x8B,
    0x53, 0x5A, 0x76, 0x00, 0x93, 0xC3, 0x31, 0xB4, 0xA8, 0x96, 0x9C, 0xC8, 0xE2, 0x8C, 0x41, 0xB8,
    0xA7, 0x96, 0xE7, 0x9E, 0xCA, 0xFF, 0xBD, 0x99, 0xDF, 0xE1, 0xD4, 0xE0, 0x0B, 0xE9, 0xD8, 0x1A,
    0xA4, 0xC1, 0xAE, 0xC0, 0x4D, 0x84, 0xA9, 0x68, 0x29, 0x7C, 0xBC, 0x63, 0xED, 0xF9, 0x05, 0x4C,
    0xFA, 0x5C, 0x96, 0x15, 0x6B, 0x54, 0xB6, 0x4B, 0xBC, 0x18, 0x56, 0x83, 0x16, 0xAB, 0x7F, 0x12,
    0x56, 0xEE, 0xA1, 0x57, 0x67, 0xD7, 0xE1, 0xD6, 0x1D, 0x20, 0x1A, 0xA5, 0x7F, 0x84, 0x6A, 0xAA,
    0x29, 0x6E, 0x33, 0x5C, 0x03, 0x7C, 0xD8, 0xD4, 0x8B, 0xD8, 0x27, 0x20, 0x94, 0xDA, 0xA0, 0x59,
    0x86, 0xDA, 0x4D, 0x95, 0x4A, 0x72, 0x2A, 0xD7, 0x09, 0xC3, 0xEB, 0x54, 0xC2, 0xC1, 0x9B, 0xDD,
    0x86, 0xA8, 0x70, 0x63, 0xEB, 0x25, 0xF2, 0x69, 0xAA, 0xAA, 0x0C, 0xA5, 0x35, 0x63, 0xED, 0x6F,
    0xD5, 0x5F, 0x75, 0xD9, 0x93, 0xC2, 0xF8, 0x63, 0x9E, 0xF6, 0x2B, 0xD4, 0x55, 0xE7, 0xEA, 0x2D,
    0xD3, 0x1D, 0x27, 0xA8, 0xF8, 0x20, 0xDE, 0x9A, 0x29, 0x6A, 0x56, 0x92, 0x55, 0xD5, 0x61, 0x07,
    0xAA, 0xA3, 0xF6, 0xEF, 0xD6, 0xD2, 0x76, 0xD4, 0x4F, 0x5F, 0x87, 0x93, 0xD5, 0x14, 0x89, 0x06,
    0xE9, 0x0B, 0xDF, 0xF6, 0x0E, 0x54, 0x82, 0xB6, 0x1B, 0xE3, 0x2F, 0x1B, 0x55, 0x57, 0x35, 0x41,
    0xD1, 0xAD, 0x7D, 0xF9, 0xCF, 0x99, 0xC5, 0xE3, 0xC2, 0xBE, 0x9E, 0x56, 0x95, 0x5B, 0x65, 0x71,
    0x41, 0x35, 0x77, 0x45, 0xE7, 0x65, 0x15, 0x4F, 0xCF, 0x87, 0x8B, 0x13, 0xEF, 0x28, 0xD4, 0x89,
    0x1B, 0x56, 0x76, 0x82, 0xCA, 0x17, 0xE1, 0x39, 0xF9, 0x22, 0xFC, 0x7A, 0xAD, 0x8A, 0xF1, 0xAE,
    0xE8, 0xB1, 0x12, 0x7F, 0x24, 0x28, 0xAE, 0x42, 0x74, 0x1F, 0xAB, 0xC1, 0x59, 0x32, 0x77, 0xF3,
    0xDC, 0x3B, 0xC4, 0x55, 0xA3, 0x9A, 0x54, 0xFA, 0xB9, 0x1C, 0x49, 0xFD, 0x0A, 0x8B, 0x53, 0x75,
    0x81, 0xD5, 0x64, 0xA8, 0x42, 0xC1, 0x4A, 0xD3, 0xD6, 0x35, 0x88, 0x46, 0xE2, 0x07, 0xAA, 0x1A,
    0xFC, 0x89, 0x68, 0x1F, 0xEA, 0x9F, 0x88, 0x8F, 0xCD, 0x4F, 0x3E, 0xE0, 0x99, 0x54, 0xFB, 0x19,
    0x18, 0xA9, 0xC6, 0x90, 0xA4, 0x28, 0x88, 0x38, 0xB9, 0x9F, 0x39, 0x63, 0xA2, 0x86, 0x29, 0xCD,
    0xD0, 0x38, 0xA3, 0x2A, 0xFB, 0x70, 0x9C, 0xA3, 0x26, 0x20, 0xF4, 0x2A, 0x22, 0x33, 0x20, 0xA0,
    0xF9, 0xD2, 0x17, 0x5C, 0x08, 0x66, 0x70, 0x65, 0x4E, 0xAF, 0xEB, 0x14, 0xCA, 0x19, 0x28, 0x7A,
    0x5A, 0x2B, 0xEF, 0x13, 0xD1, 0xE9, 0x32, 0xB9, 0xAE, 0x41, 0x06, 0x04, 0xED, 0x5D, 0x16, 0xC9,
    0x70, 0xB8, 0x20, 0x6C, 0xCC, 0x8E, 0x66, 0x4C, 0xCC, 0xAE, 0x22, 0x13, 0xFA, 0xB3, 0xC9, 0xE1,
    0x17, 0x4F, 0x6F, 0xC2, 0x97, 0xE5, 0x16, 0x5B, 0x72, 0xD9, 0x86, 0xA5, 0x8C, 0xEA, 0xED, 0x24,
    0x14, 0x6E, 0xA2, 0x55, 0x52, 0x8D, 0x95, 0x93, 0x88, 0xAE, 0x83, 0x16, 0x98, 0x5C, 0xD5, 0xEF,
    0xF2, 0xAE, 0xCE, 0x86, 0xAD, 0x4E, 0xA1, 0xD5, 0x21, 0xBA, 0xBD, 0x7D, 0x75, 0x7F, 0xFB, 0x2A,
    0x2B, 0x01, 0x06, 0xD2, 0x06, 0x0D, 0x8B, 0xD9, 0xE1, 0x88, 0x6E, 0x59, 0xC4, 0x5C, 0x1A, 0x84,
    0xD0, 0xE5, 0xFB, 0x4E, 0xD1, 0xD9, 0xBE, 0xB6, 0xBD, 0x7D, 0x35, 0x97, 0xBA, 0xB2, 0x7B, 0x61,
    0x68, 0x51, 0xB5, 0x6A, 0x16, 0x23, 0x7E, 0xC4, 0x14, 0x63, 0x6D, 0xEB, 0xD6, 0x02, 0x36, 0x79,
    0x0D, 0x5A, 0x98, 0xA7, 0xEA, 0x42, 0x30, 0x67, 0x24, 0x6C, 0xDE, 0xAE, 0xB1, 0x44, 0x25, 0x3E,
    0x9E, 0xA0, 0x55, 0xE4, 0x4C, 0x07, 0x40, 0x63, 0x6E, 0xD8, 0xE8, 0x7C, 0x2F, 0x2C, 0x9E, 0x84,
    0x86, 0x7D, 0x7B, 0x7B, 0x6B, 0xBA, 0x5A, 0x75, 0x16, 0x1E, 0x33, 0xA6, 0xD3, 0xEF, 0xEB, 0x83,
    0x86, 0xAC, 0x93, 0xDF, 0xBE, 0x56, 0x5A, 0xED, 0xB6, 0xFA, 0x84, 0x48, 0xF7, 0x3B, 0x23, 0x7D,
    0x22, 0x9F, 0xDE, 0x4B, 0x64, 0x42, 0xD5, 0xB7, 0xBA, 0xBA, 0xFE, 0x68, 0xEF, 0xAA, 0x5D, 0xCB,
    0x38, 0x7D, 0x3B, 0x01, 0xF5, 0x0B, 0x55, 0x4A, 0x89, 0x05, 0x8D, 0x86, 0xB7, 0x0C, 0x70, 0x28,
    0x29, 0xEE, 0x1E, 0x83, 0x84, 0x95, 0x1B, 0x69, 0xA0, 0x4A, 0x0E, 0xAB, 0xF0, 0xF0, 0x0A, 0xFC,
    0x0D, 0x52, 0x87, 0x91, 0xFA, 0xA8, 0x02, 0x52, 0xDD, 0x7B, 0x40, 0xAA, 0xFB, 0x26, 0x90, 0xC6,
    0x5F, 0x4C, 0xF8, 0x01, 0xD4, 0x17, 0x84, 0x3F, 0x06, 0xCB, 0xF3, 0xDD, 0xCC, 0x07, 0x21, 0x78,
    0xE0, 0x1B, 0x84, 0xC9, 0x5D, 0xBF, 0xCF, 0xC9, 0xED, 0x6B, 0x37, 0xAE, 0xDD, 0xD8, 0xBE, 0x7C,
    0x90, 0x2F, 0x42, 0x4B, 0xBC, 0xC6, 0x7F, 0xBF, 0x49, 0xEB, 0xA9, 0x7B, 0x15, 0x5F, 0xDF, 0x92,
    0xF1, 0xFD, 0x03, 0x9A, 0xCE, 0x37, 0x7E, 0xF0, 0xCA, 0x6D, 0xE9, 0xC0, 0x36, 0xD4, 0x4D, 0xEF,
    0x1D, 0x32, 0x0E, 0x6E, 0x4F, 0x3F, 0x4E, 0xF2, 0x75, 0xD3, 0xF7, 0x39, 0x89, 0xF9, 0x43, 0x9F,
    0x69, 0xDC, 0x54, 0x13, 0xB2, 0xB8, 0xA4, 0x64, 0xD1, 0xAA, 0xF0, 0x62, 0xD5, 0xD5, 0x31, 0xFB,
    0x57, 0x8A, 0xD2, 0x0D, 0x63, 0x00, 0x72, 0x68, 0x9C, 0x2C, 0x7F, 0xF3, 0xDA, 0x48, 0x9F, 0x5F,
    0xF3, 0xBC, 0x19, 0xFF, 0xE0, 0x5C, 0xEA, 0x8C, 0x7F, 0x90, 0x4C, 0x1C, 0x56, 0xAD, 0x1B, 0x2B,
    0x09, 0xB3, 0x0B, 0xEB, 0x50, 0xC9, 0xED, 0xB3, 0xBF, 0x7D, 0x05, 0xF3, 0xAF, 0xA1, 0xEA, 0xE9,
    0xC3, 0x70, 0x45, 0xDA, 0x31, 0xF5, 0x75, 0x1D, 0xF7, 0x6F, 0xE0, 0xF3, 0x35, 0xF4, 0x69, 0xD2,
    0xC8, 0x1A, 0x8C, 0xBE, 0xA0, 0xF1, 0x53, 0x20, 0xC9, 0xEB, 0xFC, 0x39, 0x1A, 0x04, 0x05, 0x30,
    0x2E, 0xC2, 0x0A, 0xD8, 0xAC, 0xA2, 0x8B, 0xC0, 0xDE, 0x66, 0x2B, 0xFA, 0x3A, 0xFA, 0xFC, 0x99,
    0x5E, 0xF0, 0x61, 0xE6, 0xFF, 0xA8, 0x58, 0xAA, 0xBC, 0xBF, 0xCA, 0xFC, 0x0F, 0x73, 0xB7, 0x70,
    0xFE, 0x90, 0xF9, 0x3F, 0xCD, 0xA8, 0x21, 0xBE, 0x93, 0xF9, 0x1F, 0x25, 0x50, 0xC7, 0x65, 0xFE,
    0xFF, 0x09, 0x7F, 0xE4, 0x86, 0xF6, 0x6D, 0x63, 0xBE, 0xAF, 0xBB, 0xB5, 0x60, 0x5C, 0xCB, 0xD8,
    0x3D, 0x79, 0x65, 0x96, 0x42, 0xBB, 0x5B, 0xDA, 0x08, 0xC5, 0xFC, 0xEC, 0x89, 0xF4, 0x73, 0x5F,
    0xE6, 0x87, 0x3B, 0xEC, 0xAA, 0x23, 0xAD, 0xCC, 0x9F, 0x28, 0x93, 0xF9, 0x54, 0x1B, 0x36, 0xEF,
    0xC2, 0x1C, 0xDC, 0x85, 0xC1, 0x86, 0xD6, 0x1B, 0x92, 0xD4, 0xDD, 0x9A, 0xAA, 0x4B, 0x7F, 0xA2,
    0x21, 0xFA, 0xB5, 0x9B, 0xC3, 0xC9, 0x81, 0xD6, 0x1D, 0x28, 0xD7, 0x20, 0x30, 0x14, 0xE6, 0xCB,
    0x5B, 0x6F, 0x3E, 0xEF, 0xFA, 0xD4, 0xFB, 0x6C, 0x18, 0x4E, 0x8C, 0xAB, 0x43, 0x85, 0x51, 0xBB,
    0x4D, 0xFF, 0x7B, 0x15, 0x17, 0xB9, 0x7B, 0x20, 0xA2, 0x45, 0xFF, 0xED, 0xCD, 0xF4, 0x93, 0x9E,
    0xDB, 0x61, 0x78, 0xFD, 0xCE, 0xDE, 0xEC, 0x50, 0x78, 0x7D, 0x6E, 0xB5, 0x3A, 0x08, 0xC2, 0x1C,
    0x0F, 0x2C, 0x80, 0x73, 0x6F, 0x08, 0x78, 0x8B, 0x70, 0x89, 0xAA, 0x79, 0x66, 0x30, 0x7F, 0xC1,
    0xFC, 0xCD, 0x8E, 0x73, 0x4B, 0x2C, 0xB8, 0xA6, 0xF5, 0xF8, 0x5C, 0xEF, 0x76, 0x70, 0xE8, 0x05,
    0xAF, 0x33, 0xBC, 0x7E, 0xD4, 0xCB, 0xBF, 0x3B, 0xBB, 0x04, 0x3C, 0xA3, 0x18, 0x2B, 0x86, 0xA9,
    0xA0, 0x3F, 0xE8, 0xA8, 0x53, 0xB3, 0xA0, 0x93, 0x76, 0x66, 0x97, 0x8E, 0x50, 0x67, 0xA6, 0xC5,
    0x55, 0x6E, 0xFC, 0x6B, 0x99, 0x1A, 0x29, 0x55, 0xEC, 0xF2, 0x55, 0x83, 0x0D, 0xCA, 0xE0, 0x16,
    0x4A, 0x52, 0x8A, 0x52, 0xFC, 0x87, 0xF3, 0x9E, 0xFA, 0x00, 0xC7, 0x66, 0x56, 0x63, 0x07, 0xEF,
    0x6A, 0x70, 0x1A, 0x5D, 0x2A, 0x09, 0x1C, 0x1A, 0x27, 0xA7, 0x55, 0x98, 0xB5, 0x60, 0xA1, 0x7A,
    0x9E, 0x47, 0xCA, 0xC7, 0x45, 0xBA, 0x2A, 0xC5, 0x1C, 0x2A, 0xC0, 0x5A, 0xB9, 0x12, 0x7A, 0xB4,
    0x11, 0xB3, 0x77, 0x01, 0xAD, 0x45, 0x0F, 0xB0, 0x60, 0x23, 0x73, 0xCF, 0x61, 0xC6, 0xDC, 0x3C,
    0xA9, 0xF5, 0x18, 0x99, 0xB9, 0x75, 0x4D, 0x8D, 0x33, 0x53, 0xD2, 0xC8, 0x05, 0x1C, 0x62, 0x64,
    0xFE, 0x84, 0x24, 0x8B, 0x09, 0x25, 0x9A, 0x4A, 0x16, 0x9F, 0x6F, 0xC6, 0x28, 0x25, 0x37, 0x96,
    0x82, 0x4F, 0xBD, 0x80, 0xBE, 0xD0, 0x4C, 0x5C, 0xE4, 0xF4, 0x2D, 0xE5, 0x35, 0x6A, 0xAE, 0x9E,
    0x32, 0xF4, 0xF1, 0x82, 0xDC, 0xBA, 0x3B, 0xE5, 0x00, 0x12, 0x36, 0x7E, 0x0B, 0x23, 0xE6, 0xE9,
    0x18, 0xF5, 0x07, 0xF2, 0x00, 0xEA, 0xBA, 0x40, 0x19, 0x1D, 0x66, 0xC1, 0xF7, 0x84, 0x79, 0x04,
    0x9B, 0xDD, 0x52, 0x6E, 0x00, 0xF3, 0x06, 0x6E, 0x27, 0x43, 0xD1, 0x31, 0xB2, 0x90, 0x7D, 0x11,
    0x0A, 0x45, 0xC2, 0x7B, 0x26, 0x4E, 0x2D, 0x26, 0x7A, 0x49, 0xDE, 0xE4, 0xA2, 0x54, 0xC0, 0x19,
    0xAA, 0xD1, 0xB2, 0x14, 0x45, 0x67, 0x38, 0x50, 0x43, 0x51, 0xC2, 0x36, 0x2F, 0x74, 0x2C, 0x6E,
    0x8A, 0x8E, 0x85, 0xA7, 0x3B, 0x2C, 0xF4, 0x44, 0x22, 0x45, 0xCE, 0xED, 0x0E, 0xC4, 0xE5, 0x37,
    0x18, 0x8A, 0x35, 0x0D, 0xC6, 0x90, 0x59, 0xBD, 0xD2, 0x9C, 0x3A, 0xAE, 0x35, 0x65, 0x5B, 0x8F,
    0x29, 0x4F, 0x4C, 0x5F, 0xBD, 0x8F, 0xEA, 0x6D, 0xB2, 0x4D, 0x6D, 0x80, 0x37, 0xDF, 0xC4, 0x40,
    0x85, 0x21, 0x83, 0x6E, 0x06, 0x99, 0x9B, 0x4A, 0xA7, 0x9E, 0x0E, 0x5D, 0x7F, 0x30, 0xF5, 0x36,
    0xC7, 0x77, 0xAC, 0x55, 0xA8, 0xB4, 0x49, 0x7B, 0x3A, 0xBF, 0x62, 0x55, 0xD8, 0x86, 0xA9, 0x35,
    0xB6, 0xC9, 0xBA, 0xE8, 0x95, 0x62, 0xC2, 0x33, 0x23, 0x0D, 0x72, 0xE9, 0x5A, 0xC9, 0x4A, 0x57,
    0x86, 0x58, 0xD9, 0x04, 0x75, 0x46, 0xF0, 0xAB, 0x6E, 0x26, 0x75, 0x0C, 0xD8, 0xF1, 0x00, 0xAB,
    0x2D, 0xDD, 0x20, 0xA2, 0x52, 0xDD, 0x92, 0xEA, 0x8F, 0xA9, 0x53, 0xA7, 0x72, 0x93, 0x7E, 0x25,
    0xF7, 0xF6, 0x8B, 0x07, 0xE5, 0x5E, 0x1B, 0x33, 0xF5, 0x7F, 0x62, 0x81, 0xC7, 0x9F, 0x2C, 0xD3,
    0x76, 0xBC, 0xEB, 0xF3, 0x39, 0xAC, 0x06, 0xF6, 0xAF, 0xEB, 0xED, 0x0D, 0x95, 0xF8, 0xC7, 0x8A,
    0x3A, 0x55, 0xAC, 0xC7, 0x80, 0x46, 0x7F, 0x4C, 0x65, 0xA9, 0x64, 0x6E, 0x46, 0x59, 0x91, 0x2B,
    0x3C, 0x9C, 0x71, 0xB4, 0x57, 0x4F, 0x24, 0x30, 0xFD, 0x5A, 0x6F, 0xAE, 0x11, 0x26, 0x2B, 0xCA,
    0x2E, 0x2A, 0xFB, 0x68, 0x5D, 0x37, 0x82, 0x5F, 0xB2, 0x74, 0xB9, 0x14, 0xA7, 0x51, 0x7D, 0x83,
    0x28, 0x5E, 0x4B, 0x78, 0xF7, 0xF2, 0x3E, 0x63, 0xBE, 0x42, 0xE3, 0x7D, 0xE3, 0x10, 0xE5, 0x40,
    0x6B, 0x81, 0xC3, 0x16, 0xF2, 0xFE, 0x08, 0xE8, 0xD5, 0x15, 0x51, 0x38, 0xE1, 0xDE, 0x11, 0x5D,
    0x7D, 0xB5, 0xD4, 0x41, 0x5D, 0xCC, 0xA3, 0xAB, 0xE8, 0x29, 0xA2, 0xE5, 0x22, 0x0C, 0x68, 0x89,
    0x3A, 0x08, 0xC6, 0xC9, 0x21, 0x66, 0x9C, 0x6D, 0xE1, 0xB8, 0x23, 0x15, 0x2D, 0x58, 0x54, 0xBD,
    0x9A, 0x2F, 0x88, 0x6D, 0x16, 0x07, 0xA2, 0x51, 0xF3, 0x06, 0x32, 0x7F, 0xBD, 0x81, 0xCC, 0x5F,
    0xCB, 0xD5, 0x37, 0x16, 0xA6, 0x7C, 0x30, 0x27, 0xD6, 0x39, 0xD6, 0x7B, 0xC7, 0xF6, 0xD3, 0xCB,
    0x5B, 0xB3, 0x8C, 0xC8, 0xE0, 0xF3, 0xE0, 0x72, 0xFB, 0x95, 0x4F, 0xA0, 0x01, 0x0B, 0xB5, 0xFB,
    0xC3, 0x59, 0x32, 0xB5, 0xA9, 0xD8, 0xD4, 0x77, 0x69, 0xEA, 0xBB, 0x34, 0x55, 0x4A, 0x6C, 0xAA,
    0xA0, 0xDE, 0xD4, 0x06, 0x69, 0xEA, 0xF0, 0x6B, 0xAA, 0x23, 0x48, 0x53, 0xBB, 0xA1, 0xA9, 0x3E,
    0x2D, 0x4D, 0x1D, 0x34, 0x4D, 0x6D, 0xDB, 0xA6, 0x79, 0x8A, 0xC7, 0x56, 0x93, 0xFA, 0x0E, 0x83,
    0xA7, 0x69, 0x9A, 0xCC, 0x15, 0x11, 0xF2, 0x28, 0x69, 0xB5, 0x7B, 0xDD, 0x01, 0x13, 0xBD, 0xA1,
    0x98, 0xA5, 0xEB, 0x62, 0x69, 0x4E, 0xF3, 0xA1, 0x0C, 0xA7, 0x52, 0xC3, 0x6A, 0xE2, 0x3C, 0x33,
    0x07, 0x6B, 0x02, 0xB1, 0xAC, 0x59, 0xF0, 0x88, 0xA1, 0x19, 0xC0, 0xCF, 0x29, 0x65, 0x70, 0x96,
    0xE2, 0x27, 0x53, 0x0A, 0x95, 0x2B, 0x45, 0x35, 0x5E, 0x4E, 0xE7, 0x8A, 0x69, 0xA4, 0x6C, 0xDC,
    0xAE, 0xDF, 0x02, 0x9C, 0x1B, 0xBF, 0x50, 0xC2, 0xC1, 0x75, 0x40, 0xA3, 0x06, 0xFA, 0x35, 0xA7,
    0x70, 0x60, 0x4E, 0x71, 0x8A, 0x2E, 0xA6, 0xAA, 0x5B, 0xC4, 0x1F, 0xF3, 0x48, 0xFA, 0xEA, 0xCC,
    0x94, 0xD3, 0xEE, 0xF7, 0x35, 0x02, 0x49, 0xA6, 0xBB, 0xF4, 0xE5, 0xF1, 0x8D, 0xD9, 0x21, 0x4B,
    0xA8, 0x3A, 0x44, 0x59, 0x9C, 0x9A, 0x3A, 0x6B, 0x9A, 0x70, 0x2E, 0x94, 0x21, 0xDE, 0x28, 0x45,
    0x58, 0xCE, 0x0B, 0x45, 0x68, 0xC5, 0x2E, 0xB6, 0xCF, 0xE4, 0x7A, 0xDD, 0x1D, 0x21, 0xC7, 0xEA,
    0x1D, 0x22, 0xBC, 0x5C, 0x54, 0x0D, 0x6B, 0x53, 0x35, 0x10, 0x33, 0xE8, 0x2E, 0x20, 0xDF, 0x68,
    0x06, 0xB9, 0x72, 0x4D, 0xAD, 0x5D, 0x53, 0xAB, 0xD7, 0x3C, 0x58, 0x3F, 0x31, 0x73, 0x4C, 0x95,
    0x79, 0xAA, 0xCB, 0x2B, 0xA7, 0x1A, 0x1D, 0xEB, 0x20, 0xA2, 0x04, 0xC3, 0x13, 0x6E, 0x26, 0x54,
    0xAD, 0x01, 0xD3, 0x98, 0x86, 0x7C, 0xD7, 0x1D, 0xCC, 0x38, 0xA3, 0x7C, 0x6E, 0xFE, 0xEF, 0x2E,
    0x21, 0x14, 0xC9, 0x37, 0xD0, 0xB8, 0xAB, 0xED, 0xC3, 0x0C, 0x02, 0x44, 0x5D, 0xCF, 0x5E, 0x9F,
    0xEA, 0xCD, 0x0B, 0x2B, 0x9F, 0x4D, 0xCA, 0x1D, 0xC7, 0xF9, 0x0D, 0x1B, 0x7F, 0x41, 0x0D, 0x8F,
    0xCF, 0x43, 0xF0, 0x5C, 0x74, 0xBE, 0xC7, 0xE6, 0x46, 0x44, 0x57, 0x4E, 0xCE, 0x43, 0xA0, 0xDA,
    0xBE, 0x72, 0x90, 0x2B, 0x38, 0xE8, 0x63, 0x6C, 0xA7, 0x2B, 0xE3, 0xA2, 0x3E, 0x42, 0xA6, 0xF1,
    0xCC, 0xB4, 0xE6, 0xF7, 0xDC, 0x54, 0xBD, 0xC8, 0x08, 0xEA, 0x00, 0x7A, 0xCE, 0xEE, 0xC2, 0x7D,
    0xF8, 0x85, 0xCF, 0x66, 0xEA, 0xAA, 0x2A, 0xF5, 0x0D, 0xE7, 0x1C, 0x9F, 0x0F, 0xC8, 0xAB, 0xD2,
    0xB7, 0xE6, 0x3F, 0xF4, 0xCF, 0x51, 0xF6, 0x0B, 0xFB, 0xBD, 0x2B, 0xDC, 0x93, 0xEA, 0x9F, 0xEA,
    0x09, 0x7E, 0x6E, 0x72, 0xAA, 0x88, 0xFE, 0xDE, 0x3F, 0xA8, 0x97, 0x2D, 0xBF, 0xE8, 0x7D, 0x6F,
    0x83, 0xDA, 0x4F, 0x56, 0x19, 0xDE, 0xD7, 0x7E, 0x3A, 0xCE, 0xD6, 0x8D, 0xC5, 0x7A, 0xD2, 0xE7,
    0x1A, 0x9F, 0x67, 0x14, 0x43, 0x0B, 0x4A, 0x3B, 0x4B, 0x3E, 0x2D, 0x3A, 0xE5, 0x9C, 0x62, 0x32,
    0x56, 0xE6, 0xD8, 0xE2, 0xF1, 0x33, 0x37, 0xDB, 0x3C, 0x42, 0xBC, 0x5C, 0x16, 0x2B, 0x7A, 0x2D,
    0xC1, 0x4C, 0x10, 0x62, 0xAC, 0xFA, 0xF8, 0x89, 0xAF, 0x5F, 0x2A, 0x6A, 0x45, 0x8B, 0x56, 0x8D,
    0x1C, 0xE9, 0xCA, 0x2A, 0xFA, 0x09, 0xD6, 0x67, 0xF5, 0x0F, 0x6B, 0xC7, 0x52, 0x17, 0xE0, 0x79,
    0x74, 0x12, 0xE0, 0x32, 0x3D, 0x15, 0xD8, 0x4D, 0x1A, 0x59, 0x65, 0x22, 0x62, 0xA1, 0x1A, 0x59,
    0x3D, 0x8E, 0x88, 0xC3, 0x60, 0xA4, 0x55, 0x9C, 0xCF, 0x6F, 0x19, 0x2D, 0x37, 0xC1, 0x0D, 0xC5,
    0x9D, 0x05, 0xAC, 0x1A, 0x1F, 0xD4, 0x75, 0x74, 0xE9, 0xE5, 0xF2, 0x1C, 0x3D, 0x9C, 0xC4, 0x3A,
    0x22, 0xF5, 0xFB, 0x1B, 0x88, 0xB8, 0xFC, 0xE7, 0x1B, 0x47, 0x0C, 0x3C, 0x3B, 0x6F, 0xA7, 0xF3,
    0xF7, 0xF0, 0x58, 0x81, 0xC3, 0x5D, 0x6D, 0xAF, 0x1C, 0xAA, 0x57, 0x9A, 0xE7, 0x3B, 0xAC, 0x7E,
    0x7C, 0x4E, 0x19, 0x43, 0xE3, 0xFA, 0xCC, 0x2C, 0xDD, 0x89, 0x67, 0xA9, 0xAA, 0x51, 0x77, 0xD6,
    0x27, 0x95, 0x66, 0x8E, 0x94, 0xD3, 0x83, 0xB3, 0x81, 0x75, 0xF3, 0xC1, 0x31, 0x71, 0xE2, 0x8E,
    0xF8, 0x0F, 0x24, 0x41, 0x49, 0x4C, 0xF5, 0x4E, 0x48, 0x9C, 0x6D, 0x0B, 0xAD, 0x50, 0xB8, 0xF4,
    0x78, 0xB7, 0x40, 0x4C, 0x44, 0x90, 0xCA, 0x4A, 0x32, 0xE1, 0x7A, 0x0B, 0xE1, 0xCC, 0xCD, 0xD0,
    0x72, 0xBD, 0xC3, 0x23, 0xB8, 0x5E, 0x8D, 0xF2, 0x28, 0x65, 0x9D, 0xAC, 0x53, 0x9F, 0x46, 0xAA,
    0x03, 0x4F, 0x86, 0xFE, 0x38, 0x89, 0x6B, 0x74, 0x4A, 0x5D, 0x45, 0xA5, 0xA8, 0x52, 0xEE, 0x55,
    0xF7, 0xA7, 0x99, 0xFA, 0x3F, 0x6A, 0xE6, 0xC5, 0x1C, 0x7F, 0x30, 0xC3, 0xDD, 0x36, 0x54, 0x6A,
    0xB3, 0xE8, 0xB4, 0xFF, 0x29, 0xAF, 0x31, 0x60, 0xFF, 0x85, 0x3F, 0xEE, 0x4D, 0xC7, 0x57, 0x4B,
    0x9B, 0xD1, 0x1A, 0xE4, 0xB0, 0xFE, 0xB7, 0xBF, 0xD9, 0xA6, 0x91, 0xBC, 0xA1, 0xF3, 0xA4, 0x98,
    0xE0, 0x51, 0xFC, 0xDC, 0x91, 0x7C, 0xDE, 0xC2, 0x24, 0x3D, 0x94, 0x9F, 0x9B, 0x76, 0xA2, 0x65,
    0xD9, 0x2F, 0x2E, 0x68, 0x6D, 0x1F, 0x3C, 0x38, 0x44, 0x0E, 0xED, 0xF7, 0xC5, 0xFE, 0xB6, 0xF4,
    0x6D, 0x7A, 0x95, 0xB2, 0x0A, 0xA1, 0x0E, 0x87, 0x50, 0x5B, 0x6C, 0x82, 0x89, 0xA2, 0x9E, 0x67,
    0xC3, 0xE0, 0xE5, 0x83, 0x0F, 0x97, 0xFB, 0xE7, 0xE1, 0xB6, 0x70, 0xB9, 0xA1, 0xD6, 0x7A, 0x8A,
    0x31, 0xB7, 0xD6, 0x32, 0xA3, 0x61, 0x96, 0x4E, 0x4C, 0x18, 0x1D, 0xC5, 0x1E, 0x30, 0x81, 0x34,
    0xE5, 0xC2, 0x77, 0xB9, 0x51, 0x08, 0x9E, 0x1B, 0x10, 0x85, 0x71, 0x0B, 0x84, 0x0D, 0xC1, 0x40,
    0x10, 0x72, 0x54, 0x45, 0x9D, 0xDD, 0x3B, 0x7D, 0xF4, 0x01, 0x96, 0xF8, 0x0E, 0xD1, 0xCA, 0x2E,
    0x56, 0x48, 0x89, 0xB4, 0x8B, 0xE2, 0x62, 0x1E, 0x5B, 0x3A, 0xC9, 0x36, 0x95, 0xE0, 0x0D, 0x6D,
    0x0C, 0xB7, 0xF0, 0x2C, 0x6E, 0x19, 0xEB, 0x30, 0x0B, 0xD5, 0x03, 0xD8, 0x06, 0x39, 0x4A, 0x1F,
    0x47, 0x2A, 0x05, 0x76, 0xA7, 0x3E, 0x90, 0x7B, 0xAA, 0x63, 0xC0, 0x9C, 0x62, 0xF7, 0xB9, 0x5C,
    0xD8, 0xCD, 0x06, 0x82, 0x24, 0x78, 0x2A, 0x24, 0x12, 0x0D, 0xD2, 0xCD, 0xE3, 0x5C, 0xA5, 0xDB,
    0x44, 0x68, 0xEC, 0xD2, 0xA4, 0xDA, 0x93, 0x88, 0x85, 0x78, 0x51, 0xCC, 0x31, 0x3D, 0x1D, 0xDA,
    0xA6, 0x52, 0x1A, 0xE1, 0x15, 0xDA, 0x7B, 0x8D, 0x3C, 0xB2, 0x7A, 0x98, 0x50, 0x06, 0x65, 0x94,
    0xAA, 0xA1, 0xA3, 0xCB, 0x5E, 0x4A, 0xF0, 0x10, 0x83, 0x65, 0x0B, 0x56, 0x92, 0x3A, 0xA5, 0xEF,
    0xE9, 0x6C, 0xF0, 0x29, 0xA6, 0x34, 0xF2, 0x45, 0xFC, 0x34, 0x25, 0x2A, 0x4F, 0xCF, 0x8B, 0xA8,
    0x68, 0x09, 0x6E, 0xE1, 0x3E, 0x3A, 0xE8, 0x89, 0x2E, 0x8C, 0x98, 0x7F, 0x5E, 0x0A, 0xE0, 0xDB,
    0xC4, 0x35, 0x86, 0x73, 0xD3, 0x77, 0x07, 0x72, 0xE0, 0x7F, 0xA4, 0xEE, 0x4E, 0x12, 0xDB, 0x0F,
    0xFF, 0xA8, 0x91, 0x1E, 0x78, 0xF6, 0x20, 0xA8, 0x95, 0xFC, 0xC7, 0xEF, 0x88, 0x7D, 0xC6, 0x19,
    0x4B, 0xBC, 0x4B, 0x4A, 0x3C, 0x78, 0x1F, 0xDA, 0xE5, 0xB4, 0x9F, 0xB1, 0xF4, 0x1B, 0x7C, 0x77,
    0x2C, 0x76, 0xEE, 0xE0, 0x3B, 0xB9, 0x18, 0x4C, 0x56, 0x5E, 0x98, 0xD8, 0x13, 0x26, 0xFE, 0xD8,
    0x5B, 0xF3, 0x4A, 0x9D, 0xCF, 0x54, 0xBF, 0xFA, 0xB3, 0xEA, 0xD7, 0xC6, 0x44, 0xFD, 0x7A, 0xCA,
    0x04, 0x88, 0x02, 0x48, 0xFA, 0x46, 0xD4, 0xAF, 0x34, 0x5C, 0xBA, 0x65, 0x17, 0x51, 0x30, 0x24,
    0xB0, 0xAE, 0x89, 0x47, 0x55, 0x3E, 0xDB, 0xFC, 0xAC, 0x80, 0x78, 0x43, 0x75, 0x2F, 0x7D, 0x65,
    0xBF, 0xFA, 0x33, 0x62, 0xC8, 0x44, 0x31, 0xBC, 0x20, 0x3C, 0x2B, 0x7D, 0x74, 0x87, 0xB7, 0x2F,
    0x36, 0x3E, 0xBC, 0x98, 0x49, 0x17, 0xE7, 0x64, 0x6E, 0x15, 0xD2, 0x76, 0x95, 0x68, 0xD8, 0xA5,
    0x3B, 0xB0, 0x9A, 0xAF, 0x78, 0x22, 0x99, 0xAB, 0x96, 0x9A, 0x84, 0x08, 0x29, 0x44, 0x52, 0x45,
    0x6D, 0x79, 0x6D, 0x9E, 0x19, 0x18, 0x91, 0x6C, 0xE0, 0x85, 0xB5, 0xD7, 0x41, 0x18, 0x50, 0xAD,
    0x56, 0x1E, 0x0E, 0x8B, 0x80, 0x7A, 0x22, 0x48, 0xD7, 0x40, 0x2F, 0x9F, 0xA1, 0x8E, 0xB0, 0x4A,
    0xA2, 0x3B, 0x3A, 0x68, 0x1D, 0x7D, 0xB0, 0x6B, 0x0F, 0x86, 0x7A, 0x80, 0x75, 0x89, 0x0F, 0x1A,
    0x4A, 0x9C, 0x78, 0xFE, 0xF2, 0x41, 0x37, 0x55, 0x72, 0x35, 0x56, 0x6A, 0xC8, 0x6A, 0x08, 0x3E,
    0x85, 0xB6, 0x59, 0x9D, 0x5D, 0x2C, 0x1C, 0xD5, 0x56, 0x2D, 0x22, 0xE6, 0xC6, 0xF0, 0x08, 0xB4,
    0xDE, 0xE1, 0x8A, 0x3C, 0xDA, 0xE1, 0x86, 0xAD, 0xEE, 0xE0, 0x62, 0x75, 0x2C, 0xA5, 0xB9, 0x69,
    0xFC, 0x70, 0x43, 0xFA, 0xB5, 0x88, 0x29, 0xC1, 0x47, 0x29, 0x8B, 0x26, 0x34, 0x23, 0xB8, 0x11,
    0x83, 0x17, 0x8B, 0xE0, 0x53, 0x7E, 0xBB, 0x2A, 0xF8, 0x3E, 0x2F, 0xDE, 0xBB, 0xAC, 0x15, 0x8B,
    0x4D, 0x1C, 0x83, 0xA0, 0x6D, 0x9A, 0xC7, 0x2F, 0x62, 0x7A, 0xD2, 0x35, 0x43, 0x79, 0x07, 0x22,
    0x8C, 0x1C, 0x54, 0x46, 0x95, 0xDA, 0xC5, 0xE3, 0x68, 0x61, 0x8E, 0x13, 0xEA, 0xB5, 0x10, 0x99,
    0x45, 0x22, 0x0E, 0x06, 0xF3, 0xCB, 0x2E, 0x8F, 0x5E, 0xB7, 0xA4, 0x7E, 0xD8, 0xA1, 0xBB, 0x5E,
    0x5E, 0x9A, 0x28, 0xC2, 0x5E, 0xB3, 0x6B, 0x47, 0xCF, 0x1E, 0x94, 0x7A, 0xE0, 0x16, 0x0F, 0xCB,
    0x81, 0x97, 0xAF, 0xC9, 0x81, 0x9F, 0xE9, 0x01, 0x3A, 0xB4, 0x83, 0xFA, 0xC5, 0x24, 0x2B, 0x77,
    0xD0, 0xCF, 0x5D, 0x3A, 0xE8, 0x62, 0x20, 0xD7, 0x66, 0xCD, 0xE9, 0x57, 0x15, 0x26, 0xF4, 0x1A,
    0xB1, 0xFE, 0x15, 0x6A, 0x1A, 0x11, 0x43, 0x43, 0x6C, 0xD5, 0x35, 0xD3, 0xBF, 0xD5, 0x81, 0x5C,
    0x1D, 0x85, 0x75, 0x82, 0x83, 0x67, 0x22, 0x1A, 0x25, 0x1D, 0x7A, 0xE0, 0x52, 0x74, 0xFF, 0x1A,
    0x1F, 0x50, 0x7D, 0x6F, 0x7F, 0x70, 0xA6, 0xD0, 0x83, 0x6E, 0xAE, 0x07, 0xAD, 0xC4, 0x96, 0x31,
    0x72, 0xC0, 0xF3, 0x5D, 0x0E, 0x42, 0x7B, 0xC0, 0x4C, 0x62, 0x24, 0x63, 0x2B, 0x62, 0xED, 0xDC,
    0x26, 0x7B, 0x6E, 0x0A, 0xAF, 0x15, 0x31, 0x1B, 0x50, 0xCC, 0xD0, 0x4E, 0x67, 0x0B, 0x59, 0x6C,
    0xB8, 0xFB, 0x78, 0x65, 0xA6, 0x3F, 0x8C, 0x20, 0x7F, 0x4A, 0xBA, 0x3C, 0x35, 0xF6, 0x7A, 0x2A,
    0x66, 0x33, 0xF6, 0x80, 0x4E, 0xE2, 0x0C, 0xBD, 0x01, 0xFD, 0xCB, 0x3D, 0x45, 0x5F, 0x31, 0x54,
    0xEC, 0xF6, 0x04, 0x47, 0x8A, 0x17, 0x14, 0x8F, 0x29, 0x9A, 0x2F, 0x1F, 0x65, 0x39, 0x9F, 0xA0,
    0x2B, 0x3A, 0xA7, 0x9E, 0xF2, 0x20, 0xAF, 0xCF, 0x1A, 0xA8, 0x84, 0x38, 0x0C, 0xE6, 0xC9, 0x88,
    0x4A, 0xD3, 0x56, 0x37, 0xE9, 0x8C, 0xFA, 0x4A, 0x26, 0x23, 0xC9, 0xE1, 0x92, 0x31, 0x11, 0xA1,
    0x65, 0x8A, 0x57, 0xAA, 0xA0, 0x3A, 0x81, 0x70, 0x58, 0xD3, 0x1F, 0x74, 0x41, 0x1C, 0xFC, 0x31,
    0x86, 0x63, 0x3D, 0x80, 0x7A, 0xB2, 0x30, 0xE1, 0x90, 0x48, 0x96, 0x83, 0x41, 0x0B, 0xC2, 0x7C,
    0x41, 0x87, 0xE2, 0xB1, 0x09, 0x3B, 0x7B, 0x79, 0x81, 0x1B, 0x5E, 0xB0, 0x36, 0xCF, 0xD1, 0xBB,
    0x65, 0xD5, 0x7B, 0x84, 0x99, 0x46, 0x50, 0x54, 0x71, 0x3A, 0xAB, 0x2B, 0x9D, 0x64, 0x7E, 0x68,
    0x58, 0x31, 0x65, 0x12, 0x3F, 0x96, 0xCF, 0xB3, 0x09, 0x8E, 0x25, 0x03, 0x2B, 0xA9, 0xF8, 0xEC,
    0xF1, 0x6A, 0xB7, 0xC2, 0x74, 0xD6, 0xCF, 0xC2, 0x54, 0xD0, 0x67, 0x29, 0x05, 0x76, 0x64, 0x41,
    0x76, 0xE7, 0x45, 0xD1, 0x5D, 0x10, 0x14, 0xB8, 0x7E, 0xB0, 0x29, 0x02, 0x32, 0x4B, 0xC4, 0xF8,
    0x80, 0x89, 0xAC, 0x22, 0x7E, 0xC1, 0x01, 0x60, 0x53, 0xB1, 0xA7, 0x38, 0x9C, 0x5A, 0x45, 0x7C,
    0xB5, 0x8A, 0xF8, 0x99, 0x9B, 0x89, 0xEF, 0x5D, 0x94, 0x31, 0xC3, 0xFD, 0xA3, 0x3A, 0x85, 0xDB,
    0x8D, 0xFF, 0x69, 0xC5, 0x11, 0x5B, 0x41, 0x9D, 0x9A, 0x31, 0x55, 0x98, 0x66, 0xA0, 0x3B, 0x44,
    0x18, 0x33, 0xA2, 0xA4, 0x89, 0x10, 0x9C, 0xE2, 0x45, 0x6A, 0xA4, 0x5E, 0x5F, 0x5D, 0x6D, 0x06,
    0x28, 0x49, 0xA2, 0x4C, 0xBC, 0x35, 0x2C, 0x9F, 0xB4, 0x25, 0xBD, 0xEE, 0x16, 0xC2, 0x89, 0x7A,
    0x79, 0x8B, 0xB1, 0x91, 0x35, 0xD5, 0x19, 0xA2, 0xC3, 0x18, 0x26, 0x3D, 0xC6, 0xD8, 0x0C, 0x19,
    0x77, 0x8D, 0x58, 0xAA, 0x86, 0x2C, 0xBF, 0x0F, 0x68, 0x9C, 0xDF, 0x3C, 0xF3, 0x49, 0x9B, 0xB8,
    0x93, 0x06, 0x46, 0x1B, 0xF5, 0x70, 0xC0, 0xEF, 0x1D, 0xF7, 0xC2, 0x04, 0x38, 0xEA, 0x04, 0x7C,
    0xFF, 0x0B, 0x1D, 0x61, 0x2E, 0x9E, 0x54, 0x34, 0x9D, 0x65, 0x70, 0xCF, 0xA7, 0x4D, 0x27, 0x94,
    0x75, 0x70, 0x82, 0xF6, 0xFC, 0x97, 0x8C, 0xAF, 0xDB, 0x51, 0xFE, 0xF8, 0x0C, 0x93, 0xB4, 0x32,
    0x10, 0x5E, 0x01, 0x03, 0x6D, 0x08, 0x87, 0x4A, 0x9A, 0xFC, 0xB7, 0xFA, 0x00, 0xE3, 0xFD, 0xA6,
    0xDE, 0x67, 0x72, 0x3D, 0xD8, 0x62, 0xF2, 0x8E, 0x35, 0xB7, 0x52, 0x77, 0x6B, 0x60, 0x5F, 0xD0,
    0xA9, 0x05, 0x1B, 0x8A, 0xC1, 0x47, 0x82, 0xF1, 0x3B, 0x82, 0x51, 0xF0, 0x3F, 0xB0, 0x15, 0xEC,
    0xBE, 0xE0, 0x1D, 0x11, 0xA7, 0xF5, 0x33, 0xB3, 0xF5, 0x95, 0xB2, 0xF7, 0x5F, 0x0A, 0xBE, 0x2D,
    0x7C, 0xC5, 0x04, 0x53, 0xF1, 0x42, 0xB5, 0x6B, 0x9C, 0xB3, 0x65, 0xC5, 0x0E, 0x27, 0xC7, 0x30,
    0xA0, 0xEE, 0x2A, 0x7C, 0x36, 0xB5, 0x79, 0x79, 0x23, 0x13, 0x23, 0x3B, 0x08, 0x59, 0x64, 0xA4,
    0x03, 0x5B, 0xF0, 0xDA, 0x2A, 0x30, 0x46, 0x63, 0x3C, 0x80, 0x26, 0xED, 0x26, 0x07, 0xA1, 0x0D,
    0x25, 0x83, 0x94, 0xCF, 0x16, 0x9A, 0x30, 0x0D, 0x31, 0xF8, 0x68, 0xE5, 0x89, 0x87, 0x68, 0x18,
    0x6F, 0xB8, 0xDB, 0xC3, 0xC4, 0x1D, 0x0D, 0x4F, 0xF5, 0x9E, 0x01, 0x3E, 0x77, 0xAC, 0x67, 0xDA,
    0xA3, 0xF6, 0x2E, 0x8F, 0xF5, 0x0A, 0x4E, 0xCD, 0x8C, 0x1D, 0xC6, 0x52, 0x90, 0x9E, 0xD2, 0x51,
    0x66, 0x9F, 0x91, 0x53, 0x83, 0xD1, 0xFF, 0x46, 0x26, 0x18, 0x28, 0xD2, 0x2C, 0xAB, 0x26, 0xEF,
    0x23, 0x3C, 0x26, 0x96, 0x68, 0x1A, 0xF4, 0x98, 0x30, 0xBD, 0x30, 0xF7, 0x6A, 0xC6, 0xC4, 0x83,
    0x96, 0xE1, 0xF5, 0x25, 0x6B, 0xDB, 0x9B, 0xB0, 0x7F, 0x83, 0x05, 0xEB, 0xFB, 0x3C, 0x5D, 0x73,
    0x87, 0x17, 0x2D, 0xFB, 0x97, 0xAA, 0xF5, 0x9D, 0x7D, 0xC6, 0xC6, 0xC2, 0x98, 0x42, 0xC9, 0x0C,
    0x8E, 0xBC, 0x8B, 0x08, 0x95, 0x0A, 0xB3, 0xAB, 0x91, 0x51, 0xE7, 0x83, 0xAE, 0x11, 0x0B, 0x5A,
    0x75, 0x99, 0x53, 0x6E, 0x0C, 0x4F, 0x88, 0x00, 0xF7, 0xE6, 0x44, 0x90, 0x83, 0x73, 0x82, 0xE2,
    0x40, 0x91, 0xE9, 0xDB, 0x0C, 0x0E, 0x16, 0xCA, 0xDD, 0x0D, 0xAE, 0x5E, 0xDB, 0xBE, 0x0A, 0x6D,
    0xA1, 0x4A, 0x5B, 0x85, 0xF5, 0x7E, 0x63, 0xBF, 0xEA, 0xCB, 0x3A, 0xD0, 0x55, 0x11, 0xD3, 0xB2,
    0x07, 0x3D, 0x7B, 0x50, 0xE9, 0x01, 0x78, 0x97, 0x42, 0xED, 0x3F, 0x72, 0x10, 0xA8, 0x0B, 0x81,
    0x89, 0xFE, 0xFB, 0xF6, 0xCB, 0xB7, 0xA0, 0x9E, 0xEB, 0xBF, 0x63, 0xF5, 0x76, 0x7A, 0x40, 0xD2,
    0x80, 0xD8, 0xEF, 0x48, 0x1A, 0x90, 0x08, 0x52, 0x0C, 0xFA, 0xF8, 0x0F, 0xE0, 0x59, 0x68, 0x54,
    0x5E, 0xFC, 0x9B, 0x4C, 0xA4, 0x81, 0x5B, 0xBF, 0x53, 0xE6, 0xFD, 0xE6, 0x6F, 0x44, 0x1A, 0xF0,
    0x7E, 0x53, 0x88, 0x7C, 0xE0, 0x7F, 0xC0, 0x59, 0xB1, 0x82, 0x34, 0x7C, 0xAB, 0x90, 0x14, 0x52,
    0xB1, 0x53, 0x48, 0x74, 0xC7, 0xC8, 0x29, 0xA0, 0xF5, 0x0F, 0xDE, 0xAE, 0x9C, 0x02, 0x0C, 0x5E,
    0xF0, 0x4E, 0x41, 0xEF, 0x03, 0xC2, 0x77, 0x2D, 0x83, 0xC4, 0x41, 0x32, 0xC8, 0x3B, 0x78, 0xC3,
    0xFB, 0x45, 0x74, 0x28, 0xAC, 0x0C, 0x71, 0xC4, 0x01, 0xCD, 0x02, 0xE7, 0xF2, 0xBC, 0x03, 0xFD,
    0x64, 0x79, 0xB3, 0x16, 0x29, 0x55, 0x3A, 0x8C, 0xD4, 0xD4, 0x56, 0x46, 0xB3, 0x52, 0x80, 0x63,
    0x9D, 0x30, 0x30, 0x0C, 0x72, 0x31, 0x39, 0x62, 0x79, 0xAB, 0xE1, 0x10, 0x5E, 0xE7, 0x5D, 0xE8,
    0xA4, 0xC7, 0x61, 0x15, 0x25, 0x88, 0xE3, 0x9E, 0x15, 0xCA, 0x0E, 0xFF, 0x09, 0x54, 0x38, 0xB6,
    0x38, 0xE3, 0x7C, 0x53, 0xC8, 0x7A, 0x48, 0xAB, 0xA6, 0x4D, 0xEC, 0xB5, 0xAB, 0x42, 0x62, 0xAC,
    0x0C, 0xAC, 0x4D, 0x7D, 0x07, 0xFB, 0x6A, 0x7C, 0xE9, 0x2A, 0x86, 0x91, 0x75, 0xBE, 0x21, 0xE2,
    0xBC, 0x7F, 0x09, 0x91, 0x24, 0x9F, 0x24, 0x33, 0xAA, 0x03, 0x87, 0xB9, 0x3D, 0x21, 0x7F, 0x3D,
    0x9D, 0x07, 0xA5, 0x8C, 0x4F, 0x04, 0xA3, 0xB0, 0x2E, 0xEE, 0x97, 0x22, 0x0F, 0xFA, 0x1F, 0x08,
    0x42, 0x66, 0x9B, 0xD5, 0x7D, 0x58, 0x0B, 0xCD, 0x58, 0x58, 0x44, 0x6F, 0xCC, 0x03, 0x6E, 0xEC,
    0x0B, 0xD6, 0xD1, 0xBF, 0x5B, 0xDD, 0xDE, 0xA7, 0x9A, 0xC7, 0x6B, 0xAA, 0xF4, 0x5F, 0x13, 0xAA,
    0xBB, 0xB4, 0xA6, 0x8F, 0x5B, 0x33, 0xFE, 0x27, 0x90, 0x40, 0xD7, 0xB8, 0xEA, 0xB9, 0x62, 0x26,
    0x06, 0x97, 0x58, 0x23, 0x31, 0x46, 0x82, 0x60, 0x97, 0x09, 0x9F, 0x84, 0xBA, 0x86, 0x90, 0x73,
    0x23, 0x10, 0x76, 0xC7, 0x12, 0xB1, 0x11, 0x0C, 0x05, 0x5D, 0xFD, 0xCC, 0x5C, 0x3E, 0x10, 0x82,
    0xF3, 0x9A, 0x6A, 0x56, 0x1E, 0xB6, 0xBA, 0xA0, 0xA7, 0xD4, 0x1B, 0xA5, 0xA7, 0xCB, 0x7D, 0xF5,
    0x26, 0xA3, 0x53, 0x56, 0xBE, 0x44, 0xD3, 0x6C, 0x32, 0x36, 0x06, 0x91, 0x84, 0x14, 0x67, 0x01,
    0x9B, 0xA2, 0x23, 0xB3, 0xC4, 0xAD, 0xD7, 0x75, 0xA0, 0xF5, 0x3E, 0x6D, 0x6A, 0x56, 0x13, 0x0D,
    0x5D, 0x45, 0x62, 0x6D, 0x99, 0x1E, 0x45, 0x1F, 0x31, 0xAB, 0x59, 0xC5, 0xCC, 0x6F, 0x9A, 0xEA,
    0xF1, 0x90, 0x6B, 0x53, 0x2D, 0x11, 0xB6, 0x9E, 0xA2, 0xF9, 0x45, 0xD8, 0xEC, 0x51, 0x63, 0xC3,
    0x99, 0x3B, 0x16, 0xAC, 0xC2, 0x94, 0xB1, 0xF4, 0x07, 0x40, 0xB7, 0xF0, 0x7E, 0x03, 0x24, 0xC2,
    0xFC, 0x01, 0x71, 0x48, 0x9C, 0x48, 0x04, 0x18, 0xB0, 0xB7, 0x62, 0x88, 0xDB, 0x31, 0xEE, 0x71,
    0xC5, 0x42, 0x08, 0x79, 0x40, 0x68, 0xE0, 0xA8, 0x68, 0x48, 0x34, 0x29, 0xA6, 0x76, 0x0C, 0xF1,
    0xE0, 0x5A, 0x5C, 0x60, 0xE1, 0x25, 0x39, 0x4D, 0x5D, 0x62, 0x9D, 0x07, 0xCD, 0x10, 0x2C, 0x16,
    0xEA, 0xC4, 0xAA, 0xD1, 0x01, 0xDB, 0x9F, 0xB6, 0xB7, 0xAF, 0x61, 0x20, 0xE5, 0x2D, 0x6B, 0xC4,
    0xD6, 0x83, 0x30, 0xD5, 0x83, 0xD8, 0xE8, 0x41, 0xAD, 0x07, 0xAE, 0x3D, 0x20, 0x0A, 0x28, 0x97,
    0x87, 0x9F, 0x1A, 0xB9, 0x61, 0x7C, 0x56, 0xBF, 0x79, 0x22, 0xD4, 0x32, 0xF7, 0xD8, 0x03, 0x73,
    0x67, 0x07, 0xFA, 0x3E, 0xA1, 0xDE, 0x90, 0x0E, 0x4E, 0x8A, 0x8B, 0x62, 0x68, 0x16, 0xFC, 0x4B,
    0x0F, 0x3B, 0xF0, 0x75, 0x0E, 0x4C, 0x0F, 0x1C, 0x35, 0x2D, 0xAC, 0x1E, 0x98, 0x80, 0x57, 0x90,
    0xA7, 0x49, 0x8C, 0x7C, 0x99, 0xA8, 0xAA, 0x99, 0x0C, 0x53, 0xCB, 0x0A, 0x17, 0xA4, 0xE9, 0x03,
    0x40, 0x06, 0x31, 0x8A, 0xA2, 0xAF, 0x09, 0xD7, 0xD3, 0x72, 0x05, 0x47, 0x0E, 0xC7, 0x80, 0x58,
    0xF3, 0xB5, 0x37, 0xC2, 0x1C, 0x7B, 0x0A, 0x52, 0x74, 0x88, 0x16, 0x8F, 0x77, 0x11, 0xC5, 0xD5,
    0x33, 0x7B, 0x4D, 0xB0, 0x5C, 0x3D, 0xB3, 0xDE, 0xC4, 0x84, 0xAA, 0xCC, 0xB1, 0xA6, 0x7A, 0xF1,
    0x37, 0x31, 0xFB, 0x4A, 0x41, 0x50, 0xA8, 0x26, 0x4D, 0x13, 0x57, 0x30, 0x77, 0x73, 0x41, 0x6F,
    0x20, 0x2A, 0x31, 0x2F, 0x13, 0x6C, 0x30, 0xC2, 0x7D, 0x51, 0x10, 0xE3, 0xB3, 0xA9, 0x2E, 0xB8,
    0x4D, 0x6D, 0x88, 0x66, 0x20, 0xEC, 0xF3, 0x04, 0x97, 0x45, 0xB7, 0x37, 0xC9, 0xAE, 0xF2, 0x9A,
    0x75, 0xCF, 0xEA, 0x81, 0xED, 0xC9, 0xB9, 0x05, 0xBE, 0xC2, 0x0C, 0x8F, 0x5B, 0xFC, 0x3D, 0x46,
    0x7A, 0x72, 0x77, 0xFC, 0x7D, 0xE1, 0x8F, 0x37, 0x6D, 0x30, 0x5A, 0x47, 0x0E, 0x22, 0x84, 0xE4,
    0xB1, 0x60, 0x6D, 0x0F, 0x6A, 0x3D, 0x70, 0xF9, 0x20, 0x65, 0xB6, 0x53, 0x0E, 0x48, 0x98, 0x95,
    0x03, 0x1A, 0x16, 0x5D, 0x5E, 0x30, 0x5A, 0xA1, 0x1E, 0x3C, 0x16, 0x8A, 0xF1, 0x0A, 0xEF, 0xDC,
    0x11, 0x3A, 0x84, 0x03, 0x75, 0xAA, 0x9D, 0x3D, 0xC8, 0xF5, 0x80, 0x89, 0xCA, 0xDC, 0x81, 0xA3,
    0x07, 0xCE, 0x56, 0xB5, 0x2A, 0x07, 0x45, 0x2F, 0x90, 0x53, 0xE5, 0x26, 0x1F, 0xF4, 0x1E, 0xEE,
    0xC4, 0x7C, 0x30, 0x1E, 0x37, 0xE1, 0x79, 0x1A, 0x3A, 0xF5, 0xAD, 0x10, 0xC4, 0x23, 0x24, 0x4A,
    0xFE, 0x00, 0xE8, 0xED, 0x2A, 0x6B, 0x01, 0x66, 0xFD, 0x42, 0x2E, 0xAB, 0xCE, 0xB8, 0x12, 0x9D,
    0x31, 0x3D, 0xCD, 0xCF, 0xE6, 0x87, 0x85, 0x6B, 0x87, 0x05, 0x3E, 0x47, 0x7F, 0xD4, 0x6E, 0x5F,
    0x22, 0xEA, 0xD0, 0xF2, 0x85, 0x79, 0x1D, 0x09, 0xC2, 0x3F, 0x05, 0xE5, 0x1B, 0x8A, 0x81, 0x22,
    0x0D, 0x0B, 0xC6, 0x3D, 0xB5, 0x85, 0xAE, 0x2B, 0x1E, 0x9B, 0xD8, 0x46, 0x1D, 0x38, 0x63, 0x6E,
    0x99, 0xA6, 0x2B, 0xAB, 0xC2, 0xE4, 0xF3, 0x41, 0x1B, 0xEA, 0xDD, 0x61, 0xA8, 0xC3, 0x21, 0x52,
    0x3C, 0x2E, 0xCC, 0xE1, 0xD3, 0xD3, 0x7A, 0x6B, 0xDA, 0xCE, 0x52, 0x75, 0xAF, 0xAE, 0x6A, 0x2F,
    0xD8, 0x23, 0xBA, 0x30, 0x33, 0xDE, 0xD3, 0x46, 0x42, 0x18, 0x45, 0x8F, 0x22, 0x07, 0x71, 0xA0,
    0x13, 0xEE, 0xA2, 0x3D, 0x18, 0x6B, 0x72, 0x18, 0xD0, 0xE8, 0x08, 0x3C, 0x02, 0x1C, 0x7E, 0x5A,
    0xE0, 0x11, 0xF0, 0xF5, 0xFF, 0x01, 0xD6, 0x20, 0xFE, 0x63, 0x63, 0x7E, 0xFB, 0x3B, 0x3A, 0x78,
    0x9C, 0xD6, 0x8C, 0xDF, 0xFE, 0x96, 0x6E, 0x74, 0x0F, 0x2D, 0x16, 0x3F, 0x2F, 0x4A, 0x59, 0x2D,
    0x7E, 0x54, 0xF4, 0xF8, 0x20, 0x94, 0xCC, 0x99, 0x6B, 0x34, 0xF5, 0x98, 0x47, 0x58, 0x83, 0xF6,
    0x03, 0xA4, 0x7A, 0xCD, 0x2D, 0x5D, 0xE6, 0x11, 0xD6, 0x1A, 0xB9, 0xCB, 0x3C, 0xC2, 0x5A, 0xF8,
    0x53, 0xB8, 0xFC, 0xD1, 0x01, 0x5E, 0x08, 0x6E, 0x00, 0x6B, 0x8F, 0x2D, 0x9F, 0xB9, 0x79, 0xFA,
    0x3E, 0x59, 0x2E, 0x0A, 0x63, 0xEE, 0xEC, 0xE0, 0x61, 0x25, 0xA1, 0x93, 0xA0, 0xBC, 0x45, 0xCF,
    0x7A, 0xFF, 0x5F, 0x69, 0x28, 0xCC, 0x77, 0xA5, 0x39, 0x23, 0x44, 0x82, 0x5F, 0xFB, 0xB7, 0xB2,
    0x52, 0x52, 0xF3, 0xEC, 0x2A, 0x8A, 0xF1, 0x37, 0xF5, 0x14, 0xFD, 0x21, 0x51, 0x8D, 0x2D, 0xE2,
    0x76, 0x68, 0x19, 0xA1, 0xA5, 0x3F, 0x8D, 0x3B, 0xEE, 0xFE, 0x55, 0xC2, 0xDD, 0x75, 0x97, 0x26,
    0x7D, 0x90, 0x9E, 0x52, 0x3C, 0xA6, 0x68, 0x8E, 0xC6, 0x9B, 0x2F, 0x0B, 0xF2, 0x7D, 0x66, 0x30,
    0xE7, 0xE7, 0x4E, 0x50, 0xDF, 0xE3, 0x36, 0xE8, 0x20, 0x42, 0x65, 0x9D, 0x8D, 0x81, 0x12, 0x68,
    0xBE, 0xFD, 0xBD, 0x79, 0x42, 0x69, 0x35, 0x85, 0xD6, 0x81, 0x47, 0x96, 0xDF, 0x59, 0x4D, 0xA1,
    0x99, 0x68, 0x0A, 0x0B, 0xAB, 0x29, 0xCC, 0x44, 0x53, 0x08, 0x8E, 0x49, 0x34, 0x85, 0xA5, 0x4C,
    0x06, 0xB1, 0xC2, 0x13, 0xEF, 0xD4, 0x18, 0xA3, 0xE5, 0x3E, 0x1A, 0x9B, 0x98, 0xF5, 0xD0, 0x3F,
    0x23, 0xB9, 0x28, 0xC1, 0x50, 0x4F, 0x1F, 0x9B, 0x6D, 0xEF, 0xC3, 0x0E, 0x34, 0x47, 0x98, 0xDA,
    0xBA, 0xBC, 0x19, 0xA3, 0xD7, 0x81, 0xC2, 0x4F, 0xD1, 0xB0, 0x90, 0x95, 0x8F, 0x46, 0x0C, 0x53,
    0x77, 0x1A, 0x31, 0x9E, 0x64, 0x87, 0x71, 0x99, 0x99, 0x44, 0xEE, 0xBB, 0x02, 0x22, 0x1D, 0x11,
    0x72, 0x70, 0x42, 0x39, 0xDE, 0x14, 0x12, 0x31, 0xB8, 0xA3, 0x15, 0x04, 0x15, 0x70, 0x5C, 0x81,
    0x4D, 0xCC, 0xEB, 0x6E, 0x4F, 0xA6, 0xCB, 0x86, 0x92, 0x09, 0x51, 0x74, 0x16, 0x62, 0xF2, 0x24,
    0xDA, 0xAD, 0xB9, 0x36, 0x3C, 0xCD, 0xA6, 0x00, 0xA6, 0xE7, 0xB4, 0x89, 0x12, 0x51, 0x37, 0xB5,
    0x34, 0x94, 0x6D, 0x44, 0x13, 0x45, 0x8C, 0x67, 0x43, 0x26, 0x99, 0x23, 0xB7, 0x64, 0x8A, 0x39,
    0x6A, 0xE4, 0x4C, 0x30, 0x77, 0x25, 0x8B, 0xEC, 0x5E, 0x33, 0xC4, 0x85, 0xE5, 0x7A, 0x73, 0x19,
    0xDC, 0x52, 0x09, 0x32, 0xC1, 0x4C, 0xC9, 0x9D, 0x20, 0xC8, 0xD1, 0x2C, 0xC2, 0x25, 0xE0, 0x6E,
    0xAE, 0x9F, 0xC5, 0xA7, 0xAD, 0xAA, 0xF4, 0x35, 0x95, 0x22, 0x87, 0x3A, 0x13, 0x4A, 0xA9, 0xA7,
    0xAC, 0x4D, 0xA8, 0xBF, 0x75, 0x8A, 0x16, 0xCE, 0x93, 0xC4, 0x43, 0x4E, 0x6B, 0x14, 0x6B, 0x3A,
    0xA1, 0x3D, 0xA5, 0xFF, 0x63, 0x9A, 0x19, 0x3D, 0xD3, 0xF4, 0xC6, 0xD4, 0x6C, 0xB4, 0x38, 0xFA,
    0x63, 0x5A, 0x6B, 0x7B, 0xA6, 0x13, 0xFD, 0x3B, 0x62, 0x68, 0x08, 0xBB, 0x6B, 0x0D, 0xD8, 0x10,
    0x5E, 0x5B, 0x27, 0xC2, 0x90, 0xF4, 0x56, 0xCD, 0x83, 0x6B, 0xD4, 0x1B, 0xBD, 0x10, 0x33, 0x34,
    0xC8, 0x7A, 0x74, 0x6B, 0xC2, 0xA4, 0xD7, 0x00, 0xF3, 0x48, 0x54, 0xDE, 0x03, 0x33, 0x19, 0x99,
    0x1E, 0x27, 0x90, 0x6E, 0x9A, 0x1E, 0xDD, 0x73, 0x8D, 0xAE, 0xEE, 0xB1, 0x37, 0x4F, 0xC5, 0x47,
    0x6B, 0x7C, 0xFF, 0x4D, 0x50, 0x0A, 0xC2, 0x16, 0x91, 0x0E, 0x88, 0x94, 0xA7, 0x98, 0x59, 0xEC,
    0x29, 0x13, 0xA9, 0xC8, 0xC2, 0xE0, 0x9A, 0x9A, 0x20, 0x89, 0x10, 0x9C, 0x4C, 0x44, 0x57, 0xC2,
    0x15, 0x75, 0xAD, 0x4E, 0x30, 0x17, 0x6C, 0x58, 0x9D, 0xE0, 0x07, 0x10, 0xC2, 0x48, 0x08, 0x7A,
    0x41, 0x4C, 0xDC, 0xB1, 0x03, 0x93, 0x7E, 0x0A, 0xD6, 0xCB, 0x53, 0x9F, 0x5E, 0xA0, 0xAB, 0xD8,
    0x50, 0x0C, 0x86, 0xEC, 0x51, 0xB5, 0x11, 0x0F, 0x99, 0x6C, 0x96, 0x7B, 0x1D, 0xC1, 0x75, 0x35,
    0x27, 0x1D, 0xEB, 0x68, 0x7C, 0x70, 0x47, 0xEF, 0x73, 0x00, 0x3D, 0xE1, 0x46, 0x26, 0xE8, 0xE0,
    0x7E, 0xC9, 0xD1, 0xE5, 0x17, 0x31, 0x16, 0xFA, 0x35, 0x41, 0x5D, 0x16, 0x5E, 0x3F, 0xC0, 0x2E,
    0x9D, 0xB2, 0x84, 0xA0, 0x63, 0x0F, 0xD4, 0xFB, 0xC9, 0x38, 0x37, 0xDB, 0x6D, 0x96, 0x0F, 0xBD,
    0xBF, 0xB1, 0x71, 0x46, 0x7F, 0xAE, 0x07, 0x41, 0xA6, 0x65, 0xA0, 0x75, 0x2D, 0xC5, 0xE2, 0xA5,
    0x07, 0xB5, 0x81, 0x16, 0xE4, 0x5D, 0x9A, 0x5A, 0x1A, 0x5D, 0x12, 0xD4, 0x74, 0xA3, 0x5B, 0xED,
    0x9E, 0x89, 0x3E, 0xA2, 0x95, 0x1D, 0x9A, 0x81, 0x38, 0xD0, 0x83, 0xC7, 0xEC, 0x81, 0x99, 0x39,
    0xD8, 0xA7, 0xCB, 0x21, 0x3D, 0xDB, 0xE0, 0x94, 0x80, 0x6E, 0x28, 0x41, 0x04, 0xE6, 0x55, 0x95,
    0xFD, 0x4C, 0xA5, 0xEB, 0x95, 0x11, 0xCD, 0x16, 0x1D, 0x84, 0xDF, 0x91, 0x79, 0x69, 0x1A, 0x9F,
    0x8A, 0x10, 0x6D, 0x73, 0x58, 0x07, 0x36, 0xFF, 0x53, 0x60, 0x13, 0x3F, 0x05, 0xE6, 0x5C, 0xCE,
    0x69, 0x44, 0x02, 0xBF, 0x4E, 0x7C, 0x7C, 0x17, 0xC0, 0xDD, 0xF4, 0x1C, 0x0E, 0x98, 0xAA, 0xFC,
    0x13, 0x8D, 0xCD, 0x76, 0x72, 0x61, 0x41, 0x31, 0xFE, 0xA8, 0x1D, 0x41, 0x50, 0x9A, 0x8A, 0x1D,
    0x68, 0x2F, 0xD8, 0x75, 0xB4, 0x62, 0x2C, 0xE9, 0x1F, 0xA1, 0x0B, 0x51, 0x96, 0xD0, 0x2B, 0x5C,
    0x46, 0xBF, 0xF0, 0xF6, 0x77, 0x09, 0xC3, 0xC2, 0xAB, 0xC7, 0x84, 0x71, 0xE1, 0xDF, 0xD8, 0x23,
    0xDC, 0x23, 0x16, 0xAF, 0x49, 0xF8, 0x67, 0x45, 0x68, 0x80, 0xFF, 0x49, 0x11, 0x9B, 0x4E, 0x80,
    0xAB, 0x37, 0x15, 0x87, 0xA6, 0x02, 0xFE, 0xE6, 0xE6, 0xA0, 0xE4, 0xCF, 0xFF, 0xEB, 0xAD, 0x82,
    0xD1, 0xF4, 0x73, 0xC1, 0x70, 0x20, 0x48, 0x33, 0x52, 0x9E, 0x9A, 0xAE, 0x32, 0xB2, 0xCD, 0x8F,
    0xF0, 0xA2, 0xE2, 0x50, 0x10, 0x3C, 0x2F, 0x90, 0x43, 0x3B, 0x08, 0x89, 0x32, 0x36, 0xEA, 0x1C,
    0xA9, 0x44, 0x0C, 0x94, 0x2A, 0x30, 0x1E, 0x38, 0x70, 0x12, 0x79, 0x9E, 0x84, 0x69, 0x76, 0xA3,
    0x77, 0x0B, 0x9E, 0x38, 0x95, 0x20, 0xAA, 0xC6, 0x8A, 0xF0, 0x5C, 0xD0, 0xCF, 0x04, 0x91, 0x63,
    0x84, 0xAD, 0xE9, 0xAE, 0x68, 0x0E, 0xBA, 0x9E, 0x60, 0xED, 0x10, 0xC9, 0x1F, 0xBF, 0xE7, 0xD5,
    0x86, 0xCF, 0xFB, 0x8A, 0xD1, 0xA7, 0x82, 0x71, 0x24, 0xF8, 0xAC, 0xE2, 0x92, 0xA2, 0x39, 0x80,
    0xCA, 0xF0, 0x4F, 0x70, 0xD1, 0xEF, 0xD2, 0x70, 0x76, 0x51, 0x42, 0x8F, 0xAB, 0x1A, 0x81, 0x91,
    0xEB, 0x02, 0x89, 0xCB, 0x0B, 0x21, 0xE9, 0xC6, 0xAC, 0xFA, 0x88, 0xB8, 0x1D, 0x4A, 0x13, 0x35,
    0x24, 0xC5, 0x74, 0xD4, 0x10, 0x47, 0xB5, 0x47, 0xD4, 0x7F, 0x98, 0x13, 0x0D, 0x50, 0xC5, 0x45,
    0x74, 0xB8, 0x60, 0x82, 0x97, 0x30, 0xDB, 0x2F, 0x98, 0x90, 0xE6, 0x6D, 0x96, 0x5F, 0x30, 0x6B,
    0x81, 0xF1, 0x3E, 0x20, 0x6C, 0x3E, 0x20, 0xD8, 0x79, 0x60, 0x85, 0x71, 0xF8, 0x80, 0xFF, 0x22,
    0xB0, 0x12, 0x74, 0x15, 0x3D, 0xC5, 0x40, 0x31, 0xDC, 0x11, 0x8C, 0x2F, 0x08, 0x3E, 0xA3, 0xB8,
    0xA4, 0x68, 0x6E, 0x83, 0x9E, 0x60, 0x70, 0x38, 0xB2, 0x3F, 0x03, 0x10, 0x79, 0xED, 0x81, 0x48,
    0xEB, 0x02, 0x44, 0xBA, 0x17, 0x42, 0x22, 0xDC, 0x29, 0x30, 0x4C, 0xBD, 0xC1, 0xC9, 0xCA, 0x5C,
    0x68, 0x11, 0xEB, 0x43, 0x14, 0xF0, 0x29, 0xA8, 0x31, 0x1E, 0x49, 0x66, 0x85, 0xC9, 0xE3, 0xEA,
    0x2A, 0xC0, 0xB9, 0x82, 0x39, 0x4B, 0xB7, 0x1E, 0x70, 0x4C, 0x80, 0xA4, 0xDE, 0xEE, 0x58, 0x83,
    0xB2, 0x1E, 0x44, 0x89, 0x1E, 0x40, 0x6A, 0xE0, 0x83, 0x5A, 0x0F, 0x48, 0x6A, 0x90, 0xCB, 0x7D,
    0x7B, 0x10, 0x7E, 0xA4, 0x41, 0x80, 0x60, 0xDD, 0x99, 0x56, 0x3C, 0x6B, 0x0F, 0x96, 0xEC, 0x81,
    0x09, 0x24, 0xB2, 0x00, 0x53, 0xD2, 0x92, 0x9A, 0xD5, 0xED, 0x6B, 0x35, 0x7F, 0x23, 0xAA, 0x71,
    0x3E, 0x88, 0xD9, 0xBF, 0x09, 0x82, 0xD8, 0xEF, 0x99, 0x69, 0xA7, 0xAE, 0xE5, 0x74, 0xF6, 0x81,
    0xF1, 0x73, 0x4E, 0xAF, 0x1E, 0x98, 0x28, 0x2D, 0x61, 0xEC, 0x0D, 0x68, 0x49, 0x2A, 0x39, 0x75,
    0x8D, 0x5F, 0x99, 0x12, 0x52, 0x5D, 0x10, 0x0E, 0xE8, 0x59, 0xC4, 0xE1, 0x04, 0x3E, 0x1E, 0xFA,
    0x00, 0xDF, 0x47, 0x9E, 0xBE, 0xCA, 0xE2, 0xA3, 0x68, 0x92, 0x1E, 0x56, 0xC5, 0x62, 0x64, 0x66,
    0xFC, 0x97, 0xD4, 0x6A, 0x3E, 0x89, 0x17, 0x8C, 0x8E, 0xB7, 0x5F, 0x06, 0x59, 0x15, 0xEE, 0xBB,
    0x32, 0x43, 0x56, 0xD2, 0x5D, 0x99, 0x44, 0xA3, 0x2A, 0xFA, 0x43, 0x0E, 0x7D, 0x36, 0xA1, 0xA8,
    0xD6, 0x4D, 0xDC, 0x61, 0xD7, 0x38, 0x33, 0xD2, 0xE5, 0xE0, 0xFC, 0x64, 0x59, 0x90, 0xF3, 0x66,
    0x82, 0x0B, 0x9E, 0x20, 0x13, 0x74, 0x25, 0x69, 0xDE, 0x14, 0x07, 0xFC, 0x52, 0x9F, 0x8D, 0xFB,
    0xC4, 0xCE, 0xCE, 0x5E, 0xF7, 0x09, 0x07, 0x7C, 0x5E, 0xC0, 0xEA, 0x3F, 0x27, 0x4A, 0x6F, 0x69,
    0x0E, 0x2B, 0x4E, 0x69, 0xA2, 0x4D, 0x11, 0x5A, 0x2F, 0x96, 0x98, 0x47, 0x0A, 0x7D, 0xDF, 0x97,
    0xAC, 0x05, 0x89, 0x19, 0xAB, 0x37, 0x35, 0xD5, 0x18, 0x94, 0xA6, 0x05, 0xF5, 0x21, 0x38, 0x86,
    0x5D, 0x13, 0xBF, 0x94, 0xD2, 0x22, 0xE1, 0x8C, 0x56, 0x77, 0xBD, 0x02, 0xC2, 0xD2, 0x28, 0xF8,
    0x07, 0xC8, 0x85, 0x6D, 0xFC, 0x11, 0x5D, 0x06, 0xA6, 0x31, 0xDC, 0x85, 0xC2, 0x94, 0xE8, 0x71,
    0xDC, 0x0C, 0x5E, 0xE8, 0xE7, 0xFD, 0x8F, 0x4D, 0xB3, 0x19, 0xF4, 0xA1, 0x80, 0x33, 0x0F, 0x35,
    0x83, 0x6E, 0xBA, 0x92, 0xFC, 0x33, 0x48, 0xBF, 0x89, 0x64, 0x51, 0xA1, 0x03, 0x11, 0xCD, 0xE9,
    0x20, 0x42, 0xE4, 0x2D, 0x1D, 0x7C, 0x6D, 0x2C, 0xE9, 0xEA, 0x83, 0x64, 0x8B, 0x5B, 0x1E, 0x85,
    0xD9, 0xB4, 0x45, 0x07, 0x34, 0x0E, 0x4F, 0xF1, 0x41, 0x3F, 0x07, 0x09, 0xA0, 0x83, 0x11, 0xEB,
    0x07, 0x9B, 0x48, 0x95, 0xD9, 0xCD, 0x44, 0xBE, 0x7E, 0x74, 0x24, 0x2C, 0xD1, 0x4A, 0x2D, 0x54,
    0xC1, 0xAF, 0x6F, 0x89, 0x9F, 0xAA, 0x3F, 0x4E, 0xC4, 0x51, 0x55, 0x0D, 0x49, 0x56, 0xC3, 0x28,
    0xCC, 0xD1, 0x8E, 0x69, 0xFC, 0x2B, 0x28, 0x64, 0x77, 0x8C, 0xFF, 0x4E, 0x5D, 0xFF, 0xA6, 0xD8,
    0x31, 0xC1, 0x7F, 0xD6, 0xDF, 0xFE, 0x9F, 0x09, 0x23, 0x16, 0x63, 0x77, 0xA8, 0x1D, 0x76, 0xEE,
    0x01, 0x92, 0xE4, 0xBA, 0x06, 0x1C, 0x12, 0x93, 0xFF, 0x42, 0xB1, 0xE3, 0x0E, 0xBD, 0xAC, 0xF1,
    0x41, 0xB1, 0xE3, 0x0D, 0x83, 0xBF, 0xA8, 0x7F, 0x59, 0xEC, 0xF8, 0xC3, 0xA8, 0x1E, 0xD3, 0xF5,
    0x61, 0x2F, 0xFC, 0xC4, 0xDC, 0x2A, 0x76, 0x62, 0xB0, 0xED, 0xFF, 0x65, 0xB1, 0xD3, 0x5C, 0xA7,
    0xB6, 0xA5, 0xEB, 0x1E, 0x52, 0x34, 0x13, 0x7C, 0xE4, 0xDA, 0xF6, 0xBF, 0x04, 0xD2, 0xB8, 0xFB,
    0xA5, 0x7C, 0xBE, 0xF1, 0x2F, 0x67, 0xCF, 0xCF, 0xA0, 0xD9, 0x60, 0x7C, 0xE1, 0x55, 0xC3, 0x48,
    0x1C, 0x35, 0xCA, 0x43, 0x21, 0x40, 0xD8, 0x1F, 0x6F, 0xA0, 0x1E, 0xEB, 0xFF, 0x9C, 0x3D, 0x48,
    0x58, 0x5C, 0x70, 0xA9, 0x04, 0x8B, 0x11, 0x54, 0xC2, 0xA6, 0x3D, 0x5C, 0x99, 0xB8, 0x1B, 0x2D,
    0x73, 0xFE, 0x8B, 0x00, 0x11, 0x32, 0x90, 0x04, 0xE1, 0x22, 0xB4, 0xA7, 0x6E, 0x29, 0x4D, 0x55,
    0x24, 0xAE, 0xAB, 0x1B, 0x21, 0x0D, 0xD6, 0x6A, 0x9D, 0xED, 0x4A, 0x6E, 0xB1, 0x0E, 0x9F, 0x88,
    0xCA, 0x53, 0xF4, 0x8B, 0x75, 0x9E, 0x67, 0x21, 0x61, 0xC9, 0xDE, 0x37, 0xEB, 0xBC, 0xA0, 0xEF,
    0x15, 0xEB, 0x1E, 0x0D, 0xD0, 0xAD, 0x9D, 0x62, 0x1D, 0xCA, 0xB8, 0xFC, 0xB9, 0x62, 0x3D, 0xB8,
    0x34, 0xA2, 0xB1, 0x56, 0xAC, 0x47, 0x7C, 0xCF, 0x62, 0x7D, 0x53, 0xF1, 0x84, 0xA2, 0x51, 0xE4,
    0xFB, 0x12, 0x76, 0x15, 0xC5, 0xB1, 0x0D, 0x49, 0xF2, 0x21, 0xAF, 0x80, 0x78, 0x21, 0x65, 0x02,
    0x0C, 0x1B, 0x1F, 0xE6, 0x8C, 0x5D, 0xF0, 0x6C, 0x05, 0x38, 0xB6, 0x3E, 0xB6, 0x29, 0x21, 0xC9,
    0x25, 0x1C, 0x1A, 0x16, 0x1D, 0x68, 0x99, 0xB8, 0xCC, 0xEE, 0x71, 0x53, 0xF5, 0x01, 0x4D, 0x8F,
    0x86, 0x68, 0x0B, 0x88, 0x0F, 0x3E, 0x05, 0x4A, 0x58, 0xFA, 0x88, 0x90, 0xF2, 0xB3, 0x4E, 0x90,
    0x40, 0x6F, 0x9B, 0x44, 0x81, 0x84, 0x0B, 0xDC, 0x1F, 0x82, 0xAF, 0x6B, 0x61, 0x45, 0x4B, 0x8C,
    0x9A, 0x66, 0x53, 0xA7, 0x12, 0xF4, 0x24, 0x5A, 0x8D, 0x55, 0xCD, 0xA5, 0x44, 0xDB, 0x73, 0xBD,
    0xE3, 0xEA, 0x24, 0x22, 0x35, 0xAF, 0x8C, 0x76, 0x24, 0x4F, 0xFB, 0x85, 0x9D, 0xE3, 0xE7, 0x2E,
    0x9D, 0xF9, 0x64, 0xE3, 0xC9, 0x1D, 0x55, 0xF1, 0xEF, 0xB0, 0x6F, 0x00, 0xA1, 0x47, 0xC4, 0xB1,
    0x0F, 0x67, 0x3C, 0xC8, 0x58, 0x99, 0xD9, 0xE9, 0xEF, 0x6D, 0x5F, 0xFD, 0x90, 0x7A, 0x74, 0xB7,
    0xC9, 0x1B, 0x05, 0xEC, 0x3C, 0xC9, 0xA9, 0x21, 0xA9, 0xFC, 0x14, 0x6B, 0x8B, 0xA9, 0x20, 0xC8,
    0xDD, 0x1C, 0x86, 0xC0, 0x98, 0xFB, 0x73, 0x07, 0x52, 0xC5, 0x90, 0x75, 0x49, 0xEC, 0x54, 0xE4,
    0x28, 0x7B, 0x3C, 0x63, 0x32, 0xE7, 0x76, 0x20, 0x31, 0x19, 0x81, 0xAF, 0x46, 0x4C, 0x5F, 0xC4,
    0x74, 0xAC, 0xCA, 0xE7, 0x96, 0x86, 0x8D, 0xF7, 0x44, 0x67, 0x05, 0x72, 0xCF, 0x91, 0x14, 0x95,
    0xD0, 0x33, 0xBF, 0x22, 0xEE, 0x8E, 0xDE, 0x3F, 0xAC, 0x1C, 0xF6, 0x3A, 0xEB, 0x2A, 0x8E, 0x76,
    0xC0, 0x6B, 0x9E, 0x33, 0xCF, 0xEF, 0x48, 0xB9, 0x63, 0xFA, 0xD9, 0xEC, 0xC8, 0xF9, 0x19, 0xDC,
    0x97, 0xFA, 0x2B, 0x7D, 0x3C, 0x78, 0xDE, 0xA2, 0x3D, 0x7F, 0x44, 0xB9, 0xAF, 0xE0, 0xFE, 0xA7,
    0xCD, 0x8E, 0xDA, 0xA4, 0x77, 0xDE, 0x10, 0xB1, 0xFF, 0x35, 0x2B, 0x12, 0xA7, 0x07, 0x22, 0x31,
    0xBA, 0x6C, 0xE2, 0x7B, 0x41, 0x30, 0xF4, 0x53, 0xF8, 0xBA, 0x9A, 0x96, 0x2F, 0x3E, 0x03, 0xD8,
    0xDD, 0x01, 0x65, 0x7B, 0x7E, 0xBA, 0x7C, 0xF6, 0xD2, 0x86, 0x19, 0xFA, 0x29, 0xC4, 0x3A, 0x57,
    0xB1, 0x31, 0xF4, 0xEB, 0x9F, 0x26, 0xA6, 0x0C, 0x80, 0x2F, 0x24, 0x65, 0xD4, 0xA1, 0xEF, 0x5F,
    0xCC, 0xCA, 0x8B, 0xEB, 0x82, 0xEB, 0x8A, 0x0F, 0x2A, 0x9A, 0xDB, 0xE0, 0x4B, 0x82, 0xDF, 0x7D,
    0x47, 0xB0, 0x7E, 0xE9, 0xEB, 0xC0, 0xA0, 0x0A, 0xBE, 0x91, 0x12, 0x86, 0xE2, 0x60, 0xBB, 0x7E,
    0x3F, 0x55, 0xF3, 0x29, 0x49, 0x35, 0xD4, 0xBA, 0x28, 0x38, 0x0C, 0xB1, 0x05, 0x0F, 0x44, 0x79,
    0x9E, 0xDF, 0xDD, 0x94, 0xC6, 0xBA, 0x4C, 0x93, 0x67, 0x31, 0xCF, 0x37, 0xE6, 0x5C, 0xAA, 0x4E,
    0xA8, 0xAF, 0xC0, 0xE6, 0xC4, 0x61, 0x4F, 0x56, 0xC8, 0x0A, 0x81, 0x8B, 0x1B, 0xF4, 0xA5, 0x0A,
    0xE9, 0xF9, 0x98, 0xE3, 0x68, 0x82, 0xAC, 0xE0, 0x35, 0x34, 0x4C, 0x04, 0x63, 0x23, 0xD8, 0x37,
    0x24, 0x40, 0xB4, 0x4B, 0xA7, 0x66, 0xD3, 0x72, 0xD9, 0xA8, 0x39, 0xF2, 0xFC, 0x4A, 0xF0, 0x91,
    0xA4, 0x1B, 0x8A, 0x5F, 0x12, 0x7C, 0x22, 0x30, 0x10, 0x31, 0x86, 0xF7, 0x28, 0x12, 0xF3, 0xFF,
    0x37, 0x6F, 0x67, 0x34, 0x79, 0x8F, 0x44, 0xF7, 0xAF, 0x04, 0xBD, 0xBF, 0x92, 0xF2, 0xDE, 0x9F,
    0x2B, 0x7E, 0x28, 0xDF, 0x37, 0x14, 0x7D, 0xC5, 0xE0, 0x3B, 0x8A, 0x5F, 0x17, 0x0C, 0x1B, 0x6F,
    0x67, 0xBF, 0x27, 0x16, 0x7E, 0xB5, 0xF1, 0x56, 0x7A, 0xA6, 0xA2, 0xA5, 0xCF, 0x4D, 0xA6, 0xCE,
    0x02, 0x3C, 0xEE, 0x7D, 0x75, 0x15, 0x11, 0x2D, 0xE1, 0x40, 0x34, 0x44, 0xFE, 0x4F, 0x65, 0x9D,
    0x97, 0x71, 0x5F, 0xCD, 0xE5, 0xAB, 0x95, 0x66, 0x02, 0x1D, 0xC2, 0xB8, 0xDF, 0xC3, 0x38, 0xA5,
    0xF9, 0xBE, 0x83, 0x19, 0xE0, 0x2B, 0xD2, 0x7C, 0xDF, 0xC5, 0xB8, 0x8E, 0x2B, 0x29, 0x37, 0xDA,
    0x11, 0x3E, 0xE0, 0xFC, 0x8E, 0xAE, 0xFF, 0x3B, 0xC2, 0x3F, 0x98, 0x1D, 0xE5, 0x27, 0x76, 0x38,
    0xAE, 0x88, 0xF0, 0x59, 0x59, 0x6F, 0xA6, 0x48, 0xD7, 0x8F, 0x09, 0x71, 0x1F, 0x9E, 0xB7, 0xA2,
    0xE4, 0xDE, 0xD1, 0xA5, 0xE9, 0xB3, 0x71, 0x95, 0x83, 0x37, 0x77, 0x24, 0xAA, 0x89, 0xC6, 0xFD,
    0xCA, 0x0F, 0xE6, 0x0C, 0xAA, 0xAA, 0x80, 0x16, 0xC5, 0xF4, 0x09, 0xE3, 0x7F, 0x17, 0xB8, 0x49,
    0x6C, 0x31, 0xE2, 0x01, 0x86, 0x26, 0xF4, 0x8A, 0x6E, 0x3D, 0x2A, 0xA9, 0xDE, 0x08, 0x2A, 0x28,
    0x68, 0x1C, 0x75, 0x38, 0xE5, 0x6C, 0x8F, 0xE8, 0x66, 0x53, 0xD5, 0x63, 0xCD, 0x58, 0xDC, 0xD6,
    0x9A, 0x30, 0x2D, 0x4B, 0x80, 0x47, 0x30, 0xAC, 0xD9, 0x18, 0x15, 0xF6, 0xEA, 0xBC, 0x7D, 0xEE,
    0x7A, 0xBB, 0xD5, 0x71, 0x73, 0xAC, 0x1D, 0xCF, 0x74, 0x9C, 0x1C, 0x2B, 0xF7, 0x12, 0x21, 0x1B,
    0xEF, 0x08, 0x23, 0x8C, 0xAF, 0x8E, 0xF3, 0xCB, 0x5A, 0xF0, 0x57, 0x7F, 0x80, 0x56, 0x9D, 0xBE,
    0xFF, 0x85, 0xA2, 0x67, 0xF1, 0xC6, 0xB6, 0xA0, 0x94, 0xCB, 0x5F, 0xBC, 0xDE, 0xE6, 0xF2, 0x3F,
    0xE6, 0xF3, 0x6E, 0x2D, 0xE5, 0xBD, 0xB1, 0x94, 0xF7, 0x4B, 0x29, 0xE7, 0xA5, 0x82, 0x2C, 0x86,
    0x97, 0xE0, 0x82, 0x69, 0x69, 0xDF, 0x20, 0x31, 0xE0, 0x61, 0xAE, 0x3B, 0xAC, 0x25, 0x6C, 0x3A,
    0x4F, 0x5A, 0xB2, 0xAB, 0x0C, 0x67, 0x80, 0xA3, 0x7E, 0xA6, 0xE6, 0xC6, 0xFC, 0xEA, 0x00, 0xB9,
    0xBF, 0x5B, 0x1C, 0x09, 0x52, 0xB2, 0x02, 0x68, 0xE8, 0x02, 0x5B, 0x8D, 0x81, 0x57, 0xC6, 0xF5,
    0xA8, 0xE3, 0x65, 0x01, 0x70, 0xD7, 0xCB, 0x42, 0xFA, 0xDE, 0x19, 0x79, 0x19, 0x31, 0xDE, 0x2D,
    0x6F, 0xDC, 0xC8, 0x7A, 0xC0, 0x7F, 0xD7, 0x48, 0x2F, 0x94, 0xED, 0x8B, 0x2F, 0xFF, 0xD4, 0x4F,
    0x9F, 0xBC, 0x49, 0xB5, 0x7C, 0x89, 0x46, 0x5C, 0x49, 0xCB, 0x80, 0xFF, 0x52, 0xC2, 0xDA, 0x97,
    0xC6, 0x3B, 0xA2, 0x85, 0xF1, 0x3E, 0x02, 0x5E, 0x3F, 0x0D, 0x4F, 0x37, 0x7A, 0xFB, 0x11, 0x54,
    0xD0, 0x65, 0xE3, 0x46, 0x8F, 0xA3, 0x94, 0xFC, 0x74, 0x1D, 0x8A, 0xAA, 0x32, 0x48, 0xD6, 0x59,
    0x6E, 0x0F, 0xCC, 0x3A, 0x97, 0x23, 0x06, 0xC4, 0xFF, 0x34, 0xC1, 0x96, 0x44, 0x9D, 0x90, 0xFA,
    0x8C, 0x98, 0xE3, 0x9D, 0x3D, 0x9A, 0xF7, 0xBF, 0x2F, 0xE3, 0xDF, 0x0F, 0xE9, 0xC2, 0xDF, 0xE7,
    0xF1, 0x6F, 0x73, 0x12, 0x0B, 0xAE, 0x24, 0x30, 0xA5, 0x1D, 0xC3, 0x00, 0xF8, 0xD8, 0x58, 0x85,
    0x9A, 0x6A, 0x07, 0x1B, 0xFB, 0x12, 0x21, 0x5A, 0x04, 0x12, 0x4D, 0xE0, 0xE5, 0x51, 0xFB, 0xAC,
    0x38, 0xF1, 0xEF, 0xCA, 0xC0, 0x0F, 0xDE, 0x2E, 0xD5, 0x43, 0xCB, 0x57, 0x97, 0xD3, 0x8B, 0xB1,
    0x1E, 0x8C, 0x5B, 0x85, 0x81, 0xF4, 0xE9, 0x8E, 0x97, 0x08, 0x60, 0x83, 0x19, 0x9B, 0xC2, 0xCB,
    0x21, 0xB7, 0x8E, 0xCD, 0xFE, 0xD5, 0xFD, 0xAB, 0x05, 0xB4, 0xC4, 0x52, 0xF8, 0x89, 0x35, 0x75,
    0x87, 0xBC, 0x67, 0xCD, 0xE8, 0x7E, 0x63, 0x6B, 0xC8, 0x70, 0x04, 0x0A, 0xB4, 0xE6, 0xD6, 0xDE,
    0x00, 0xBC, 0xDC, 0x5A, 0x40, 0x5C, 0x3C, 0x24, 0xFA, 0x35, 0x17, 0x81, 0x60, 0x5C, 0xC6, 0xAD,
    0xBA, 0x1D, 0x3E, 0x88, 0x06, 0x48, 0x3E, 0x69, 0xD6, 0x56, 0xA8, 0x71, 0xB0, 0xEE, 0xAC, 0x05,
    0x79, 0x30, 0x46, 0x7F, 0xAD, 0x39, 0xA6, 0xBF, 0xC6, 0x9A, 0x64, 0xD3, 0xA8, 0xD6, 0xC4, 0xFA,
    0xD8, 0xCF, 0xD6, 0xB0, 0xCA, 0xAF, 0x85, 0x23, 0x8E, 0x38, 0xA3, 0xC2, 0x83, 0xBF, 0x3B, 0x84,
    0x23, 0xA7, 0xD5, 0x0D, 0x81, 0xF5, 0x7F, 0x24, 0x99, 0xC4, 0x26, 0x9D, 0x5E, 0x88, 0xDE, 0x1D,
    0x7F, 0xEE, 0x38, 0x94, 0x83, 0xF1, 0x27, 0xDD, 0xF6, 0x2B, 0x1C, 0x00, 0x14, 0xD9, 0x4C, 0x1E,
    0x8A, 0xAD, 0x05, 0xDC, 0x54, 0xB4, 0xA6, 0xCE, 0xA1, 0xDA, 0xB6, 0x4A, 0xE0, 0x79, 0x25, 0x53,
    0x3D, 0xB8, 0x09, 0x32, 0x86, 0xEC, 0xD3, 0xBB, 0x83, 0xFC, 0x57, 0x30, 0x4A, 0x41, 0x2B, 0xD5,
    0xB8, 0xFE, 0x72, 0x09, 0x27, 0x67, 0x0F, 0x79, 0x73, 0x12, 0xD6, 0x0E, 0x67, 0x87, 0x98, 0xB2,
    0xC3, 0xDB, 0xF9, 0xD5, 0x1B, 0xDD, 0x02, 0x0C, 0x96, 0xBB, 0x99, 0x3C, 0x13, 0x33, 0x79, 0x78,
    0x66, 0xDC, 0xB9, 0x72, 0xF1, 0x72, 0xE5, 0x20, 0x52, 0xD0, 0x81, 0xBE, 0x1A, 0xE6, 0x61, 0x7B,
    0x87, 0x60, 0x86, 0xE3, 0xFE, 0x1F, 0xBD, 0xBC, 0xDD, 0x1F, 0x6A, 0xDC, 0x51, 0xCD, 0xA6, 0xEE,
    0x4F, 0x3F, 0x39, 0x97, 0x99, 0x1F, 0x40, 0xCD, 0xC8, 0x19, 0x3F, 0x90, 0xD5, 0x83, 0xE5, 0x2E,
    0x11, 0x42, 0x24, 0x2B, 0xA4, 0xE4, 0x6B, 0x94, 0xF6, 0x22, 0x4C, 0x60, 0xC3, 0x26, 0xDC, 0x91,
    0x7C, 0x8C, 0xB0, 0x83, 0x57, 0xF2, 0x39, 0xE4, 0x30, 0x94, 0x0A, 0x9E, 0x3C, 0xC1, 0x27, 0x2F,
    0x97, 0xD8, 0x67, 0x8E, 0xF8, 0xCA, 0x02, 0xE3, 0xC9, 0xE9, 0xD7, 0xE9, 0x01, 0xBF, 0x72, 0x6F,
    0xA0, 0x29, 0x20, 0x06, 0xF3, 0xE9, 0x3E, 0xE4, 0x65, 0xD4, 0xF1, 0x7D, 0xAC, 0x51, 0xA4, 0xD8,
    0x46, 0x8F, 0xE3, 0xB9, 0x66, 0x2C, 0xD0, 0xBA, 0x5A, 0xE8, 0xAA, 0xD1, 0xD0, 0x60, 0x6A, 0x93,
    0xDC, 0x3E, 0x4F, 0xC7, 0x34, 0x3E, 0x23, 0x54, 0x8E, 0x23, 0x52, 0x8C, 0x15, 0x5B, 0x8A, 0x4D,
    0xC5, 0x9E, 0x62, 0x05, 0xBC, 0x82, 0x07, 0x36, 0xD0, 0xDF, 0x7E, 0x2E, 0x18, 0x23, 0xAB, 0x05,
    0xEA, 0xCD, 0xA9, 0x82, 0x4A, 0xF8, 0x72, 0x72, 0xBF, 0x0F, 0xA4, 0xDF, 0x0F, 0xF1, 0xA7, 0x27,
    0x7C, 0x10, 0x0B, 0x36, 0x3B, 0xBB, 0xC9, 0xF0, 0xDA, 0x44, 0xB3, 0xFA, 0x99, 0x68, 0x55, 0xFC,
    0x8C, 0x03, 0xFB, 0x53, 0x76, 0x92, 0xE3, 0x76, 0x69, 0x0C, 0xA4, 0x9D, 0x24, 0x3A, 0xDA, 0xCF,
    0x98, 0xDF, 0x4B, 0xFC, 0x6C, 0xF9, 0xA0, 0x9F, 0xFE, 0xC1, 0xBC, 0x54, 0x61, 0xA2, 0x0D, 0xFA,
    0x19, 0xF5, 0x6D, 0x2D, 0xD4, 0x77, 0xA8, 0xAE, 0x0D, 0xEC, 0xE2, 0x70, 0x9E, 0x77, 0x43, 0xCA,
    0x88, 0x04, 0x85, 0x03, 0x41, 0x71, 0xD5, 0xD9, 0x81, 0x3D, 0x02, 0xF5, 0x87, 0xDF, 0x47, 0x03,
    0xED, 0x9B, 0x72, 0xFD, 0xF3, 0x07, 0xC5, 0x59, 0x3B, 0x39, 0x18, 0x46, 0x61, 0xDD, 0xEA, 0xFB,
    0xE2, 0x4A, 0xEF, 0xD8, 0xA8, 0xF8, 0x7D, 0xC9, 0x71, 0x80, 0x70, 0xA5, 0x54, 0x86, 0xB5, 0x4D,
    0x97, 0xD2, 0x63, 0xCB, 0x97, 0x28, 0x2B, 0xD4, 0x43, 0xC7, 0x74, 0xC7, 0xE8, 0xD7, 0xBE, 0x79,
    0x8C, 0xC7, 0x41, 0xA8, 0xE3, 0x81, 0x31, 0xB0, 0x98, 0x2A, 0x26, 0xC0, 0x51, 0xFB, 0xDC, 0x25,
    0xB0, 0xB9, 0xD6, 0xC5, 0xA3, 0x3F, 0x89, 0x3B, 0xDB, 0x54, 0xCE, 0x62, 0x18, 0x69, 0xF2, 0x24,
    0xBB, 0xE7, 0x5C, 0xA4, 0x8E, 0x4E, 0x11, 0x73, 0x6C, 0x71, 0x1A, 0xB1, 0xCF, 0xCF, 0x98, 0xE3,
    0x94, 0x90, 0xC2, 0x17, 0xAE, 0x0A, 0x2B, 0x44, 0xAF, 0x23, 0x62, 0xBB, 0x62, 0x89, 0xE4, 0x2D,
    0x42, 0x0E, 0xA7, 0x39, 0x6C, 0xCB, 0x80, 0x70, 0x21, 0xAC, 0x60, 0x6F, 0x5A, 0xFF, 0xC1, 0x42,
    0xFD, 0x93, 0xF9, 0xFA, 0x73, 0x4A, 0xBD, 0x91, 0x38, 0x10, 0x69, 0xFD, 0xED, 0xD6, 0x00, 0xC9,
    0x26, 0x77, 0x4F, 0x98, 0x1C, 0x2B, 0xC5, 0x69, 0xD2, 0x4C, 0x31, 0xB0, 0x98, 0x2A, 0x26, 0x40,
    0xBD, 0x6E, 0x82, 0xED, 0xF6, 0xDE, 0xAE, 0xC4, 0x0D, 0xF6, 0x3A, 0x92, 0x44, 0xB2, 0xEA, 0xC4,
    0x9A, 0x9E, 0x42, 0x13, 0xB5, 0x77, 0xD8, 0xDA, 0x13, 0x65, 0x1D, 0x33, 0x7C, 0x55, 0xB4, 0x4E,
    0xCF, 0x77, 0xC0, 0x67, 0x21, 0x19, 0xB1, 0x43, 0xC2, 0x1C, 0x84, 0x4F, 0x98, 0x86, 0xBB, 0xE8,
    0xFF, 0x9C, 0xC7, 0x60, 0x7E, 0x8F, 0xC4, 0x64, 0xCE, 0xF4, 0xBF, 0x4D, 0xFA, 0x19, 0xA7, 0xF3,
    0x0E, 0xB1, 0x8D, 0x72, 0x21, 0x0E, 0xAE, 0xBB, 0x40, 0x17, 0x2D, 0xA1, 0x0B, 0xAC, 0xAB, 0x91,
    0x5E, 0x10, 0xE9, 0x05, 0xB1, 0xC6, 0xF0, 0x5C, 0xD4, 0x96, 0xED, 0xE9, 0x85, 0x43, 0x71, 0xF0,
    0x77, 0x4B, 0x09, 0xC7, 0xF7, 0x0A, 0x9B, 0x1A, 0x5E, 0xD2, 0x63, 0x05, 0x9A, 0x97, 0x27, 0xD2,
    0x86, 0xEE, 0x4A, 0x4E, 0x6C, 0x2C, 0xF5, 0x78, 0x22, 0xE7, 0xE7, 0x29, 0x25, 0xCC, 0xC1, 0x1D,
    0x69, 0x6A, 0xD7, 0x3A, 0x61, 0x11, 0xD7, 0xC4, 0x79, 0xA0, 0xD9, 0x11, 0x24, 0x20, 0xD6, 0xAD,
    0xB4, 0x77, 0xDF, 0x3C, 0x6C, 0x2D, 0x72, 0x26, 0xD6, 0xBF, 0x62, 0xD1, 0xFA, 0x17, 0xF5, 0xED,
    0x68, 0xD0, 0xA8, 0x19, 0x77, 0xA8, 0x1E, 0x55, 0x7E, 0xA1, 0x6E, 0x11, 0x71, 0x2A, 0x61, 0xFE,
    0x30, 0x03, 0x06, 0xD6, 0x0C, 0xC8, 0x49, 0x39, 0x38, 0x8B, 0x01, 0xE6, 0xE1, 0x58, 0x9B, 0x25,
    0x42, 0x0A, 0xA2, 0xED, 0x3F, 0x25, 0x99, 0xE9, 0x3B, 0x2C, 0x6B, 0x5D, 0x34, 0x4B, 0x9C, 0xD7,
    0xEB, 0xDD, 0x7B, 0x3E, 0xCB, 0x1E, 0xB8, 0x70, 0xE0, 0xD9, 0xD8, 0x55, 0x6F, 0x9A, 0x9D, 0xF0,
    0xCE, 0x2F, 0x77, 0xB7, 0x39, 0x19, 0xD2, 0xBB, 0x36, 0x38, 0x6C, 0x68, 0x56, 0x66, 0xB3, 0x72,
    0x39, 0xAA, 0xE7, 0x59, 0x24, 0x43, 0x9E, 0x45, 0x95, 0x86, 0x26, 0x98, 0x1F, 0x08, 0x67, 0xE2,
    0xD1, 0x22, 0x06, 0x0A, 0x15, 0xEF, 0xF1, 0xA7, 0x5A, 0x88, 0x37, 0xE8, 0x68, 0x93, 0xB7, 0xD4,
    0xE8, 0x1C, 0x2B, 0x97, 0x1D, 0x9A, 0x99, 0xEC, 0xC7, 0xA9, 0x10, 0xD0, 0x48, 0xCB, 0xB4, 0xF4,
    0x9A, 0x9E, 0x64, 0xE0, 0x90, 0xA1, 0xB2, 0xAB, 0x3D, 0x17, 0x4F, 0xF2, 0xC6, 0xCB, 0x20, 0xF6,
    0x8B, 0xBE, 0x76, 0x9A, 0xE6, 0x99, 0x7D, 0x7F, 0xA6, 0xD7, 0x1F, 0x5E, 0x98, 0xEF, 0xD6, 0xED,
    0x3A, 0xCC, 0x6E, 0x9F, 0x2C, 0xC2, 0x3A, 0x8E, 0xCF, 0xB2, 0x31, 0x13, 0x72, 0x7E, 0x20, 0xCC,
    0xEC, 0xC0, 0xCF, 0x53, 0xEA, 0xB0, 0xD8, 0x9D, 0x6E, 0xC0, 0x30, 0xD4, 0x6C, 0x22, 0x5D, 0x35,
    0x40, 0x47, 0x1A, 0x7E, 0x18, 0x68, 0xC2, 0x0D, 0x66, 0x15, 0x52, 0x09, 0x01, 0xE9, 0xEA, 0x35,
    0x9A, 0x51, 0x5E, 0x4C, 0xD1, 0x51, 0xEA, 0x6B, 0xD6, 0xFC, 0x50, 0xB7, 0x27, 0xE8, 0x8A, 0x9E,
    0xB2, 0x94, 0x0C, 0x18, 0xCE, 0xCC, 0x2B, 0xBF, 0xAE, 0xE9, 0x7D, 0x7A, 0xAA, 0x99, 0xBA, 0x33,
    0x5C, 0xF4, 0xE4, 0x5B, 0x6E, 0x8F, 0x44, 0xFA, 0xBD, 0xCB, 0xFB, 0x58, 0x3C, 0xB9, 0xCD, 0xEB,
    0xC5, 0xBB, 0x36, 0x0C, 0x7B, 0x31, 0x8D, 0xE3, 0xF4, 0x67, 0x4D, 0x7D, 0x36, 0xFA, 0x22, 0x41,
    0x31, 0xFB, 0x94, 0x48, 0x68, 0x26, 0x28, 0x14, 0xE6, 0x18, 0x36, 0x1D, 0xE2, 0x29, 0xD6, 0x4F,
    0x84, 0xF6, 0x44, 0xBA, 0x77, 0x48, 0x23, 0x5F, 0x9E, 0x78, 0x06, 0x26, 0x86, 0x53, 0xDF, 0xCF,
    0x26, 0x31, 0x61, 0x3A, 0x34, 0xD4, 0x11, 0xB0, 0xA9, 0x3E, 0x64, 0xB1, 0x12, 0xBA, 0xC7, 0x78,
    0x88, 0x2A, 0x3B, 0x96, 0x58, 0x94, 0x70, 0xF0, 0xED, 0x3B, 0x4E, 0x4E, 0x43, 0xE3, 0xE1, 0xEC,
    0x27, 0x34, 0x1E, 0x0E, 0x49, 0xD3, 0x38, 0x09, 0x03, 0x55, 0x5A, 0xD3, 0x55, 0x17, 0xB6, 0x91,
    0x86, 0xD5, 0x55, 0x1A, 0x4E, 0x57, 0x08, 0x01, 0xEE, 0x66, 0x4C, 0x6F, 0x40, 0xDF, 0x50, 0x67,
    0xF0, 0x31, 0x24, 0x42, 0xB3, 0x96, 0xD6, 0xAB, 0x07, 0xB1, 0x8C, 0x87, 0xCA, 0xF6, 0xFF, 0xD2,
    0xAC, 0x3B, 0x30, 0xA4, 0xB4, 0x23, 0xF0, 0x80, 0x87, 0x26, 0x46, 0x3B, 0xDA, 0xE5, 0x40, 0x79,
    0xAA, 0xC5, 0xB9, 0xC4, 0xD8, 0x1D, 0x77, 0xB1, 0x1C, 0x6E, 0xF7, 0x93, 0xDB, 0xDC, 0x5F, 0x94,
    0xEB, 0xD3, 0xF2, 0x37, 0xF4, 0xF3, 0xE1, 0xE5, 0x17, 0xD8, 0xBF, 0x99, 0x24, 0x3E, 0xAB, 0x4A,
    0x8F, 0xBA, 0x59, 0x03, 0x8A, 0x68, 0x7F, 0xCC, 0x3B, 0x08, 0x3B, 0xFD, 0x9C, 0xB7, 0x54, 0x92,
    0x5C, 0x7B, 0xFD, 0x3C, 0xDA, 0x92, 0xA5, 0x63, 0xC9, 0x86, 0xC7, 0xAA, 0x47, 0x98, 0x54, 0x30,
    0x67, 0xCF, 0x00, 0xCE, 0x41, 0xC2, 0xCF, 0x9C, 0xC5, 0x4B, 0x6D, 0xCE, 0x14, 0x31, 0x29, 0x67,
    0x3F, 0x2F, 0x96, 0xB3, 0xD7, 0xDB, 0x72, 0xE9, 0xC2, 0x79, 0x8B, 0xF6, 0xBC, 0xC5, 0xE4, 0xD0,
    0x72, 0x8B, 0xE9, 0x4B, 0x99, 0x6E, 0xFC, 0x00, 0x2F, 0xBC, 0x29, 0x74, 0xD2, 0x1D, 0x8B, 0xD3,
    0x3D, 0xC2, 0xFE, 0xA0, 0x1A, 0x95, 0x4C, 0xC4, 0xA9, 0x84, 0x9C, 0x45, 0xA5, 0xD0, 0x37, 0xB7,
    0xBC, 0xE7, 0x40, 0xD2, 0x1B, 0x2F, 0x93, 0x64, 0x95, 0x87, 0xA3, 0x33, 0x23, 0x5E, 0x30, 0xDE,
    0x3C, 0x73, 0xFD, 0xEC, 0xA5, 0x73, 0x44, 0xAB, 0x71, 0x3E, 0xFA, 0x6C, 0xFC, 0x82, 0xD7, 0xBF,
    0xB1, 0x7F, 0xF5, 0xC6, 0xB5, 0xED, 0xFE, 0xBB, 0x8B, 0xE9, 0xA4, 0x59, 0xE1, 0x96, 0xCC, 0x24,
    0x11, 0xB2, 0xF5, 0xE7, 0xED, 0x7D, 0x4B, 0x39, 0x76, 0xEB, 0x24, 0x94, 0x8D, 0x8E, 0x73, 0x09,
    0xCA, 0x69, 0x0C, 0x66, 0xC2, 0xA1, 0x3F, 0x2B, 0x4D, 0x05, 0x35, 0xF1, 0xEE, 0x61, 0x79, 0xC6,
    0x10, 0x17, 0xB6, 0xC3, 0x8D, 0x3E, 0x03, 0x25, 0x83, 0x23, 0x80, 0xC5, 0x9C, 0x00, 0x29, 0xE3,
    0x09, 0x1A, 0x1F, 0xE5, 0x80, 0xE0, 0xC7, 0x15, 0x20, 0x4E, 0xC6, 0x80, 0x3D, 0x62, 0x03, 0x3A,
    0x3B, 0x44, 0x9C, 0x82, 0xBC, 0xB3, 0x83, 0xED, 0xC4, 0xAB, 0xCE, 0x0E, 0xA6, 0xE9, 0xA8, 0xB3,
    0x83, 0x11, 0xBA, 0xDE, 0xD9, 0xE1, 0x18, 0xF3, 0x8E, 0x28, 0xB7, 0x8E, 0x86, 0x46, 0x3D, 0xDC,
    0xE1, 0x65, 0xBD, 0xC2, 0x5A, 0xEC, 0x10, 0x7F, 0xDE, 0xAF, 0xF3, 0x48, 0xF2, 0x59, 0xE4, 0x31,
    0x70, 0x7C, 0x35, 0x8F, 0x91, 0x8F, 0xA2, 0xF2, 0xF2, 0x16, 0xF4, 0x52, 0x9F, 0x13, 0xDF, 0x18,
    0x5F, 0xDD, 0xEF, 0x6F, 0xD7, 0x93, 0x8E, 0x90, 0xCF, 0xFD, 0x77, 0x4D, 0xE9, 0xE5, 0x4D, 0x94,
    0xB3, 0x58, 0x08, 0x52, 0x07, 0xE6, 0x9D, 0x19, 0x74, 0x73, 0x2F, 0xEF, 0x89, 0x03, 0x67, 0xCE,
    0x1A, 0xF6, 0x81, 0x97, 0x57, 0x2C, 0x93, 0x79, 0xBF, 0x2C, 0x0C, 0x1C, 0x41, 0xBD, 0xBF, 0x64,
    0x4C, 0xBC, 0x5F, 0xE5, 0xBC, 0xBD, 0x9A, 0xF7, 0x57, 0x03, 0xE8, 0xCD, 0xBC, 0xFA, 0xD3, 0xEC,
    0x8D, 0x21, 0xB4, 0x51, 0x3F, 0x49, 0x88, 0xF4, 0x2D, 0x99, 0xD3, 0x8E, 0x39, 0xB9, 0x65, 0xF9,
    0xE6, 0xC2, 0xA2, 0xCD, 0x17, 0x72, 0x80, 0xB0, 0xB6, 0xC5, 0x53, 0x59, 0xE4, 0x83, 0xE1, 0x14,
    0x77, 0x70, 0xBE, 0x73, 0x18, 0x06, 0x8C, 0x8B, 0xE5, 0x6D, 0xC4, 0xC5, 0x11, 0xD7, 0xBD, 0xC1,
    0xF2, 0xCB, 0x78, 0xA6, 0x7D, 0x40, 0x8F, 0xC6, 0xEF, 0x72, 0x78, 0xA1, 0x94, 0xFB, 0x4C, 0x74,
    0xB7, 0x87, 0xA2, 0x66, 0xC4, 0xBA, 0xF6, 0x2E, 0xBA, 0x73, 0x6B, 0x3E, 0x1D, 0xC2, 0xCC, 0xD6,
    0x61, 0x1D, 0x93, 0xA8, 0x0B, 0xAA, 0x44, 0x0F, 0x74, 0x1C, 0x09, 0x25, 0xEE, 0x88, 0x27, 0x66,
    0xFA, 0xA0, 0x77, 0x93, 0x28, 0xC4, 0xF2, 0x34, 0x2D, 0xB9, 0xC5, 0x03, 0x09, 0x92, 0x2C, 0x57,
    0x9E, 0xCC, 0x04, 0xA8, 0x0F, 0x54, 0x4E, 0x1F, 0x48, 0x02, 0x90, 0x57, 0x16, 0x82, 0xF0, 0x67,
    0xEE, 0xC1, 0x04, 0xD8, 0x62, 0xA0, 0x69, 0x70, 0x8F, 0xCA, 0xA1, 0x3B, 0x1F, 0xA4, 0x1F, 0x28,
    0x23, 0x1A, 0xD8, 0xEC, 0x0A, 0x0F, 0xDA, 0x78, 0xE0, 0xED, 0x6D, 0x5B, 0xCF, 0xEC, 0x22, 0x7F,
    0xBC, 0x96, 0x69, 0xAA, 0xBD, 0xAC, 0xA3, 0x1C, 0x5E, 0x87, 0x57, 0x1D, 0x60, 0xC4, 0xDF, 0x3F,
    0xC8, 0x69, 0x9E, 0xFF, 0x48, 0xE5, 0xA0, 0xCC, 0x4C, 0xD0, 0x32, 0xEB, 0x5E, 0x21, 0xEB, 0x02,
    0x92, 0x62, 0x4A, 0xBD, 0xE7, 0xC5, 0xE7, 0xBE, 0x58, 0x61, 0xA4, 0xBF, 0x0B, 0xDE, 0xEA, 0xF5,
    0x86, 0xC4, 0xEF, 0x2F, 0xD6, 0x7A, 0xAE, 0x05, 0xED, 0x7B, 0x76, 0x0F, 0x66, 0xBB, 0x6B, 0x7C,
    0x06, 0xAE, 0x2C, 0x08, 0x95, 0x4E, 0xBE, 0xE0, 0x57, 0x39, 0xEB, 0x5F, 0xB9, 0x2A, 0xF9, 0x50,
    0x52, 0x5D, 0x78, 0x07, 0xB4, 0xBE, 0x20, 0x01, 0xEF, 0x00, 0x61, 0xE0, 0x58, 0x15, 0x09, 0xBB,
    0xA9, 0x20, 0xF6, 0xB9, 0x27, 0x74, 0x6A, 0xF1, 0xC3, 0xF2, 0x7E, 0x27, 0xBD, 0x17, 0xFC, 0x48,
    0x12, 0x98, 0xC6, 0x2F, 0x14, 0xCC, 0x15, 0x8F, 0x89, 0x76, 0x8D, 0x39, 0xD6, 0xB9, 0x07, 0x8E,
    0x21, 0xA2, 0x6F, 0x89, 0x4A, 0x62, 0x27, 0x65, 0x76, 0x0B, 0x1E, 0x17, 0x9C, 0x48, 0xAE, 0xFF,
    0xF3, 0x82, 0x15, 0x59, 0xCF, 0xC2, 0xCB, 0xAB, 0x90, 0xB7, 0x73, 0x6C, 0xA0, 0xEF, 0x9E, 0x22,
    0xE7, 0xBC, 0xD0, 0xF8, 0x7C, 0xB7, 0x58, 0x29, 0x60, 0xBB, 0x77, 0x7F, 0x83, 0x5D, 0x9B, 0x13,
    0x8C, 0xBB, 0x04, 0x14, 0x39, 0xE0, 0xC4, 0x14, 0x95, 0x69, 0x7C, 0x2C, 0xAE, 0x82, 0xCE, 0x01,
    0xA9, 0x6A, 0x81, 0x6F, 0xB6, 0xEA, 0xB3, 0xF0, 0x86, 0xF8, 0xE7, 0x77, 0x55, 0xB1, 0xA0, 0xC9,
    0x13, 0x39, 0x2F, 0x40, 0x22, 0x5E, 0xC4, 0x2C, 0x3C, 0x09, 0x83, 0xEC, 0x8E, 0x82, 0x01, 0x5E,
    0x23, 0x28, 0xBD, 0x0A, 0x62, 0x16, 0x75, 0x06, 0x67, 0xF5, 0x71, 0x66, 0xF2, 0x67, 0x88, 0x1C,
    0x16, 0x8E, 0xC0, 0x13, 0x80, 0x23, 0x0A, 0x34, 0x7F, 0x86, 0xD3, 0x1F, 0x6F, 0xC4, 0x92, 0x2D,
    0xAE, 0x8A, 0x3E, 0x06, 0xDF, 0xFE, 0x28, 0x31, 0x46, 0x5E, 0xAD, 0xB3, 0xB0, 0x3F, 0x56, 0x43,
    0xB6, 0x0D, 0xC0, 0xF4, 0xAD, 0x1C, 0xF8, 0x2A, 0x5E, 0xFB, 0x96, 0xF6, 0x6E, 0xAD, 0xDA, 0xE0,
    0x73, 0xD3, 0x03, 0xB9, 0x01, 0x27, 0xB9, 0x9A, 0x4D, 0xD8, 0xC6, 0xFB, 0x67, 0x2C, 0x0C, 0x8C,
    0xFB, 0x14, 0x51, 0x35, 0x96, 0x6D, 0x72, 0x41, 0x54, 0x97, 0xCB, 0x8D, 0x57, 0x31, 0x10, 0x2E,
    0xAB, 0x77, 0x71, 0x61, 0xEE, 0x0B, 0x6E, 0x5C, 0x83, 0x4A, 0x98, 0x07, 0xB4, 0x7B, 0xE7, 0x78,
    0x8F, 0x62, 0x88, 0xFC, 0x0B, 0x70, 0xF7, 0xD4, 0xFB, 0x6D, 0x2A, 0x0E, 0x83, 0xEB, 0xAF, 0x5C,
    0x7F, 0xB9, 0x70, 0x4A, 0x29, 0xE7, 0x15, 0xCB, 0x1C, 0x5A, 0xC5, 0x89, 0xFD, 0xAC, 0x1A, 0x32,
    0x9B, 0xCA, 0x60, 0x7B, 0x8A, 0xCF, 0xDC, 0xC1, 0xC0, 0x77, 0x17, 0x06, 0x3E, 0xCC, 0x45, 0x4B,
    0x2A, 0x41, 0xB5, 0x8C, 0x04, 0x94, 0x45, 0x1A, 0x40, 0x0F, 0x9F, 0xF2, 0x51, 0xC9, 0x52, 0x95,
    0x57, 0xEC, 0x8A, 0x4F, 0xC5, 0x20, 0x66, 0x3E, 0x3C, 0x4E, 0x71, 0x41, 0x8F, 0x06, 0x31, 0x84,
    0xA0, 0x27, 0xBD, 0x6A, 0x89, 0x39, 0xDE, 0x90, 0xD6, 0x2B, 0x88, 0x33, 0xFD, 0x34, 0x4A, 0xB1,
    0x11, 0xED, 0x88, 0xDE, 0x19, 0x63, 0xEA, 0x4D, 0x4C, 0xA4, 0x99, 0x88, 0x5E, 0x47, 0xF4, 0xD3,
    0xC7, 0x3C, 0xD1, 0x1B, 0xAD, 0x7B, 0xA2, 0x9F, 0xEC, 0xA9, 0xEA, 0x62, 0x36, 0x78, 0xDD, 0xD7,
    0xB8, 0x87, 0x90, 0xB7, 0xA7, 0x59, 0x86, 0x50, 0x05, 0xA5, 0xCC, 0x5B, 0x43, 0xC9, 0xD9, 0xF0,
    0x07, 0x49, 0x70, 0xE8, 0xD4, 0xDA, 0x1E, 0x71, 0x26, 0xD1, 0x49, 0x18, 0x1F, 0x8F, 0x99, 0x69,
    0x3A, 0xBF, 0x89, 0xA9, 0x4B, 0xB8, 0xCE, 0x7B, 0xD5, 0x6E, 0x18, 0x49, 0x88, 0x03, 0xFD, 0x97,
    0x04, 0x89, 0x1D, 0xF0, 0x74, 0xD8, 0xA1, 0x4C, 0xFC, 0xAF, 0xE8, 0x0D, 0x4E, 0xB0, 0xB6, 0x43,
    0xFA, 0xA5, 0x6A, 0x08, 0xF6, 0x02, 0x89, 0x56, 0x7E, 0x3E, 0x1A, 0x88, 0x21, 0xA1, 0xAB, 0x58,
    0x0B, 0x7A, 0xBF, 0xFB, 0x84, 0xF8, 0x97, 0xC4, 0xF8, 0xBF, 0x10, 0x42, 0xEE, 0x7D, 0x5B, 0x09,
    0xBA, 0xA7, 0xE5, 0x14, 0x9F, 0x55, 0x6C, 0x29, 0x6E, 0x7A, 0x70, 0x22, 0xDC, 0x32, 0x43, 0xF1,
    0x9E, 0x74, 0x4A, 0x8F, 0xEF, 0x43, 0x23, 0x60, 0x20, 0x51, 0xA3, 0x82, 0xC8, 0x21, 0xCD, 0x3E,
    0x87, 0x8A, 0x51, 0xE2, 0x89, 0x60, 0xAB, 0x2A, 0x86, 0xC7, 0x25, 0xD1, 0xFA, 0xC6, 0x34, 0xC0,
    0x70, 0x26, 0x9A, 0xFA, 0x59, 0xF5, 0x9C, 0x6A, 0x5E, 0x14, 0x6F, 0x89, 0x67, 0x83, 0x8C, 0x75,
    0x73, 0x6B, 0x92, 0xC7, 0x94, 0x64, 0xB8, 0x81, 0x9F, 0x9D, 0xE4, 0xBC, 0x45, 0x5E, 0xCE, 0x2B,
    0x4B, 0xE5, 0x14, 0x2D, 0x7C, 0x7E, 0x97, 0xDD, 0x22, 0x20, 0xA5, 0xBE, 0xBF, 0xAE, 0xEB, 0xCA,
    0xFA, 0x1B, 0xDB, 0x67, 0xD1, 0x92, 0xEB, 0xFD, 0xFA, 0x1D, 0x2C, 0x82, 0xEB, 0xC7, 0xDB, 0x01,
    0x44, 0x40, 0x3A, 0x1F, 0xE0, 0xD9, 0xC0, 0x17, 0xA9, 0x47, 0xD6, 0xBB, 0xF5, 0x3B, 0xDF, 0x48,
    0x05, 0xDF, 0x49, 0xCC, 0x85, 0xCE, 0x85, 0xC6, 0x77, 0xBF, 0x0F, 0xED, 0xD8, 0x85, 0xC6, 0x77,
    0xA8, 0x83, 0x0A, 0x20, 0x09, 0x86, 0xC5, 0xCE, 0x85, 0xC6, 0xB7, 0x4B, 0x7A, 0x6B, 0x20, 0x74,
    0xA4, 0x65, 0xB7, 0xFE, 0x36, 0x74, 0xE1, 0x05, 0x5D, 0x57, 0x9C, 0x08, 0x5E, 0x28, 0x3A, 0x26,
    0x2E, 0x9E, 0x8D, 0xDC, 0xFC, 0x82, 0xD9, 0x2D, 0xD7, 0x9B, 0x48, 0xAF, 0x5E, 0xF6, 0xD6, 0xE1,
    0x78, 0x1B, 0x0C, 0x5A, 0x17, 0x4E, 0x80, 0x10, 0x27, 0xA0, 0x77, 0xE8, 0x50, 0xEC, 0x72, 0xCB,
    0x63, 0x6D, 0x6E, 0xC4, 0x07, 0x3A, 0x04, 0x42, 0x8D, 0x43, 0x92, 0x38, 0x7C, 0x59, 0x70, 0x83,
    0x94, 0xEB, 0x3B, 0xF0, 0x25, 0x06, 0x97, 0xC7, 0x5D, 0x87, 0xB5, 0x98, 0x2C, 0x42, 0xD3, 0xC0,
    0x0A, 0x64, 0x21, 0x7F, 0x7E, 0x15, 0x3A, 0x99, 0xC4, 0x1C, 0x48, 0x6C, 0x6E, 0x5D, 0xBF, 0x27,
    0x2E, 0xE0, 0x7B, 0xA2, 0x9A, 0x20, 0xEA, 0x28, 0x79, 0xDD, 0x6F, 0xB6, 0x5F, 0xA6, 0xFA, 0x9E,
    0x8A, 0x7F, 0x5A, 0xD7, 0x34, 0x66, 0x76, 0xC7, 0xAB, 0xD7, 0xB6, 0xFD, 0xA1, 0x19, 0x9E, 0xC7,
    0xFB, 0xBC, 0xEF, 0x94, 0x36, 0x91, 0xA3, 0x83, 0x15, 0x15, 0xFD, 0xCD, 0x12, 0x99, 0x3F, 0x70,
    0x25, 0x40, 0x17, 0xF1, 0x0E, 0x5B, 0x3C, 0x15, 0xFC, 0xBF, 0x1C, 0x4B, 0xFE, 0x80, 0x94, 0x08,
    0xE9, 0x45, 0x70, 0xE0, 0x8D, 0x31, 0x8D, 0x77, 0x68, 0x8E, 0xA1, 0x45, 0x6B, 0x29, 0x05, 0x3B,
    0x36, 0x3F, 0xD9, 0x5D, 0x55, 0x40, 0x4D, 0x90, 0xF8, 0x94, 0x59, 0x05, 0xCF, 0x97, 0x8D, 0xB6,
    0x01, 0xD1, 0x4A, 0xB3, 0x08, 0xC1, 0xBE, 0xA3, 0xAB, 0x75, 0x47, 0x89, 0x4F, 0x87, 0x5E, 0x16,
    0xCA, 0xDA, 0x0E, 0x1C, 0x6D, 0x8D, 0xE0, 0x45, 0xC5, 0xA1, 0x20, 0xAB, 0x4E, 0x37, 0x79, 0xF6,
    0xC1, 0x86, 0x51, 0xC5, 0xA2, 0xA4, 0xE7, 0x68, 0x0C, 0x5A, 0x37, 0xB6, 0x0E, 0xB1, 0x0B, 0x61,
    0x7B, 0x1F, 0x0E, 0xA0, 0xA7, 0x5B, 0x7C, 0x13, 0x33, 0xD0, 0x29, 0xBF, 0x45, 0xA4, 0x26, 0x91,
    0xF0, 0xC2, 0x9B, 0xA2, 0x3B, 0x3A, 0x2D, 0xAB, 0x7E, 0x64, 0x83, 0x47, 0xFA, 0xCA, 0x07, 0xB8,
    0xF5, 0x2A, 0x94, 0x6F, 0xEF, 0xD1, 0xFA, 0x19, 0x88, 0x05, 0x25, 0xFE, 0xBE, 0x7E, 0x73, 0x7F,
    0x60, 0x79, 0x85, 0xC3, 0x0E, 0xDA, 0x2F, 0xDF, 0x64, 0x6F, 0x23, 0xD7, 0xBA, 0x02, 0x4F, 0x0E,
    0x0E, 0x4F, 0x9A, 0x35, 0x51, 0x4F, 0xC9, 0x01, 0xBB, 0x8A, 0xC8, 0xF8, 0x0C, 0xAC, 0xFB, 0x5C,
    0x60, 0x65, 0xA3, 0xC0, 0xEA, 0x77, 0x03, 0xB8, 0x00, 0x72, 0xF0, 0x25, 0xBB, 0x18, 0xB2, 0xBC,
    0x1A, 0x48, 0x14, 0x78, 0x90, 0x86, 0x12, 0xEC, 0x12, 0xD0, 0x3B, 0x73, 0x6B, 0x21, 0xE1, 0xFD,
    0xEC, 0xAA, 0xDF, 0x9B, 0x53, 0x13, 0x0F, 0x6D, 0x70, 0x08, 0xF3, 0x30, 0x9F, 0x0F, 0xE6, 0xB2,
    0x46, 0x8B, 0x37, 0xE4, 0x96, 0xDE, 0xFA, 0x41, 0x86, 0xD3, 0x92, 0x7A, 0x76, 0xF8, 0x79, 0x61,
    0x5E, 0x18, 0x14, 0x5E, 0x75, 0x3E, 0x63, 0xF4, 0x15, 0x73, 0x87, 0xFB, 0xD6, 0x35, 0x54, 0x81,
    0xD5, 0x98, 0xAA, 0x54, 0xFB, 0xAA, 0x51, 0xBD, 0xA3, 0xEB, 0x0F, 0xEE, 0x4F, 0xD7, 0x3E, 0xA7,
    0xD9, 0x8C, 0xE6, 0xCA, 0x79, 0x70, 0xE0, 0x35, 0xE5, 0xE7, 0xC7, 0x7D, 0xBC, 0x97, 0x8D, 0x29,
    0x99, 0xE2, 0x7C, 0x1C, 0xCC, 0x95, 0xB9, 0xFC, 0x6A, 0x8E, 0x6A, 0x57, 0x85, 0xF7, 0xDE, 0xD5,
    0xC6, 0x19, 0x0A, 0xE3, 0xEF, 0xEA, 0x26, 0x43, 0x0D, 0x4D, 0x15, 0xCC, 0x31, 0xBB, 0xF9, 0x54,
    0x63, 0xD9, 0x97, 0x80, 0x5A, 0xF1, 0x03, 0x8D, 0x13, 0xD1, 0x66, 0x85, 0x79, 0x04, 0x79, 0xA6,
    0x7D, 0xA6, 0x8A, 0x99, 0xD3, 0xFE, 0x4D, 0x79, 0xBF, 0x98, 0xCB, 0x37, 0x38, 0x4A, 0xD1, 0x2D,
    0x66, 0x82, 0xB3, 0x3C, 0xE5, 0x54, 0x11, 0x8F, 0xA0, 0x1B, 0x5F, 0x88, 0x03, 0xCA, 0xDC, 0x86,
    0x16, 0xFC, 0x12, 0xBC, 0x36, 0x5D, 0x54, 0x07, 0x90, 0xA1, 0x72, 0x5A, 0x9A, 0x6F, 0x22, 0x54,
    0xEE, 0x83, 0xC3, 0xB3, 0x52, 0x62, 0x17, 0x25, 0x2A, 0x08, 0x43, 0x19, 0x1C, 0x24, 0x34, 0x85,
    0x9C, 0x9A, 0xF3, 0xE1, 0x89, 0xE2, 0xD1, 0x62, 0xC0, 0xA9, 0x06, 0xA6, 0xB8, 0x7C, 0xE6, 0x26,
    0x91, 0x38, 0x09, 0xA4, 0xEA, 0x4C, 0xF1, 0x11, 0x24, 0x45, 0x23, 0x42, 0x53, 0x97, 0xC0, 0x88,
    0x28, 0x02, 0x30, 0x06, 0xCF, 0x4C, 0xF8, 0xF4, 0x1A, 0xD7, 0x80, 0xCB, 0x7B, 0x08, 0x00, 0x99,
    0x41, 0xF6, 0x16, 0x91, 0x8C, 0xF6, 0x8C, 0x81, 0x45, 0xCC, 0x83, 0x35, 0x73, 0x9E, 0x73, 0x02,
    0xAC, 0xF9, 0x30, 0x7C, 0x11, 0x13, 0x81, 0x6D, 0x46, 0x80, 0x23, 0xF4, 0x44, 0x09, 0xFE, 0x80,
    0xA3, 0x14, 0x76, 0x95, 0xBD, 0x39, 0x06, 0xDD, 0x31, 0x37, 0x5C, 0xA4, 0x3B, 0x7F, 0xD4, 0xE6,
    0x41, 0xA8, 0x93, 0x1B, 0x43, 0xD9, 0x56, 0x9D, 0x16, 0x53, 0x8E, 0x63, 0x47, 0xD2, 0xB1, 0x0D,
    0x65, 0x62, 0x68, 0x31, 0x6F, 0x05, 0xC2, 0x44, 0xB4, 0xC0, 0x0A, 0x02, 0xE9, 0xDA, 0x07, 0x09,
    0x63, 0xBA, 0x7D, 0x87, 0x9D, 0x7F, 0x5B, 0x8A, 0x4B, 0x8A, 0x46, 0x70, 0xF9, 0x5B, 0x15, 0xE1,
    0x32, 0x4D, 0xA2, 0x21, 0x21, 0xEF, 0xDA, 0x45, 0xC8, 0x5B, 0xA7, 0x77, 0x38, 0x91, 0xD6, 0xAA,
    0x60, 0x1A, 0x26, 0x40, 0x64, 0x3D, 0xEF, 0xB0, 0xF3, 0xDC, 0xA6, 0xA2, 0xDC, 0xDF, 0xFB, 0x59,
    0x29, 0xF8, 0xAB, 0x82, 0xD1, 0xA5, 0x77, 0x05, 0xA2, 0xC3, 0x80, 0x1C, 0x94, 0xCD, 0xBB, 0x03,
    0xCB, 0x7B, 0xFA, 0x23, 0x92, 0x3A, 0xF0, 0xFC, 0x1A, 0x5B, 0x3F, 0x0F, 0x4C, 0x1D, 0x26, 0xEF,
    0x13, 0x36, 0xAA, 0x20, 0xC3, 0x72, 0x1F, 0xE7, 0x8D, 0x02, 0x9E, 0x7A, 0xDD, 0xC4, 0xAD, 0x8B,
    0xA0, 0x1E, 0x3C, 0x44, 0x23, 0x31, 0x13, 0xA7, 0xE9, 0xE5, 0xA9, 0x87, 0x8F, 0x3B, 0x91, 0xD1,
    0x62, 0xD9, 0x66, 0x65, 0x82, 0x3C, 0x66, 0x7A, 0xEA, 0xF2, 0xCB, 0x98, 0x08, 0x86, 0x1A, 0x11,
    0x10, 0x5B, 0xDC, 0xBE, 0x9A, 0x02, 0x69, 0x1C, 0x67, 0xC0, 0xF1, 0xF6, 0x35, 0x7C, 0x76, 0x60,
    0xD0, 0xEB, 0x81, 0xD1, 0x16, 0x6C, 0x0C, 0x24, 0x7C, 0x27, 0xC0, 0x5E, 0x5B, 0x84, 0xF1, 0x3D,
    0x08, 0xE3, 0x71, 0x8B, 0xB5, 0x28, 0xE9, 0x01, 0xEF, 0x09, 0xF3, 0x8A, 0xEF, 0xE7, 0x91, 0xA4,
    0x06, 0xC4, 0x16, 0xDD, 0x8C, 0xD4, 0x1F, 0x82, 0xA9, 0x79, 0x8D, 0xA5, 0xB3, 0xF9, 0xF4, 0x4C,
    0xB2, 0x29, 0x6C, 0x21, 0x11, 0xFE, 0x84, 0x7D, 0x71, 0xD6, 0xE2, 0x44, 0x6A, 0x8D, 0x3A, 0x97,
    0x6D, 0x66, 0xEB, 0x8C, 0xA3, 0x39, 0x9C, 0x49, 0xBD, 0xAD, 0xF3, 0x2E, 0xA7, 0x75, 0xCF, 0x2C,
    0x76, 0xBC, 0x8C, 0xB3, 0xC2, 0x00, 0x53, 0x8B, 0xAF, 0x29, 0xEE, 0x7C, 0xC9, 0x58, 0x29, 0x96,
    0x0B, 0x58, 0x08, 0xBE, 0x25, 0x28, 0x0B, 0x3C, 0x61, 0xE3, 0x2F, 0x12, 0xF6, 0x50, 0x0A, 0x7E,
    0x9A, 0x33, 0xC6, 0x20, 0x2E, 0x1E, 0xB2, 0xC0, 0xF4, 0x81, 0x24, 0x8A, 0x46, 0x30, 0xF5, 0x47,
    0x3C, 0xC2, 0xEA, 0x0C, 0x01, 0xE5, 0xC8, 0xCD, 0xCA, 0x0B, 0xF8, 0xF2, 0x69, 0x9B, 0x07, 0x6B,
    0x43, 0x0D, 0xDD, 0xA5, 0x1A, 0x7C, 0x94, 0xB9, 0x01, 0x42, 0x52, 0xE6, 0xC8, 0xD0, 0x21, 0x63,
    0x83, 0xC4, 0x12, 0x60, 0x98, 0x82, 0x9B, 0x85, 0x1F, 0x5F, 0xA3, 0x00, 0x0E, 0xD9, 0x02, 0x5D,
    0x82, 0x8E, 0xED, 0x12, 0xA2, 0xD9, 0x9B, 0x84, 0x11, 0xF5, 0xFF, 0xBF, 0x20, 0x5C, 0xC2, 0x38,
    0x40, 0xB9, 0x8B, 0xED, 0xB3, 0x8C, 0x1D, 0xE3, 0xA7, 0x82, 0xC1, 0x22, 0x26, 0xF3, 0x18, 0xF1,
    0xF3, 0x3A, 0xC1, 0x58, 0xB1, 0xA2, 0x91, 0xCA, 0x5E, 0x45, 0xC7, 0x34, 0x8B, 0xC8, 0xFA, 0x02,
    0x72, 0x98, 0x52, 0x53, 0x6D, 0x6C, 0x34, 0x70, 0x4B, 0x9F, 0x08, 0x79, 0x08, 0x6E, 0x53, 0x63,
    0xF9, 0xDC, 0x1F, 0x4C, 0xB7, 0x6B, 0xDF, 0x5C, 0x58, 0x75, 0x84, 0x33, 0x85, 0x97, 0x84, 0xA0,
    0x6B, 0x8E, 0x9F, 0xBD, 0x7E, 0x06, 0xEC, 0x39, 0xE7, 0x46, 0x61, 0xE4, 0x94, 0x96, 0x17, 0x15,
    0x7B, 0x8A, 0x95, 0x20, 0x4F, 0x09, 0xCC, 0xDF, 0x41, 0xC2, 0x18, 0x7C, 0x7B, 0x10, 0x62, 0x1E,
    0xC6, 0xDF, 0xC8, 0x18, 0xEB, 0x4F, 0xE1, 0x03, 0x3F, 0x70, 0x39, 0x22, 0xD0, 0x1B, 0xF8, 0x82,
    0x59, 0xFC, 0x51, 0x0C, 0x9B, 0x61, 0xD6, 0x27, 0x41, 0x15, 0xAE, 0x0C, 0xEB, 0x61, 0x23, 0x85,
    0x2B, 0xC3, 0xB1, 0xD0, 0x91, 0x6C, 0x0D, 0xA1, 0x4E, 0x3E, 0xE4, 0x0A, 0x10, 0xF4, 0x33, 0xF1,
    0x15, 0x40, 0x8E, 0xA2, 0x54, 0x72, 0x05, 0xB0, 0xCF, 0xC0, 0x48, 0xB6, 0x43, 0xF0, 0x2A, 0x97,
    0xFD, 0xAF, 0x69, 0x2E, 0x83, 0x1F, 0x5A, 0x25, 0xBA, 0x36, 0xB5, 0x6B, 0x6F, 0x34, 0xEA, 0xA2,
    0x3F, 0xA2, 0x79, 0x4E, 0x48, 0xA5, 0x08, 0xAF, 0x17, 0xB7, 0xFE, 0xD8, 0x21, 0x4C, 0x8B, 0x72,
    0xAD, 0xF1, 0xF6, 0x17, 0x46, 0xE6, 0x1D, 0x3E, 0x9C, 0xE2, 0xA3, 0xD7, 0x6F, 0xDE, 0xFA, 0xE3,
    0xAF, 0xDF, 0xF6, 0xBA, 0x62, 0x16, 0x7D, 0x8B, 0x09, 0xA1, 0xFB, 0xB5, 0x3C, 0x00, 0xD2, 0x7B,
    0x06, 0xE6, 0x37, 0xB9, 0xE0, 0x6F, 0x19, 0x9F, 0x30, 0xBF, 0x1D, 0x00, 0x5B, 0xE6, 0x77, 0x19,
    0xB0, 0x13, 0xFF, 0xCD, 0x87, 0x23, 0xE7, 0x6A, 0x7E, 0x21, 0xFE, 0x8B, 0xAF, 0x0F, 0xA1, 0x23,
    0x5A, 0x72, 0x9C, 0xC4, 0xBC, 0x27, 0x82, 0x28, 0x8F, 0xF3, 0x15, 0x10, 0xBB, 0xD2, 0x7C, 0x85,
    0x59, 0xD3, 0xF2, 0x51, 0x09, 0x7B, 0x2F, 0x83, 0xFD, 0x1E, 0x7C, 0xBD, 0xCB, 0x25, 0x8C, 0x9E,
    0x42, 0x93, 0xA1, 0xDD, 0x06, 0xA1, 0x3F, 0x1C, 0x28, 0xE6, 0x84, 0x10, 0x5B, 0x12, 0x9C, 0x77,
    0x86, 0x52, 0xCE, 0x53, 0x44, 0x26, 0x26, 0x20, 0xBC, 0x28, 0x81, 0x21, 0x09, 0x0E, 0xC0, 0x66,
    0x67, 0x97, 0xB1, 0xD7, 0x89, 0x52, 0x42, 0xA7, 0xEC, 0xF8, 0x59, 0x01, 0xF5, 0x72, 0xC7, 0xC5,
    0x7D, 0x38, 0x7E, 0x66, 0xC3, 0x94, 0x71, 0xC2, 0x52, 0x6C, 0xA9, 0x89, 0xCE, 0xCA, 0x7B, 0x14,
    0xCD, 0x61, 0x88, 0x71, 0x2E, 0x98, 0xF3, 0x00, 0x77, 0xAD, 0x23, 0xCB, 0xB2, 0x1D, 0xDC, 0x49,
    0x9F, 0xA5, 0x63, 0xC1, 0x9F, 0x53, 0xAB, 0xC2, 0xBD, 0x04, 0xAD, 0xCB, 0x99, 0x26, 0x80, 0x9B,
    0x5E, 0xC6, 0x58, 0xB9, 0x05, 0x10, 0x01, 0x6C, 0x40, 0xA2, 0xD3, 0x4D, 0x60, 0xF0, 0x6F, 0xFA,
    0x35, 0x10, 0x62, 0xDC, 0x8F, 0x08, 0xC3, 0xFD, 0xD3, 0xDE, 0xCF, 0x39, 0xA7, 0x90, 0xE1, 0x5E,
    0x42, 0x65, 0xDD, 0x43, 0xF0, 0x91, 0xED, 0xFD, 0x6D, 0x9C, 0x8F, 0xF5, 0xBA, 0x93, 0xF4, 0xF9,
    0xED, 0xDB, 0x94, 0x07, 0x26, 0xBC, 0xB8, 0xDC, 0xBC, 0xC6, 0x0E, 0xCB, 0x5F, 0xE1, 0xCD, 0x79,
    0x93, 0x73, 0xBC, 0xED, 0x25, 0xBD, 0x3F, 0xA2, 0x12, 0xFE, 0xCE, 0xB9, 0xE4, 0x4F, 0x98, 0x13,
    0xD4, 0x74, 0xF7, 0xBC, 0x35, 0x1D, 0x8B, 0x91, 0x97, 0x9D, 0x42, 0xA4, 0x23, 0xA8, 0xE5, 0x19,
    0x11, 0x98, 0x14, 0x62, 0xBD, 0x11, 0xF4, 0x59, 0xAB, 0xCE, 0x9E, 0x8B, 0x8C, 0x48, 0x1D, 0x20,
    0xE1, 0xE6, 0x82, 0x1D, 0xC5, 0x87, 0xDB, 0xBB, 0xED, 0xD3, 0x84, 0x68, 0xAF, 0x21, 0x61, 0x57,
    0xD1, 0xE8, 0xF9, 0x45, 0x5C, 0x25, 0x6E, 0xFC, 0xF2, 0xCC, 0x7D, 0x83, 0xED, 0xBD, 0x6D, 0xC6,
    0xA4, 0xE3, 0x1C, 0xC0, 0x87, 0x15, 0xCD, 0x6D, 0xB1, 0xAB, 0x18, 0xA7, 0x56, 0xDA, 0x6B, 0xD4,
    0x82, 0x9C, 0xEB, 0xE8, 0x84, 0xD0, 0xB3, 0x79, 0x8B, 0x17, 0x7B, 0xD3, 0x0F, 0x2D, 0xDE, 0x6B,
    0xD8, 0x8B, 0xBE, 0x13, 0x0A, 0xAE, 0x1F, 0x86, 0x24, 0x65, 0xF7, 0x42, 0x2D, 0xCF, 0x9F, 0xAF,
    0xEE, 0xBF, 0xCB, 0xE7, 0x39, 0xC4, 0xF1, 0x20, 0xFE, 0x41, 0xCA, 0xB9, 0xBF, 0xB6, 0xF8, 0xB5,
    0x62, 0x9D, 0xF1, 0x85, 0x7C, 0x0E, 0xFF, 0x42, 0xD0, 0x5B, 0xC4, 0x9F, 0x10, 0x22, 0x55, 0xB0,
    0xA2, 0xFF, 0xDD, 0x17, 0x7E, 0x09, 0x87, 0x9C, 0xE0, 0xBB, 0x2F, 0xFC, 0x15, 0xDE, 0x3B, 0xF0,
    0x5F, 0xF8, 0xD5, 0x65, 0xD9, 0x29, 0x3C, 0x97, 0xE4, 0xAA, 0x0E, 0x76, 0x65, 0xAB, 0xEE, 0x01,
    0x3A, 0x1C, 0x7C, 0x46, 0xF3, 0xF6, 0xBD, 0xA9, 0xA3, 0x0E, 0xD4, 0xCC, 0xC8, 0xF1, 0xE9, 0xDF,
    0xC6, 0x92, 0xBD, 0x0B, 0x19, 0x70, 0x0F, 0x02, 0xD3, 0x95, 0x83, 0x16, 0xD5, 0x05, 0x35, 0xAD,
    0x06, 0xB1, 0x90, 0x1C, 0x30, 0xE4, 0xBD, 0xD2, 0xF7, 0xB7, 0x05, 0x99, 0xFB, 0x3A, 0x04, 0x6D,
    0x39, 0x8B, 0x47, 0x95, 0xBB, 0xB1, 0x3D, 0x5F, 0xEE, 0x7A, 0xBB, 0x67, 0xCF, 0x3B, 0xA9, 0x20,
    0x3F, 0xF7, 0x00, 0xBE, 0x31, 0x44, 0x8E, 0x17, 0x5A, 0x29, 0x2A, 0x68, 0xAE, 0x9D, 0xE4, 0x91,
    0xC4, 0xAC, 0x6E, 0xA9, 0x27, 0x3A, 0x94, 0x4E, 0xDF, 0x64, 0x67, 0x7B, 0x8C, 0xBB, 0x2D, 0x41,
    0x35, 0xAD, 0x62, 0x3F, 0x8A, 0x29, 0xC2, 0xA1, 0xB4, 0x1D, 0xA8, 0xBA, 0xE9, 0x25, 0x2F, 0xE7,
    0xC4, 0xD9, 0x84, 0x66, 0x29, 0x5A, 0xE2, 0x72, 0xCF, 0x46, 0x4F, 0x58, 0xBC, 0x87, 0x30, 0x1A,
    0x45, 0x4F, 0x5C, 0x14, 0x0C, 0x2B, 0xF9, 0x3E, 0x4C, 0x66, 0xCB, 0x6D, 0x46, 0x4F, 0xB8, 0xB8,
    0x1F, 0x95, 0x6B, 0xD0, 0x7D, 0x5A, 0xFF, 0x2C, 0x0A, 0xAE, 0xF1, 0xF9, 0xD8, 0x1F, 0xF3, 0x73,
    0x41, 0x6E, 0x78, 0x67, 0xBD, 0x8A, 0xD1, 0xAF, 0xBB, 0x66, 0x15, 0x39, 0x6C, 0xCE, 0x05, 0x2C,
    0xB0, 0x6C, 0x46, 0x08, 0x08, 0xCB, 0x5D, 0xEA, 0xE9, 0x3D, 0xC4, 0x90, 0xE7, 0x91, 0x79, 0x0C,
    0x59, 0x48, 0x52, 0x71, 0x6D, 0x69, 0xF2, 0x86, 0x7A, 0xD7, 0xF2, 0x25, 0xCE, 0xB9, 0xC8, 0x19,
    0xC4, 0x69, 0xBC, 0xBF, 0x37, 0xA3, 0x68, 0xC9, 0x45, 0x51, 0x06, 0x21, 0xAC, 0x75, 0xC0, 0x93,
    0xE2, 0xF2, 0xE1, 0x89, 0x8E, 0x1F, 0x84, 0x90, 0x33, 0x74, 0xD3, 0x67, 0x8D, 0x83, 0x7E, 0xCD,
    0x9E, 0xC5, 0xA8, 0x5A, 0x67, 0xBC, 0xD9, 0xEE, 0x30, 0xA2, 0x7F, 0xE4, 0xFB, 0xCE, 0xDC, 0x79,
    0xFB, 0xFD, 0xCC, 0x75, 0x9C, 0x91, 0x25, 0x5F, 0xE9, 0x99, 0xD5, 0x5D, 0x42, 0xE2, 0x80, 0x82,
    0xA9, 0xC3, 0xC6, 0xAA, 0x26, 0x54, 0x57, 0x83, 0x06, 0x0C, 0xF0, 0x7B, 0x1C, 0xB7, 0x22, 0x09,
    0xE2, 0xAC, 0xA0, 0xA8, 0x9E, 0xAF, 0x2D, 0x11, 0x4F, 0xC0, 0xBC, 0xB0, 0x77, 0x54, 0xC7, 0x3C,
    0x42, 0xBD, 0xBA, 0x4A, 0xC2, 0x77, 0x3C, 0x96, 0x69, 0xFF, 0x30, 0xAC, 0xD5, 0xFF, 0x45, 0x72,
    0x68, 0xC4, 0xDF, 0x9D, 0xE0, 0xAA, 0x24, 0x74, 0xB7, 0x06, 0x96, 0x2C, 0x98, 0x1A, 0x74, 0x7A,
    0xAA, 0x5B, 0x5B, 0x48, 0x4C, 0x38, 0xBB, 0x7D, 0x13, 0x6F, 0xDB, 0xA4, 0x9B, 0xFA, 0xF2, 0x1E,
    0x38, 0xD6, 0xDC, 0x9F, 0xEA, 0xC4, 0x4B, 0x54, 0xD8, 0x4D, 0x44, 0xF8, 0x05, 0x4F, 0xD9, 0x55,
    0x15, 0xE0, 0x48, 0xF3, 0x66, 0x56, 0x82, 0xEC, 0x9A, 0x13, 0xEB, 0x16, 0x0E, 0x2D, 0xDD, 0xC3,
    0x61, 0x53, 0xF2, 0x35, 0xD2, 0x1A, 0x8A, 0xF4, 0xBC, 0x51, 0x2D, 0x99, 0x58, 0x82, 0x3A, 0xE7,
    0x15, 0x6C, 0xB9, 0x3D, 0x9F, 0xB2, 0xD1, 0xAA, 0x5C, 0x67, 0x11, 0x6C, 0xE6, 0x2C, 0x1E, 0x3F,
    0xD7, 0x4E, 0x34, 0xA3, 0xCC, 0xF1, 0x33, 0x9F, 0x50, 0xFF, 0x4B, 0x7A, 0xA1, 0x72, 0x06, 0x51,
    0xEB, 0x42, 0x90, 0x73, 0x2F, 0xC1, 0x93, 0x75, 0x0E, 0xB1, 0x6D, 0xE0, 0x1C, 0x26, 0x82, 0xA1,
    0xE4, 0x66, 0x92, 0x48, 0xE4, 0xF0, 0x15, 0xE2, 0x41, 0x08, 0xA3, 0x3A, 0x87, 0xEF, 0xD7, 0xA3,
    0x35, 0xF2, 0x1C, 0x78, 0x79, 0x7F, 0x9C, 0x38, 0x15, 0x8F, 0x67, 0x89, 0x90, 0x3A, 0x26, 0x6A,
    0xF6, 0x81, 0x74, 0x34, 0xB7, 0x77, 0x5F, 0x13, 0x3F, 0x0E, 0x85, 0x60, 0x85, 0x05, 0xEF, 0x38,
    0xCC, 0xB1, 0x93, 0x6A, 0xD2, 0x81, 0x00, 0x6E, 0xCD, 0x68, 0xB7, 0xF1, 0xAB, 0xE1, 0x78, 0x05,
    0xC5, 0xD5, 0x6B, 0x37, 0xB6, 0x89, 0x66, 0x95, 0xE8, 0xDF, 0x17, 0x07, 0x66, 0x82, 0x08, 0x06,
    0x17, 0x4C, 0x05, 0x83, 0x14, 0xEA, 0xE3, 0x43, 0x30, 0x09, 0xE7, 0xD1, 0x08, 0x86, 0x8A, 0x91,
    0xE2, 0x9A, 0x62, 0x4B, 0x91, 0x26, 0x2C, 0x63, 0x4F, 0xB1, 0x12, 0x74, 0x4A, 0x56, 0xBD, 0x97,
    0xD4, 0x42, 0x2D, 0xBC, 0x57, 0x23, 0x37, 0x4D, 0xBC, 0x67, 0x90, 0xB5, 0x77, 0xF1, 0x39, 0x4A,
    0xFB, 0x43, 0x9C, 0x0F, 0x4D, 0x17, 0x2A, 0xF8, 0xF2, 0xA0, 0x82, 0xD1, 0xCA, 0xA4, 0xD6, 0xF1,
    0x6C, 0x92, 0x07, 0x59, 0xC9, 0xB7, 0x66, 0x56, 0x6E, 0xD0, 0x42, 0x76, 0x75, 0x28, 0x1E, 0x12,
    0x98, 0x52, 0xF8, 0x8E, 0x5A, 0xDA, 0xAF, 0xA2, 0x04, 0xAE, 0x88, 0x8D, 0x81, 0x5F, 0xE2, 0x94,
    0x83, 0x99, 0x2C, 0x4D, 0xDA, 0x1D, 0xAB, 0xFD, 0x0A, 0x21, 0x9D, 0x2B, 0xFD, 0x7A, 0x40, 0x3C,
    0xE1, 0xBF, 0x8D, 0x61, 0xD6, 0x7A, 0xB4, 0x2E, 0xA3, 0xEF, 0x21, 0xE8, 0x75, 0xF9, 0xF2, 0x8C,
    0x27, 0x70, 0xA4, 0xEB, 0x03, 0x2C, 0xB1, 0xD3, 0x8D, 0x12, 0xA6, 0x1B, 0x42, 0x54, 0x32, 0x8F,
    0xD5, 0xDC, 0xC1, 0xEF, 0xDB, 0x54, 0x07, 0xBA, 0x8E, 0xFA, 0x89, 0xF6, 0x34, 0x31, 0x69, 0xA5,
    0xE9, 0x93, 0x4B, 0x66, 0x61, 0x62, 0x84, 0x40, 0x7F, 0x6C, 0x58, 0x1D, 0x81, 0xFA, 0x3B, 0xA7,
    0x17, 0xB2, 0xBB, 0xCF, 0xCC, 0x64, 0x0E, 0xC2, 0x9B, 0xC1, 0xC3, 0x66, 0x3C, 0xB1, 0x2E, 0x1B,
    0xAA, 0x43, 0x2B, 0x2D, 0x1E, 0xC7, 0xBA, 0xD6, 0x33, 0xF0, 0x28, 0x1A, 0xCD, 0x22, 0xD7, 0xAA,
    0xE2, 0x7E, 0x14, 0x6C, 0x32, 0x16, 0x2C, 0x63, 0x96, 0x34, 0xDE, 0x2B, 0x6F, 0xC0, 0x51, 0x1A,
    0xA5, 0x8B, 0x1D, 0x12, 0xF9, 0x1F, 0x82, 0x35, 0x68, 0xF6, 0x97, 0x8C, 0x24, 0x8D, 0xC3, 0xC0,
    0xE6, 0x7F, 0xD0, 0x1F, 0x06, 0x19, 0xF3, 0x3F, 0xE3, 0x20, 0x75, 0xF3, 0xA8, 0xFE, 0x5E, 0x14,
    0x21, 0xE1, 0xFB, 0x96, 0xB9, 0x17, 0xF2, 0xCE, 0x12, 0x6B, 0xCA, 0x58, 0x11, 0xE5, 0x56, 0xC7,
    0xB8, 0x0F, 0x1B, 0x05, 0x5B, 0x23, 0xE9, 0xA4, 0x6E, 0x11, 0x9A, 0xCC, 0xA4, 0x9F, 0x71, 0xA0,
    0xEB, 0x13, 0x27, 0xED, 0xC1, 0x1C, 0x66, 0xDE, 0x51, 0xF8, 0xB3, 0xF6, 0xAD, 0xF6, 0x06, 0x21,
    0xE2, 0xBD, 0x0A, 0x2A, 0x6F, 0x71, 0x60, 0x0A, 0xE4, 0x2A, 0xF1, 0x26, 0xE8, 0x2C, 0xA0, 0x6B,
    0x91, 0x6A, 0x88, 0xF2, 0xC8, 0xC6, 0xC5, 0x48, 0xDF, 0xE0, 0xFB, 0x06, 0x67, 0xCB, 0x44, 0x04,
    0x80, 0x20, 0xE4, 0x3D, 0x20, 0x92, 0x9D, 0x36, 0xB2, 0xC6, 0x28, 0x86, 0x9E, 0xE5, 0xFF, 0xAA,
    0x47, 0xF0, 0x01, 0x25, 0xB9, 0x60, 0x0B, 0xCA, 0x5A, 0x02, 0xCE, 0x27, 0xB3, 0xB7, 0xA1, 0xA1,
    0x17, 0x3C, 0x1A, 0xB9, 0xDE, 0x88, 0x7A, 0x97, 0x98, 0xDA, 0x78, 0x2C, 0x29, 0x06, 0x8E, 0x6F,
    0x1C, 0x1C, 0xEE, 0xDE, 0x74, 0xDB, 0x8E, 0x3E, 0xE4, 0xD1, 0x30, 0x3D, 0xD6, 0x67, 0xA7, 0x97,
    0x7A, 0xB4, 0x06, 0x61, 0x9C, 0xD9, 0x2F, 0xF6, 0xCD, 0xE8, 0x71, 0xE8, 0x03, 0xF5, 0x1D, 0x49,
    0xFB, 0x92, 0xD0, 0x01, 0x94, 0x08, 0xFD, 0x56, 0x21, 0x47, 0xE0, 0xF7, 0x53, 0xA8, 0x4E, 0x68,
    0x4C, 0x8B, 0xE5, 0x0E, 0xAE, 0x43, 0xB0, 0x0C, 0x93, 0xCC, 0xD0, 0xD8, 0x87, 0x51, 0xF8, 0x83,
    0xAA, 0x3F, 0xE8, 0x7E, 0xDC, 0x1D, 0x99, 0x27, 0xC7, 0x34, 0x5B, 0xE2, 0x2D, 0xB3, 0x42, 0x4C,
    0xC5, 0xE5, 0x07, 0x17, 0x76, 0x68, 0x77, 0xB7, 0xB7, 0xFB, 0x37, 0xB6, 0xB7, 0x13, 0xCF, 0x7A,
    0xFE, 0xC9, 0x7A, 0xA6, 0x9E, 0x46, 0xD1, 0xCC, 0xBA, 0xE6, 0xA9, 0x4E, 0x06, 0x8A, 0xCF, 0x96,
    0xE6, 0x4C, 0xBD, 0xA8, 0x81, 0xD4, 0x3D, 0x7A, 0x8D, 0xDC, 0xAC, 0xD0, 0xBA, 0x06, 0xCF, 0x25,
    0xA4, 0xEE, 0x84, 0x16, 0xC2, 0x79, 0x23, 0xE1, 0xA7, 0xF8, 0x1A, 0x3F, 0x3F, 0x41, 0xBA, 0xF2,
    0xE4, 0xB5, 0x1B, 0xFF, 0xD3, 0xB5, 0x1B, 0xEF, 0x82, 0x68, 0x5F, 0xC3, 0x90, 0x7F, 0xE4, 0xDA,
    0xF6, 0x1F, 0x9D, 0xBD, 0xD4, 0x13, 0x6F, 0xBD, 0x84, 0x59, 0xA4, 0x7F, 0x14, 0xC8, 0x84, 0xF8,
    0x08, 0xB9, 0xC7, 0xFE, 0x1E, 0x49, 0x9D, 0x63, 0x56, 0x3B, 0xFE, 0x6B, 0xD3, 0xA7, 0xF3, 0x5F,
    0x7D, 0x29, 0x31, 0x75, 0xBE, 0x7E, 0x8C, 0xCA, 0xB9, 0xBF, 0x1F, 0xAE, 0x23, 0xEA, 0xD9, 0xCF,
    0x2F, 0xB6, 0xD6, 0x97, 0xCF, 0x25, 0xDD, 0xF4, 0xA1, 0xB0, 0x22, 0x31, 0x0D, 0xF1, 0xAE, 0x85,
    0x7B, 0xC5, 0x7C, 0x55, 0x57, 0x18, 0xE6, 0x26, 0x96, 0xB1, 0x67, 0x12, 0x4D, 0x99, 0x40, 0x03,
    0x7B, 0x82, 0x49, 0x80, 0x8F, 0xA3, 0xFB, 0x53, 0x79, 0x3A, 0xCF, 0x7D, 0xB5, 0xB4, 0x44, 0x99,
    0xE8, 0xFC, 0xFB, 0xF3, 0xF3, 0x1C, 0x6D, 0x8D, 0xEC, 0x12, 0x75, 0xC2, 0xF3, 0x1C, 0x0E, 0xE7,
    0x98, 0xE7, 0x0F, 0xEB, 0x3C, 0x77, 0x74, 0x77, 0x30, 0x4F, 0xF5, 0xE5, 0x9C, 0xBC, 0x8E, 0x2D,
    0xF7, 0xC7, 0xD5, 0x51, 0x3A, 0x1E, 0xF7, 0x07, 0x62, 0x5F, 0xD7, 0x54, 0xC6, 0xB2, 0x91, 0xAE,
    0xDD, 0xD0, 0x67, 0x5F, 0x37, 0xE4, 0x29, 0xD0, 0x5C, 0x4D, 0x0D, 0xD4, 0x68, 0x7E, 0xFE, 0xF3,
    0x97, 0xD1, 0x25, 0x4F, 0x4F, 0x22, 0x20, 0xA8, 0xDF, 0xAF, 0x81, 0x8F, 0x69, 0x4C, 0x37, 0x86,
    0x91, 0x38, 0xE3, 0x49, 0x04, 0xAF, 0xE5, 0x5F, 0x62, 0xE5, 0x5F, 0x6A, 0xAE, 0x3F, 0xF8, 0x17,
    0x38, 0xFC, 0x60, 0x6A, 0x63, 0xCB, 0xB6, 0xD5, 0x09, 0xFF, 0xF2, 0xD5, 0x05, 0x05, 0xCC, 0xC2,
    0x7E, 0x32, 0x13, 0x87, 0x96, 0xB1, 0xB8, 0x60, 0x5B, 0x03, 0x42, 0x70, 0xA3, 0x7F, 0xA3, 0x8F,
    0x81, 0x93, 0x44, 0x6C, 0x4A, 0x46, 0x8E, 0xC2, 0x4D, 0xC2, 0x5D, 0x4E, 0xB8, 0x52, 0x39, 0x48,
    0x51, 0x3B, 0x24, 0x6A, 0x55, 0xF0, 0xDA, 0x53, 0x21, 0xD9, 0x13, 0xDD, 0xAA, 0x8A, 0x52, 0xCE,
    0x4B, 0x52, 0x06, 0x9C, 0xF3, 0x96, 0x79, 0x99, 0xB4, 0x31, 0x90, 0xFC, 0xE2, 0x12, 0xB9, 0x72,
    0x51, 0xD6, 0x77, 0x84, 0x2E, 0x62, 0x7D, 0xF7, 0xA0, 0xDA, 0x72, 0x39, 0xAF, 0x3A, 0x47, 0xB8,
    0x86, 0x08, 0x73, 0x81, 0x3E, 0x93, 0x93, 0xAE, 0xE7, 0xEE, 0x50, 0xF2, 0xC2, 0x79, 0x9C, 0x42,
    0x93, 0xEE, 0xB4, 0x05, 0xCD, 0x3E, 0x8F, 0xD8, 0x3D, 0xE5, 0x93, 0x2A, 0x59, 0xC7, 0x11, 0x39,
    0xAE, 0x9E, 0x10, 0x3C, 0xBF, 0x8F, 0xA8, 0xB7, 0x53, 0xCD, 0xBB, 0xC5, 0x34, 0x6E, 0xCA, 0xAE,
    0x0D, 0x81, 0xF2, 0x67, 0xA1, 0x62, 0xAC, 0xC4, 0x40, 0xF7, 0x70, 0x12, 0x6F, 0x69, 0x3F, 0x6B,
    0x14, 0xC7, 0x78, 0x4D, 0x0C, 0x07, 0x62, 0x61, 0x8A, 0x13, 0xB1, 0x4E, 0xED, 0xF1, 0x42, 0x18,
    0xA4, 0x27, 0xD8, 0x45, 0x96, 0x3D, 0x96, 0x62, 0xBB, 0xD3, 0x4E, 0xB2, 0xE0, 0x15, 0xE5, 0x24,
    0x81, 0xFA, 0x94, 0x86, 0x22, 0x55, 0xA7, 0x21, 0x5B, 0xFB, 0x3E, 0x06, 0x93, 0xB3, 0x52, 0x8B,
    0x5E, 0x89, 0x47, 0x1F, 0x21, 0xAB, 0xD2, 0x5A, 0xDA, 0x5D, 0xF3, 0x5B, 0x47, 0x5A, 0xD7, 0xFB,
    0xAE, 0x7A, 0x3C, 0x3D, 0xC2, 0x62, 0xDA, 0xD3, 0xE6, 0xB4, 0x7A, 0x45, 0x0D, 0xD5, 0x2E, 0x36,
    0xD4, 0xFE, 0x1E, 0xAA, 0x3F, 0xCC, 0x50, 0x97, 0xF7, 0x21, 0xF4, 0xB0, 0xBC, 0xAD, 0x15, 0x8D,
    0xA9, 0x08, 0xCA, 0x7E, 0xC9, 0x71, 0x0D, 0x5F, 0x08, 0xC4, 0xA8, 0x0F, 0x4D, 0xCD, 0xF9, 0x67,
    0x87, 0x70, 0x2C, 0x04, 0x06, 0x05, 0xF6, 0xA2, 0x30, 0x43, 0xAA, 0x59, 0x17, 0xC6, 0x01, 0xAA,
    0xE9, 0x33, 0xF0, 0x10, 0xAA, 0x0C, 0x27, 0xF2, 0xAC, 0x35, 0x75, 0xBB, 0x6E, 0x28, 0xD1, 0xD0,
    0x8C, 0x6C, 0xE2, 0x61, 0x1C, 0xBC, 0xAD, 0xDB, 0x74, 0xBD, 0x53, 0x09, 0x7E, 0x3B, 0x65, 0xF7,
    0x34, 0x09, 0x51, 0xED, 0x1D, 0x81, 0x95, 0x44, 0x91, 0x49, 0x98, 0xCA, 0x5E, 0xFB, 0x0C, 0xEB,
    0xC3, 0x11, 0x40, 0xC2, 0xAA, 0x38, 0x70, 0x16, 0x9A, 0x7A, 0xB9, 0xAF, 0xF4, 0x42, 0xED, 0x57,
    0x66, 0x4C, 0xF2, 0x56, 0x7F, 0xFB, 0x3D, 0xBA, 0x41, 0x4B, 0x97, 0xDC, 0xCF, 0xC2, 0xE6, 0x02,
    0xAE, 0x2B, 0x76, 0x14, 0x7B, 0x8A, 0x08, 0x35, 0x7E, 0x82, 0x97, 0xEE, 0x08, 0x02, 0x3A, 0x58,
    0x51, 0xFA, 0x57, 0xB1, 0x81, 0x6B, 0xCD, 0xC0, 0x6D, 0x3A, 0x6C, 0xD3, 0x44, 0x89, 0x53, 0x0E,
    0x47, 0xAD, 0xC6, 0xA2, 0x2E, 0xAA, 0x2E, 0xCC, 0xCD, 0xBA, 0x03, 0x68, 0xDF, 0x5B, 0x31, 0xD9,
    0x56, 0x79, 0xC6, 0x1C, 0x7E, 0xFE, 0xF0, 0x5D, 0xA1, 0x4E, 0x21, 0x49, 0x90, 0x90, 0x43, 0xBC,
    0x07, 0x86, 0x7A, 0x45, 0x62, 0x92, 0x6C, 0x9E, 0x30, 0x66, 0xCA, 0x59, 0x21, 0x50, 0x89, 0xB3,
    0x59, 0xFB, 0xC5, 0x45, 0xBE, 0xCE, 0x1D, 0x59, 0xCA, 0x59, 0x08, 0x86, 0x92, 0xB0, 0x52, 0x1C,
    0x9C, 0x08, 0xC7, 0x23, 0x09, 0x6F, 0x2B, 0xE1, 0x00, 0x45, 0x92, 0x02, 0x7B, 0xF9, 0x57, 0x44,
    0xED, 0xA1, 0x83, 0x46, 0x44, 0x23, 0x1C, 0x52, 0x2A, 0xA4, 0xA0, 0xEB, 0x22, 0xED, 0xA9, 0x88,
    0x23, 0xD5, 0x3D, 0xA2, 0x09, 0x5C, 0xAC, 0xE7, 0x58, 0x1D, 0xF2, 0xB4, 0x1E, 0xA9, 0xD6, 0x33,
    0x31, 0xFF, 0x9E, 0x37, 0x4C, 0xD6, 0x40, 0xBF, 0x2B, 0x07, 0x03, 0xE0, 0xFE, 0x83, 0x6F, 0xE0,
    0xEC, 0x28, 0xDF, 0x19, 0x26, 0x4D, 0xF1, 0x68, 0xC8, 0x18, 0xFB, 0x23, 0x5E, 0xEE, 0xE0, 0xEE,
    0x85, 0xDD, 0x06, 0x31, 0x7B, 0x80, 0x1F, 0xCB, 0xB6, 0x8D, 0x4B, 0x76, 0xFB, 0xC6, 0x3B, 0x44,
    0x96, 0xD3, 0xFB, 0xDB, 0x57, 0x16, 0x3D, 0xBF, 0x0F, 0x96, 0xD7, 0xE5, 0xD6, 0x2E, 0xBB, 0x96,
    0xBD, 0xB6, 0xCB, 0x6F, 0x63, 0xA0, 0x09, 0x51, 0x35, 0x61, 0x4B, 0xA4, 0xF1, 0xE9, 0x5D, 0x49,
    0x3B, 0x22, 0x59, 0x5F, 0xD4, 0x99, 0xAD, 0xA9, 0x9B, 0x8A, 0x36, 0xA7, 0x69, 0x49, 0x96, 0x24,
    0xB8, 0x67, 0xCE, 0x5F, 0x2B, 0x93, 0x44, 0x4F, 0x3E, 0xB2, 0x3C, 0x49, 0x00, 0xA7, 0x64, 0x3F,
    0xCF, 0x78, 0xC9, 0x4B, 0x24, 0xD0, 0x31, 0x38, 0x24, 0xD0, 0x11, 0xA2, 0xAF, 0x9B, 0x63, 0xDB,
    0x8C, 0x03, 0x81, 0x8E, 0xCA, 0x37, 0xA5, 0x16, 0x1D, 0x71, 0xE8, 0xBD, 0xA3, 0x88, 0x89, 0x99,
    0x0D, 0xBB, 0x66, 0xC7, 0x49, 0xF0, 0xE5, 0xF6, 0xFB, 0x96, 0x44, 0x84, 0xD8, 0x2D, 0x6E, 0x39,
    0xB8, 0x33, 0x11, 0xFB, 0x71, 0x4B, 0xC5, 0x9F, 0xA1, 0x0C, 0x0B, 0x5E, 0x7B, 0x16, 0x03, 0x9F,
    0x99, 0xAF, 0x68, 0x1D, 0x44, 0xE6, 0x2F, 0xF6, 0xA6, 0xE5, 0x6E, 0xA1, 0x3E, 0x17, 0x8F, 0x2E,
    0x7F, 0x30, 0xA0, 0x3A, 0xB8, 0x93, 0xF9, 0x63, 0x3F, 0x7F, 0x8E, 0xF1, 0x3E, 0x71, 0xD7, 0xF0,
    0xF2, 0x2D, 0xC1, 0x5F, 0x8E, 0xF4, 0x33, 0xF1, 0x74, 0xBD, 0xE5, 0xF6, 0x99, 0x4F, 0x5E, 0xF9,
    0xD7, 0xC4, 0x65, 0x0B, 0x1F, 0xD2, 0x63, 0xF7, 0x94, 0x77, 0xE5, 0x3C, 0x5F, 0xD7, 0xC6, 0x56,
    0x08, 0x84, 0xBC, 0x4E, 0xF7, 0xEB, 0xE1, 0xCD, 0x33, 0x9F, 0x9C, 0x01, 0x12, 0x1F, 0x0E, 0xE9,
    0xC8, 0x8C, 0xAF, 0xEE, 0x5F, 0xCD, 0xEC, 0x79, 0x42, 0xFB, 0x7D, 0xA9, 0x68, 0xBF, 0xDF, 0xD7,
    0x72, 0xF6, 0x7C, 0xE1, 0xFE, 0xCB, 0xDF, 0x65, 0x12, 0xD9, 0x85, 0x08, 0x2F, 0x1A, 0x09, 0x2F,
    0xDF, 0x24, 0x19, 0x4E, 0xB3, 0xB9, 0xF6, 0x4E, 0x22, 0x6C, 0x0D, 0xEF, 0xF1, 0xB8, 0xD1, 0x94,
    0xFD, 0x9A, 0xBA, 0xDF, 0x1F, 0x08, 0xBA, 0xA5, 0xA0, 0xA4, 0x36, 0x21, 0xFC, 0x8F, 0x5E, 0x16,
    0x44, 0xC4, 0x08, 0x47, 0x3D, 0x31, 0x99, 0x53, 0x36, 0xFF, 0x4E, 0x40, 0x76, 0xA8, 0x0C, 0x34,
    0xA0, 0x5B, 0x3F, 0xDD, 0xE1, 0xE5, 0x2C, 0x3F, 0xBC, 0x6B, 0x94, 0x9B, 0x1B, 0x8B, 0x6B, 0x49,
    0x25, 0x52, 0xEB, 0x5D, 0x83, 0xDE, 0x65, 0xF6, 0x66, 0x3D, 0x7B, 0xEE, 0xCA, 0x44, 0x72, 0x0E,
    0x17, 0x23, 0xD7, 0x17, 0x71, 0xEA, 0x13, 0x3E, 0x9C, 0xC3, 0xE4, 0x33, 0xAE, 0x53, 0xA7, 0x22,
    0x08, 0x44, 0x13, 0x02, 0x66, 0x3F, 0xCF, 0x5E, 0xBF, 0x88, 0xFF, 0x40, 0xF1, 0xDC, 0x96, 0xA2,
    0xBA, 0xEA, 0xBE, 0x20, 0xF6, 0xC9, 0x30, 0x79, 0x94, 0x7D, 0x70, 0xA9, 0x7C, 0x3F, 0x13, 0xF4,
    0xCD, 0xED, 0xEE, 0xB7, 0x80, 0xAB, 0xD3, 0xC4, 0xEF, 0x33, 0x91, 0x7B, 0xAE, 0xFA, 0xE7, 0xF6,
    0x2B, 0xBC, 0x73, 0x82, 0x3D, 0x8A, 0x91, 0xA9, 0x90, 0x73, 0x56, 0x6C, 0x5F, 0x23, 0xD6, 0xCF,
    0x4D, 0x21, 0x15, 0x61, 0x6B, 0x81, 0x7F, 0x3F, 0x18, 0x09, 0xBE, 0x52, 0xF3, 0x73, 0xA8, 0x91,
    0x13, 0x60, 0x3C, 0x0A, 0x39, 0x07, 0x55, 0x94, 0xC4, 0x66, 0xFD, 0x89, 0x3E, 0x11, 0xE2, 0x5D,
    0xB3, 0x8E, 0x9D, 0x05, 0x88, 0x62, 0xAF, 0xAF, 0x5E, 0x61, 0xB9, 0x62, 0x5D, 0xF3, 0xCA, 0xAE,
    0x4B, 0x2E, 0x7E, 0x46, 0xD8, 0x7A, 0xD6, 0x55, 0xBC, 0x5C, 0x57, 0x13, 0xD7, 0x89, 0xD9, 0xB8,
    0xE5, 0xBA, 0x2E, 0x69, 0x8A, 0x24, 0x13, 0x44, 0xCA, 0x8B, 0xF6, 0x59, 0x41, 0x3C, 0x7F, 0x11,
    0xB7, 0xB7, 0x05, 0x51, 0x7E, 0xF6, 0xF3, 0x51, 0xE5, 0x2D, 0xDE, 0xB8, 0xBA, 0x78, 0xDD, 0x65,
    0x3D, 0x6F, 0x04, 0x1F, 0x52, 0xDC, 0x54, 0x84, 0xFD, 0x3C, 0x24, 0x0C, 0xD2, 0x88, 0xEA, 0x89,
    0x5C, 0xEF, 0x11, 0x52, 0x87, 0x3B, 0x7D, 0x6C, 0xC6, 0x66, 0xA2, 0x73, 0x35, 0x47, 0x70, 0xC7,
    0xF5, 0x16, 0x47, 0x74, 0x93, 0x90, 0xD7, 0x8B, 0x84, 0xC5, 0x7E, 0x32, 0xD2, 0x8C, 0x53, 0xD6,
    0x56, 0xFD, 0xC8, 0x9C, 0x73, 0xD2, 0x14, 0x1B, 0xEC, 0x42, 0x3E, 0x83, 0xD7, 0xCF, 0xC0, 0x20,
    0x30, 0x86, 0x02, 0xC3, 0xE2, 0xEA, 0xF6, 0xFE, 0x7B, 0x0D, 0xDE, 0xEC, 0x03, 0xEA, 0x89, 0xCF,
    0x46, 0x10, 0xD8, 0xEF, 0xCC, 0x20, 0x92, 0x1B, 0xF1, 0x79, 0x64, 0x83, 0xCF, 0xC4, 0x26, 0xCD,
    0x18, 0xBC, 0xC0, 0x8A, 0x12, 0x13, 0x39, 0x05, 0x63, 0x0B, 0x0A, 0x09, 0xDE, 0xD6, 0xA3, 0xD7,
    0x10, 0xD1, 0xAB, 0x09, 0x74, 0x8B, 0xE5, 0x7E, 0xE3, 0xC7, 0xF5, 0xA0, 0xF1, 0xEB, 0xBA, 0x6E,
    0xFC, 0xA8, 0x86, 0x42, 0xFA, 0xFB, 0xDF, 0xC9, 0x48, 0xD0, 0xBE, 0x95, 0xF8, 0x1F, 0x66, 0xDC,
    0x9F, 0xDE, 0xD7, 0xEF, 0xCC, 0xB3, 0x5A, 0x54, 0x24, 0x8D, 0x54, 0x32, 0xEF, 0x36, 0xE8, 0xF1,
    0xB2, 0x91, 0x8E, 0x2F, 0x31, 0x5E, 0x55, 0x80, 0x7C, 0xF6, 0xA6, 0xFD, 0xBF, 0x9D, 0xBB, 0xB4,
    0xDB, 0x3E, 0x6C, 0x07, 0xD7, 0xE1, 0x82, 0xC4, 0xC9, 0x52, 0xCB, 0x71, 0x64, 0x53, 0x9D, 0xD9,
    0x11, 0x36, 0xB2, 0xC9, 0x86, 0x1D, 0xC9, 0xB3, 0x25, 0xBB, 0x60, 0xAA, 0xBC, 0x1B, 0x0E, 0x24,
    0xF4, 0xEB, 0x0F, 0xC4, 0x86, 0xEE, 0x83, 0x0A, 0xF4, 0xB7, 0xFA, 0x3F, 0x23, 0x01, 0xAE, 0x0C,
    0x87, 0x2D, 0x10, 0xDD, 0xD2, 0xE1, 0xCD, 0x36, 0x1C, 0x6C, 0xEF, 0x60, 0xFD, 0xB8, 0x9C, 0x42,
    0xDC, 0x11, 0xA8, 0x99, 0xEA, 0xF4, 0x79, 0xDD, 0x30, 0x75, 0x5D, 0xB1, 0xA3, 0xAF, 0x33, 0xD4,
    0x15, 0xB6, 0xD4, 0xC8, 0x80, 0xC1, 0x9C, 0x5F, 0x37, 0xDE, 0x4F, 0xEB, 0x51, 0x4D, 0xF0, 0xA0,
    0x52, 0x5C, 0xDC, 0xC5, 0x3E, 0x0B, 0x7F, 0xC6, 0xD1, 0xCF, 0xA9, 0xF7, 0x73, 0x11, 0x34, 0xE5,
    0xF3, 0xB5, 0x54, 0xB6, 0xC0, 0x0A, 0x26, 0xC8, 0xDD, 0x2D, 0x61, 0x25, 0xBC, 0x55, 0x6B, 0x83,
    0xB5, 0x59, 0x82, 0x29, 0xB4, 0x2A, 0x19, 0x5B, 0x9A, 0x12, 0x49, 0x13, 0x81, 0x51, 0x0E, 0x49,
    0x37, 0x04, 0xF1, 0xE7, 0x34, 0x11, 0xC4, 0x36, 0x94, 0xB2, 0x2B, 0x97, 0xCF, 0x71, 0xCB, 0xB1,
    0x1A, 0x3C, 0x9A, 0x24, 0xD4, 0x2D, 0xBF, 0x40, 0xEB, 0x99, 0x8F, 0xBD, 0xC3, 0x2A, 0xF1, 0x81,
    0xB2, 0xB9, 0x97, 0xA7, 0xF5, 0x3D, 0xAD, 0xF5, 0x1C, 0x4E, 0x30, 0xB3, 0x2E, 0x3B, 0x53, 0xEC,
    0x7C, 0x1E, 0xFC, 0x40, 0xEB, 0x6D, 0x31, 0x63, 0xCD, 0x16, 0x47, 0x03, 0x74, 0x74, 0xEC, 0x4D,
    0xB0, 0x91, 0x08, 0xFA, 0x92, 0xBE, 0xA3, 0xE3, 0x96, 0xAC, 0xA4, 0xEA, 0x10, 0xED, 0x0A, 0x18,
    0x63, 0x5E, 0xEC, 0x3A, 0xE6, 0x7E, 0x5E, 0x24, 0x3A, 0x3A, 0x67, 0x3B, 0x2A, 0x2A, 0x6F, 0x72,
    0xFA, 0x06, 0xE9, 0xAF, 0x9E, 0xE2, 0xCE, 0x11, 0x81, 0xD1, 0xAA, 0x58, 0x2E, 0x27, 0x58, 0x48,
    0x1E, 0x7F, 0xE0, 0xAE, 0x99, 0xEE, 0x44, 0xE7, 0x16, 0xC7, 0x39, 0xD3, 0x82, 0xB8, 0x6A, 0x21,
    0x99, 0x6A, 0x6B, 0x1B, 0x0A, 0x1A, 0xB7, 0x60, 0x6E, 0x78, 0x16, 0xA9, 0x19, 0xBB, 0xD3, 0x72,
    0xB9, 0x96, 0xCB, 0xE5, 0xBC, 0x37, 0x87, 0x50, 0x69, 0x4A, 0x39, 0xEC, 0x40, 0xDF, 0xC7, 0xCE,
    0xC0, 0x99, 0xCD, 0xFB, 0xE4, 0x10, 0x26, 0xBC, 0x37, 0x56, 0x93, 0x37, 0xF1, 0x0D, 0xD3, 0x26,
    0x7B, 0x75, 0xC5, 0x9C, 0xFF, 0x09, 0xE9, 0x54, 0x11, 0xDF, 0x16, 0x7B, 0xD0, 0x25, 0x07, 0xD9,
    0x66, 0x80, 0x38, 0xB7, 0x46, 0xD1, 0x6B, 0xA4, 0x6F, 0xEC, 0xD2, 0xD3, 0x1E, 0x9C, 0xEE, 0xFC,
    0x7A, 0x72, 0x76, 0x03, 0xB2, 0x40, 0x87, 0xBB, 0xC6, 0x67, 0x98, 0xE5, 0xF6, 0xAD, 0xF6, 0xCB,
    0x85, 0xD0, 0x35, 0x4F, 0x43, 0xE7, 0xC5, 0x15, 0x7C, 0xA8, 0xBB, 0xA6, 0x6A, 0xC6, 0x0F, 0x12,
    0x24, 0x99, 0x43, 0xA4, 0x05, 0x82, 0xD3, 0x11, 0x39, 0x4C, 0xFB, 0x81, 0xE9, 0x32, 0xB2, 0x12,
    0xB9, 0xC8, 0x3B, 0x8F, 0xAC, 0xF5, 0xBF, 0x13, 0x63, 0x28, 0x02, 0xF1, 0x78, 0x03, 0xB7, 0x7C,
    0x28, 0x8A, 0xBA, 0xC1, 0x26, 0x4B, 0xA6, 0x70, 0xC4, 0x13, 0xDB, 0x56, 0x88, 0x6D, 0xBF, 0x90,
    0x88, 0x84, 0xF7, 0x84, 0xA4, 0x6F, 0xAB, 0xAE, 0xF0, 0xC1, 0xCC, 0x1E, 0x0C, 0x45, 0x12, 0xF5,
    0x54, 0x22, 0xC5, 0x06, 0xA5, 0xD0, 0xF7, 0x10, 0x29, 0x08, 0xCB, 0x2E, 0xB2, 0x87, 0xAE, 0x60,
    0xCB, 0xDA, 0xAD, 0x8B, 0xA6, 0x8B, 0xFD, 0x1E, 0x87, 0x27, 0x38, 0x7C, 0x68, 0xA5, 0xB0, 0xDA,
    0x7C, 0x62, 0xE3, 0x12, 0x28, 0x78, 0xA8, 0x75, 0x7F, 0x5B, 0x8B, 0x42, 0xF7, 0xB7, 0xBA, 0x33,
    0x47, 0xBE, 0xC3, 0xAD, 0x0C, 0xD7, 0x05, 0xF6, 0xD4, 0x1C, 0xC8, 0x7E, 0x09, 0x8D, 0x0C, 0xF1,
    0x83, 0x01, 0x61, 0x0B, 0xEB, 0x68, 0x06, 0xF9, 0x22, 0x34, 0xC8, 0x1A, 0x1E, 0xC2, 0x19, 0xB5,
    0x82, 0x4F, 0x72, 0x8B, 0xBD, 0xAF, 0x82, 0x84, 0x46, 0x58, 0x0C, 0x49, 0xA5, 0xC7, 0x91, 0x43,
    0xD8, 0xDD, 0x18, 0x19, 0x46, 0xBD, 0x9F, 0x17, 0x1C, 0x16, 0xEE, 0xFD, 0xAE, 0x90, 0x34, 0x01,
    0x1C, 0x28, 0x01, 0x26, 0x5B, 0xF6, 0x6E, 0x60, 0x9D, 0x65, 0xF0, 0x51, 0xC6, 0x18, 0x7E, 0x77,
    0xC0, 0x4E, 0xA1, 0x31, 0x62, 0x32, 0x10, 0xEA, 0xE1, 0x94, 0xC1, 0x2F, 0x0A, 0xA8, 0xB5, 0x06,
    0xDD, 0xB7, 0x58, 0x35, 0xE3, 0x8C, 0xA9, 0x20, 0x12, 0x09, 0x95, 0x24, 0x4E, 0xF5, 0x39, 0x55,
    0xA7, 0x8F, 0x5D, 0x50, 0xD7, 0x94, 0x88, 0x2D, 0x4D, 0x13, 0x24, 0xBE, 0x2A, 0x6E, 0x28, 0xD8,
    0x6C, 0x73, 0xF9, 0x9B, 0x7D, 0xB6, 0xB4, 0x80, 0x9C, 0x7D, 0x02, 0xB2, 0xB6, 0x7F, 0xE9, 0xAE,
    0xCC, 0x98, 0x5D, 0x95, 0x7B, 0x26, 0x3B, 0xA2, 0xF7, 0xC5, 0x3B, 0xB9, 0x43, 0x33, 0x8E, 0x23,
    0x53, 0x65, 0xEF, 0x14, 0x9A, 0xA4, 0xE2, 0x10, 0xDB, 0xD3, 0x5C, 0x3B, 0xC8, 0x0D, 0x0E, 0xFB,
    0x1A, 0xF4, 0x4E, 0xB1, 0xA8, 0xDD, 0x8D, 0x68, 0x10, 0xA2, 0xB7, 0x2B, 0x1E, 0x5E, 0xC1, 0xAF,
    0x0B, 0x7E, 0x73, 0xAE, 0x2E, 0x02, 0xC0, 0x6A, 0x71, 0xAF, 0xF5, 0x6B, 0x5E, 0x56, 0x4C, 0xF7,
    0xD7, 0x23, 0x56, 0xB5, 0xD5, 0xC8, 0x7B, 0x19, 0xBC, 0x45, 0x2B, 0x73, 0x38, 0x4E, 0x22, 0x9F,
    0x1A, 0xCF, 0xAD, 0x8B, 0x35, 0x0F, 0x71, 0x50, 0x8F, 0x66, 0x4B, 0xCE, 0xC1, 0x39, 0x4C, 0xF7,
    0x60, 0x1D, 0x6A, 0x2E, 0xFB, 0x7A, 0xD0, 0x67, 0x24, 0x00, 0x93, 0x2C, 0x42, 0x03, 0x59, 0x4C,
    0x32, 0xA1, 0x97, 0xE8, 0x60, 0xC9, 0xCF, 0x87, 0xAD, 0xB8, 0x24, 0x90, 0x0D, 0x69, 0xD0, 0x26,
    0x29, 0xA6, 0x26, 0xB1, 0x9A, 0x38, 0x38, 0x36, 0xDD, 0xE3, 0x75, 0xD7, 0x2C, 0xA8, 0x51, 0x9D,
    0x11, 0x5F, 0xA4, 0x12, 0xA7, 0x75, 0xC5, 0x16, 0x41, 0xAA, 0xB2, 0x3B, 0xD4, 0xEB, 0x52, 0x66,
    0xE2, 0xAE, 0xCE, 0xAD, 0xBD, 0x30, 0x61, 0xFB, 0x9A, 0x3B, 0xD4, 0xFD, 0x9A, 0xFD, 0xC2, 0x2B,
    0xD9, 0x23, 0x90, 0xC6, 0xF5, 0x68, 0x24, 0xD9, 0x04, 0x44, 0x03, 0x83, 0x8D, 0x5A, 0x79, 0x13,
    0xD5, 0xB0, 0xD4, 0x6D, 0xF7, 0x88, 0x90, 0x87, 0x15, 0xEC, 0x59, 0xAB, 0x50, 0x16, 0xF8, 0xAC,
    0x6E, 0x83, 0x09, 0x93, 0x4F, 0x76, 0x53, 0xDD, 0x05, 0x80, 0x83, 0x62, 0x1E, 0xE2, 0x08, 0x4A,
    0xED, 0xCE, 0xF1, 0x0C, 0x26, 0x5E, 0xC6, 0xCE, 0xB2, 0x85, 0x62, 0x0E, 0x84, 0xCF, 0x1B, 0x30,
    0x40, 0x3C, 0xED, 0x27, 0xAF, 0x00, 0x33, 0x0F, 0x2E, 0xF0, 0x44, 0x9D, 0xBD, 0x1B, 0x57, 0x07,
    0x3E, 0x92, 0x0E, 0xB1, 0x81, 0x86, 0xD6, 0x29, 0x42, 0x04, 0x55, 0x33, 0xE2, 0x4A, 0x36, 0xE8,
    0xB4, 0x0C, 0xAE, 0x73, 0x88, 0x06, 0x7A, 0x6C, 0x40, 0xEA, 0x19, 0x6F, 0xFF, 0xEA, 0xC0, 0xF4,
    0x2A, 0x3E, 0x6F, 0x2E, 0x16, 0x82, 0x71, 0x2E, 0x18, 0xC2, 0xF5, 0xD3, 0xBB, 0x81, 0x2E, 0xF0,
    0xAE, 0x5F, 0xAB, 0xA1, 0x2D, 0x78, 0x05, 0x83, 0xB6, 0x5B, 0x50, 0xE3, 0xFF, 0x7A, 0xE0, 0xDC,
    0x1A, 0x9A, 0x8B, 0x1B, 0x74, 0xFF, 0x82, 0xB7, 0xEE, 0xA5, 0x96, 0xE2, 0xFC, 0x41, 0x83, 0x6E,
    0x02, 0xB7, 0x69, 0xEF, 0xE7, 0x43, 0xF6, 0xFE, 0xF2, 0x7E, 0x46, 0xAD, 0xF3, 0x43, 0x70, 0x2B,
    0xC9, 0xE2, 0x80, 0xF8, 0x0A, 0x5B, 0xB9, 0x69, 0x22, 0x8C, 0x0D, 0xE7, 0x45, 0x1B, 0x6F, 0x81,
    0x66, 0xED, 0x63, 0xF7, 0x85, 0xE5, 0x7F, 0x22, 0xD9, 0x36, 0x25, 0x31, 0x2B, 0x2F, 0x99, 0x9C,
    0x41, 0x9B, 0x97, 0x58, 0xB6, 0xB5, 0x67, 0xEC, 0x8D, 0xBA, 0xFC, 0xCA, 0xA5, 0x97, 0xDB, 0x67,
    0x2F, 0x1D, 0x48, 0xA1, 0xB0, 0xA6, 0x5A, 0xE4, 0x03, 0xC8, 0xA1, 0xFF, 0x5F, 0x2B, 0x8E, 0x73,
    0xC1, 0x7C, 0x63, 0x12, 0xF9, 0xEA, 0x69, 0x6A, 0x03, 0xC7, 0xA6, 0xD1, 0xD8, 0xD5, 0x34, 0x1A,
    0x51, 0x2A, 0x4E, 0xE9, 0x76, 0xAF, 0x47, 0x67, 0xA4, 0x86, 0x07, 0xBB, 0x17, 0xA4, 0xAA, 0xB5,
    0xCF, 0x8D, 0x59, 0x0D, 0x71, 0x0E, 0x86, 0xD3, 0xBF, 0x26, 0xBE, 0x95, 0xE7, 0x66, 0x19, 0xDE,
    0xE2, 0x22, 0x9A, 0x6A, 0x62, 0x6E, 0x67, 0xEE, 0x43, 0x77, 0xA6, 0x7E, 0x44, 0xB2, 0xAF, 0x5C,
    0x8E, 0x26, 0x7B, 0x99, 0x5D, 0xBB, 0x21, 0xA1, 0xA9, 0x0D, 0xD9, 0x50, 0x60, 0xF5, 0xEB, 0x59,
    0xF0, 0x36, 0xAE, 0xA6, 0xCF, 0xDF, 0x45, 0x08, 0x1D, 0xE1, 0xB7, 0x21, 0xC8, 0xE2, 0x3C, 0xBC,
    0x4F, 0x81, 0xF0, 0x46, 0x05, 0xB2, 0x56, 0x26, 0x03, 0xB7, 0xE2, 0xF0, 0xF5, 0x0E, 0x47, 0xE9,
    0xAC, 0xA6, 0x36, 0x63, 0x5B, 0xA2, 0xEB, 0x6A, 0x31, 0xC1, 0x49, 0x0A, 0x0C, 0xD7, 0xFA, 0xC0,
    0xDA, 0x76, 0x88, 0x6D, 0x3B, 0x94, 0xB1, 0xB4, 0x83, 0xCD, 0xEF, 0xA6, 0xED, 0xA0, 0x2E, 0x84,
    0x5F, 0xA9, 0x3F, 0x86, 0x4E, 0x2C, 0xA2, 0x61, 0x42, 0xBC, 0xE0, 0xC7, 0xD8, 0x3D, 0xDE, 0xAC,
    0xD4, 0xBA, 0x33, 0xB9, 0xB3, 0x25, 0xEC, 0x4B, 0x32, 0x17, 0xCE, 0x90, 0x89, 0xC6, 0xFB, 0x3F,
    0x14, 0x8C, 0x25, 0xE6, 0xF8, 0x76, 0xAF, 0xB4, 0x33, 0x51, 0x90, 0xDC, 0x95, 0x36, 0xE9, 0x90,
    0xFC, 0x2F, 0x67, 0x85, 0x88, 0xDD, 0xA5, 0x56, 0xEA, 0xF8, 0x11, 0x61, 0xED, 0x9F, 0x23, 0xB7,
    0xCA, 0x1C, 0xEE, 0xA2, 0x33, 0x86, 0x47, 0xDF, 0xF7, 0x75, 0xC9, 0x09, 0x63, 0xBD, 0xC3, 0x0E,
    0xD1, 0xBA, 0x1D, 0x2A, 0x78, 0x1D, 0xC0, 0x3E, 0x86, 0xD6, 0x0C, 0xEE, 0x18, 0xF7, 0x0B, 0xE1,
    0xE2, 0xFD, 0x7A, 0xFA, 0x9C, 0x9D, 0x05, 0x3C, 0xEC, 0x7D, 0x54, 0xBE, 0x89, 0x35, 0xAA, 0x25,
    0x52, 0xE6, 0x7A, 0xF5, 0xBD, 0x85, 0x18, 0xD5, 0xA9, 0xCA, 0x40, 0x03, 0xD9, 0x45, 0x3B, 0x41,
    0x0B, 0xFF, 0x13, 0x62, 0x9F, 0x81, 0x6A, 0x15, 0xCB, 0xBE, 0x08, 0x40, 0xD0, 0x02, 0x0E, 0xD9,
    0xEC, 0xC5, 0x4B, 0x48, 0x94, 0x86, 0xD7, 0x5F, 0xDE, 0xEE, 0xD7, 0x79, 0x77, 0x92, 0xBA, 0x64,
    0xFF, 0x07, 0xED, 0xE1, 0xD3, 0xC9, 0x34, 0x22, 0x7E, 0x92, 0x51, 0x5E, 0x77, 0xE8, 0x12, 0x56,
    0x3E, 0xB1, 0xC0, 0xDE, 0x3A, 0x77, 0x03, 0x48, 0x1F, 0x75, 0x2D, 0x39, 0xF4, 0x2E, 0x1C, 0x8D,
    0xB9, 0x7A, 0x20, 0x9C, 0xFD, 0x28, 0x74, 0x45, 0x7B, 0x38, 0xB1, 0x6E, 0x7B, 0xAC, 0xB5, 0xBC,
    0x96, 0x88, 0x78, 0x1B, 0xDC, 0x39, 0xD6, 0xB3, 0x2F, 0xC3, 0x56, 0x72, 0xD1, 0xF2, 0x2E, 0x29,
    0xD1, 0x6B, 0xA9, 0xE9, 0x2D, 0x52, 0xDD, 0x98, 0x46, 0x86, 0x52, 0xEB, 0xC6, 0xDA, 0xD8, 0xBA,
    0xA0, 0xF7, 0x75, 0xAC, 0xD9, 0xDD, 0xE7, 0xBB, 0xD2, 0x19, 0x8D, 0x31, 0xF3, 0x4E, 0x4E, 0xBF,
    0x0C, 0xEB, 0xFD, 0x0D, 0x83, 0x68, 0x1A, 0x04, 0x9A, 0xC4, 0xC4, 0x83, 0x38, 0xD7, 0x6A, 0xCD,
    0x7F, 0xB2, 0xFC, 0x2A, 0xEB, 0xAF, 0xE7, 0xC2, 0xD0, 0x26, 0xFC, 0x41, 0x79, 0x58, 0x14, 0xFE,
    0x49, 0xA6, 0xC1, 0xD3, 0xB4, 0x83, 0x27, 0xB9, 0x39, 0x40, 0x84, 0xE7, 0x9C, 0x5F, 0x8C, 0xAA,
    0xE4, 0xA7, 0xB7, 0xB5, 0xD6, 0xCB, 0x49, 0x54, 0xBB, 0x6A, 0x6D, 0x6D, 0x8A, 0xFE, 0x78, 0xCC,
    0x42, 0x86, 0x19, 0x95, 0x22, 0x5C, 0x54, 0x82, 0x41, 0x2E, 0xD8, 0x4D, 0x05, 0xF7, 0x8C, 0xE0,
    0x53, 0x8A, 0xE6, 0x00, 0xEA, 0x7D, 0x8C, 0x15, 0xDE, 0x2D, 0xDA, 0xF3, 0x57, 0x24, 0x54, 0x49,
    0x8C, 0x39, 0xD3, 0xF4, 0x08, 0xE3, 0x6D, 0x09, 0xA7, 0xAF, 0x74, 0x24, 0x1C, 0x85, 0x8B, 0x69,
    0x15, 0x74, 0xB1, 0x58, 0xFC, 0xD9, 0x9E, 0xB7, 0x16, 0x65, 0xD2, 0x6C, 0xF4, 0xC0, 0xC6, 0xC0,
    0x1C, 0xD4, 0xF9, 0x6B, 0x74, 0x3F, 0xDE, 0x27, 0xD6, 0xFB, 0x9E, 0xD4, 0xF7, 0x99, 0x4B, 0x4D,
    0x91, 0xCE, 0x2F, 0x8F, 0xD1, 0x42, 0x3A, 0x09, 0x31, 0x18, 0xB7, 0xAE, 0x0E, 0x75, 0xFA, 0x96,
    0xEA, 0x60, 0x38, 0xFF, 0x7A, 0xCE, 0x42, 0x3A, 0xCE, 0xC9, 0x7E, 0xF7, 0xDA, 0xE1, 0x7B, 0x23,
    0xCD, 0xA3, 0x24, 0xB9, 0x72, 0x82, 0x5C, 0xF2, 0xD3, 0x75, 0x53, 0xCE, 0xCD, 0x06, 0xA6, 0x0E,
    0x09, 0x5A, 0x90, 0x85, 0x89, 0xD8, 0x44, 0x8E, 0xF5, 0x76, 0xEB, 0x54, 0x16, 0xE5, 0x6E, 0xD5,
    0x65, 0xE5, 0x40, 0xA3, 0x7A, 0x62, 0x96, 0xAB, 0x3F, 0xEC, 0x27, 0xB4, 0xD9, 0x2A, 0x2D, 0x5E,
    0x6A, 0xB3, 0x14, 0x17, 0xAA, 0x16, 0xFB, 0x8E, 0x11, 0xFB, 0x55, 0xCF, 0xDE, 0xE7, 0x86, 0x7E,
    0xD6, 0xF3, 0x8F, 0xCC, 0xA7, 0xF9, 0xD1, 0x71, 0x9B, 0x58, 0x6C, 0xAA, 0xDE, 0xF9, 0x00, 0x82,
    0x19, 0x3A, 0x4D, 0x88, 0x71, 0x3A, 0x9C, 0xC1, 0xA3, 0xCA, 0xA3, 0xC7, 0xB7, 0x80, 0x1C, 0x79,
    0x49, 0x78, 0xAB, 0x7D, 0x86, 0x11, 0x3E, 0x7D, 0x77, 0x82, 0xA5, 0xA2, 0xBD, 0xDE, 0x62, 0xA1,
    0xF7, 0xB7, 0xB8, 0x71, 0xF0, 0xF9, 0x27, 0xFB, 0x82, 0x71, 0x2D, 0x06, 0xAA, 0x47, 0x66, 0x9D,
    0x95, 0x2B, 0x4B, 0x9B, 0x8D, 0x99, 0xEC, 0x6A, 0x1A, 0xEE, 0x4F, 0x36, 0xD3, 0x46, 0x0A, 0x30,
    0x49, 0xBF, 0x5D, 0x30, 0xE9, 0x06, 0x17, 0x1E, 0x64, 0x0D, 0xD9, 0xFD, 0x2A, 0x2C, 0x9E, 0x07,
    0x71, 0xF7, 0x93, 0xB1, 0x64, 0x33, 0x8C, 0x32, 0x66, 0xF4, 0x1A, 0x65, 0x2D, 0x19, 0x1E, 0x65,
    0xA0, 0xB1, 0x13, 0x8A, 0xB8, 0x73, 0xD0, 0x87, 0x5B, 0x58, 0xC5, 0xB9, 0x37, 0x46, 0x8F, 0x8A,
    0xEB, 0x48, 0xCC, 0x56, 0xFE, 0xE6, 0x13, 0x5F, 0x63, 0xD0, 0x1D, 0x40, 0x6F, 0x0F, 0x70, 0x6D,
    0xD8, 0x15, 0xCE, 0x6B, 0x34, 0x01, 0x39, 0xC7, 0x1B, 0xB5, 0x9E, 0x98, 0xE4, 0x64, 0x63, 0xA1,
    0x71, 0x2C, 0xBC, 0x72, 0xBD, 0x2F, 0xF3, 0x12, 0xCE, 0xEE, 0xF5, 0xF8, 0xD2, 0x6D, 0xCD, 0xD6,
    0xF3, 0x66, 0xDD, 0x77, 0x27, 0xB2, 0x93, 0xFD, 0x5C, 0x7D, 0xD6, 0xD2, 0xCD, 0x59, 0xB6, 0x69,
    0x88, 0x45, 0x42, 0xBF, 0x0B, 0x64, 0xD9, 0xEE, 0x27, 0xB2, 0x0B, 0x5D, 0x38, 0x41, 0x2F, 0x57,
    0x1C, 0x08, 0x36, 0x32, 0x41, 0x5F, 0x31, 0x48, 0x05, 0xA3, 0x24, 0x42, 0xE0, 0x6A, 0xA2, 0xE1,
    0xEF, 0xC9, 0xAE, 0xA2, 0xD8, 0xF0, 0xC3, 0x64, 0x89, 0x07, 0xF2, 0xCC, 0xEE, 0x1A, 0xEE, 0xC7,
    0xB3, 0x93, 0x58, 0x41, 0x53, 0x85, 0x28, 0x4D, 0xE1, 0xBD, 0x2E, 0x0E, 0xA4, 0x6D, 0x3A, 0x3A,
    0x8D, 0x12, 0x16, 0x5B, 0x02, 0x2C, 0x49, 0x33, 0x30, 0x30, 0xC1, 0x1D, 0x02, 0x2D, 0x85, 0x33,
    0xD7, 0xD1, 0x10, 0x93, 0x73, 0x66, 0x0A, 0xB7, 0x49, 0xDB, 0xF4, 0x3A, 0x2F, 0xAE, 0x1B, 0x0B,
    0xF3, 0xB4, 0x88, 0xA7, 0x69, 0x8D, 0x5E, 0x1E, 0x89, 0x77, 0xB6, 0xDD, 0x99, 0x37, 0x52, 0x3A,
    0xD6, 0xCF, 0x24, 0x9F, 0x4D, 0xFD, 0x63, 0xC9, 0x61, 0xF7, 0xEB, 0x1F, 0x61, 0x74, 0xBA, 0x35,
    0x35, 0x31, 0xE7, 0xC0, 0x22, 0xC9, 0x6F, 0x4C, 0x7C, 0x36, 0x44, 0xA2, 0xEE, 0xA0, 0x7B, 0x8B,
    0xB7, 0x6F, 0x07, 0x6D, 0x03, 0x05, 0x2E, 0x1E, 0x3A, 0xB8, 0xCE, 0xCF, 0xBC, 0x40, 0x35, 0xC5,
    0x16, 0xE8, 0xFC, 0x5D, 0x58, 0xAE, 0x5B, 0x8A, 0x8B, 0xF7, 0xB1, 0xE7, 0x9F, 0x5E, 0x8C, 0x16,
    0x16, 0x0B, 0xCE, 0xAC, 0x15, 0x73, 0x30, 0x93, 0xF6, 0x66, 0xD2, 0xC7, 0xD3, 0x9D, 0x7C, 0x05,
    0x2B, 0x5D, 0x08, 0x3E, 0x0B, 0x0F, 0xBD, 0xEE, 0x90, 0xF9, 0x50, 0xEA, 0x9E, 0xA8, 0xA5, 0x5A,
    0x9F, 0x0B, 0x8B, 0xB2, 0x9B, 0xB8, 0xAB, 0x88, 0xA4, 0x55, 0x8C, 0x83, 0x4A, 0x73, 0x08, 0x55,
    0xAA, 0x9B, 0x10, 0x0C, 0x65, 0xE5, 0x23, 0x71, 0x4B, 0x70, 0xD3, 0x50, 0xEF, 0xB5, 0xCF, 0xA6,
    0x1D, 0xDD, 0x95, 0x7C, 0x89, 0x7D, 0x7D, 0x96, 0xE1, 0x69, 0xA1, 0x59, 0x99, 0xD3, 0x09, 0xBF,
    0x93, 0xCE, 0xF2, 0x3F, 0xBB, 0x8A, 0x3A, 0x3D, 0x5D, 0xC5, 0x46, 0xAE, 0x9B, 0xE9, 0xA8, 0xAB,
    0x52, 0xAC, 0xAE, 0x4A, 0x2D, 0x5D, 0x25, 0x97, 0x14, 0xB7, 0x85, 0x5F, 0xB3, 0xEB, 0xF0, 0x40,
    0xD7, 0xE5, 0xAD, 0x23, 0xD7, 0xA5, 0x5A, 0x85, 0x5E, 0xBB, 0xF1, 0x32, 0x5E, 0xFB, 0x4C, 0xAE,
    0x69, 0x50, 0xEE, 0x00, 0x6F, 0x69, 0x79, 0x7B, 0xBD, 0xC5, 0xB9, 0x72, 0x03, 0xE5, 0x1B, 0xDA,
    0xE6, 0x40, 0xDA, 0xDA, 0x12, 0xAE, 0x85, 0x41, 0x22, 0x21, 0x7D, 0xB3, 0x78, 0xFC, 0x95, 0xEB,
    0xA7, 0x81, 0x5D, 0x5E, 0x87, 0x4C, 0x79, 0xF2, 0xEA, 0x8D, 0x77, 0x0F, 0x2B, 0x27, 0xFC, 0xA5,
    0xF4, 0xDF, 0x2C, 0xAA, 0x7D, 0x55, 0xD1, 0xC1, 0x8C, 0xDA, 0x00, 0x22, 0x47, 0x3E, 0xA2, 0xB8,
    0x88, 0x7E, 0x31, 0xAE, 0x71, 0x26, 0x78, 0x2F, 0x57, 0x1C, 0x08, 0x36, 0x32, 0x41, 0x9A, 0x54,
    0x5C, 0x2E, 0x48, 0xE5, 0xBA, 0x10, 0x74, 0x6B, 0x03, 0x2A, 0x5D, 0xDE, 0x62, 0x39, 0xD9, 0x44,
    0xCB, 0xBF, 0xD1, 0x17, 0xAE, 0xAF, 0x3B, 0x16, 0x55, 0xE6, 0xC9, 0xB9, 0x4D, 0x23, 0xBD, 0x85,
    0xF1, 0x1D, 0xE9, 0x7C, 0xD6, 0xD5, 0xA4, 0x51, 0xC9, 0xC6, 0x91, 0x61, 0xCE, 0x8C, 0x89, 0x43,
    0x3C, 0x32, 0x6F, 0xB0, 0x3E, 0xE4, 0x9D, 0x21, 0x39, 0x7F, 0x61, 0x34, 0x32, 0xD1, 0x98, 0xDA,
    0xE1, 0xF7, 0x75, 0xD9, 0x07, 0x85, 0x28, 0xA2, 0x4A, 0xD4, 0x5C, 0x4E, 0x71, 0x88, 0x72, 0x1C,
    0xEA, 0xE9, 0x29, 0xE6, 0xDE, 0xA0, 0x09, 0xBF, 0x7C, 0xC6, 0xE0, 0xCE, 0x91, 0xAE, 0xE7, 0xEB,
    0x80, 0x11, 0xDD, 0xE7, 0x93, 0x76, 0xD2, 0x0C, 0x46, 0xC6, 0x55, 0xDF, 0x6D, 0x8B, 0xB3, 0x9C,
    0xAF, 0x45, 0x75, 0x1A, 0x79, 0x68, 0x2E, 0xE9, 0xD1, 0x2B, 0xAA, 0x69, 0xAB, 0xC7, 0x50, 0x42,
    0x17, 0xFE, 0x5F, 0x57, 0x9C, 0x66, 0x99, 0xFD, 0x94, 0xB6, 0xB7, 0x05, 0xB9, 0x3E, 0x87, 0x23,
    0x16, 0xD8, 0xEF, 0xCF, 0x20, 0x82, 0x03, 0xF8, 0xBC, 0xA7, 0xD8, 0xA8, 0x05, 0x83, 0x3A, 0x63,
    0x0C, 0xFF, 0x90, 0x33, 0x36, 0xAB, 0x8A, 0xB1, 0x53, 0x6D, 0x32, 0x96, 0x55, 0x04, 0xA4, 0x79,
    0xFD, 0x00, 0xB0, 0x31, 0xD0, 0xFB, 0xA7, 0x82, 0xB1, 0x3E, 0xEF, 0x59, 0x23, 0xEF, 0xB7, 0x64,
    0x66, 0xDE, 0xF3, 0xD2, 0xCB, 0x87, 0xBE, 0x9F, 0xFC, 0xBC, 0x36, 0xED, 0xF0, 0x64, 0x81, 0xE5,
    0xE5, 0xE8, 0x8B, 0x8C, 0x3B, 0xBE, 0x4F, 0xD8, 0xA2, 0x4B, 0xF6, 0xAE, 0x66, 0x66, 0xD8, 0x84,
    0x2E, 0x36, 0x73, 0xCB, 0x28, 0x01, 0x36, 0x10, 0xF2, 0x4D, 0x18, 0xC2, 0x8B, 0x86, 0x30, 0x86,
    0x42, 0xBA, 0xE7, 0x7D, 0x00, 0x06, 0x34, 0xE9, 0x79, 0x3F, 0x41, 0xA2, 0xF7, 0xBC, 0xE7, 0x7D,
    0x44, 0x07, 0x1F, 0x0E, 0x7A, 0xDE, 0x87, 0xAC, 0x44, 0xEA, 0xE9, 0xE8, 0x3A, 0x04, 0xBB, 0xA0,
    0xBF, 0x16, 0xE9, 0x79, 0x9B, 0xA0, 0xE7, 0xF4, 0xFC, 0x0E, 0xFB, 0x84, 0x29, 0xF6, 0x64, 0xCB,
    0xA1, 0x03, 0x68, 0xA6, 0xC8, 0xD7, 0x89, 0x3E, 0x72, 0x0E, 0x67, 0xCA, 0x5D, 0xB9, 0x5D, 0x3E,
    0x2F, 0x2B, 0x01, 0x04, 0xA0, 0x0B, 0xFD, 0x1A, 0x81, 0x92, 0x50, 0x1A, 0x26, 0x9C, 0x28, 0x7D,
    0x27, 0x48, 0xE0, 0x5E, 0x4A, 0xF8, 0x22, 0x6F, 0xBF, 0xB7, 0x13, 0x9C, 0xDD, 0xE7, 0xEC, 0x79,
    0xD8, 0x4C, 0x0E, 0x9B, 0xCC, 0x04, 0x5F, 0xBB, 0x79, 0xF6, 0x7A, 0x8F, 0xF0, 0x85, 0x02, 0xFB,
    0x36, 0xDC, 0x0D, 0x62, 0x7F, 0x87, 0x9D, 0xE0, 0x9B, 0xFB, 0xD7, 0x6E, 0xEC, 0xA5, 0x3B, 0xC1,
    0x39, 0x26, 0x74, 0xBB, 0x67, 0xBF, 0x09, 0x6F, 0x84, 0x14, 0x4E, 0x9B, 0x88, 0xE7, 0xEE, 0xD3,
    0xD2, 0xB0, 0x5F, 0x48, 0x16, 0xBE, 0x42, 0xB2, 0xF0, 0xF9, 0x48, 0x33, 0x85, 0xAD, 0x47, 0x92,
    0x50, 0xAD, 0x28, 0xCC, 0x0B, 0xFA, 0xA5, 0x6C, 0x79, 0x0F, 0x07, 0x04, 0xF8, 0x2A, 0x8F, 0x74,
    0x4A, 0x1F, 0xB3, 0xCA, 0x3C, 0x67, 0xEB, 0x49, 0xAD, 0x77, 0xA5, 0x76, 0x46, 0xCE, 0x26, 0x48,
    0xEB, 0x70, 0x8B, 0x91, 0x59, 0x9F, 0xDD, 0x57, 0x88, 0x11, 0xBA, 0x9F, 0xEE, 0x2F, 0xD1, 0xD4,
    0x19, 0x61, 0x5F, 0xF0, 0x83, 0x71, 0x7B, 0xB3, 0x9D, 0xEC, 0x34, 0x7E, 0x3C, 0x82, 0xCD, 0x73,
    0xA7, 0xF1, 0x13, 0xC5, 0x8F, 0x76, 0x05, 0xEB, 0x56, 0x7B, 0xAF, 0x4D, 0xF8, 0x7F, 0xE3, 0xBA,
    0x44, 0xAF, 0x07, 0x36, 0xE5, 0xFC, 0x91, 0xC8, 0xE5, 0xE8, 0xF9, 0x16, 0x5B, 0xED, 0xDD, 0xB6,
    0xD9, 0xA5, 0xE9, 0xCC, 0xE7, 0x31, 0x6D, 0x67, 0x90, 0xA7, 0x71, 0x67, 0xC2, 0x11, 0xE4, 0x33,
    0xD8, 0x54, 0xC1, 0xCF, 0x4E, 0xF3, 0x13, 0x0B, 0xA4, 0xE7, 0xD9, 0x05, 0xE9, 0x2C, 0x94, 0x2C,
    0x8C, 0xED, 0xB3, 0x97, 0x26, 0x5A, 0xBE, 0x7A, 0x60, 0xE5, 0x43, 0x36, 0xFE, 0xE6, 0xA2, 0x83,
    0xF1, 0x8A, 0x59, 0xE3, 0x95, 0x24, 0xFA, 0x5B, 0x6E, 0xFF, 0xD3, 0xF6, 0xB9, 0x4B, 0xD6, 0xCB,
    0x7C, 0xC4, 0x3E, 0x35, 0xDB, 0xDB, 0xBB, 0x70, 0x56, 0x27, 0xC2, 0x82, 0x74, 0x91, 0x61, 0x1A,
    0x27, 0xC0, 0x8B, 0x24, 0xB1, 0x11, 0x7E, 0xAD, 0x22, 0x92, 0x40, 0x78, 0x16, 0xDE, 0x8D, 0x40,
    0x78, 0xCE, 0x13, 0xFE, 0xA7, 0xD4, 0xBC, 0x6F, 0xA1, 0xDC, 0xDE, 0xF6, 0xB5, 0x14, 0xB8, 0x63,
    0x1A, 0x87, 0xE2, 0x6E, 0xFB, 0x15, 0x46, 0x2A, 0xCF, 0xF8, 0x67, 0xED, 0x76, 0x22, 0xE7, 0x39,
    0xA1, 0x13, 0x6A, 0xDE, 0xDE, 0x14, 0xEC, 0x0F, 0x85, 0x33, 0xD5, 0xE8, 0x84, 0x83, 0x5A, 0xA5,
    0x20, 0x39, 0xDE, 0x6E, 0x90, 0xB8, 0x1F, 0x53, 0xBF, 0xFF, 0x43, 0xDE, 0x9A, 0x13, 0xE3, 0x0D,
    0x21, 0x3E, 0x3B, 0x58, 0x92, 0x88, 0x19, 0xDB, 0x09, 0x58, 0x1B, 0x94, 0x2B, 0x16, 0xF4, 0x3D,
    0xDB, 0x96, 0x08, 0x43, 0xA4, 0xE6, 0xA0, 0x71, 0x5F, 0xA7, 0x8F, 0x56, 0x84, 0xFD, 0xFA, 0x5A,
    0xFD, 0x31, 0xE1, 0xDE, 0x4B, 0xF5, 0xF7, 0x1C, 0x9C, 0xC7, 0x3E, 0x7A, 0x19, 0xF0, 0x52, 0xFB,
    0x0C, 0x10, 0x56, 0x8C, 0x14, 0xF7, 0x7D, 0x63, 0xFB, 0x3D, 0xBE, 0xBF, 0x78, 0xD9, 0x7E, 0x8D,
    0xF7, 0x9A, 0xED, 0xD7, 0x2F, 0xB2, 0xDE, 0xE1, 0xCF, 0xDA, 0x92, 0x14, 0x9B, 0x33, 0x60, 0x08,
    0xDE, 0xE0, 0x5D, 0xC8, 0x8C, 0xA6, 0x3F, 0x9B, 0x26, 0xCD, 0xD6, 0xE8, 0x04, 0xA4, 0xF1, 0xBA,
    0x38, 0x7B, 0x5E, 0x3F, 0x43, 0x81, 0xF4, 0x34, 0x3A, 0xF6, 0xB4, 0xA4, 0x85, 0xEF, 0xD7, 0x95,
    0xCF, 0x12, 0xFC, 0xDE, 0x76, 0xE5, 0xDF, 0x80, 0x08, 0xBF, 0x63, 0x2A, 0x9F, 0x93, 0x2C, 0xDE,
    0xE6, 0x80, 0x0B, 0x13, 0x0D, 0x9C, 0x5E, 0xFE, 0xC6, 0xF6, 0x9F, 0xFE, 0x43, 0x49, 0xF8, 0x47,
    0x03, 0xA0, 0x95, 0xE8, 0x50, 0xD2, 0xE4, 0xF2, 0x9B, 0xAC, 0xAB, 0xD3, 0x9C, 0x9F, 0xE3, 0xE9,
    0x81, 0x31, 0xE7, 0x06, 0x9A, 0x65, 0xAD, 0x6F, 0x24, 0xBD, 0x7A, 0xA3, 0x52, 0x11, 0x1F, 0xFC,
    0x32, 0xD2, 0x3D, 0xBB, 0xF5, 0x8D, 0x2B, 0x2B, 0xDB, 0x35, 0x22, 0x0D, 0xF8, 0x59, 0xB5, 0x09,
    0xC6, 0xFC, 0xF4, 0xFF, 0x57, 0xDE, 0x27, 0xB3, 0x2F, 0x76, 0xC4, 0xC1, 0x6E, 0xBB, 0xF2, 0xAF,
    0xBF, 0x92, 0x1D, 0x56, 0xD3, 0xD7, 0xCC, 0xE9, 0x95, 0x74, 0x66, 0x0B, 0xA4, 0x45, 0x69, 0xBB,
    0xD5, 0x3E, 0x47, 0x93, 0xFA, 0x5C, 0x82, 0x95, 0x74, 0x9D, 0xDD, 0x46, 0x8F, 0xC2, 0x68, 0x01,
    0x5B, 0x0B, 0xB8, 0xA9, 0xD8, 0x53, 0x84, 0xF7, 0x33, 0x21, 0xA7, 0x15, 0xF9, 0x88, 0xA4, 0xF5,
    0x9C, 0x6A, 0xF7, 0x69, 0xD2, 0x8C, 0x69, 0x62, 0xB5, 0xCF, 0x26, 0xCD, 0x5A, 0xDD, 0x54, 0x9F,
    0x9F, 0x71, 0x57, 0x9D, 0x41, 0x66, 0xEE, 0x21, 0x7D, 0x1D, 0xAA, 0x1D, 0x98, 0x96, 0x7B, 0x5A,
    0x63, 0xE5, 0x55, 0xEB, 0x9B, 0x2C, 0x26, 0x23, 0xDD, 0x54, 0x35, 0xCD, 0x67, 0x23, 0x47, 0x56,
    0xCE, 0xE0, 0xAD, 0xF6, 0x2B, 0x8C, 0x25, 0x1B, 0x23, 0xEE, 0x1E, 0x17, 0xEF, 0x77, 0x67, 0xEF,
    0xA1, 0x49, 0x45, 0xD3, 0xA3, 0xEA, 0x21, 0x24, 0x6D, 0x35, 0x59, 0xAC, 0xAF, 0xBD, 0xAE, 0xA3,
    0xE5, 0x3A, 0x46, 0xA2, 0x1F, 0x6F, 0x83, 0x11, 0xA3, 0x04, 0x17, 0xA7, 0x1D, 0xCD, 0x92, 0x3A,
    0x41, 0xDD, 0x4C, 0xBA, 0x23, 0x79, 0xB6, 0x80, 0xFD, 0x44, 0x10, 0xC1, 0xC1, 0x84, 0xCE, 0xEF,
    0x4B, 0x46, 0xE4, 0x3E, 0x04, 0x36, 0x06, 0x51, 0x02, 0x84, 0x05, 0x1E, 0x88, 0xA0, 0x0B, 0x24,
    0x7F, 0x45, 0x56, 0x78, 0x42, 0x84, 0x34, 0xC4, 0xC0, 0x14, 0x1B, 0x83, 0xA5, 0x9D, 0xE5, 0xC9,
    0x7B, 0x32, 0x1E, 0x4C, 0x22, 0x7B, 0x78, 0x7D, 0x75, 0x1C, 0xA4, 0x16, 0x55, 0xEB, 0xC2, 0xB8,
    0x73, 0x3B, 0xE4, 0x9C, 0x5B, 0x84, 0xA1, 0xD4, 0xAF, 0xF9, 0xC8, 0xF6, 0x55, 0xFE, 0x6C, 0x64,
    0x5B, 0x99, 0x26, 0xEB, 0xCE, 0x18, 0x63, 0xC5, 0x91, 0x5C, 0xEF, 0x95, 0x82, 0xE1, 0x40, 0xB0,
    0x2F, 0xF7, 0x23, 0xAE, 0x8E, 0x31, 0xCA, 0x05, 0x83, 0xE9, 0xF3, 0xF4, 0xFA, 0xAE, 0xBD, 0x5F,
    0xAE, 0xDF, 0x9B, 0x19, 0x5C, 0xAC, 0x87, 0x8C, 0xF7, 0xB3, 0x93, 0xFA, 0x6A, 0xEC, 0xB3, 0xB9,
    0x4D, 0x7D, 0x1F, 0x56, 0x8C, 0x6E, 0x8B, 0x91, 0xD6, 0x97, 0xF1, 0xA5, 0xB4, 0x79, 0xFC, 0xE5,
    0xFA, 0x7A, 0x1B, 0xE7, 0x5D, 0xEE, 0xC7, 0xA6, 0x69, 0x7C, 0x5A, 0x32, 0x06, 0xE7, 0x76, 0x19,
    0xE3, 0x28, 0x4A, 0x81, 0xC3, 0xC8, 0xCF, 0x51, 0xCF, 0x22, 0x72, 0x2B, 0xD4, 0x6F, 0x10, 0x99,
    0x5D, 0xC2, 0x6E, 0x12, 0x99, 0x88, 0xEE, 0x03, 0x35, 0x48, 0x40, 0x9F, 0x8F, 0x1D, 0xF9, 0xFC,
    0xDB, 0xD6, 0xB7, 0x79, 0xE7, 0xE3, 0xF9, 0xB8, 0x8E, 0x93, 0xB5, 0x39, 0xD4, 0x7A, 0x4D, 0x70,
    0x19, 0x31, 0x5F, 0x87, 0x94, 0xC3, 0xE2, 0x50, 0xCD, 0xA0, 0x0A, 0xA4, 0x33, 0xE5, 0xE4, 0xF3,
    0xC1, 0xF1, 0xDF, 0x32, 0xA1, 0x96, 0xB3, 0xB8, 0x26, 0xF8, 0xC8, 0x48, 0x30, 0xA8, 0x0E, 0x79,
    0xDE, 0x1D, 0x8E, 0xE7, 0x85, 0xFE, 0x3D, 0x4C, 0xFB, 0xF9, 0x88, 0x62, 0x74, 0x28, 0xCA, 0x38,
    0x9E, 0xE2, 0x51, 0xE5, 0x26, 0x88, 0x35, 0x7C, 0x16, 0xE1, 0xDA, 0x76, 0x7B, 0x74, 0x8B, 0x85,
    0xEB, 0xF2, 0x83, 0x5A, 0xD6, 0x96, 0xD2, 0xE1, 0x03, 0xEB, 0xCA, 0x1C, 0x7D, 0xBE, 0xA3, 0xFA,
    0xCE, 0x6B, 0x79, 0x03, 0xD5, 0xEE, 0x06, 0x13, 0x2D, 0xEF, 0x9A, 0x96, 0x3B, 0x1C, 0x91, 0x13,
    0x92, 0xA4, 0x5E, 0x04, 0x28, 0x43, 0x0A, 0x9E, 0x20, 0xEF, 0x16, 0x26, 0x08, 0xC6, 0x04, 0x28,
    0x5A, 0x5D, 0xFA, 0x5E, 0xCF, 0x9B, 0x37, 0x09, 0x57, 0x11, 0xE2, 0x33, 0xD3, 0x9E, 0x9C, 0x04,
    0xE0, 0x90, 0xFA, 0xCA, 0x3C, 0x4D, 0x8E, 0xAA, 0xC7, 0xD3, 0x47, 0xD1, 0x2B, 0x1D, 0xCF, 0xEB,
    0xCC, 0x89, 0x07, 0x84, 0x12, 0x83, 0xBF, 0xCE, 0x32, 0x18, 0x90, 0xA5, 0x77, 0xC2, 0xBE, 0x20,
    0x67, 0x58, 0x20, 0x0C, 0x6B, 0xA4, 0x6D, 0x4A, 0xD7, 0xBB, 0xFE, 0x60, 0x0F, 0xE5, 0x1E, 0x72,
    0xFF, 0x50, 0x72, 0x79, 0xC8, 0xDE, 0x7C, 0x3D, 0x78, 0xCF, 0x74, 0xDD, 0xA9, 0x07, 0xFD, 0x8F,
    0x09, 0xFB, 0x23, 0x12, 0x34, 0x7F, 0x4A, 0xF8, 0xB5, 0x2D, 0xF3, 0xE8, 0x4B, 0xE9, 0xFA, 0x31,
    0xE4, 0x7A, 0xE7, 0xF2, 0xE7, 0x2A, 0x41, 0x0E, 0x88, 0x92, 0x9D, 0x5A, 0x09, 0xDD, 0x7A, 0x5F,
    0xCE, 0x3F, 0x42, 0x72, 0x2F, 0x9F, 0x5F, 0xA9, 0x73, 0x29, 0xB7, 0x92, 0x09, 0x1E, 0x3A, 0x7F,
    0x17, 0xE8, 0x15, 0xFD, 0xC9, 0x0F, 0x73, 0xC9, 0x9C, 0x2A, 0xCB, 0x44, 0xB9, 0x10, 0xCD, 0x6B,
    0x11, 0x4B, 0x76, 0x50, 0x63, 0xD5, 0xF7, 0x34, 0xB6, 0x8E, 0x0D, 0x80, 0xE0, 0xBA, 0x67, 0xF7,
    0x28, 0x0D, 0x32, 0x8D, 0xC0, 0x97, 0xAD, 0x39, 0xE1, 0xF6, 0xE0, 0x0D, 0xC4, 0xB5, 0x18, 0xDE,
    0x2F, 0x8D, 0x9A, 0xF5, 0x50, 0x59, 0xA4, 0xD8, 0x8F, 0xE4, 0xFC, 0xBA, 0xE2, 0x31, 0x45, 0x73,
    0xD7, 0x88, 0x18, 0x82, 0xF6, 0x86, 0x89, 0xD4, 0xB9, 0xCD, 0xE2, 0x23, 0x33, 0x32, 0x86, 0x4D,
    0x61, 0x33, 0x8F, 0x6B, 0x47, 0x63, 0x43, 0xB2, 0xE7, 0x55, 0xDD, 0xBC, 0x5F, 0x0F, 0xD7, 0x90,
    0x10, 0x1F, 0xE8, 0xD4, 0xBF, 0xCA, 0x8F, 0xEF, 0x9E, 0x5E, 0x8B, 0x46, 0x9C, 0x5D, 0x2F, 0xAA,
    0x2B, 0xC6, 0x6E, 0xC5, 0xE8, 0xD7, 0x09, 0x63, 0x30, 0xE6, 0x00, 0xB1, 0xCE, 0xEA, 0x1A, 0xE2,
    0xBB, 0xE5, 0x3E, 0xB3, 0xB8, 0xA4, 0xD8, 0x23, 0x24, 0x9E, 0xB0, 0x4B, 0xF7, 0xAF, 0xEA, 0xCC,
    0xA9, 0x73, 0xC2, 0x3F, 0x33, 0xE7, 0x46, 0xF2, 0x1E, 0x34, 0x78, 0xA0, 0x1E, 0x7A, 0x7E, 0x53,
    0xB2, 0x03, 0xAE, 0x6B, 0x96, 0x40, 0xEB, 0xF5, 0x08, 0x65, 0x51, 0x78, 0xA9, 0xFD, 0x72, 0x69,
    0x26, 0x31, 0x03, 0xAC, 0xE8, 0x4B, 0x27, 0x32, 0xD5, 0xBA, 0x91, 0xD4, 0x1C, 0xEB, 0x9A, 0x2D,
    0x75, 0xDD, 0x11, 0x1F, 0xC0, 0x75, 0xF1, 0x3B, 0x62, 0xEC, 0xCB, 0x9D, 0xD9, 0xD2, 0xB1, 0x2E,
    0x3C, 0x6F, 0x97, 0x24, 0x73, 0x30, 0xC1, 0xDD, 0x7A, 0xC8, 0x59, 0x25, 0x4E, 0xEE, 0x5D, 0x89,
    0x72, 0xB9, 0x9F, 0x38, 0x11, 0xAE, 0xEB, 0xF6, 0x81, 0xEB, 0xE6, 0x58, 0xF8, 0xE2, 0xCF, 0xD8,
    0x8F, 0x7C, 0xAD, 0xF1, 0x01, 0x63, 0x33, 0x78, 0x8B, 0x71, 0x18, 0xB8, 0x40, 0xA7, 0x88, 0x18,
    0xBD, 0xBC, 0xC9, 0x18, 0x64, 0x3D, 0x6A, 0x97, 0xF5, 0xFF, 0xBA, 0x8B, 0xE8, 0x0C, 0x13, 0x8F,
    0x86, 0xC8, 0x24, 0xE4, 0xD4, 0x65, 0x01, 0x1F, 0xE3, 0x73, 0xE3, 0x84, 0x75, 0xA3, 0x88, 0xC7,
    0xC5, 0x3E, 0x40, 0x5F, 0x35, 0x93, 0xED, 0xF6, 0xDC, 0x42, 0x14, 0xBC, 0xC1, 0x40, 0xCC, 0x78,
    0x5D, 0xCD, 0x4D, 0x24, 0x81, 0xCE, 0x10, 0x9F, 0x97, 0x37, 0xA4, 0x9F, 0x9F, 0x56, 0xD9, 0xF2,
    0xEE, 0x7E, 0x1F, 0x01, 0x76, 0xEB, 0x31, 0x62, 0x5F, 0x69, 0x76, 0x0B, 0x1E, 0xBF, 0xD8, 0x8E,
    0xF4, 0x7C, 0x64, 0x5A, 0xD4, 0x90, 0x40, 0xF8, 0xE1, 0xCC, 0xA2, 0x3D, 0x7F, 0x28, 0xAE, 0x08,
    0xB6, 0xFA, 0x82, 0xB1, 0xDC, 0x77, 0xA5, 0x1E, 0x30, 0x76, 0x47, 0x52, 0xAE, 0x9F, 0x0A, 0x3E,
    0x6F, 0xF4, 0xBA, 0x03, 0xA8, 0x31, 0x29, 0x13, 0x3C, 0x2E, 0xBB, 0x23, 0x52, 0x7D, 0x1F, 0x50,
    0xDD, 0x49, 0xA4, 0xD8, 0x54, 0xEC, 0xCD, 0xEB, 0x56, 0x60, 0xAD, 0xBA, 0x4C, 0xE8, 0x71, 0xBF,
    0x75, 0x20, 0x08, 0x5F, 0x2D, 0x68, 0x3C, 0x23, 0xEF, 0x34, 0xF0, 0x22, 0xB4, 0x80, 0xC7, 0x77,
    0xE1, 0xBA, 0x01, 0x2D, 0x97, 0x57, 0xA4, 0x92, 0x65, 0xF2, 0xE7, 0xA5, 0xA0, 0x61, 0x9D, 0x1D,
    0x9E, 0x93, 0x0A, 0xFA, 0xB9, 0xA0, 0x53, 0x0A, 0x9A, 0x57, 0x3D, 0x41, 0xF7, 0x17, 0x39, 0x12,
    0x22, 0x99, 0xE8, 0x57, 0x03, 0xB3, 0x89, 0x9D, 0x3B, 0x5E, 0x1C, 0x80, 0xCB, 0x0A, 0x4B, 0xE4,
    0x66, 0x4B, 0x9D, 0x3A, 0xF5, 0xB2, 0xA8, 0x42, 0x94, 0x81, 0x97, 0xF5, 0x53, 0xD9, 0x36, 0xEE,
    0x94, 0x44, 0x90, 0x59, 0x05, 0xE7, 0x9C, 0xD9, 0xD6, 0xD5, 0x44, 0xB2, 0xAE, 0xA6, 0x5D, 0x77,
    0x40, 0x86, 0xA6, 0xE3, 0x5B, 0x51, 0x92, 0x47, 0x2B, 0x0E, 0x69, 0xBC, 0x4B, 0xB2, 0xE7, 0x75,
    0xB5, 0xEE, 0xAE, 0xAB, 0x7D, 0x7E, 0x5D, 0xBD, 0x90, 0x90, 0x37, 0x95, 0xC7, 0xF9, 0x90, 0xC7,
    0x3B, 0x8D, 0x6F, 0x13, 0xFF, 0x4A, 0xCE, 0xD7, 0x9F, 0xF2, 0xBC, 0xF0, 0xFE, 0xF0, 0x2B, 0x8E,
    0x83, 0x08, 0x7E, 0x95, 0x73, 0x5C, 0x44, 0xF7, 0xDB, 0x88, 0x55, 0x5A, 0x77, 0xC7, 0x1E, 0x76,
    0x49, 0x5D, 0x0F, 0x91, 0x9B, 0x61, 0x88, 0x3D, 0x81, 0x3D, 0xEC, 0xE5, 0xB9, 0xEE, 0x80, 0x82,
    0x1E, 0x33, 0xEB, 0x0F, 0x0B, 0x25, 0x6D, 0x8D, 0x04, 0xFB, 0x82, 0x21, 0x67, 0x0E, 0xE2, 0x90,
    0x03, 0x23, 0x19, 0xEE, 0x04, 0x8F, 0xCD, 0x9A, 0x29, 0x3E, 0x03, 0x99, 0xDE, 0x9E, 0x50, 0x9F,
    0xA1, 0x75, 0x6D, 0xAD, 0xA3, 0xF1, 0xF8, 0x2B, 0xD7, 0xDB, 0xC0, 0x3E, 0x6B, 0xC7, 0x15, 0x51,
    0x5F, 0xF8, 0xEE, 0x5B, 0x24, 0x3A, 0xC6, 0x28, 0xD7, 0x1D, 0x81, 0x29, 0xD0, 0x81, 0xD3, 0xD8,
    0x15, 0xA1, 0x23, 0x68, 0x67, 0x67, 0xBB, 0x3F, 0xDE, 0xA6, 0xCF, 0xF7, 0x48, 0x6A, 0xB0, 0xE6,
    0xD0, 0x44, 0x18, 0x70, 0xDD, 0xA1, 0x69, 0xE9, 0x5E, 0xEE, 0xD8, 0x45, 0x0F, 0x7E, 0x5C, 0x43,
    0x9A, 0xAE, 0xD4, 0xC9, 0x6E, 0x49, 0x2F, 0xF6, 0x3C, 0x96, 0x01, 0x59, 0x72, 0xC2, 0x8C, 0xB7,
    0x57, 0x02, 0xF5, 0x41, 0xFF, 0xC2, 0xAD, 0x0F, 0x4E, 0x60, 0xD0, 0x6D, 0x62, 0x33, 0x34, 0xDE,
    0x79, 0x8D, 0x5A, 0xEB, 0x1E, 0x33, 0x75, 0x75, 0x6D, 0xA4, 0x2B, 0x6C, 0xEB, 0xF7, 0x53, 0x48,
    0xDF, 0xD8, 0x05, 0x7C, 0xA5, 0xBF, 0xBD, 0x9F, 0x12, 0x72, 0xFE, 0xC2, 0xDB, 0x20, 0x66, 0x4D,
    0x41, 0x18, 0x2B, 0xD2, 0xBC, 0xBE, 0xB5, 0x51, 0x72, 0x38, 0xBE, 0x94, 0xEB, 0x28, 0x62, 0x37,
    0x59, 0xBA, 0x3F, 0x8D, 0x11, 0x46, 0x1F, 0x41, 0x15, 0xCB, 0x67, 0xD3, 0x28, 0xE3, 0x3C, 0x73,
    0x29, 0xCD, 0xB5, 0xAB, 0x99, 0x7F, 0xEB, 0x60, 0xE4, 0x44, 0x1B, 0x7B, 0x89, 0x9E, 0x9E, 0x58,
    0x5B, 0x26, 0xF8, 0x19, 0xB9, 0xEC, 0x0F, 0xDD, 0x95, 0x47, 0xBD, 0x4B, 0x27, 0xCA, 0xE0, 0xD6,
    0x83, 0xE2, 0x7D, 0xD4, 0xDA, 0x14, 0x5C, 0x0B, 0x53, 0x41, 0xA8, 0x81, 0x80, 0xCE, 0xC0, 0xEC,
    0x68, 0xBF, 0xEC, 0x78, 0x16, 0x3F, 0x21, 0x4E, 0xEB, 0x74, 0x4C, 0x6B, 0x15, 0x08, 0x43, 0x5C,
    0xFF, 0x0E, 0xB9, 0xC5, 0xCC, 0xF1, 0xD1, 0x7F, 0xCE, 0x48, 0xE7, 0x81, 0x97, 0xB9, 0x3C, 0x72,
    0xAC, 0x01, 0x91, 0x43, 0x8A, 0xBE, 0x0F, 0x03, 0x2F, 0x13, 0xFC, 0x3A, 0x70, 0x10, 0x06, 0x2F,
    0xA5, 0x82, 0xDF, 0x37, 0x8C, 0xFE, 0x9F, 0x32, 0x3E, 0x01, 0xCB, 0xC2, 0xCE, 0xDF, 0xCE, 0x9E,
    0x80, 0xA2, 0xA4, 0xFF, 0x37, 0xD9, 0x1A, 0xB2, 0xC1, 0xD6, 0x7F, 0xC8, 0x5A, 0x88, 0x50, 0x19,
    0x7F, 0xE3, 0x9D, 0x51, 0x90, 0x9F, 0xE8, 0x0E, 0x82, 0x97, 0xAA, 0xA8, 0x78, 0xE6, 0xAB, 0x78,
    0xE8, 0x5E, 0xB9, 0xCE, 0x6E, 0xF2, 0x15, 0x36, 0x47, 0xDB, 0xA4, 0x79, 0x77, 0xB1, 0x83, 0x49,
    0xD9, 0xE5, 0x3D, 0x86, 0x4A, 0x49, 0x76, 0x4E, 0x5D, 0xBD, 0xA4, 0xEB, 0xF5, 0xE5, 0x7B, 0x94,
    0x7E, 0x35, 0x19, 0x9D, 0x42, 0xFC, 0xFC, 0x25, 0xC3, 0x7B, 0x47, 0xB7, 0x09, 0x85, 0xFF, 0x76,
    0x83, 0x3F, 0x07, 0xB2, 0x57, 0xB1, 0xE4, 0x1E, 0x22, 0x7A, 0xD6, 0x6D, 0x9F, 0x6B, 0x6F, 0x10,
    0xD6, 0x5C, 0xEF, 0xDD, 0x33, 0xB5, 0xC4, 0x0B, 0xF8, 0x9F, 0x0A, 0x36, 0xBE, 0x7F, 0xE9, 0x5C,
    0x3B, 0x31, 0x1D, 0x97, 0xD3, 0x0D, 0x62, 0x1B, 0x4B, 0x8B, 0x1A, 0x57, 0xB0, 0x80, 0x4B, 0x8A,
    0xBB, 0x52, 0xAE, 0x3B, 0x62, 0xA4, 0xF5, 0x3A, 0xA4, 0xE7, 0x24, 0xB4, 0x5E, 0xF3, 0x79, 0x6C,
    0x64, 0x0F, 0xFC, 0xAA, 0xD1, 0xEB, 0x66, 0x50, 0xBD, 0xDB, 0x26, 0xA8, 0x39, 0xB3, 0x6C, 0xC8,
    0xDB, 0xEA, 0x9C, 0x0E, 0xF4, 0x35, 0x35, 0xF7, 0xEC, 0xE8, 0xFC, 0xDF, 0x31, 0x6F, 0x5C, 0xDD,
    0xDF, 0x46, 0xBF, 0x8B, 0xD6, 0x73, 0x87, 0xF7, 0x39, 0xC1, 0x67, 0x2F, 0x83, 0xFA, 0x73, 0x87,
    0x88, 0xB3, 0xCB, 0xE8, 0x20, 0xC9, 0x4F, 0xB7, 0xFE, 0xCD, 0xCB, 0x37, 0x5F, 0xB9, 0xBE, 0xD1,
    0xAD, 0x7F, 0xC7, 0xEB, 0xF4, 0xC9, 0xF1, 0xFF, 0x22, 0xFC, 0x9B, 0x8D, 0x85, 0xD8, 0xD1, 0x94,
    0xDD, 0x3B, 0x9A, 0xB1, 0x7B, 0xBA, 0x17, 0xFD, 0xBA, 0x62, 0x4B, 0xF6, 0x7A, 0x9F, 0x9C, 0x5F,
    0x9F, 0x3F, 0xFF, 0x9A, 0x7C, 0xDF, 0x67, 0xC7, 0x3D, 0xEA, 0xF7, 0xD2, 0x60, 0xC7, 0xC3, 0x73,
    0x08, 0x53, 0x95, 0x76, 0x70, 0x8A, 0x90, 0x5D, 0xA4, 0x3C, 0xC2, 0xF3, 0x6C, 0xC4, 0x08, 0xD9,
    0x63, 0x2A, 0x4E, 0x43, 0xBC, 0xC5, 0xA3, 0x48, 0xF8, 0x01, 0x33, 0x73, 0x2E, 0x39, 0x15, 0xEF,
    0x35, 0x0B, 0xF5, 0x6F, 0x18, 0x5C, 0xB6, 0x23, 0xD9, 0x0A, 0x08, 0x79, 0x1F, 0x03, 0xF6, 0xD6,
    0xF3, 0xA4, 0x9E, 0xDC, 0xFF, 0x32, 0xEE, 0xA9, 0x3D, 0xDC, 0xFD, 0xAB, 0x50, 0x03, 0xEE, 0xB8,
    0x03, 0x77, 0xE0, 0x65, 0x71, 0xFD, 0xDB, 0x3F, 0xFF, 0xDA, 0xE0, 0x77, 0xC0, 0x9F, 0xFF, 0xE8,
    0x67, 0xBF, 0xCA, 0x8E, 0x8F, 0xFE, 0xF1, 0xE0, 0x2F, 0x7F, 0xF1, 0x63, 0x3E, 0xFF, 0xDB, 0x3F,
    0x7F, 0x91, 0xF1, 0xBF, 0xFA, 0x37, 0xDE, 0xA4, 0xFC, 0xCC, 0x7D, 0x6C, 0xFB, 0xDA, 0x76, 0xB2,
    0x18, 0xEB, 0x5E, 0xDF, 0x8A, 0x4F, 0x8A, 0x48, 0xD3, 0x2F, 0x19, 0xA9, 0xFE, 0x2D, 0x68, 0x35,
    0xA3, 0x71, 0xC2, 0xE7, 0xBB, 0x03, 0x24, 0x4F, 0xDA, 0xC3, 0x38, 0x68, 0x6A, 0x62, 0x67, 0x8B,
    0xB1, 0x7A, 0x65, 0x5B, 0xB4, 0xDF, 0x3F, 0xAC, 0x89, 0xA0, 0xBF, 0xD4, 0x98, 0x73, 0xEB, 0x1D,
    0xFA, 0xEF, 0x31, 0xB6, 0xF9, 0x4E, 0xBC, 0xFE, 0x52, 0xCD, 0x6D, 0x92, 0x29, 0xEA, 0xFA, 0xAE,
    0x64, 0xFD, 0x51, 0x31, 0x73, 0x7C, 0x8B, 0xD7, 0xF7, 0xAF, 0xF4, 0xB1, 0x5C, 0xAD, 0xF4, 0x25,
    0xBF, 0x3D, 0x95, 0xFF, 0x94, 0x63, 0xBB, 0x7F, 0xF0, 0xB9, 0xDF, 0x23, 0x38, 0x82, 0xCE, 0x7E,
    0x3E, 0xAF, 0xD9, 0xCF, 0xC0, 0xC5, 0x18, 0x74, 0x77, 0x9A, 0xEB, 0x60, 0x62, 0x58, 0x2D, 0x0E,
    0x41, 0x5F, 0xBD, 0x68, 0xFC, 0x49, 0x24, 0xC2, 0xE1, 0xE5, 0x68, 0xD6, 0xC3, 0x1F, 0x6E, 0x4B,
    0xBD, 0x53, 0x72, 0xB5, 0x86, 0x1F, 0x74, 0xA3, 0x8B, 0x6D, 0x4E, 0x13, 0xC5, 0x96, 0xE6, 0xB8,
    0x3D, 0x0A, 0x9B, 0x8A, 0x31, 0x87, 0xA6, 0x65, 0xDA, 0x60, 0x19, 0x6C, 0x76, 0xD4, 0x54, 0x12,
    0x23, 0xCD, 0xDB, 0x59, 0x1F, 0xE6, 0xDB, 0x38, 0xB3, 0xD5, 0x4E, 0x36, 0xEF, 0x60, 0x37, 0xC9,
    0x35, 0xB6, 0x9A, 0x88, 0x8D, 0x59, 0x23, 0x48, 0xC0, 0xDA, 0x31, 0x86, 0xBA, 0x5D, 0x41, 0xA8,
    0xF7, 0x8C, 0xB6, 0xDF, 0x63, 0xA4, 0xF7, 0x66, 0xBC, 0xB8, 0xBD, 0xC7, 0xD8, 0x33, 0x2D, 0xF7,
    0x16, 0xF3, 0x70, 0x4D, 0x64, 0x5B, 0x71, 0x2A, 0xEC, 0xE7, 0x95, 0xC1, 0x78, 0xDB, 0x73, 0xFF,
    0x86, 0x8D, 0xB7, 0x43, 0xF7, 0x37, 0x15, 0x52, 0x74, 0x57, 0x6E, 0x41, 0x12, 0xF8, 0x9F, 0x12,
    0x57, 0x5A, 0x44, 0x49, 0x14, 0x20, 0xF3, 0x54, 0x90, 0xB5, 0x82, 0x17, 0x91, 0x79, 0xAA, 0xB8,
    0xC7, 0xFF, 0x10, 0xB9, 0xA8, 0x72, 0xE3, 0x7D, 0x94, 0xE9, 0xEE, 0x08, 0x89, 0xD4, 0xA5, 0xD6,
    0x3A, 0xED, 0x69, 0x08, 0xA1, 0x7E, 0xEF, 0xD5, 0x03, 0x79, 0xDF, 0x3F, 0xAF, 0xD8, 0x7F, 0x2A,
    0x7E, 0x8B, 0x07, 0xAF, 0x33, 0x26, 0x4E, 0x9E, 0x5A, 0xDD, 0x97, 0xF4, 0xFB, 0x43, 0x84, 0x66,
    0x9C, 0x83, 0x4B, 0x2E, 0x7A, 0xE2, 0xE5, 0xED, 0xCB, 0x87, 0x6C, 0xE2, 0x30, 0xB1, 0xEF, 0x7A,
    0xD6, 0xCC, 0xE3, 0xDB, 0x10, 0xBC, 0xC8, 0xA6, 0x11, 0xEB, 0xEB, 0x01, 0x1C, 0x06, 0xF9, 0x6C,
    0x58, 0xEB, 0xF6, 0xB8, 0xFD, 0xEF, 0x0F, 0x0C, 0x1B, 0x4F, 0x46, 0x5E, 0xC5, 0x89, 0x16, 0x88,
    0xE8, 0xF7, 0xFB, 0xB6, 0xB5, 0xD5, 0x6B, 0x1E, 0xCE, 0xF1, 0x9A, 0x77, 0x0D, 0x0C, 0x27, 0xFC,
    0x55, 0x07, 0x4E, 0xBF, 0xFE, 0x6B, 0x4E, 0xF7, 0x47, 0x3C, 0x19, 0x2D, 0x81, 0xCC, 0xBA, 0x38,
    0x3D, 0xB3, 0x1C, 0x6A, 0x72, 0xA2, 0xC9, 0xB6, 0xDA, 0xB4, 0x20, 0x9D, 0xB9, 0xC9, 0x86, 0x19,
    0x4E, 0xBE, 0xD7, 0x9A, 0x3B, 0x98, 0x9C, 0x9A, 0x14, 0xBE, 0x41, 0xE3, 0x64, 0xEF, 0xF0, 0xC2,
    0x93, 0x83, 0x6D, 0x5B, 0x66, 0x72, 0x15, 0x26, 0xC3, 0x9E, 0x5D, 0xEC, 0x9E, 0x9E, 0xF5, 0xA9,
    0xCC, 0xE7, 0x67, 0x13, 0x7B, 0x75, 0x6E, 0xA7, 0x93, 0xF1, 0x3B, 0x92, 0x71, 0x6E, 0xC7, 0x5B,
    0x78, 0x5D, 0xD8, 0xA4, 0xF8, 0x25, 0x21, 0x67, 0x8F, 0x61, 0x17, 0x45, 0x58, 0x97, 0x59, 0x64,
    0x00, 0x5E, 0xD7, 0xCF, 0x4A, 0xEE, 0x3E, 0xEB, 0xFC, 0xF2, 0xB9, 0x4B, 0x42, 0x0E, 0x6C, 0xD8,
    0xCF, 0x98, 0xCE, 0xA7, 0x3A, 0xA1, 0xE1, 0x15, 0x79, 0xB3, 0xDD, 0x3E, 0x37, 0x60, 0x8B, 0x1D,
    0x04, 0xE3, 0x46, 0x15, 0x27, 0xE8, 0x24, 0x6F, 0xE0, 0x97, 0x22, 0x18, 0x6B, 0x46, 0x22, 0x84,
    0x6E, 0x00, 0x57, 0xEA, 0x71, 0x7F, 0xFC, 0x3D, 0x8C, 0x89, 0xAD, 0x15, 0xD0, 0x9D, 0x31, 0x72,
    0x3F, 0xF4, 0x8B, 0xBF, 0xA3, 0x84, 0x6F, 0x59, 0x43, 0x4C, 0xC3, 0x49, 0x48, 0x06, 0xD3, 0xC9,
    0xAD, 0x49, 0x44, 0xFF, 0x71, 0x64, 0x0F, 0x3E, 0x7D, 0xD0, 0xFB, 0x69, 0x7D, 0xD1, 0x3B, 0x0A,
    0xCD, 0x34, 0xF3, 0x7D, 0x53, 0xBD, 0xAD, 0x26, 0xD7, 0xE9, 0x67, 0x7B, 0xBE, 0xA5, 0xE5, 0xE3,
    0xC5, 0x65, 0xA0, 0x7B, 0x89, 0x83, 0x86, 0x5C, 0xF5, 0xE2, 0x09, 0x91, 0x3B, 0x04, 0x11, 0x7E,
    0x7B, 0xB2, 0x0F, 0x72, 0x29, 0xEC, 0x7A, 0x94, 0x34, 0x2A, 0x75, 0x1F, 0xD3, 0x10, 0x15, 0xAD,
    0x2F, 0x01, 0x08, 0xF6, 0xB7, 0xA8, 0xBE, 0xBE, 0xAD, 0xEF, 0xA3, 0x75, 0x25, 0xF5, 0xE5, 0x99,
    0x63, 0x59, 0x78, 0x25, 0x78, 0x0B, 0x74, 0x20, 0x58, 0xA0, 0x03, 0x76, 0xFE, 0x13, 0xB2, 0xF7,
    0xE3, 0x5E, 0xBB, 0xEB, 0x4A, 0xB2, 0x1A, 0xDE, 0xEC, 0x88, 0x58, 0x81, 0x18, 0x48, 0xE3, 0x81,
    0xE9, 0x42, 0x83, 0xC4, 0x0D, 0xEC, 0x58, 0x09, 0xC7, 0x07, 0x97, 0xC8, 0x62, 0xFC, 0x4F, 0x88,
    0x1E, 0xFC, 0x8E, 0x78, 0xCB, 0x2E, 0xE8, 0x40, 0xDF, 0x3C, 0x13, 0xFD, 0x9C, 0xE8, 0x00, 0xD2,
    0x42, 0xFE, 0x81, 0xE8, 0x00, 0xDC, 0xEB, 0x31, 0xAF, 0xB9, 0x46, 0xA0, 0x03, 0xEF, 0xA3, 0x66,
    0xAE, 0xEE, 0x39, 0x21, 0xA8, 0x6E, 0x93, 0x6E, 0x25, 0xD8, 0xD0, 0xD0, 0xE2, 0x50, 0x63, 0x7A,
    0xFB, 0xF2, 0xBE, 0x6C, 0x16, 0x2C, 0x24, 0x25, 0x22, 0x10, 0x9E, 0x00, 0xC0, 0x27, 0x66, 0x68,
    0xE4, 0x4C, 0xED, 0x0F, 0x49, 0x4E, 0x65, 0x37, 0xBB, 0x0E, 0x35, 0x94, 0xAC, 0x2F, 0x08, 0x9E,
    0x7A, 0x24, 0xB6, 0x47, 0xDE, 0x94, 0xAC, 0xD6, 0x0D, 0x7A, 0xCB, 0x5D, 0xA6, 0x07, 0x5E, 0xD2,
    0x7D, 0x6B, 0xAC, 0xEE, 0xE0, 0xA5, 0x4A, 0xC7, 0xB2, 0xA8, 0x86, 0x23, 0xD9, 0xAB, 0xA7, 0xE6,
    0x3D, 0xAE, 0xB0, 0x29, 0xD9, 0x98, 0xF5, 0xB9, 0xBC, 0x04, 0x67, 0xD1, 0xC7, 0x4C, 0x6C, 0xB2,
    0x25, 0xD6, 0xC8, 0x45, 0x42, 0xC1, 0x58, 0x1A, 0x45, 0x67, 0x23, 0xB7, 0xE3, 0xE8, 0x71, 0xF6,
    0x13, 0x8C, 0x07, 0x31, 0x84, 0x1E, 0x62, 0xCB, 0xFC, 0xA2, 0xD6, 0x07, 0x28, 0x01, 0xD3, 0x48,
    0xE9, 0x50, 0x9E, 0xBF, 0x22, 0xB1, 0x0E, 0x8F, 0x88, 0x70, 0x1E, 0xEB, 0x2C, 0x88, 0x35, 0x23,
    0xC2, 0xC3, 0x07, 0x57, 0xA6, 0x89, 0x00, 0x34, 0x99, 0xF3, 0x2C, 0x91, 0x73, 0x3E, 0xB8, 0xF6,
    0x68, 0x9A, 0x10, 0x0E, 0xFA, 0x52, 0x7B, 0x00, 0x5A, 0xA1, 0xF1, 0x13, 0x2D, 0x3B, 0x62, 0x7B,
    0xD6, 0x9B, 0xBB, 0x52, 0x47, 0x01, 0xD9, 0x11, 0x41, 0x76, 0xFA, 0xD2, 0xFC, 0x19, 0x99, 0xCB,
    0xCA, 0x0B, 0xEA, 0xE4, 0x46, 0x9E, 0xB0, 0xFC, 0x9D, 0x05, 0x3F, 0xCE, 0x1B, 0x18, 0xD7, 0x59,
    0xFC, 0x41, 0x45, 0x83, 0xAF, 0x51, 0x67, 0xF5, 0xA0, 0x45, 0x77, 0x0A, 0xFF, 0xE2, 0xC7, 0xBF,
    0x2F, 0x9E, 0xA0, 0x3B, 0xC5, 0xDF, 0xF8, 0x70, 0xC0, 0xEE, 0x2B, 0xF7, 0xFB, 0x1F, 0x24, 0x9B,
    0x8E, 0xA6, 0x0B, 0x8A, 0x3D, 0x1D, 0xB5, 0xC1, 0x4F, 0x33, 0x9B, 0x12, 0x54, 0x33, 0x18, 0xB9,
    0x9A, 0x2F, 0xCC, 0xF8, 0xF6, 0x9B, 0xEE, 0x47, 0x52, 0xD8, 0x1D, 0x8B, 0x07, 0x56, 0x76, 0xAE,
    0x94, 0x84, 0x80, 0x1F, 0xD6, 0x29, 0x93, 0x74, 0x1F, 0x1E, 0x97, 0x30, 0xB9, 0xAD, 0xBC, 0x95,
    0x58, 0x07, 0xA7, 0xBB, 0xE2, 0x67, 0x66, 0x71, 0x56, 0x59, 0x72, 0x5C, 0xBC, 0x24, 0x36, 0x16,
    0x76, 0xB7, 0x2D, 0x67, 0xBC, 0xC5, 0x74, 0x13, 0x3B, 0x73, 0x51, 0xBB, 0xB3, 0x67, 0x77, 0xD1,
    0xB9, 0xA8, 0xE1, 0x06, 0xBA, 0x1B, 0x70, 0x21, 0x9B, 0xA6, 0x37, 0x72, 0xDD, 0x15, 0x38, 0x13,
    0xF7, 0xD1, 0x28, 0x95, 0xDE, 0xEA, 0xCA, 0xF8, 0x44, 0x25, 0xBA, 0x3A, 0x8C, 0x31, 0x5E, 0x60,
    0x66, 0xC7, 0xFA, 0x84, 0x14, 0x69, 0x34, 0x39, 0x7C, 0x89, 0x6B, 0x1C, 0x48, 0x8C, 0x45, 0x58,
    0x71, 0xBA, 0x1B, 0xBA, 0xB7, 0xDD, 0x35, 0x57, 0xE9, 0x60, 0xA2, 0x7C, 0x4F, 0xE6, 0x4F, 0x73,
    0xE6, 0x06, 0x47, 0xF8, 0xF0, 0xDF, 0x11, 0x2E, 0x7A, 0xC1, 0x52, 0xBB, 0x74, 0x6F, 0x8A, 0xBC,
    0x65, 0xC3, 0x3D, 0x16, 0xEB, 0xAF, 0x9E, 0x70, 0x5E, 0x29, 0xEF, 0xE8, 0x6B, 0xBD, 0x43, 0xAD,
    0x77, 0x57, 0x72, 0xF2, 0xA0, 0xB3, 0x39, 0x94, 0xB7, 0x14, 0x75, 0x05, 0x14, 0x95, 0x60, 0x02,
    0x38, 0x6D, 0x61, 0x3D, 0xE8, 0x72, 0xDB, 0xC4, 0x43, 0xB9, 0x87, 0x6B, 0xEB, 0x79, 0xEC, 0x4E,
    0xFA, 0xF1, 0x76, 0xFD, 0xBA, 0x50, 0xAF, 0x49, 0xBF, 0x52, 0xBD, 0xCE, 0x69, 0xBD, 0x6C, 0x14,
    0x42, 0xAC, 0xF5, 0xDA, 0xB4, 0x3B, 0xD1, 0xEA, 0x8A, 0x36, 0x8C, 0xB5, 0x7F, 0x43, 0x7D, 0x37,
    0x79, 0x50, 0x23, 0x97, 0xAC, 0xAF, 0x41, 0xE6, 0x69, 0xFF, 0x0A, 0x65, 0xEA, 0xA6, 0xBC, 0x23,
    0x1F, 0xF2, 0x81, 0xF3, 0x4E, 0x82, 0xB7, 0x46, 0xAC, 0x2F, 0x0E, 0xF3, 0x6E, 0xC2, 0xF2, 0x7E,
    0x1A, 0x92, 0xF0, 0x8B, 0xFE, 0xA5, 0x9E, 0xEF, 0x0E, 0xBA, 0xBC, 0xA7, 0x63, 0x38, 0x44, 0xD1,
    0x1F, 0xD2, 0x7C, 0x9E, 0xD4, 0xDB, 0xD1, 0xFA, 0x34, 0x06, 0x76, 0x18, 0x29, 0xA6, 0xDA, 0xBC,
    0x89, 0x60, 0xAC, 0xE5, 0xBA, 0xF3, 0xB9, 0x89, 0x9C, 0x5B, 0x12, 0xDD, 0xE3, 0xA9, 0xF2, 0x97,
    0xF8, 0x4C, 0xC6, 0x50, 0xBD, 0x57, 0x23, 0x6D, 0x17, 0xE7, 0xF0, 0x76, 0xAA, 0x66, 0x72, 0x17,
    0xF5, 0xF7, 0x25, 0x75, 0x8C, 0x1D, 0xFF, 0xBB, 0x76, 0xDB, 0xA5, 0x4D, 0xDB, 0xEF, 0xD2, 0x3D,
    0xDA, 0x2E, 0x91, 0xF6, 0x7B, 0x3F, 0x61, 0x35, 0x15, 0xE2, 0x6B, 0x31, 0xA6, 0x39, 0x79, 0x72,
    0x29, 0x3B, 0x1D, 0x34, 0xEA, 0x54, 0xE2, 0xEC, 0xFB, 0xC3, 0x78, 0x4B, 0x68, 0xB9, 0xD6, 0xFB,
    0xC9, 0x59, 0xB7, 0x26, 0xB6, 0x29, 0x06, 0x5B, 0x8A, 0x23, 0x41, 0xA7, 0x3F, 0x50, 0x5B, 0x63,
    0xD1, 0x51, 0x67, 0xB7, 0xD9, 0x68, 0xEC, 0xC9, 0x1E, 0x63, 0x75, 0xA2, 0x1E, 0xA1, 0xB2, 0x57,
    0x1F, 0xDE, 0xA3, 0xA7, 0xE4, 0xAF, 0xD2, 0x26, 0x9E, 0x75, 0xB8, 0x47, 0xC6, 0xA2, 0xF1, 0x7C,
    0xCE, 0xA6, 0xAB, 0x5A, 0xEF, 0x89, 0xF7, 0x9C, 0xE5, 0xB0, 0xB4, 0xBD, 0x62, 0x8D, 0x38, 0xD9,
    0x8D, 0x73, 0x89, 0x77, 0xE0, 0x50, 0x62, 0xE8, 0x62, 0x38, 0x29, 0x66, 0x37, 0xE3, 0x25, 0x82,
    0x07, 0x38, 0xC9, 0xF9, 0x9C, 0x31, 0x2E, 0x1A, 0x44, 0x4C, 0xEA, 0x1A, 0x85, 0x7A, 0xD5, 0x0C,
    0x96, 0x16, 0x73, 0x7B, 0x7D, 0x06, 0x2E, 0xE6, 0xC8, 0xD6, 0xCD, 0x77, 0x13, 0x22, 0x85, 0x44,
    0x36, 0x53, 0xC9, 0x05, 0xC6, 0x8A, 0xD3, 0x84, 0xE3, 0xB7, 0x79, 0xDC, 0xA0, 0x67, 0x69, 0x1C,
    0x69, 0xFA, 0x72, 0x31, 0x5A, 0x63, 0x43, 0x83, 0x8A, 0x13, 0x2C, 0x86, 0xC9, 0xB1, 0x43, 0xE7,
    0x87, 0x9D, 0xF7, 0xBB, 0xD5, 0x5C, 0x7F, 0xBB, 0x65, 0xAC, 0x81, 0x1D, 0x22, 0xB3, 0x04, 0x03,
    0xDF, 0x46, 0xEB, 0xB0, 0xF4, 0x35, 0x96, 0x5D, 0xDF, 0xA1, 0xDC, 0x8C, 0x0A, 0x09, 0xE7, 0xA7,
    0xFE, 0x96, 0x74, 0xB2, 0xFD, 0x52, 0x77, 0x83, 0x2E, 0xEE, 0x39, 0x7A, 0x79, 0x9B, 0xAB, 0xEF,
    0x22, 0x7D, 0xD3, 0x1C, 0xC7, 0x6C, 0xC7, 0x50, 0x97, 0x6A, 0x0D, 0x7D, 0xF5, 0x6F, 0xF6, 0x85,
    0xBE, 0x0E, 0x1A, 0x18, 0x63, 0x50, 0xA8, 0x44, 0x58, 0x09, 0xC5, 0x88, 0xE6, 0x5D, 0x11, 0x87,
    0xD8, 0x43, 0xA2, 0x40, 0xDB, 0xED, 0x33, 0xB7, 0x4E, 0x1F, 0x90, 0x18, 0x89, 0x9D, 0x60, 0x01,
    0x06, 0xC2, 0xA2, 0xE4, 0xB3, 0xF0, 0xEE, 0x08, 0x6D, 0xF9, 0x5A, 0xAF, 0xAF, 0xA6, 0xF9, 0x30,
    0x1E, 0xB9, 0xAA, 0xB1, 0x30, 0x93, 0x28, 0xC7, 0x64, 0x21, 0x93, 0xAD, 0x99, 0xDB, 0xB8, 0xF7,
    0x78, 0x9B, 0x73, 0x83, 0x63, 0x6A, 0x23, 0x71, 0xA2, 0x60, 0x8B, 0x4D, 0x12, 0xD8, 0xF3, 0x61,
    0x38, 0x8B, 0x18, 0xD6, 0x8C, 0x3B, 0x8A, 0xA5, 0x29, 0x19, 0x0B, 0x41, 0xE4, 0x46, 0x06, 0x22,
    0x8F, 0x70, 0x87, 0xF7, 0x9E, 0x40, 0x2A, 0x07, 0xC9, 0x2D, 0xDC, 0xE1, 0xBC, 0x34, 0xD8, 0xD0,
    0x97, 0x3E, 0xF3, 0x2E, 0x1F, 0x54, 0x7E, 0x1C, 0x26, 0x7C, 0x7D, 0x5C, 0xF3, 0xF3, 0xB0, 0x9B,
    0x3B, 0xA3, 0xA3, 0xE8, 0xC2, 0xE6, 0xEF, 0xC2, 0xEB, 0x97, 0xEF, 0x63, 0xC2, 0x1F, 0x57, 0xFC,
    0x7E, 0x7D, 0xF6, 0x17, 0x2F, 0x1A, 0x43, 0x73, 0x6C, 0xB3, 0x7D, 0xA6, 0x88, 0x73, 0x79, 0x5F,
    0xD0, 0x75, 0xD8, 0x86, 0x27, 0xE3, 0xBD, 0xA9, 0x3A, 0x22, 0x8B, 0xEB, 0x8A, 0x1D, 0xC5, 0x9E,
    0x22, 0xFF, 0x3E, 0x84, 0xF6, 0x73, 0x8A, 0x9D, 0x16, 0xBA, 0xC5, 0xCD, 0x77, 0x42, 0xA0, 0x37,
    0xD8, 0x41, 0x74, 0x40, 0x44, 0x48, 0x43, 0x3F, 0x5F, 0xF3, 0xB2, 0x1D, 0xE4, 0x32, 0x58, 0x6B,
    0x64, 0x3B, 0x54, 0xBF, 0xAC, 0x19, 0xA4, 0x3B, 0x4E, 0xD9, 0x20, 0x4C, 0xD8, 0xE7, 0x6D, 0x1D,
    0xDA, 0xB3, 0xF7, 0x83, 0xA4, 0x03, 0xD7, 0x3B, 0x6A, 0xD6, 0x9D, 0x65, 0xB3, 0xE3, 0xB2, 0x9A,
    0xDB, 0xD0, 0xF5, 0xE1, 0x07, 0x70, 0x41, 0x0D, 0xD2, 0xC6, 0xEF, 0x81, 0x9A, 0x4B, 0xF4, 0xB5,
    0x8B, 0x1A, 0xF3, 0x31, 0xE4, 0x69, 0xCD, 0x02, 0x28, 0x8D, 0x29, 0x49, 0x1F, 0x4C, 0xC2, 0x0C,
    0x0C, 0x7D, 0xC3, 0x80, 0x03, 0xD4, 0x70, 0xEA, 0x9C, 0xEC, 0xC3, 0xFB, 0x28, 0xA6, 0x38, 0xCD,
    0x06, 0x66, 0xFB, 0xA8, 0x7A, 0xBA, 0x77, 0xED, 0xEC, 0xCE, 0xEF, 0x92, 0x7F, 0x92, 0xBD, 0x2F,
    0x3B, 0xAA, 0x0B, 0xE8, 0x4C, 0xF4, 0x95, 0x32, 0xF0, 0x77, 0x94, 0x20, 0x63, 0xB9, 0x44, 0xC4,
    0x7E, 0x09, 0x06, 0x18, 0x5E, 0x8C, 0x35, 0x27, 0x31, 0x21, 0x44, 0xEE, 0x08, 0x83, 0x7A, 0xE7,
    0xBC, 0x15, 0xE8, 0x1A, 0xE7, 0x7C, 0xF5, 0xB2, 0x56, 0xF4, 0x6B, 0xB4, 0x7F, 0xD6, 0xC4, 0x8A,
    0x50, 0xFA, 0xD9, 0x7A, 0xBC, 0x7F, 0xC9, 0xF4, 0x82, 0xB4, 0x83, 0xB5, 0xF4, 0x54, 0x20, 0x7B,
    0xB7, 0x98, 0x50, 0x15, 0x74, 0x54, 0x7F, 0xDE, 0x4E, 0x2A, 0xFC, 0x19, 0x6F, 0x3F, 0x92, 0x35,
    0xF6, 0x0B, 0xFF, 0x7A, 0xFB, 0x95, 0x8C, 0x98, 0x55, 0x3F, 0x85, 0x26, 0x35, 0xCA, 0x04, 0x83,
    0x42, 0x3F, 0x0F, 0x05, 0x5B, 0x5D, 0xC1, 0x61, 0xF8, 0x0D, 0xA0, 0x57, 0xAE, 0xFA, 0xFF, 0x5F,
    0x6D, 0x57, 0xCF, 0x93, 0x40, 0x10, 0x44, 0x0F, 0x0E, 0xB8, 0x08, 0xC5, 0x36, 0x34, 0x56, 0x67,
    0x61, 0x65, 0x73, 0x7F, 0x40, 0xBD, 0xFB, 0x09, 0x36, 0x60, 0x61, 0x61, 0x4F, 0x63, 0xAB, 0x8D,
    0xF0, 0x13, 0x6C, 0xEC, 0x2D, 0x2C, 0x0C, 0x14, 0xD7, 0x9B, 0xE0, 0xDD, 0x4F, 0xB8, 0xC4, 0xD0,
    0xD3, 0x18, 0x0B, 0x1B, 0xCA, 0x2B, 0x2E, 0xE0, 0xCE, 0xCC, 0xDB, 0xFB, 0x02, 0x12, 0x62, 0x62,
    0xF5, 0x12, 0xBE, 0xB2, 0xC0, 0xEE, 0xCE, 0xEC, 0xDB, 0x99, 0xF7, 0xE8, 0x3E, 0x4A, 0x2D, 0x79,
    0xC9, 0xC6, 0x3A, 0x0A, 0x32, 0xCA, 0xE5, 0x14, 0x2F, 0xED, 0x4E, 0x40, 0x22, 0x49, 0x68, 0x76,
    0xCA, 0xBB, 0x42, 0xB8, 0x6C, 0x00, 0x11, 0xC5, 0xC5, 0xFA, 0x8B, 0x64, 0x87, 0xB5, 0x61, 0xDE,
    0x8A, 0x73, 0x62, 0x13, 0xAD, 0xFE, 0xBD, 0xF4, 0x80, 0x7D, 0x72, 0x07, 0x6F, 0x75, 0xF3, 0x1F,
    0xBC, 0x15, 0x7D, 0x91, 0x18, 0xF5, 0x9E, 0x32, 0xBC, 0x51, 0xDD, 0xB7, 0xC3, 0x84, 0xA7, 0x47,
    0xAB, 0x44, 0xF1, 0x40, 0x13, 0x30, 0xD8, 0x57, 0x47, 0xB3, 0x85, 0x52, 0x37, 0x32, 0xE9, 0xD3,
    0xC6, 0xBF, 0x6E, 0x5B, 0x70, 0xB8, 0x43, 0xE4, 0xC5, 0x07, 0xCB, 0x40, 0x1A, 0x20, 0x35, 0x94,
    0x79, 0xB8, 0xDC, 0xBB, 0x09, 0x93, 0xF4, 0x38, 0x2A, 0xBC, 0x0B, 0xC7, 0xBB, 0xBC, 0x0B, 0x0F,
    0x47, 0xD8, 0x56, 0x5A, 0x66, 0x34, 0xA3, 0xA7, 0x6A, 0x11, 0x7A, 0x9D, 0xF1, 0x92, 0x70, 0x6A,
    0xBA, 0x78, 0x6B, 0x52, 0x56, 0xAB, 0xA2, 0x78, 0x79, 0x5E, 0x65, 0x7F, 0x9A, 0x2B, 0x51, 0xE7,
    0x70, 0x58, 0xED, 0x2B, 0xD0, 0x53, 0x5E, 0x78, 0x74, 0x4A, 0x9C, 0x1A, 0xF0, 0x2E, 0x24, 0x37,
    0xBD, 0x0D, 0xA7, 0x9C, 0x7A, 0xF2, 0x89, 0xBE, 0x26, 0x5D, 0x75, 0xF3, 0x76, 0xEE, 0x09, 0xDE,
    0x7B, 0x1C, 0x49, 0xB2, 0x13, 0x0F, 0x9A, 0x89, 0x54, 0xFF, 0x40, 0x76, 0x9D, 0x9E, 0xE1, 0xD1,
    0x0E, 0xC6, 0xEE, 0x4C, 0x50, 0x24, 0xB3, 0x8E, 0xAD, 0x8E, 0x71, 0x7E, 0x71, 0x26, 0x45, 0xC2,
    0x70, 0x36, 0x9D, 0xB1, 0xE2, 0x17, 0x95, 0xDC, 0xBB, 0x2C, 0x29, 0x11, 0xC6, 0x3E, 0xD2, 0x88,
    0x0B, 0x54, 0xD8, 0x46, 0x68, 0xF3, 0xE7, 0xF1, 0xE8, 0x63, 0xF7, 0x7A, 0x1A, 0xBE, 0x91, 0xBA,
    0x48, 0x26, 0xA5, 0x8C, 0x2A, 0x93, 0x12, 0x27, 0x6F, 0xCE, 0xA5, 0x5C, 0xC1, 0xF8, 0x52, 0xF0,
    0xDC, 0x13, 0x1B, 0x96, 0x96, 0x62, 0x63, 0xD0, 0x30, 0x50, 0x93, 0x94, 0xC8, 0xB4, 0xA0, 0xA7,
    0xF7, 0xB2, 0x3B, 0x7D, 0x74, 0x71, 0x3E, 0xB9, 0xCA, 0xDF, 0xB2, 0xBF, 0x13, 0xEB, 0x41, 0xC1,
    0x25, 0x99, 0x06, 0xB3, 0x41, 0xDC, 0x89, 0x10, 0x6F, 0x36, 0x82, 0x36, 0x9E, 0x57, 0x3F, 0x4B,
    0x46, 0x9F, 0x34, 0x68, 0x14, 0x59, 0x14, 0x90, 0x4C, 0x73, 0xA0, 0x23, 0xBA, 0x9F, 0x74, 0xC3,
    0x40, 0x47, 0xD4, 0x5E, 0xA6, 0x7F, 0xDF, 0x0F, 0x62, 0x13, 0x3A, 0xAF, 0x9C, 0xB3, 0x15, 0x4E,
    0xB3, 0x7D, 0x1A, 0xF4, 0x29, 0x6D, 0x56, 0x3A, 0x5D, 0x9E, 0x23, 0x3F, 0x4D, 0xA5, 0x71, 0xCB,
    0x66, 0x49, 0x0B, 0x52, 0x23, 0xB5, 0xDA, 0xD7, 0x8B, 0xE1, 0xD7, 0xED, 0x22, 0xE7, 0x71, 0x72,
    0xC4, 0x9F, 0xBD, 0x85, 0x74, 0x81, 0x39, 0xE5, 0x78, 0x03, 0x73, 0xF9, 0xC1, 0x60, 0x88, 0x89,
    0x6E, 0xCC, 0xC0, 0xB1, 0x6D, 0x38, 0xE9, 0x7E, 0xF5, 0x87, 0xF2, 0xB9, 0xEE, 0x8F, 0xEB, 0xFD,
    0x1D, 0xE4, 0xE1, 0x18, 0xEB, 0xBD, 0xDA, 0x6A, 0x54, 0xBA, 0x97, 0x32, 0x79, 0xB5, 0x79, 0xBF,
    0xBD, 0xB4, 0xF2, 0x02, 0xEA, 0x24, 0xC7, 0x67, 0x4E, 0x40, 0x12, 0x17, 0x0D, 0x0B, 0x84, 0xCD,
    0x17, 0xA0, 0x8E, 0xD2, 0x5D, 0x46, 0x31, 0x70, 0x2E, 0xA7, 0x27, 0x3B, 0xF2, 0x35, 0x9A, 0xC7,
    0x57, 0xF9, 0xEB, 0x8E, 0x6A, 0xF3, 0xD5, 0xF0, 0xC7, 0xB6, 0x91, 0x7A, 0xCB, 0xAA, 0xBC, 0x6D,
    0xCE, 0xDF, 0x28, 0x60, 0x6B, 0x8B, 0x48, 0xC7, 0x0A, 0xF6, 0x91, 0xBE, 0xB8, 0xD8, 0xF8, 0xD8,
    0xB1, 0xEF, 0x17, 0xCC, 0xBD, 0x5D, 0x8C, 0x24, 0xD7, 0x95, 0x26, 0x76, 0x23, 0xA2, 0xAB, 0x92,
    0xAA, 0x58, 0x29, 0x0A, 0xD8, 0xAE, 0x01, 0xD5, 0x14, 0x19, 0x84, 0x21, 0x03, 0x54, 0x2F, 0x59,
    0x31, 0x0F, 0x7A, 0xA0, 0x16, 0x99, 0x19, 0x41, 0x36, 0x76, 0x69, 0x80, 0x0F, 0x2C, 0x63, 0x3B,
    0xD9, 0xF0, 0x12, 0x76, 0xEB, 0x41, 0x06, 0x66, 0x7B, 0xE0, 0x2D, 0x01, 0x96, 0x0D, 0x72, 0x37,
    0xAB, 0x32, 0x48, 0x1A, 0x33, 0x80, 0x09, 0x9B, 0x65, 0xAF, 0x7A, 0xFD, 0xB0, 0x0F, 0x6A, 0xC0,
    0x2D, 0x2C, 0x3B, 0x1B, 0x98, 0xD2, 0x43, 0xDB, 0x2E, 0x79, 0xB2, 0x2A, 0x83, 0x24, 0x60, 0x02,
    0xE6, 0x03, 0x93, 0x23, 0xD3, 0x7A, 0xA0, 0x01, 0x06, 0xFF, 0x86, 0x3B, 0x2D, 0x60, 0x3A, 0x48,
    0x45, 0x0F, 0xA3, 0x8A, 0x99, 0x19, 0x3E, 0xDF, 0x39, 0x27, 0xF2, 0xAF, 0xAA, 0x9B, 0x4D, 0xAD,
    0x1F, 0x5C, 0x94, 0xFA, 0xBB, 0x91, 0x71, 0xE3, 0x46, 0xDC, 0xBF, 0x73, 0xCF, 0x39, 0xF7, 0x9C,
    0x73, 0x8D, 0x99, 0xFC, 0xED, 0x29, 0x0E, 0x15, 0xB7, 0x15, 0x43, 0xFE, 0xA7, 0xE4, 0xBF, 0x09,
    0x36, 0xF9, 0x56, 0x00, 0x8C, 0x8C, 0xF1, 0x09, 0xAD, 0x5C, 0xD0, 0xC9, 0x80, 0x3F, 0x30, 0xB5,
    0xD4, 0x98, 0x15, 0xCA, 0xE3, 0x25, 0x52, 0x8C, 0x1F, 0xE3, 0xDF, 0xBE, 0x3C, 0x9F, 0x54, 0xD8,
    0x7A, 0x76, 0xD4, 0x7A, 0xF6, 0xB0, 0x15, 0x19, 0x27, 0x37, 0x36, 0x3D, 0x89, 0xC7, 0x9C, 0x54,
    0x1E, 0x73, 0xF1, 0x64, 0x18, 0xCB, 0x93, 0x9D, 0x43, 0xF9, 0x90, 0xE5, 0xF2, 0x13, 0xF9, 0x40,
    0xBF, 0xCC, 0xA5, 0xE0, 0x7E, 0x21, 0x58, 0x96, 0x03, 0x80, 0x3B, 0xDC, 0x1C, 0x11, 0x58, 0xE5,
    0xC0, 0xA6, 0x1F, 0xAC, 0xFE, 0x98, 0x3E, 0x73, 0x44, 0xDF, 0x4D, 0x37, 0xED, 0xD2, 0xF8, 0xFC,
    0xD0, 0x96, 0x59, 0x32, 0xC7, 0xFE, 0x02, 0x33, 0xFB, 0xA1, 0xD3, 0x0F, 0x77, 0x53, 0x7E, 0x1B,
    0xFF, 0xA5, 0x13, 0x8C, 0x0C, 0x7F, 0xAC, 0xCF, 0x59, 0x9C, 0xE3, 0x58, 0x43, 0xB6, 0x97, 0x53,
    0xC3, 0x18, 0x9B, 0xAF, 0xFB, 0xD3, 0x76, 0xCD, 0x2B, 0x5C, 0x6B, 0x5D, 0xBC, 0x7C, 0xF1, 0xBD,
    0xD6, 0x06, 0xBD, 0x39, 0x72, 0xF9, 0x71, 0xDF, 0x08, 0x06, 0x8A, 0xA1, 0x62, 0x53, 0xB1, 0x07,
    0x7C, 0xDE, 0xD8, 0x05, 0x90, 0x2E, 0x32, 0xB4, 0xDF, 0x9E, 0xE9, 0xA3, 0x1D, 0xAD, 0x3C, 0xA0,
    0x66, 0xA0, 0x4F, 0xC9, 0xC2, 0x14, 0xCD, 0x50, 0x0E, 0xBE, 0x3B, 0x7D, 0xB5, 0x55, 0xD5, 0x3B,
    0x5A, 0xA8, 0x37, 0x9A, 0x73, 0xA5, 0xDB, 0xBD, 0x7E, 0xD4, 0xED, 0xEE, 0x68, 0xBD, 0xB3, 0x09,
    0x72, 0x16, 0xFB, 0x38, 0x5A, 0x2D, 0xFA, 0xB3, 0xB3, 0x15, 0xAE, 0xF7, 0x13, 0x57, 0xA4, 0xFE,
    0xD1, 0xBD, 0xD6, 0x3F, 0xAB, 0x10, 0xEF, 0xAF, 0xBE, 0x63, 0x0E, 0xDD, 0x84, 0xFE, 0x8B, 0xD1,
    0x4B, 0x84, 0x29, 0x37, 0x43, 0x42, 0x75, 0xA6, 0x51, 0x4B, 0xF7, 0xC7, 0x18, 0x46, 0x84, 0x61,
    0xE4, 0x0F, 0x80, 0xDE, 0x20, 0x8C, 0x80, 0x4E, 0xF6, 0x6D, 0xEA, 0xC1, 0xC4, 0x58, 0x54, 0x25,
    0x4F, 0xBF, 0x66, 0xE5, 0xE7, 0x0B, 0x9F, 0xB0, 0xBE, 0x30, 0x0E, 0x3C, 0x1E, 0x76, 0xF2, 0x3D,
    0x71, 0x35, 0x5E, 0x0F, 0xBA, 0xF8, 0xDB, 0x4D, 0x7A, 0xDA, 0x54, 0x13, 0x3C, 0x8B, 0xDF, 0x9F,
    0x49, 0xE4, 0x01, 0x7A, 0xC3, 0x36, 0xB2, 0x11, 0xB6, 0x71, 0xFB, 0x04, 0xDC, 0x52, 0xAC, 0xF2,
    0x57, 0xD8, 0xD6, 0xB7, 0x2F, 0x22, 0xDF, 0x4F, 0xA7, 0xB8, 0x4D, 0xCD, 0x7C, 0x21, 0x95, 0xFB,
    0xCE, 0x09, 0xB8, 0xA5, 0xB8, 0xF8, 0x5C, 0xF5, 0xFB, 0x23, 0xE8, 0xF9, 0x8D, 0xD9, 0xFA, 0xFB,
    0xDF, 0x7C, 0xFC, 0x3B, 0x77, 0x1E, 0xFF, 0x2B, 0x68, 0x8F, 0x7F, 0x95, 0x52, 0x73, 0x97, 0x3C,
    0x31, 0x57, 0xBA, 0xBB, 0x37, 0xBB, 0x3B, 0xC7, 0xFB, 0x73, 0x29, 0x9A, 0xF6, 0xAB, 0xB4, 0xBA,
    0x62, 0xE4, 0x96, 0x65, 0xC1, 0xC3, 0xBF, 0x2C, 0x69, 0xC6, 0x07, 0x91, 0x7B, 0xB3, 0x7B, 0x95,
    0xFA, 0x5B, 0xF3, 0x85, 0x03, 0xC1, 0x83, 0x4C, 0xB0, 0x18, 0x32, 0xDA, 0x59, 0xE7, 0xE9, 0x44,
    0x66, 0x66, 0x09, 0xF4, 0x13, 0xA7, 0xFC, 0x9B, 0x56, 0xEB, 0x7C, 0x47, 0x5A, 0xA0, 0xA0, 0xEA,
    0x5B, 0xD4, 0x97, 0xD9, 0xA9, 0xE3, 0x43, 0xB0, 0xAA, 0xBF, 0xB7, 0x30, 0xEE, 0x6A, 0x4C, 0x8E,
    0xB4, 0xDE, 0x13, 0xD4, 0xFA, 0x7B, 0x66, 0x01, 0x79, 0xFC, 0x13, 0x3A, 0xC8, 0x46, 0x0D, 0xCD,
    0xA8, 0x6D, 0x1E, 0x9C, 0x84, 0xB7, 0x5B, 0xAD, 0x0E, 0xB0, 0xCA, 0x47, 0xB3, 0xAD, 0x7F, 0xB7,
    0xFC, 0xD5, 0xFD, 0x7B, 0xCB, 0x7F, 0x16, 0xB3, 0xB7, 0xDF, 0xBD, 0x52, 0xD1, 0x15, 0x1E, 0xA6,
    0x5D, 0x34, 0xE4, 0xE4, 0xAF, 0x3D, 0x4B, 0xE7, 0x31, 0xFE, 0x75, 0xB6, 0xFA, 0xC9, 0x74, 0x5E,
    0x46, 0x15, 0x36, 0x95, 0x54, 0x34, 0xA4, 0xA9, 0xA2, 0x86, 0x13, 0xD7, 0x06, 0x40, 0x37, 0x63,
    0xFC, 0x81, 0x35, 0xAA, 0x25, 0x4C, 0xF7, 0xC3, 0x9A, 0xB4, 0xDF, 0x77, 0x18, 0x2D, 0x25, 0xE7,
    0x4E, 0xA1, 0xED, 0x5A, 0xCA, 0xFC, 0xA2, 0xB7, 0x08, 0xD6, 0x62, 0x2F, 0x9A, 0xE9, 0x87, 0x4B,
    0xF8, 0xEA, 0x6E, 0x77, 0x32, 0xEF, 0xE8, 0x7A, 0x8C, 0x6B, 0x2A, 0x49, 0xC9, 0xBD, 0x93, 0x6D,
    0x49, 0xF6, 0x41, 0x3F, 0xE5, 0x09, 0x12, 0xB9, 0x63, 0x94, 0x43, 0xC4, 0xBF, 0x93, 0x52, 0x27,
    0x67, 0x9C, 0x0E, 0x79, 0xB6, 0xF7, 0x63, 0xFF, 0x13, 0xF9, 0xDE, 0x93, 0xFA, 0x7D, 0x81, 0xEE,
    0xD5, 0x06, 0x27, 0x8D, 0x77, 0x74, 0x2B, 0x4D, 0x38, 0x9F, 0x1B, 0x16, 0xE3, 0x1C, 0xE4, 0x11,
    0x18, 0xDC, 0xEC, 0x5E, 0x73, 0xD2, 0x25, 0x5E, 0xD9, 0x62, 0x5A, 0xC7, 0x46, 0xAD, 0x16, 0xFA,
    0xC3, 0x1F, 0x1B, 0x6B, 0x88, 0x65, 0x68, 0x33, 0xAE, 0xD1, 0xA7, 0xB8, 0x85, 0x9B, 0x07, 0xF4,
    0x02, 0x67, 0x60, 0x8D, 0xC7, 0xDA, 0xDE, 0x52, 0x11, 0xAB, 0x1C, 0xF3, 0x07, 0x6C, 0x8E, 0xFA,
    0x87, 0x04, 0x0F, 0x94, 0x03, 0xB7, 0x3C, 0x24, 0xA0, 0xBB, 0x9B, 0x65, 0xD1, 0x2F, 0x6F, 0x12,
    0x05, 0x2E, 0xF3, 0xE6, 0x53, 0xF8, 0x8C, 0xD7, 0x37, 0x4C, 0xED, 0x26, 0xC8, 0x0F, 0x7D, 0x65,
    0x22, 0x23, 0xF4, 0x8E, 0x58, 0xE5, 0xE3, 0xE6, 0x23, 0xFC, 0xB4, 0xD5, 0xBA, 0x48, 0x68, 0x53,
    0x13, 0x2E, 0xC7, 0x77, 0xAB, 0x3F, 0xD3, 0xFD, 0x63, 0xE3, 0x5D, 0xEB, 0x3F, 0x1D, 0xEF, 0x0F,
    0x51, 0x9F, 0x02, 0xB7, 0xA9, 0x4F, 0xA9, 0x4D, 0x50, 0x59, 0x8C, 0x47, 0x37, 0x73, 0x62, 0x22,
    0xBE, 0xB4, 0x6E, 0x7B, 0x03, 0xEA, 0x6C, 0x7B, 0x6C, 0x82, 0xCC, 0xF4, 0x8D, 0x9B, 0x9B, 0xCE,
    0xD0, 0x04, 0xB1, 0x13, 0xDB, 0x45, 0xC7, 0x2C, 0x33, 0x59, 0xF1, 0x78, 0xBD, 0x0E, 0x63, 0x07,
    0x0D, 0x61, 0x51, 0xAB, 0xF4, 0xE9, 0x4B, 0x3C, 0xB0, 0x11, 0xD4, 0x60, 0x7D, 0xFA, 0xDE, 0xE7,
    0xC6, 0xD1, 0x03, 0x3A, 0x6E, 0x3B, 0xBF, 0x43, 0x7D, 0xDE, 0xCA, 0x1F, 0x03, 0xED, 0x77, 0x93,
    0x1F, 0x1B, 0x41, 0x73, 0x67, 0xD4, 0xFA, 0xBB, 0x5A, 0xFF, 0xEA, 0x7A, 0xF9, 0xDE, 0xEA, 0x7F,
    0xE7, 0xF5, 0x6E, 0x25, 0xB2, 0x77, 0x80, 0x5E, 0xE4, 0x0C, 0x08, 0xD7, 0x36, 0x2F, 0x3F, 0xF7,
    0xE9, 0xB3, 0x99, 0x4C, 0x14, 0xAA, 0xC8, 0xD9, 0xDD, 0x9B, 0xD7, 0x6F, 0x5E, 0xE5, 0xB1, 0xE6,
    0x0C, 0xCC, 0x0C, 0x56, 0x6F, 0x53, 0x7A, 0xE8, 0x2B, 0x3D, 0xF6, 0x95, 0x8E, 0x53, 0xC1, 0x3C,
    0xB4, 0x7C, 0xFA, 0x9E, 0x3B, 0xE0, 0x79, 0xC1, 0xB0, 0x27, 0xB8, 0x4D, 0xF8, 0xB0, 0x59, 0xB1,
    0x86, 0x3D, 0x2B, 0xA2, 0x39, 0xEC, 0xE6, 0x3D, 0x9E, 0xCB, 0x9D, 0x41, 0x0F, 0xCC, 0xC0, 0x03,
    0x63, 0xFA, 0xC7, 0x14, 0xCB, 0xB4, 0x94, 0x76, 0xB0, 0xAE, 0x82, 0x0D, 0xA2, 0x17, 0x33, 0x71,
    0x6F, 0x9D, 0x3F, 0x69, 0x09, 0xF6, 0xEE, 0xD2, 0x0E, 0xD3, 0x79, 0x70, 0x27, 0x7A, 0xCF, 0x03,
    0xE5, 0x4D, 0xA5, 0xF7, 0x89, 0xB9, 0xE3, 0xFA, 0x5D, 0xB5, 0x53, 0x85, 0x0D, 0xFC, 0x3E, 0x83,
    0x4D, 0xC5, 0x49, 0x3E, 0xAC, 0x1B, 0x27, 0xE5, 0x6B, 0x3D, 0xF7, 0x5E, 0x6B, 0x26, 0x1F, 0x08,
    0x1B, 0xB7, 0xFB, 0xBA, 0xB1, 0x30, 0xD7, 0xED, 0x32, 0x72, 0xC0, 0x77, 0x6D, 0x16, 0xCC, 0xFF,
    0x05, 0x48, 0x5B, 0x65, 0x1A, 0x32, 0x1D, 0x78, 0x20, 0xFB, 0x96, 0x7C, 0x53, 0x7C, 0x52, 0xFD,
    0xE3, 0x99, 0xEF, 0x3D, 0x61, 0x1C, 0x44, 0xA0, 0x3D, 0x42, 0x07, 0x30, 0x0E, 0x68, 0x84, 0x37,
    0x98, 0xFF, 0x09, 0x92, 0x7D, 0x3B, 0x5B, 0x32, 0x8D, 0xDA, 0x5F, 0xE5, 0xB4, 0xB0, 0x3E, 0xDF,
    0x30, 0xCF, 0x0C, 0x68, 0x1C, 0x17, 0x0D, 0xA2, 0x4C, 0x43, 0xCA, 0xD9, 0x70, 0x86, 0x44, 0x62,
    0x6B, 0x83, 0x46, 0x90, 0xAE, 0x3C, 0x93, 0xF8, 0x71, 0x58, 0x1A, 0xF7, 0x5C, 0x16, 0x9A, 0x30,
    0x37, 0xDE, 0x13, 0xC5, 0x7D, 0xB5, 0xF2, 0xBD, 0xD6, 0xA6, 0xF9, 0x95, 0x85, 0xB7, 0x50, 0x5F,
    0x75, 0xC6, 0x16, 0x53, 0x69, 0x62, 0x7F, 0x2D, 0x7C, 0xD7, 0xA9, 0xAA, 0xFD, 0x7E, 0x02, 0xAC,
    0x33, 0xBB, 0x97, 0xA0, 0xBB, 0xBF, 0x0E, 0x99, 0x80, 0x0E, 0xA7, 0x38, 0x47, 0xF2, 0x1F, 0x99,
    0xED, 0xFF, 0xFD, 0xD9, 0x75, 0x60, 0x8D, 0x56, 0x25, 0x1A, 0x99, 0x13, 0xFE, 0xA7, 0xC2, 0xB6,
    0x36, 0xD1, 0x04, 0xB9, 0xFD, 0x09, 0x79, 0x61, 0xF1, 0xA6, 0xED, 0xB9, 0x06, 0x7A, 0x51, 0xF5,
    0x37, 0xD8, 0x54, 0xBA, 0xDC, 0x34, 0xE8, 0x3F, 0xA1, 0xF0, 0x15, 0x56, 0xF7, 0xF9, 0xF9, 0x19,
    0xA6, 0x94, 0xE9, 0xCD, 0x86, 0x2C, 0x73, 0xD4, 0xBF, 0xCE, 0x4D, 0xAC, 0x07, 0x84, 0x03, 0xF0,
    0x69, 0x33, 0x58, 0xDD, 0xAF, 0x70, 0xF1, 0xFE, 0xA7, 0xA8, 0x47, 0x31, 0x5B, 0x4E, 0x17, 0xE5,
    0xD8, 0xB1, 0x34, 0xE6, 0xEC, 0xCC, 0x9C, 0xE5, 0x7B, 0xCE, 0x10, 0xB5, 0xA0, 0x95, 0xF3, 0x4A,
    0xA0, 0xFD, 0x1E, 0xC8, 0xBA, 0x99, 0x09, 0x93, 0x68, 0x65, 0xEB, 0x6E, 0xCC, 0xD7, 0x0F, 0xB9,
    0xB1, 0xF0, 0xAB, 0xCC, 0x84, 0x37, 0xCD, 0x29, 0x45, 0xBA, 0xDF, 0x41, 0x47, 0xFA, 0x6E, 0x4C,
    0x2D, 0xB1, 0x6D, 0xBC, 0x57, 0x62, 0x1E, 0x9B, 0xB5, 0xB7, 0xF1, 0xDC, 0x81, 0x71, 0xDE, 0x7F,
    0x91, 0x3B, 0xDA, 0xFE, 0x9D, 0xBC, 0xD5, 0x7A, 0xBA, 0x1A, 0x75, 0xAF, 0x6A, 0x79, 0xAF, 0x72,
    0xF9, 0xC6, 0x7B, 0x35, 0xC2, 0xFB, 0x4C, 0xFF, 0x55, 0x5A, 0x02, 0xAF, 0x65, 0xB5, 0xF2, 0xCF,
    0xA8, 0xDC, 0xD1, 0x4E, 0xE7, 0x83, 0xD8, 0x8B, 0x49, 0xE4, 0x3A, 0x70, 0x63, 0x27, 0xA5, 0xA1,
    0xF8, 0xC7, 0x6E, 0x6C, 0x15, 0xA8, 0x01, 0xBD, 0x3F, 0x3C, 0x30, 0x8C, 0xFE, 0x90, 0x71, 0x99,
    0xE9, 0x8C, 0xFB, 0x67, 0x65, 0xEE, 0x96, 0x9F, 0x18, 0xF7, 0x15, 0x1A, 0x5D, 0x9B, 0x99, 0x59,
    0x7E, 0x02, 0xC3, 0x4A, 0x87, 0x7C, 0xCF, 0xDC, 0x09, 0xA9, 0x1D, 0x76, 0x80, 0x01, 0xF3, 0xE4,
    0x53, 0x34, 0x2C, 0xAD, 0x31, 0xFE, 0x5E, 0x06, 0x96, 0xF3, 0xB1, 0xE2, 0xBB, 0xAD, 0xD6, 0xFE,
    0x79, 0x8B, 0x17, 0xA2, 0x9E, 0xB2, 0x75, 0x3D, 0x53, 0xCB, 0x3C, 0x46, 0x6B, 0xE8, 0x45, 0x3F,
    0xC5, 0x73, 0x1D, 0x9F, 0x7A, 0xA7, 0x87, 0x09, 0x46, 0x2C, 0x29, 0x61, 0x6D, 0x4C, 0x03, 0x8F,
    0x90, 0xD6, 0x11, 0x3F, 0xEA, 0x09, 0x83, 0x00, 0xEE, 0xDA, 0x2E, 0xE3, 0x1A, 0xD0, 0x29, 0x07,
    0x0E, 0xD0, 0x7D, 0x53, 0xDE, 0xEB, 0xBF, 0x38, 0x64, 0x0C, 0x31, 0x6E, 0x09, 0x47, 0xE6, 0x87,
    0x40, 0x5E, 0x4B, 0x08, 0xBD, 0x54, 0x90, 0xE6, 0x0F, 0x15, 0x31, 0x64, 0xE6, 0xDE, 0x22, 0x89,
    0x91, 0xD7, 0xFF, 0x2E, 0xA6, 0x30, 0xA8, 0xDB, 0x0F, 0x14, 0x9B, 0xC7, 0xF0, 0xCC, 0xF5, 0xA3,
    0xD7, 0x80, 0x3E, 0xD7, 0x69, 0x7A, 0x3D, 0x9B, 0x8F, 0xEB, 0x3B, 0x83, 0xF8, 0x1D, 0x9D, 0xA3,
    0x38, 0x06, 0xD2, 0xB0, 0xBE, 0xB6, 0x84, 0xFC, 0xF6, 0x0E, 0x4B, 0xC7, 0xC8, 0xE7, 0xC5, 0x82,
    0xB5, 0x44, 0xD0, 0x49, 0x9B, 0x68, 0xD7, 0xA1, 0x9D, 0x09, 0x9A, 0xBC, 0x69, 0xD6, 0x2E, 0x7C,
    0x7A, 0xDE, 0x0C, 0xF5, 0x7D, 0x1B, 0xCD, 0x93, 0xBE, 0x73, 0x59, 0x10, 0xB3, 0x87, 0xBE, 0xAF,
    0x14, 0xEC, 0x97, 0x87, 0x11, 0x23, 0xA4, 0x9B, 0x52, 0x39, 0x8D, 0xBE, 0xCE, 0xFB, 0xB3, 0x33,
    0xFC, 0xBE, 0x05, 0x11, 0xAB, 0x2E, 0xDD, 0x88, 0xC9, 0xC8, 0xE5, 0x36, 0x94, 0xFB, 0x69, 0xA0,
    0xD8, 0x9C, 0xF1, 0xE8, 0xBA, 0xE0, 0xC0, 0x4C, 0xB0, 0xD5, 0xDA, 0x3A, 0x4F, 0xF3, 0xE8, 0x36,
    0xEA, 0x4D, 0xF9, 0x04, 0x3F, 0x6D, 0x1D, 0xCB, 0x57, 0x95, 0x73, 0xBF, 0x62, 0x53, 0x7F, 0xF7,
    0x15, 0xBD, 0x44, 0xD0, 0x19, 0x34, 0xD0, 0x5E, 0x39, 0xD1, 0x48, 0x46, 0x93, 0x83, 0x38, 0x6C,
    0xE7, 0xA0, 0x9D, 0x24, 0xD8, 0xE5, 0x66, 0x03, 0xDF, 0x97, 0x71, 0x79, 0x34, 0x28, 0x04, 0x3B,
    0x52, 0xBE, 0x3D, 0x14, 0xF4, 0x53, 0x41, 0x62, 0x21, 0x18, 0x1F, 0x37, 0xB4, 0x26, 0x77, 0x51,
    0x6F, 0x1A, 0xAF, 0x58, 0x1F, 0xD0, 0xE9, 0x97, 0x76, 0x98, 0x3F, 0xB2, 0x31, 0x36, 0x08, 0x6B,
    0x99, 0xA0, 0xFF, 0x5E, 0x2B, 0x02, 0x62, 0x9D, 0x24, 0xB4, 0xC7, 0xDD, 0xDD, 0x41, 0xBD, 0x96,
    0x10, 0x17, 0xE3, 0x25, 0x61, 0xED, 0xF5, 0x12, 0x83, 0xCC, 0x7B, 0xEB, 0x8D, 0x7C, 0x8F, 0x06,
    0x99, 0xF3, 0x65, 0x12, 0x6D, 0xD7, 0x72, 0x1A, 0x4B, 0xF4, 0xDC, 0x2E, 0xB5, 0xD5, 0x5F, 0x52,
    0x39, 0xA5, 0x94, 0x13, 0xE4, 0x8C, 0xCB, 0x65, 0xB4, 0x47, 0xF8, 0x06, 0x55, 0x84, 0xDE, 0x5B,
    0x7B, 0x7D, 0x6C, 0x18, 0x93, 0x88, 0xD1, 0x7B, 0x83, 0xA6, 0xF5, 0xF8, 0xAA, 0xE9, 0xBC, 0xC5,
    0x04, 0xC9, 0x2A, 0xE5, 0xBA, 0xF6, 0x25, 0xA8, 0x4E, 0x61, 0x82, 0xB7, 0x92, 0x00, 0xD8, 0xA1,
    0xF7, 0xC7, 0x84, 0x8F, 0xD7, 0x12, 0x92, 0x3F, 0xF8, 0x79, 0x5B, 0xCA, 0x4B, 0x48, 0xD4, 0x15,
    0xDC, 0x52, 0x5C, 0x55, 0xD4, 0xF7, 0x18, 0xBB, 0x9B, 0x0B, 0x62, 0xAA, 0x82, 0xD0, 0x75, 0x67,
    0xE4, 0x6F, 0x8B, 0x2A, 0xFF, 0x18, 0x30, 0x37, 0xA2, 0xC4, 0x91, 0xE9, 0xB3, 0x46, 0x64, 0xF2,
    0xD9, 0xC3, 0xD6, 0x46, 0x25, 0x7F, 0x9F, 0x25, 0xB1, 0x9F, 0x08, 0xEE, 0x15, 0x0C, 0x14, 0x64,
    0x37, 0xAD, 0x67, 0x6F, 0x6F, 0x83, 0x6F, 0xE0, 0xDB, 0x34, 0xC4, 0x6F, 0xE3, 0x9A, 0x38, 0xF0,
    0xCC, 0x19, 0x3C, 0x86, 0xFE, 0xA0, 0xF9, 0x1D, 0x74, 0xA9, 0xAC, 0x2F, 0xC6, 0xC4, 0x72, 0xD1,
    0xFD, 0x2F, 0x3E, 0x91, 0xF1, 0x74, 0x78, 0x99, 0xE8, 0xF8, 0xD6, 0xF4, 0x39, 0xB4, 0x39, 0x7E,
    0xCF, 0x15, 0xAB, 0xDF, 0x41, 0xEE, 0xF7, 0xCF, 0x4F, 0x96, 0x27, 0x5E, 0x3E, 0xF6, 0x49, 0x6E,
    0x93, 0xEF, 0x19, 0x5E, 0xEA, 0xDE, 0x84, 0x04, 0xF0, 0x1A, 0x8F, 0x53, 0x2C, 0x3E, 0xD4, 0xF1,
    0xB2, 0x8C, 0x75, 0x22, 0x41, 0xE2, 0x26, 0x19, 0x9D, 0xD7, 0xBB, 0x43, 0x65, 0xAC, 0x55, 0x52,
    0x10, 0xB1, 0x73, 0xC2, 0xF5, 0x9D, 0xCC, 0x97, 0x7C, 0x1D, 0x7E, 0x0B, 0x6A, 0x94, 0x84, 0xE5,
    0xD0, 0xC4, 0xA9, 0xF4, 0x0E, 0xB9, 0x20, 0x54, 0x66, 0xDB, 0xC0, 0x7D, 0x5D, 0x77, 0x43, 0xD5,
    0x47, 0x04, 0x91, 0xC5, 0xF2, 0x8E, 0x97, 0xD8, 0xAC, 0x8E, 0x71, 0x07, 0x0E, 0x63, 0x2D, 0x75,
    0x07, 0xA2, 0x97, 0x10, 0x35, 0x97, 0x5D, 0x88, 0x9E, 0xC2, 0x0C, 0x0F, 0xE4, 0x7D, 0xC3, 0xB6,
    0xE0, 0xBE, 0xBE, 0xFF, 0x27, 0x5F, 0xFF, 0x9D, 0x7D, 0xE1, 0xBA, 0x68, 0x14, 0x4B, 0x6F, 0x9F,
    0xBD, 0xBA, 0xC8, 0xD7, 0xDC, 0x15, 0x97, 0x08, 0xC1, 0x69, 0x78, 0x24, 0x87, 0x81, 0x06, 0x30,
    0x83, 0x9B, 0x61, 0x8C, 0xD0, 0xFD, 0x02, 0x7A, 0x03, 0xC2, 0x2D, 0xD4, 0x8B, 0x30, 0xC4, 0xF0,
    0x21, 0xF4, 0x63, 0xCA, 0xE2, 0x45, 0x42, 0xE5, 0x09, 0x89, 0x0F, 0x8C, 0x81, 0x36, 0xF1, 0x35,
    0x5C, 0x6E, 0xFE, 0x6D, 0xC1, 0x48, 0xDE, 0x13, 0xCB, 0xFB, 0xEC, 0x5C, 0x90, 0x27, 0x20, 0xF1,
    0xBD, 0xBE, 0xD6, 0xA4, 0xAF, 0x92, 0x9D, 0x92, 0xAB, 0x20, 0x15, 0xA6, 0x5B, 0x2B, 0xB4, 0x29,
    0xDD, 0xF9, 0x80, 0x68, 0xD3, 0x36, 0xA5, 0x77, 0xFB, 0x4A, 0xE3, 0x3A, 0x22, 0x44, 0x99, 0xFF,
    0x70, 0x32, 0xD0, 0x99, 0xB0, 0x3D, 0x02, 0x70, 0xE3, 0x7D, 0x00, 0x4D, 0x66, 0x40, 0x20, 0xBD,
    0xB1, 0x4D, 0x9D, 0x40, 0x00, 0xCE, 0x0C, 0xFF, 0xD1, 0xDC, 0xB1, 0x21, 0xC1, 0x1A, 0xE2, 0xED,
    0xAD, 0x98, 0xC5, 0x4B, 0xA3, 0x83, 0xB3, 0x1C, 0x28, 0xF0, 0x0B, 0x9D, 0x45, 0x58, 0x26, 0x3E,
    0x8D, 0xA0, 0x06, 0x22, 0x48, 0x70, 0xB3, 0xCB, 0x90, 0x98, 0xDE, 0xD7, 0x81, 0x3E, 0xA0, 0xC0,
    0xB2, 0x61, 0x05, 0xD3, 0x37, 0x78, 0xA5, 0x42, 0x82, 0xEE, 0x5C, 0xFE, 0xE5, 0x74, 0x22, 0x23,
    0x6B, 0xC3, 0x08, 0xE1, 0x6E, 0xE8, 0x07, 0x37, 0xEA, 0x42, 0xD8, 0x1B, 0x01, 0xF3, 0x55, 0xA6,
    0xEE, 0xC5, 0x82, 0x4E, 0x82, 0x09, 0x65, 0xEA, 0xB6, 0x88, 0x22, 0x75, 0xE5, 0xD1, 0xB6, 0x5A,
    0xE7, 0xE9, 0xFD, 0x24, 0x64, 0x96, 0x43, 0x45, 0x7C, 0xC1, 0x1E, 0x26, 0x12, 0xE3, 0x9E, 0xE2,
    0xAF, 0x23, 0xC1, 0x2F, 0x41, 0xEC, 0xA8, 0xE1, 0x2B, 0xFC, 0x7D, 0xC2, 0xEF, 0xB3, 0x04, 0x23,
    0xFB, 0xE3, 0xC4, 0x58, 0x1F, 0x7E, 0x31, 0x70, 0x7E, 0x43, 0x43, 0xFB, 0xDD, 0x2C, 0x73, 0xDE,
    0x24, 0x7C, 0x3D, 0xCB, 0x6B, 0x84, 0xB5, 0xD7, 0xB3, 0xB6, 0xF7, 0x32, 0x8D, 0x92, 0x27, 0xB2,
    0xBA, 0xEF, 0x24, 0xAB, 0xBE, 0x95, 0x3D, 0xDA, 0x74, 0x92, 0x47, 0x9B, 0xF4, 0x7C, 0xDB, 0x49,
    0x1E, 0xAB, 0x13, 0x16, 0xCE, 0xE0, 0x51, 0x2A, 0xC7, 0x21, 0x9A, 0x52, 0x37, 0xFF, 0x20, 0x73,
    0x07, 0x58, 0xB9, 0xC3, 0x01, 0x71, 0x95, 0x24, 0xE2, 0xAF, 0xA9, 0xA2, 0x92, 0x19, 0xC5, 0x6B,
    0xCA, 0x38, 0x8E, 0x21, 0x20, 0x30, 0x43, 0x25, 0xC4, 0xAC, 0xF9, 0xF5, 0x38, 0x79, 0x4E, 0xB1,
    0x09, 0xFA, 0x7B, 0x4D, 0x14, 0x63, 0x3D, 0xFD, 0x7F, 0x43, 0x11, 0xAC, 0xF0, 0xD0, 0x16, 0x11,
    0x31, 0x77, 0x0F, 0xC1, 0x1A, 0x5A, 0xC4, 0x82, 0x81, 0xE1, 0xA2, 0xE6, 0xF6, 0xCB, 0x27, 0x0B,
    0xD6, 0x0E, 0xF5, 0x93, 0x11, 0x73, 0x8D, 0x35, 0x13, 0x46, 0x81, 0x8C, 0xF1, 0xB4, 0x23, 0x9D,
    0x34, 0xDC, 0x12, 0x1E, 0x2B, 0xBF, 0xDF, 0xE6, 0x11, 0xBA, 0x4A, 0xC3, 0x59, 0x87, 0xEA, 0x72,
    0x79, 0x68, 0x74, 0x44, 0xCB, 0x40, 0xA7, 0x31, 0xAD, 0x34, 0x5A, 0xD1, 0xDC, 0x67, 0x84, 0x30,
    0x52, 0xD7, 0xD9, 0xAA, 0x80, 0x99, 0x60, 0xA6, 0x73, 0x69, 0x11, 0x6F, 0x23, 0xFB, 0xC5, 0x69,
    0xBE, 0x23, 0x66, 0x5C, 0xE5, 0xFE, 0x26, 0x4F, 0x0B, 0x6B, 0x93, 0xA6, 0x90, 0x9D, 0xFD, 0x51,
    0x59, 0x12, 0x79, 0xB7, 0x3F, 0x17, 0x6D, 0xAB, 0x9D, 0x5D, 0x63, 0xBD, 0x3B, 0xDD, 0x77, 0xD2,
    0x3F, 0xEA, 0xA1, 0x7E, 0x0E, 0x08, 0xB3, 0x93, 0x3E, 0x57, 0x96, 0x47, 0x34, 0xB5, 0x3F, 0x62,
    0x8E, 0x80, 0xFA, 0xF5, 0x6F, 0x38, 0x1F, 0xF3, 0x2D, 0x4B, 0xBB, 0x29, 0x8D, 0x0B, 0xE7, 0x2B,
    0xE2, 0x30, 0xDD, 0x64, 0x99, 0xE6, 0xE2, 0x8E, 0xF1, 0xDE, 0x2E, 0xB9, 0x5E, 0xDE, 0x2B, 0xE3,
    0x7F, 0x42, 0xF9, 0x22, 0x3F, 0x62, 0x49, 0x29, 0x0F, 0x44, 0x25, 0x95, 0x83, 0x15, 0x82, 0xAA,
    0x1F, 0xAC, 0x1E, 0x04, 0xCA, 0x3D, 0xD9, 0x14, 0x88, 0xEF, 0xA0, 0x11, 0x9E, 0x62, 0x53, 0x75,
    0x43, 0x77, 0xC2, 0x63, 0xF9, 0xA5, 0xDD, 0x74, 0xA7, 0x62, 0x8A, 0x72, 0x3F, 0x9F, 0x20, 0xE7,
    0x7B, 0x36, 0x57, 0x99, 0xA8, 0xC2, 0xCC, 0xF4, 0xA0, 0x77, 0xB4, 0xA6, 0x58, 0x10, 0x47, 0xDD,
    0x26, 0xCC, 0x05, 0xED, 0x0C, 0x68, 0xD3, 0x60, 0x55, 0x1C, 0xB8, 0x97, 0x5B, 0x3D, 0xBA, 0x4A,
    0x90, 0xDF, 0x49, 0xBD, 0xD8, 0xBD, 0xD9, 0x7D, 0xCD, 0x49, 0x45, 0x5D, 0x5F, 0x1B, 0xAC, 0x9B,
    0xE5, 0xC8, 0x9C, 0xDD, 0x4D, 0x4E, 0x89, 0x12, 0x40, 0x75, 0xD0, 0xAF, 0x4D, 0xEB, 0xAB, 0xFD,
    0x35, 0x41, 0xA5, 0x91, 0x27, 0xA3, 0x1F, 0x9D, 0x94, 0xBF, 0x21, 0x35, 0x98, 0xC7, 0x43, 0x12,
    0x3F, 0x20, 0x49, 0xA9, 0x22, 0xC5, 0xAA, 0x30, 0x93, 0xFB, 0x15, 0xDA, 0x33, 0xD8, 0x64, 0x91,
    0x5E, 0x24, 0xB3, 0x0A, 0x49, 0x70, 0x65, 0xDD, 0x78, 0x2D, 0xA9, 0xCB, 0x26, 0x84, 0xA2, 0x17,
    0x0B, 0xFA, 0x91, 0x60, 0xC8, 0x13, 0xB2, 0x4F, 0xD3, 0x49, 0x9E, 0xEB, 0x71, 0x03, 0x77, 0x88,
    0xF1, 0x86, 0xB0, 0xF9, 0xDD, 0x6A, 0x3C, 0x47, 0xFA, 0x1D, 0xF1, 0x04, 0x65, 0xFC, 0x1E, 0xC7,
    0xC5, 0x7C, 0x18, 0xDF, 0xCF, 0xD2, 0xF3, 0x19, 0x46, 0x20, 0x0D, 0xE6, 0x8C, 0x47, 0x2C, 0xEA,
    0x51, 0xC8, 0xFC, 0x34, 0x1B, 0x18, 0x0E, 0xF6, 0x17, 0xA2, 0xB0, 0x98, 0x20, 0x91, 0x19, 0xFE,
    0x5D, 0x91, 0x1E, 0x99, 0xC7, 0x0F, 0x89, 0xDD, 0xD8, 0x6C, 0x6D, 0x38, 0xBF, 0x15, 0x49, 0xB1,
    0xF6, 0x96, 0xB4, 0x13, 0x6B, 0x1B, 0x7C, 0x7C, 0x09, 0x0D, 0x5B, 0xDF, 0xC8, 0xAA, 0xE8, 0x73,
    0xCD, 0x13, 0x1E, 0x76, 0x60, 0x40, 0x08, 0xF7, 0xA1, 0x78, 0x24, 0xEC, 0xC9, 0xFE, 0x97, 0x39,
    0x85, 0xC5, 0x74, 0xC5, 0xFC, 0x7F, 0x51, 0xDF, 0x6B, 0xAD, 0x4B, 0x2D, 0xD4, 0x6B, 0x0F, 0x52,
    0xCC, 0x1C, 0x12, 0x7D, 0xB2, 0xA4, 0x7E, 0x83, 0x09, 0x2E, 0xE4, 0xB3, 0x2B, 0xFC, 0x3B, 0x62,
    0x9F, 0xFA, 0xB4, 0x54, 0xFD, 0x4E, 0xEA, 0xE7, 0xFC, 0xF5, 0xEE, 0xCD, 0x3E, 0x2F, 0x5D, 0x5E,
    0x44, 0x6B, 0x3D, 0xF5, 0xAB, 0x17, 0x79, 0x71, 0x87, 0xB8, 0x1B, 0x5A, 0x97, 0x7F, 0x53, 0x30,
    0x1F, 0x80, 0x0D, 0x34, 0xFA, 0x35, 0xC2, 0xC2, 0x4C, 0xF5, 0x8D, 0xFE, 0x79, 0x30, 0xA0, 0x57,
    0xFA, 0xE5, 0x88, 0xEA, 0xBA, 0x45, 0x8C, 0xC6, 0x8E, 0xE9, 0xE7, 0x24, 0x62, 0xED, 0x40, 0xF9,
    0x74, 0x8A, 0x48, 0x1B, 0xFD, 0x6D, 0x18, 0x11, 0x94, 0xA7, 0xF5, 0x3D, 0x64, 0x7A, 0x74, 0xBC,
    0x9E, 0x4C, 0x97, 0x76, 0xE3, 0xF9, 0x7C, 0x2D, 0x91, 0x4B, 0x96, 0xAE, 0x10, 0x5E, 0xBA, 0x8E,
    0x25, 0xC6, 0xCA, 0x88, 0x3A, 0xFC, 0x52, 0xC6, 0x69, 0x9D, 0xC7, 0xEB, 0x5A, 0x8B, 0x96, 0x2D,
    0xC2, 0x0E, 0xD3, 0x6F, 0x2B, 0xDB, 0xA2, 0xEB, 0x6D, 0xAA, 0x67, 0x9B, 0xEE, 0x37, 0x09, 0xF5,
    0x3A, 0x95, 0xFB, 0x4E, 0x2A, 0xF9, 0x41, 0x7C, 0xEA, 0x4C, 0xBF, 0x44, 0xA1, 0x4C, 0xFC, 0x39,
    0xA3, 0xFB, 0x46, 0x6A, 0xEA, 0xA7, 0xA8, 0xF6, 0x2F, 0x11, 0x3E, 0x48, 0xF8, 0x64, 0xBA, 0xB4,
    0xBD, 0x59, 0x4B, 0x02, 0x1B, 0xF2, 0xEC, 0x5B, 0x49, 0xD3, 0xFE, 0xA8, 0xDB, 0x7A, 0xF2, 0xB7,
    0xC9, 0x3E, 0x4B, 0x0D, 0xFF, 0x53, 0xD2, 0xB6, 0x79, 0x07, 0x8D, 0x06, 0x1A, 0xB8, 0xCA, 0x6B,
    0xCC, 0x9A, 0x3D, 0x84, 0x2A, 0xDD, 0x50, 0xCD, 0xC9, 0x0D, 0x59, 0x4A, 0x80, 0xCC, 0xD8, 0xDE,
    0x00, 0x1D, 0x1D, 0x9A, 0x8D, 0x1B, 0xAB, 0x2E, 0x64, 0x94, 0x1B, 0x37, 0x7E, 0x16, 0xE4, 0x34,
    0x46, 0x08, 0xC7, 0x3D, 0xE2, 0x02, 0x6F, 0xDC, 0xF8, 0xAF, 0xF3, 0x30, 0x88, 0x70, 0x3D, 0xF0,
    0x68, 0x39, 0x22, 0xA4, 0x55, 0x43, 0x10, 0x4A, 0x2B, 0x42, 0xBB, 0xF4, 0x0B, 0xE0, 0x66, 0x6E,
    0x97, 0xE9, 0x8D, 0x1B, 0xFF, 0xB2, 0x7C, 0x32, 0x0D, 0x06, 0x37, 0x6E, 0xFC, 0x57, 0x9F, 0x80,
    0x55, 0xA1, 0xDF, 0xA1, 0xE3, 0xC7, 0x7D, 0x5E, 0xEA, 0xF1, 0x1C, 0xE6, 0xF0, 0x0C, 0x9E, 0xD1,
    0xFB, 0x81, 0xDE, 0x5F, 0x7A, 0xF6, 0x76, 0xCB, 0xDC, 0xF8, 0xF5, 0x0D, 0xBE, 0xDF, 0x2F, 0x73,
    0x62, 0xED, 0x5B, 0x51, 0x7F, 0x9C, 0xAB, 0x66, 0xF2, 0x67, 0x13, 0x0D, 0x9E, 0xAC, 0x29, 0xC7,
    0xD1, 0xBA, 0x32, 0x65, 0x3C, 0x6B, 0xCC, 0xC0, 0xBA, 0xB1, 0x62, 0x72, 0x0C, 0xDF, 0x6B, 0x5D,
    0xA4, 0xFF, 0x25, 0x35, 0x55, 0xE4, 0x57, 0xB8, 0x48, 0xEE, 0xA9, 0x91, 0x52, 0xFA, 0xC0, 0xD8,
    0x81, 0xB2, 0x85, 0xEE, 0x43, 0xB9, 0xBA, 0x4E, 0xCF, 0x3B, 0xC9, 0x02, 0x7E, 0x7A, 0x21, 0x0B,
    0xA8, 0xBC, 0x49, 0xBE, 0x9B, 0xD7, 0xB3, 0xA0, 0xBB, 0x7B, 0x3C, 0x9F, 0x62, 0x4D, 0x36, 0x15,
    0x27, 0xE8, 0xC6, 0x10, 0x33, 0x31, 0xCA, 0x31, 0x62, 0x08, 0xA9, 0x56, 0x7B, 0x84, 0x01, 0x21,
    0xF6, 0x0E, 0x69, 0x04, 0x7D, 0x0E, 0x1E, 0xBD, 0x67, 0xCA, 0x8F, 0xD3, 0x5A, 0x19, 0x3F, 0x6F,
    0xCA, 0x37, 0xE9, 0x65, 0xD1, 0xAA, 0x39, 0x6D, 0x22, 0x6B, 0x4E, 0x71, 0x2A, 0x1B, 0x1A, 0xB2,
    0xD1, 0x18, 0xDF, 0x11, 0x75, 0x7C, 0x57, 0x38, 0x91, 0xC3, 0x22, 0xB3, 0x51, 0x8B, 0x41, 0x7F,
    0x6C, 0xDE, 0xC1, 0x02, 0x7A, 0x7A, 0xED, 0xDD, 0xEC, 0x5E, 0xC5, 0xE8, 0xBD, 0x28, 0x3C, 0x59,
    0xB9, 0xD9, 0xED, 0xE6, 0x17, 0x6E, 0x5F, 0xB8, 0xDD, 0x84, 0xB8, 0x45, 0xF7, 0xEB, 0x2B, 0x16,
    0x63, 0xCF, 0x7B, 0x72, 0x00, 0xCC, 0xBD, 0x73, 0x24, 0x93, 0xD8, 0x5F, 0x64, 0x9E, 0xC3, 0xED,
    0xB2, 0xE1, 0x73, 0x7B, 0x12, 0xAF, 0x1B, 0x73, 0x79, 0x26, 0x4C, 0x14, 0x07, 0x82, 0x07, 0x19,
    0xA3, 0x95, 0x43, 0x41, 0xF6, 0x2C, 0xAD, 0x61, 0xFB, 0x9C, 0x1F, 0x1C, 0x32, 0x10, 0xDB, 0xA7,
    0x28, 0x6F, 0x64, 0x6A, 0x05, 0x97, 0x4B, 0xEC, 0xBE, 0xBD, 0xC3, 0x5C, 0xFC, 0xEA, 0xA4, 0xF2,
    0xDA, 0x8F, 0x15, 0x5A, 0x2D, 0xF4, 0x73, 0x2B, 0x9A, 0x51, 0x20, 0xFF, 0xFF, 0x02, 0xD7, 0xE4,
    0xBB, 0x2A, 0x41, 0xB2, 0xA8, 0xD0, 0x1C, 0x37, 0x7C, 0xA8, 0x7E, 0x53, 0xBB, 0x02, 0x2B, 0x3F,
    0x69, 0xF4, 0x6B, 0x7D, 0x87, 0xBA, 0x31, 0x32, 0x5C, 0x6A, 0x3D, 0xF7, 0x29, 0xD1, 0xAD, 0xF3,
    0x53, 0x79, 0xAC, 0x52, 0x82, 0x56, 0xFB, 0x0A, 0xC1, 0x02, 0x03, 0xB2, 0x35, 0xBB, 0xE0, 0x53,
    0x99, 0x5F, 0x09, 0x42, 0x50, 0x19, 0xC8, 0xC6, 0x1D, 0xCB, 0xF2, 0x10, 0x13, 0x13, 0x29, 0x8E,
    0x31, 0x54, 0x19, 0x7F, 0x5B, 0x71, 0x28, 0x88, 0xE5, 0x06, 0x88, 0xCD, 0x14, 0x20, 0x14, 0x5E,
    0xC0, 0x87, 0x0C, 0x6B, 0x30, 0xAF, 0x9D, 0x12, 0x02, 0x4B, 0x94, 0x85, 0xE9, 0xF2, 0xB5, 0x45,
    0xB6, 0x41, 0xF6, 0xB3, 0xEF, 0x2C, 0x1A, 0x7A, 0xD1, 0x3D, 0xE2, 0x4D, 0x29, 0xC7, 0xD3, 0x72,
    0x27, 0x38, 0x9B, 0x6F, 0xE9, 0xEB, 0xA4, 0xD0, 0xEF, 0x28, 0x7A, 0xBA, 0x1B, 0xC8, 0xAB, 0x0F,
    0xB7, 0xA5, 0xA7, 0xC6, 0x0F, 0xD2, 0xB9, 0x7D, 0xEA, 0x07, 0xBC, 0x6F, 0xA4, 0x7C, 0x71, 0xCE,
    0x1A, 0xDB, 0xEE, 0x54, 0xD1, 0x21, 0xFB, 0x86, 0x15, 0xEC, 0xB7, 0x98, 0x07, 0xE9, 0x49, 0x11,
    0xDF, 0x18, 0xBE, 0xB6, 0xB0, 0xB5, 0x4A, 0x63, 0x7A, 0x17, 0x78, 0x5C, 0x60, 0x4B, 0xA0, 0x2D,
    0x30, 0x64, 0x23, 0x1B, 0x12, 0xFF, 0xB9, 0xF5, 0x74, 0x97, 0x61, 0x80, 0x1D, 0xEA, 0xF2, 0x68,
    0x96, 0xD4, 0x7C, 0x32, 0x3F, 0x44, 0xAB, 0x21, 0xE9, 0x64, 0x33, 0x5B, 0x96, 0xC7, 0x6C, 0x48,
    0xCE, 0xF2, 0x16, 0x2A, 0x74, 0x38, 0xCD, 0x89, 0x3E, 0x37, 0xD7, 0x91, 0x9D, 0xEB, 0xE3, 0xB9,
    0xEE, 0xF4, 0x08, 0x57, 0xF9, 0x5E, 0xEB, 0x10, 0x2C, 0x73, 0xA8, 0xA4, 0x6A, 0x42, 0xBA, 0x12,
    0xBA, 0xEF, 0xC5, 0xFE, 0xFB, 0x82, 0xFD, 0xA7, 0x05, 0xB7, 0x5C, 0xC1, 0x87, 0x15, 0xCD, 0xDD,
    0x91, 0x35, 0x1C, 0x39, 0x36, 0x64, 0x81, 0x30, 0x48, 0x59, 0x8E, 0xAB, 0xB9, 0x76, 0x0C, 0xAF,
    0xCE, 0xEE, 0xC8, 0x57, 0x33, 0x28, 0xF0, 0xE4, 0xBB, 0x14, 0x21, 0x53, 0x20, 0x0B, 0xD0, 0x3B,
    0x11, 0x1D, 0x56, 0xCD, 0x0A, 0x8E, 0x80, 0x9F, 0x6E, 0x5E, 0xDE, 0x02, 0x12, 0xD9, 0x6F, 0xDC,
    0x19, 0xD7, 0xEF, 0x80, 0x4D, 0xC5, 0x86, 0x20, 0xC4, 0x6A, 0xC6, 0xB6, 0x62, 0x4F, 0xB1, 0x20,
    0x5C, 0xE9, 0x51, 0x33, 0x13, 0x7A, 0x43, 0x6A, 0x66, 0xC2, 0xE5, 0x1D, 0x9E, 0xDE, 0x9E, 0x6E,
    0xAC, 0x03, 0x21, 0x22, 0x7A, 0x2A, 0x6D, 0x7A, 0xB2, 0xC7, 0xC3, 0x1C, 0xE3, 0xDC, 0x1F, 0xF4,
    0x75, 0xE0, 0xB0, 0x78, 0x5F, 0x94, 0xEA, 0xDE, 0xC7, 0x3C, 0xD8, 0x1C, 0x5F, 0x1C, 0xF1, 0xCD,
    0xBE, 0xD8, 0x3C, 0x29, 0x5A, 0xFD, 0xF1, 0xC5, 0x31, 0x5F, 0x15, 0xC4, 0x99, 0x11, 0x29, 0xDF,
    0x29, 0xB0, 0x07, 0x6E, 0xED, 0x40, 0xE1, 0xF2, 0xB3, 0xC9, 0x78, 0x59, 0x1C, 0x27, 0xAC, 0x43,
    0x93, 0x2D, 0x20, 0xE1, 0xCE, 0xAC, 0x42, 0xB0, 0x96, 0x09, 0xFA, 0x47, 0xB0, 0x22, 0xA8, 0x8C,
    0x61, 0x68, 0xCA, 0xDD, 0xEC, 0x1E, 0x11, 0x8B, 0xEF, 0x7D, 0x95, 0x58, 0xD0, 0xA7, 0x74, 0xDE,
    0x12, 0x6C, 0xD6, 0x04, 0x57, 0x15, 0xCD, 0x49, 0x78, 0xF6, 0x40, 0x30, 0x1C, 0xA1, 0xFF, 0x89,
    0x9B, 0xDB, 0x98, 0x68, 0xA3, 0xF1, 0x77, 0x65, 0xB6, 0xEE, 0x0F, 0x53, 0xF7, 0xDA, 0x11, 0x48,
    0x9D, 0xCF, 0x72, 0xF6, 0x36, 0xB4, 0x52, 0xA0, 0x71, 0xD8, 0x05, 0xE5, 0x46, 0xF3, 0xA1, 0xCB,
    0xD4, 0x7A, 0xC4, 0x15, 0x8A, 0xE4, 0x77, 0x31, 0xAE, 0x2B, 0x39, 0x9E, 0x20, 0x86, 0xCD, 0x18,
    0x48, 0xB3, 0xED, 0xC0, 0x8B, 0x4F, 0x83, 0xB6, 0x34, 0x95, 0x26, 0x35, 0xCD, 0x0C, 0x0A, 0xC1,
    0x64, 0x1C, 0x1D, 0xA7, 0x52, 0xB4, 0xD4, 0x6D, 0x5E, 0x06, 0x4B, 0xB9, 0xB8, 0xF7, 0x94, 0x8A,
    0xAE, 0xEC, 0x5E, 0xF0, 0x49, 0x6A, 0x76, 0xE0, 0x13, 0xA5, 0xCA, 0xED, 0xC2, 0x59, 0x48, 0xF7,
    0x3F, 0xAF, 0xF5, 0x9F, 0x62, 0x9F, 0x37, 0x8B, 0xA7, 0x38, 0x77, 0xBF, 0x3B, 0x7E, 0xCD, 0xC5,
    0x07, 0xEB, 0xAA, 0x64, 0x8E, 0xC6, 0x3D, 0xE8, 0xE6, 0x4C, 0xF6, 0xFC, 0xA3, 0x9E, 0xB9, 0x03,
    0x22, 0xDF, 0x0C, 0x8A, 0xCC, 0x3B, 0x45, 0x68, 0x8B, 0x22, 0x42, 0xF4, 0xF8, 0x80, 0x70, 0xFB,
    0xFA, 0xD1, 0x75, 0x60, 0xDB, 0x4A, 0x9D, 0x29, 0xBE, 0xD0, 0x53, 0x1C, 0x72, 0xBE, 0x5F, 0x3D,
    0xBF, 0xC1, 0x48, 0xDF, 0xD5, 0x66, 0xF1, 0x0C, 0x98, 0xCE, 0xE1, 0xD6, 0xB3, 0xB7, 0x9F, 0x03,
    0x56, 0xF9, 0xB6, 0xBB, 0xDD, 0xEB, 0x03, 0x62, 0xA1, 0xFF, 0x44, 0x14, 0xD5, 0x75, 0x25, 0x00,
    0x82, 0xC1, 0x31, 0x9B, 0xB0, 0x2D, 0xB5, 0xFE, 0xA8, 0x0B, 0x81, 0x60, 0x55, 0xD0, 0x6B, 0x3A,
    0x2E, 0x2B, 0x7D, 0x70, 0x4F, 0xB1, 0x3D, 0xFD, 0x7D, 0xEE, 0x7E, 0x7B, 0x9A, 0xAF, 0xFA, 0xFD,
    0x2C, 0xB6, 0xFA, 0x5E, 0x9B, 0x70, 0x0E, 0x67, 0xBB, 0xBB, 0x6C, 0x23, 0xA3, 0xEF, 0x2D, 0x88,
    0xBF, 0x86, 0xAC, 0x74, 0xD5, 0x78, 0xA9, 0x1B, 0x23, 0x4B, 0x87, 0xFE, 0xAD, 0x15, 0xA6, 0x56,
    0xED, 0x8D, 0xDE, 0x12, 0x56, 0xA0, 0xF3, 0x4C, 0x44, 0xDC, 0xE5, 0x87, 0xF9, 0xF7, 0x3D, 0x60,
    0xCA, 0x36, 0x4C, 0x13, 0xBC, 0xA0, 0xC8, 0xB6, 0x50, 0xC4, 0x2F, 0xB7, 0xA6, 0x3A, 0xE9, 0x65,
    0x11, 0x99, 0x62, 0x65, 0x2D, 0x62, 0xBA, 0xDE, 0xBD, 0xC9, 0xB6, 0x2E, 0xCA, 0x53, 0x9C, 0x02,
    0xEE, 0xC8, 0xDE, 0x38, 0xB8, 0x12, 0x48, 0xDF, 0x98, 0xCA, 0xB0, 0x95, 0x82, 0x5C, 0xC3, 0x36,
    0x71, 0xAC, 0x39, 0x74, 0xD9, 0x9A, 0x06, 0x5A, 0x88, 0x80, 0x67, 0x95, 0x9B, 0xB0, 0x0E, 0x80,
    0xA4, 0xBA, 0xFB, 0xA7, 0x2C, 0xEB, 0x59, 0x29, 0xFF, 0xEA, 0x09, 0x2C, 0xD1, 0x1F, 0xA6, 0x1B,
    0xFF, 0x7A, 0x9C, 0xB7, 0xB8, 0x58, 0xE4, 0xB0, 0xE6, 0x97, 0xB1, 0xCA, 0xF8, 0x24, 0xD1, 0xCD,
    0xF7, 0xC4, 0x84, 0xAD, 0xD6, 0x08, 0xAC, 0xE5, 0x50, 0x16, 0x40, 0x98, 0xFB, 0x15, 0x4C, 0x9E,
    0x04, 0x41, 0x4F, 0x81, 0xE1, 0x3F, 0xE2, 0x7C, 0xE6, 0xDB, 0xC7, 0x78, 0x90, 0x58, 0x16, 0xCE,
    0x7B, 0xC4, 0x35, 0x62, 0x18, 0x47, 0x53, 0x96, 0x71, 0x58, 0xE1, 0x2C, 0x8F, 0xF8, 0x4D, 0x71,
    0xD6, 0xE0, 0xCA, 0xD8, 0x89, 0x50, 0x12, 0xD0, 0x34, 0x8C, 0x27, 0x90, 0x67, 0xB6, 0xBA, 0x1A,
    0xAA, 0x0C, 0xB9, 0xAD, 0x5C, 0x62, 0xA8, 0xD6, 0xB8, 0x8F, 0x70, 0x53, 0x2D, 0xDA, 0xE4, 0x2C,
    0xB5, 0xF6, 0xB1, 0x47, 0x12, 0xF1, 0x58, 0xEE, 0xE9, 0x98, 0xBE, 0x07, 0x5C, 0x6B, 0x1D, 0xA0,
    0xA1, 0x4E, 0x60, 0x89, 0x87, 0x9A, 0xAF, 0x10, 0xC4, 0x4B, 0x67, 0xB7, 0x7A, 0x31, 0xD6, 0x7A,
    0xB2, 0xD5, 0xC2, 0x18, 0x24, 0x82, 0x7D, 0x29, 0xDA, 0x19, 0x09, 0xB2, 0x8D, 0x6D, 0x4F, 0x6E,
    0x03, 0xD9, 0xD6, 0xE2, 0x4F, 0xEE, 0x32, 0x3E, 0x98, 0x45, 0x9F, 0xD9, 0x5B, 0x9A, 0xDA, 0x2A,
    0x9C, 0x98, 0x7F, 0x81, 0xA5, 0x1F, 0x4E, 0xBE, 0x1F, 0xDF, 0x09, 0xAE, 0xDB, 0xCA, 0xB5, 0x1D,
    0x87, 0xAA, 0x03, 0xD3, 0xFA, 0xB7, 0x7E, 0xDD, 0x22, 0x06, 0xA7, 0x52, 0xA5, 0x4E, 0xF0, 0x2E,
    0xE3, 0xD6, 0x3B, 0xC9, 0x06, 0xE4, 0x04, 0x1B, 0xC1, 0x3B, 0xE1, 0x8A, 0x8E, 0xFB, 0xB5, 0x05,
    0x1B, 0x53, 0xC6, 0xD3, 0x56, 0xBC, 0x6E, 0xAE, 0x2C, 0x99, 0xBA, 0x9D, 0xAE, 0x1B, 0x12, 0xFE,
    0x88, 0x9D, 0x58, 0xB7, 0x52, 0xC2, 0x5A, 0xB2, 0xEE, 0x0C, 0x08, 0xDD, 0x08, 0x9C, 0x07, 0xAD,
    0x57, 0x66, 0xDD, 0x25, 0x06, 0xB8, 0xFE, 0xE0, 0xCA, 0xBA, 0xE7, 0xBC, 0x13, 0xD7, 0xEB, 0xDE,
    0xFA, 0x63, 0xB5, 0x57, 0xE3, 0xFA, 0x8D, 0x87, 0xD6, 0xB7, 0x2E, 0x7A, 0x71, 0xA3, 0x1C, 0xAE,
    0x63, 0x5D, 0x6B, 0x94, 0xC5, 0xFA, 0xBF, 0x68, 0x53, 0xBE, 0x88, 0x24, 0xDF, 0xE7, 0x09, 0x2D,
    0x2A, 0x37, 0x47, 0xB9, 0xFF, 0xCF, 0xBA, 0x75, 0x0B, 0xE5, 0xFE, 0x77, 0xEB, 0xCE, 0x5B, 0x28,
    0xCF, 0x5B, 0x77, 0xCF, 0xD1, 0xF3, 0x0F, 0xD6, 0xD6, 0x1F, 0xB2, 0xA9, 0xBC, 0xC7, 0x1F, 0xF8,
    0x8B, 0xC6, 0x9F, 0x7E, 0x40, 0xCF, 0x97, 0x7F, 0x5B, 0x96, 0xB7, 0x08, 0xFF, 0xF5, 0xDF, 0x1E,
    0x44, 0x7D, 0x2A, 0xC7, 0xFA, 0x5B, 0xE2, 0x35, 0xB0, 0x7E, 0xAE, 0x63, 0x72, 0x34, 0x14, 0x17,
    0xD7, 0xDB, 0x79, 0xB1, 0xA7, 0xC2, 0xA5, 0x59, 0xA3, 0x5F, 0xDD, 0x77, 0x98, 0xCC, 0xF4, 0x89,
    0x26, 0xA1, 0x98, 0x35, 0x3A, 0xAF, 0xF8, 0x91, 0x0A, 0x45, 0x75, 0x7D, 0xE5, 0x8E, 0x4C, 0xE2,
    0x1D, 0xD0, 0xFA, 0x3A, 0xBC, 0x83, 0x5A, 0x63, 0xC2, 0x55, 0xA7, 0xF3, 0x58, 0x5B, 0x94, 0x2B,
    0xB5, 0x86, 0xA1, 0xD6, 0xB0, 0xB3, 0x20, 0xD8, 0xDD, 0x77, 0xE7, 0x7A, 0x73, 0x7D, 0xED, 0x2E,
    0x1B, 0x33, 0x5E, 0x55, 0x95, 0x40, 0xE1, 0x48, 0x3D, 0x5F, 0xA3, 0x15, 0xD2, 0x92, 0x9D, 0x1F,
    0xA1, 0x84, 0xA2, 0x42, 0x00, 0x8A, 0x68, 0xAD, 0xAA, 0xAB, 0xC1, 0x04, 0x07, 0x32, 0x5B, 0x09,
    0x0B, 0x8B, 0x4D, 0x1A, 0x6C, 0xE2, 0x34, 0x81, 0xB5, 0x81, 0xA0, 0x97, 0x08, 0x86, 0xC2, 0xC7,
    0x27, 0xBC, 0xA2, 0xC6, 0xB5, 0xE4, 0xBB, 0x10, 0x5A, 0x45, 0x7C, 0x54, 0x93, 0x41, 0x47, 0xCD,
    0x06, 0x81, 0xDE, 0xCB, 0xF2, 0x5D, 0xDE, 0x53, 0x32, 0xBF, 0x7C, 0xFA, 0xE0, 0xEB, 0x37, 0x69,
    0x3D, 0x34, 0x72, 0xBF, 0xA9, 0xD8, 0x53, 0xDC, 0x53, 0x3C, 0x6D, 0x8C, 0xDA, 0xD5, 0x4C, 0xB5,
    0x3A, 0x8B, 0xF5, 0xCF, 0x67, 0xFA, 0x7B, 0xA1, 0x1D, 0x72, 0x6D, 0x87, 0xAB, 0x8B, 0xED, 0x0F,
    0xED, 0xEE, 0x0E, 0x89, 0x86, 0x0E, 0xBB, 0x06, 0x78, 0xB1, 0x93, 0xFE, 0x8A, 0xBA, 0x0A, 0x66,
    0x71, 0x05, 0xF3, 0x95, 0x4E, 0xDA, 0x23, 0x8A, 0x15, 0x12, 0x36, 0xE8, 0x9B, 0xB6, 0xD8, 0x9E,
    0xA2, 0x0D, 0x5B, 0x90, 0x41, 0x40, 0xD3, 0x1F, 0xB6, 0x40, 0x5E, 0xD4, 0xA4, 0x37, 0x63, 0x4E,
    0x05, 0xD0, 0x16, 0xD3, 0x32, 0x19, 0xB0, 0xFD, 0x45, 0x6D, 0xE0, 0xB3, 0x98, 0xCD, 0xC5, 0x62,
    0x51, 0x8D, 0x45, 0xD5, 0x2B, 0xD2, 0x3A, 0x63, 0x4F, 0x99, 0x3E, 0x90, 0xE8, 0xA5, 0x16, 0x54,
    0x65, 0x1B, 0xA1, 0x10, 0xE0, 0xE1, 0x96, 0x62, 0x65, 0x2D, 0x73, 0xFA, 0xB8, 0x4D, 0x9D, 0x9D,
    0xCE, 0x0F, 0x2D, 0x73, 0x97, 0xFE, 0xBF, 0x3A, 0x69, 0xAC, 0x81, 0x10, 0x4C, 0xC2, 0xB5, 0x4B,
    0x50, 0x61, 0x72, 0xFF, 0xFD, 0x0D, 0xE3, 0x75, 0x58, 0x9D, 0x0E, 0xD8, 0x6E, 0x62, 0x1E, 0xD3,
    0x79, 0xB4, 0x19, 0x43, 0x18, 0xEF, 0xEF, 0x68, 0xFF, 0xA7, 0x4E, 0xD2, 0xEC, 0x12, 0xE3, 0xBE,
    0x53, 0x4B, 0x64, 0xFF, 0x9D, 0xB1, 0xA7, 0xC8, 0x1B, 0xCE, 0x0D, 0xF3, 0xD3, 0x86, 0xCC, 0xF4,
    0xBD, 0xD0, 0xAC, 0x7A, 0x51, 0xC3, 0xD4, 0xFD, 0xA8, 0xEE, 0x9B, 0xC6, 0xF2, 0xA6, 0x97, 0xD4,
    0x43, 0xD3, 0xEC, 0x3F, 0x53, 0x1B, 0x3C, 0xDF, 0x34, 0x9D, 0xB1, 0xFB, 0x72, 0x91, 0xF7, 0x4C,
    0xB9, 0xE3, 0x24, 0x65, 0xB6, 0x07, 0x1D, 0x67, 0x1C, 0x0C, 0x56, 0xE7, 0xDC, 0x09, 0x4E, 0x1E,
    0xFF, 0xF9, 0xDD, 0xEA, 0x9F, 0xCA, 0x32, 0x51, 0x2D, 0x33, 0x4E, 0x2A, 0xEB, 0xB9, 0x93, 0x96,
    0xBA, 0x15, 0x81, 0xE7, 0xFA, 0x7A, 0xDF, 0x9B, 0xE2, 0x87, 0x58, 0x06, 0x2F, 0x9E, 0x77, 0x3E,
    0x93, 0xFE, 0x98, 0xE0, 0x62, 0xBE, 0x01, 0xC6, 0x2A, 0x50, 0xCB, 0x7B, 0x5D, 0xB0, 0x96, 0xB4,
    0x9E, 0x2D, 0xE9, 0x3D, 0xD8, 0x90, 0x2F, 0x23, 0xD1, 0xB8, 0xBC, 0x9F, 0x30, 0xFA, 0x6F, 0x32,
    0xDB, 0x66, 0x3A, 0x30, 0x6F, 0x0D, 0x60, 0x74, 0x40, 0xA2, 0x52, 0x13, 0x26, 0xAD, 0x7E, 0x61,
    0xB6, 0x5C, 0xEC, 0xA3, 0x95, 0x9F, 0xF4, 0x20, 0x9B, 0xD1, 0x6F, 0xA7, 0x6D, 0xAE, 0xE3, 0xCE,
    0xDD, 0xC6, 0xFF, 0xD7, 0xCC, 0x7F, 0xD6, 0xAF, 0x61, 0xBC, 0xF6, 0x6C, 0xA0, 0x1F, 0x15, 0x24,
    0x34, 0x62, 0x1C, 0x43, 0x65, 0xEC, 0x0C, 0xB0, 0x59, 0x0A, 0x53, 0xA3, 0x1E, 0x8D, 0x27, 0xEA,
    0xEB, 0x77, 0xC7, 0xD4, 0xBD, 0xFF, 0xFB, 0x15, 0xA5, 0x07, 0xC4, 0x71, 0x1F, 0x81, 0xAF, 0xBB,
    0x52, 0x4B, 0x64, 0xE8, 0xC2, 0xB4, 0x25, 0x52, 0xD3, 0x14, 0xA5, 0x63, 0x21, 0xD6, 0x55, 0x42,
    0x5E, 0x5F, 0x89, 0x99, 0x1C, 0xB1, 0xDA, 0x29, 0x71, 0x4A, 0xF0, 0x22, 0x5E, 0xEC, 0xBD, 0x93,
    0xF8, 0xD8, 0xC8, 0x0F, 0x9D, 0xBC, 0x83, 0x7A, 0x8F, 0x0C, 0x96, 0x61, 0x9F, 0x78, 0xDD, 0x90,
    0x2A, 0x10, 0x06, 0x03, 0x03, 0x77, 0x9A, 0x66, 0x60, 0xFC, 0x11, 0xC9, 0x97, 0xBD, 0xFB, 0x96,
    0x61, 0xAC, 0x9C, 0xB6, 0x8D, 0x7B, 0x48, 0xEB, 0x44, 0x7A, 0x8A, 0x85, 0x35, 0x2B, 0x3E, 0x61,
    0xFC, 0xDF, 0x4B, 0xFD, 0xD1, 0xFF, 0x1B, 0x58, 0x36, 0x08, 0xD9, 0x4A, 0x62, 0x82, 0x7F, 0x4D,
    0xA3, 0x76, 0xF7, 0xE6, 0x15, 0xDD, 0xBA, 0xC8, 0x26, 0xD7, 0x8B, 0xF9, 0xA6, 0xC8, 0x6C, 0xE3,
    0x04, 0x07, 0x0B, 0x9D, 0xF1, 0x1B, 0xE1, 0x33, 0x9C, 0x37, 0x45, 0x33, 0x56, 0x4B, 0xA8, 0x91,
    0xAD, 0xA1, 0x30, 0xD5, 0xC4, 0x54, 0x52, 0xE3, 0x0D, 0xC1, 0x54, 0x12, 0x86, 0x2F, 0x8E, 0xB9,
    0xFF, 0xDD, 0x92, 0xD9, 0x6E, 0x62, 0xF9, 0x53, 0x90, 0x86, 0x65, 0x7A, 0x6E, 0xC7, 0x6C, 0xF9,
    0xE5, 0x38, 0xEA, 0x97, 0x9F, 0xB4, 0xBD, 0x71, 0x44, 0xE3, 0x20, 0x3F, 0xC5, 0x4E, 0x45, 0xE2,
    0x54, 0xE1, 0x56, 0xC6, 0x26, 0x31, 0xE4, 0xD3, 0x94, 0x69, 0x6B, 0x58, 0x66, 0x3C, 0xDE, 0xD6,
    0x9E, 0x1B, 0xF4, 0x99, 0xEF, 0x60, 0xC5, 0xB9, 0x27, 0x2F, 0x00, 0x06, 0x70, 0x92, 0xD8, 0xBD,
    0x6A, 0x84, 0xB0, 0xE4, 0xA6, 0x58, 0x22, 0xC2, 0x7F, 0x71, 0x03, 0xEB, 0x15, 0xEE, 0x3B, 0x9F,
    0x4A, 0x3E, 0x5F, 0xCB, 0xA9, 0xF0, 0x3E, 0x5B, 0xCD, 0x0F, 0xA9, 0xB5, 0x19, 0x65, 0xC1, 0x88,
    0x3C, 0x19, 0xE0, 0x89, 0x47, 0x03, 0x1C, 0xD7, 0xEE, 0x2B, 0x31, 0xDF, 0x77, 0xDE, 0x89, 0x18,
    0xED, 0xD2, 0x15, 0x7E, 0x66, 0xEC, 0x09, 0xEE, 0xEB, 0x77, 0x97, 0xD5, 0x7D, 0x29, 0xD7, 0xF9,
    0xA8, 0x14, 0xD3, 0x90, 0xA4, 0x53, 0x5E, 0x03, 0xDF, 0x25, 0x9B, 0xCB, 0xB0, 0xCE, 0x5A, 0xDE,
    0x9D, 0xF5, 0xA5, 0x40, 0x6F, 0xFB, 0x91, 0xF4, 0xF6, 0x1F, 0x80, 0xE2, 0xAB, 0x70, 0x73, 0x22,
    0x77, 0x55, 0xF8, 0x87, 0x96, 0xF7, 0x87, 0xA3, 0xFA, 0xE2, 0x4C, 0x10, 0xDF, 0x75, 0x42, 0x3E,
    0xFB, 0x8A, 0xA8, 0x34, 0xD5, 0x3E, 0xA4, 0xE2, 0xCB, 0x57, 0xBA, 0x07, 0x5D, 0xFA, 0xDF, 0x0E,
    0x33, 0x9F, 0x6D, 0xB5, 0x73, 0xFA, 0x46, 0xB8, 0x35, 0x87, 0x8B, 0x7C, 0x3A, 0xF3, 0xEF, 0x07,
    0x60, 0x98, 0x2B, 0x59, 0xB7, 0x92, 0x6D, 0x0B, 0x41, 0x50, 0xD9, 0xB6, 0xAE, 0x3A, 0xB3, 0x7E,
    0x41, 0xAE, 0xDA, 0x4E, 0x41, 0x60, 0x6A, 0x2B, 0x03, 0x03, 0x1C, 0x8B, 0x58, 0x5C, 0x2B, 0x04,
    0xD9, 0xEE, 0x06, 0x18, 0x0B, 0x2E, 0x55, 0xFC, 0x3B, 0xEB, 0x55, 0xCE, 0x1B, 0x4B, 0xBB, 0xC5,
    0x1A, 0x8B, 0x2D, 0xAD, 0xF0, 0x53, 0x27, 0xE0, 0x91, 0xDE, 0xAF, 0xF2, 0x1F, 0x89, 0xEB, 0x89,
    0x2A, 0x99, 0x22, 0x41, 0x5B, 0x95, 0x90, 0xF4, 0x91, 0x63, 0xD8, 0x8A, 0x6D, 0x0E, 0xB4, 0xC2,
    0xB1, 0x59, 0xEE, 0xF3, 0xBA, 0x37, 0x67, 0xB3, 0xD8, 0x3E, 0x8E, 0x6B, 0xCF, 0x1E, 0x72, 0x7B,
    0x74, 0x8E, 0x8D, 0x9B, 0x3B, 0xD4, 0xBB, 0x23, 0xF5, 0xB2, 0x47, 0x82, 0x2C, 0xAF, 0xCC, 0xD4,
    0xF7, 0x5B, 0xC7, 0x4C, 0xA3, 0x8F, 0xF9, 0x46, 0x55, 0x72, 0x08, 0x74, 0xFF, 0x1B, 0xC7, 0xF5,
    0x69, 0x6E, 0x2A, 0x56, 0x1F, 0x41, 0x2C, 0x84, 0xEF, 0xC0, 0x58, 0x23, 0x71, 0x7E, 0x61, 0xFD,
    0x3C, 0xE4, 0x27, 0x18, 0xA8, 0xF6, 0xBB, 0xBC, 0xC5, 0x69, 0x2A, 0x0D, 0x7D, 0x79, 0xF3, 0x97,
    0x2D, 0xF9, 0x0A, 0x56, 0x85, 0x33, 0x67, 0x75, 0x17, 0x39, 0xEE, 0xF8, 0xB8, 0x18, 0x61, 0xC1,
    0xDC, 0xE0, 0xC5, 0x7D, 0x4E, 0x6E, 0xCB, 0xE6, 0xE5, 0xB6, 0x4E, 0xCC, 0x68, 0x8F, 0x55, 0x4E,
    0x53, 0x79, 0x2D, 0x54, 0x7E, 0xE7, 0xD4, 0x54, 0x5E, 0x23, 0xD2, 0x24, 0x9F, 0xE3, 0xBD, 0x2C,
    0x14, 0xDC, 0x7B, 0x51, 0x15, 0x62, 0x71, 0x58, 0x29, 0xEA, 0xD5, 0x6D, 0xCB, 0x66, 0x75, 0x4C,
    0xFF, 0xE6, 0x8C, 0xDE, 0xA4, 0xCB, 0x8A, 0x86, 0xAB, 0xE6, 0x2E, 0x02, 0x13, 0x78, 0x4F, 0x62,
    0xAB, 0x5A, 0x4F, 0x0D, 0x64, 0x1E, 0xBD, 0x5C, 0x61, 0x2A, 0x63, 0x48, 0x78, 0xC0, 0x5C, 0x17,
    0x10, 0xF5, 0x11, 0x25, 0x14, 0x46, 0x32, 0x57, 0x01, 0x3B, 0x57, 0x01, 0x82, 0xEB, 0xFD, 0xC7,
    0x8C, 0xDB, 0xAC, 0x44, 0x7A, 0x20, 0x0D, 0x81, 0x10, 0xDE, 0xA2, 0xB6, 0xB5, 0x4B, 0xF4, 0xDA,
    0x4B, 0xDA, 0x21, 0x0C, 0x54, 0x6A, 0x59, 0x11, 0x1C, 0xB2, 0x75, 0x59, 0x2E, 0xBE, 0x00, 0x7D,
    0x5D, 0xA2, 0xCE, 0x28, 0x57, 0x7F, 0xF5, 0x0C, 0x1B, 0xA4, 0x17, 0x3E, 0x93, 0xEA, 0xE2, 0x0C,
    0xBB, 0x59, 0x15, 0x32, 0x16, 0xEE, 0x0A, 0x35, 0x79, 0x40, 0xC1, 0x7D, 0x0F, 0x1A, 0xF5, 0x42,
    0x64, 0x86, 0x09, 0xF0, 0x3B, 0x0A, 0x19, 0x55, 0x45, 0xC0, 0x76, 0x2A, 0x3C, 0x6C, 0xA7, 0x30,
    0x2D, 0x33, 0x98, 0x83, 0x50, 0xA0, 0x29, 0xD0, 0x10, 0xD8, 0x12, 0xE8, 0x31, 0x58, 0xAC, 0x26,
    0x09, 0x4A, 0x6E, 0x1C, 0x0F, 0x0B, 0x56, 0x41, 0x4D, 0xAC, 0x3A, 0x08, 0xA2, 0xE3, 0xDF, 0xA5,
    0x81, 0xBB, 0xC1, 0x46, 0x8A, 0xB4, 0x20, 0x51, 0xFB, 0xC2, 0x52, 0x23, 0xA3, 0xF6, 0x1C, 0x8A,
    0xD9, 0x0B, 0xB7, 0x6C, 0x66, 0xEA, 0xDC, 0xF2, 0x99, 0x59, 0xE5, 0x9E, 0xE2, 0xCD, 0xF6, 0xB4,
    0xC2, 0xA0, 0xCC, 0xDA, 0x56, 0xEE, 0x30, 0x12, 0x67, 0x42, 0x52, 0xA6, 0xA9, 0x70, 0xFB, 0xFA,
    0xF8, 0x7A, 0xFA, 0x98, 0x8C, 0x4D, 0xE0, 0x16, 0xF2, 0x35, 0xF4, 0x7E, 0xB3, 0x7B, 0x85, 0x31,
    0x2C, 0xF3, 0xED, 0xEE, 0xD1, 0xF5, 0xF4, 0x6C, 0x77, 0x52, 0x2E, 0xE6, 0xF0, 0x06, 0x5B, 0x87,
    0xE6, 0x3A, 0xB1, 0x19, 0x7F, 0x2F, 0x9A, 0x80, 0x0A, 0xED, 0xCF, 0x61, 0xA4, 0x7A, 0x9E, 0x17,
    0x9A, 0x5C, 0x09, 0x5B, 0xAE, 0x8A, 0x23, 0x56, 0x90, 0x24, 0x8A, 0x11, 0xE3, 0xF2, 0xD5, 0x89,
    0x46, 0x79, 0xB2, 0x15, 0x63, 0xC5, 0x01, 0xDB, 0x89, 0x67, 0x3E, 0xBC, 0x64, 0xD9, 0x10, 0x93,
    0x78, 0x43, 0xAC, 0xFC, 0x3D, 0x9A, 0xDD, 0x16, 0x6C, 0xD2, 0x59, 0xEB, 0x02, 0x41, 0x82, 0x2D,
    0xD3, 0xA9, 0x59, 0x1E, 0xA7, 0x56, 0xC9, 0x66, 0x4A, 0x41, 0x4B, 0x05, 0xEA, 0x17, 0x20, 0xB0,
    0xC4, 0xDE, 0x51, 0xD9, 0x2C, 0xAF, 0xBF, 0x08, 0xA2, 0x2D, 0xAC, 0x00, 0x3C, 0x50, 0xF7, 0xFA,
    0x5D, 0x1F, 0x58, 0x93, 0x32, 0xC3, 0x59, 0x25, 0x68, 0x36, 0xCB, 0x4D, 0x59, 0x57, 0xE6, 0x37,
    0x63, 0x07, 0x13, 0x9C, 0xD3, 0xA6, 0xD5, 0xA6, 0x53, 0xCD, 0x12, 0xE7, 0x55, 0xD5, 0x7C, 0x4C,
    0xAF, 0x17, 0xA7, 0xA6, 0x28, 0xD0, 0xDF, 0x8B, 0x4A, 0x5D, 0xD9, 0xD4, 0x0B, 0x6F, 0x50, 0xED,
    0xC5, 0x10, 0x5B, 0x1F, 0x44, 0xD4, 0x59, 0x44, 0xD0, 0x82, 0x04, 0x54, 0xAD, 0x1F, 0x05, 0x03,
    0x1F, 0xAB, 0x7F, 0x1A, 0x64, 0xB2, 0x52, 0x06, 0xB2, 0xC5, 0xFA, 0x62, 0x3F, 0x1C, 0x88, 0xC5,
    0x13, 0x1B, 0x79, 0x2E, 0x97, 0xFD, 0x1A, 0x3A, 0xAC, 0x53, 0x04, 0x70, 0xF8, 0x7A, 0xA0, 0x8C,
    0x02, 0x6C, 0x4A, 0x77, 0x72, 0xE8, 0x34, 0xC7, 0x18, 0xD5, 0x01, 0x3C, 0xB7, 0x69, 0xA9, 0x21,
    0x1A, 0xFD, 0x40, 0x0C, 0xBB, 0x4E, 0x33, 0x6F, 0xCD, 0x3A, 0x23, 0x61, 0xB8, 0x49, 0x58, 0xCA,
    0x2E, 0xB7, 0xE0, 0x81, 0x59, 0xDB, 0x6F, 0xED, 0x6F, 0x38, 0xBC, 0x0A, 0xF6, 0x60, 0x12, 0xCE,
    0xD8, 0xE7, 0x55, 0xAE, 0x07, 0xA3, 0x0A, 0x20, 0x73, 0x81, 0x6D, 0xED, 0x4A, 0x46, 0x3B, 0x15,
    0xAC, 0x29, 0xFA, 0xEC, 0x9D, 0x9E, 0x53, 0x79, 0x7D, 0x66, 0x4F, 0x0B, 0x29, 0xB7, 0x2A, 0x4F,
    0xBC, 0x74, 0x7B, 0x8E, 0xCC, 0xB8, 0x1E, 0x7C, 0x8A, 0x81, 0x4C, 0xAE, 0xD9, 0xA5, 0x81, 0x06,
    0x51, 0xCE, 0xFA, 0xB0, 0x0C, 0xF3, 0xC9, 0x88, 0xBD, 0x29, 0xE8, 0x2B, 0x1C, 0xB9, 0x7A, 0x58,
    0x0A, 0x6A, 0x18, 0x74, 0x6E, 0x0E, 0xAA, 0xD8, 0x33, 0x1D, 0x66, 0xD3, 0x7B, 0xA0, 0xC6, 0x34,
    0xF2, 0x7A, 0x81, 0x2C, 0xDE, 0x3D, 0x2C, 0x35, 0x24, 0x51, 0xFE, 0xC9, 0x9C, 0xC7, 0xA2, 0x13,
    0x99, 0x07, 0x74, 0xC7, 0x8E, 0x97, 0xA2, 0x20, 0x96, 0x6E, 0xDB, 0x96, 0xB9, 0x80, 0xA9, 0x8F,
    0xF1, 0xE3, 0x66, 0xBA, 0x71, 0x94, 0xF0, 0x38, 0xBB, 0xD2, 0x34, 0x2C, 0xCA, 0x93, 0x84, 0xF2,
    0x77, 0x90, 0x08, 0xAF, 0xE0, 0x03, 0x2A, 0x2F, 0x7B, 0xC6, 0x50, 0xA5, 0xED, 0x03, 0x41, 0xAC,
    0x8C, 0xAC, 0x58, 0x56, 0x0C, 0x14, 0xFB, 0x0D, 0x83, 0xE7, 0xE3, 0x76, 0x83, 0xD7, 0xAC, 0xE4,
    0x61, 0xBD, 0x66, 0x07, 0x82, 0x54, 0x1D, 0x09, 0xFE, 0x20, 0xF4, 0x65, 0xC5, 0x16, 0x1C, 0x9A,
    0xC6, 0x8A, 0xA8, 0xF6, 0x7F, 0x60, 0xA6, 0xFB, 0x42, 0xBC, 0x4D, 0x6F, 0x57, 0x24, 0xBF, 0x96,
    0x6A, 0xA2, 0xD2, 0xFE, 0xD2, 0xAA, 0x7E, 0x96, 0xC4, 0x8A, 0x2B, 0x10, 0xD2, 0x42, 0xEE, 0x3F,
    0x2F, 0xD3, 0x5F, 0xBC, 0x78, 0x55, 0xF2, 0x7C, 0x4B, 0x49, 0xA4, 0xB0, 0x48, 0x45, 0x35, 0x97,
    0x44, 0xF9, 0xFB, 0xA6, 0x6A, 0x03, 0x83, 0x97, 0x35, 0xC1, 0x5B, 0x6D, 0x0D, 0x76, 0x41, 0x91,
    0x84, 0x5B, 0x25, 0xC2, 0x77, 0x34, 0xE1, 0x7B, 0x2F, 0x49, 0xE6, 0xFB, 0xAA, 0x84, 0x88, 0x5E,
    0x5B, 0xBA, 0x24, 0xCA, 0xDE, 0x1E, 0xD6, 0x48, 0x49, 0x50, 0x65, 0x25, 0x41, 0xEF, 0x97, 0x04,
    0x7D, 0x91, 0x26, 0x9A, 0x55, 0xE2, 0x91, 0x2A, 0x61, 0x26, 0x89, 0x9B, 0x23, 0x4D, 0xB0, 0x2B,
    0xC7, 0x0A, 0x8D, 0xC0, 0x4B, 0x1B, 0xB3, 0xB2, 0xA6, 0x9D, 0x9F, 0x11, 0xEF, 0xD8, 0x1A, 0x8C,
    0x68, 0x40, 0x06, 0xFD, 0x24, 0x90, 0xA9, 0xDD, 0x81, 0xD2, 0x0E, 0xDE, 0x00, 0x43, 0x4D, 0x50,
    0xB3, 0x68, 0x22, 0x5E, 0xA5, 0xA5, 0xE7, 0xB9, 0x04, 0xCD, 0xA2, 0x4F, 0x59, 0xB9, 0x26, 0x9C,
    0x6C, 0x5D, 0xED, 0x0A, 0x12, 0x4D, 0x04, 0xB1, 0x26, 0x68, 0xAE, 0xAB, 0x7B, 0x41, 0x24, 0x99,
    0xDD, 0x2A, 0x11, 0xBE, 0x13, 0x05, 0x3C, 0xBD, 0x7C, 0x2F, 0x5A, 0x67, 0x43, 0xBC, 0xFB, 0x28,
    0x61, 0x32, 0x56, 0x5E, 0x53, 0x62, 0x0F, 0xE3, 0x12, 0x89, 0x36, 0x38, 0x10, 0x24, 0x42, 0xAE,
    0x17, 0x25, 0xD8, 0x5F, 0x07, 0x09, 0xF1, 0x3E, 0xA5, 0x84, 0x93, 0x6B, 0xC2, 0xD2, 0x3C, 0x7F,
    0x94, 0xCA, 0x53, 0x24, 0x4E, 0xF9, 0x5C, 0x60, 0x7F, 0x1C, 0x39, 0x68, 0xF0, 0xA8, 0x23, 0x7C,
    0xEC, 0x4A, 0x54, 0x59, 0xA7, 0xEC, 0x08, 0x8F, 0x49, 0x83, 0xC5, 0xD2, 0x98, 0x12, 0x8C, 0x7E,
    0x22, 0xCB, 0x4C, 0x47, 0x96, 0x27, 0x6A, 0x11, 0x12, 0x39, 0xAE, 0xA7, 0x1E, 0x66, 0x4B, 0x06,
    0x93, 0xCD, 0x55, 0xC6, 0x25, 0xB3, 0xDF, 0xA5, 0xE5, 0xE9, 0xC8, 0x58, 0x5F, 0xAA, 0xA2, 0xE0,
    0x23, 0x1A, 0xE5, 0x74, 0xCD, 0xE6, 0x85, 0xD4, 0x85, 0x44, 0xFB, 0x18, 0xFB, 0x11, 0x95, 0x77,
    0x21, 0xA5, 0x86, 0xE8, 0x88, 0x5E, 0x3E, 0xBA, 0x04, 0x7D, 0x0B, 0x35, 0x03, 0xBF, 0x8F, 0x5A,
    0x81, 0x91, 0x1A, 0x41, 0x66, 0x9D, 0x17, 0x09, 0x0D, 0xF7, 0x22, 0xD6, 0x23, 0x19, 0xBD, 0x3F,
    0xC5, 0x27, 0xBB, 0xD7, 0xC7, 0xDD, 0x6B, 0x46, 0x14, 0x6F, 0x63, 0xE3, 0x3D, 0x81, 0xE5, 0xAE,
    0x75, 0x3C, 0xDF, 0x02, 0x62, 0x3C, 0xF0, 0x5A, 0x30, 0xA8, 0x46, 0x83, 0xCF, 0xCB, 0xAA, 0x9B,
    0x0A, 0x06, 0xB1, 0x18, 0x3A, 0xF6, 0xC5, 0xE0, 0x91, 0xEA, 0xED, 0xB3, 0x2F, 0x6F, 0xCA, 0xAA,
    0xED, 0xD4, 0x8F, 0x57, 0xF9, 0x9A, 0x86, 0x81, 0xE4, 0xB3, 0x72, 0x41, 0x47, 0x9F, 0xF7, 0x12,
    0xC1, 0x4A, 0xE1, 0xA9, 0xD6, 0xAB, 0x4E, 0xF9, 0x04, 0xCF, 0x52, 0xEF, 0xD6, 0x13, 0x3C, 0x6B,
    0xC3, 0x57, 0x23, 0x5A, 0x36, 0x46, 0xE7, 0xD7, 0x99, 0xBD, 0xD9, 0x43, 0xBD, 0x85, 0x87, 0xA5,
    0x7A, 0xB1, 0x8D, 0xB5, 0x77, 0x4E, 0xEB, 0x55, 0x5D, 0x47, 0xCB, 0x72, 0x9F, 0xB8, 0x32, 0x41,
    0x27, 0x13, 0xA4, 0x25, 0x56, 0x70, 0x4B, 0xF1, 0x11, 0xF6, 0x9D, 0xA1, 0xF2, 0xBA, 0x8A, 0x60,
    0x6F, 0x50, 0xEF, 0xEE, 0x8C, 0xBA, 0x65, 0x25, 0xCA, 0xD5, 0xF2, 0x46, 0x30, 0x84, 0x6D, 0x3A,
    0xB1, 0x0B, 0x43, 0xFB, 0x76, 0xEB, 0x5C, 0x39, 0x72, 0x32, 0x12, 0xE8, 0x3E, 0x2E, 0x47, 0xDE,
    0x80, 0x16, 0xE1, 0x8F, 0x93, 0x46, 0x18, 0x79, 0x2F, 0x0D, 0x9C, 0xA4, 0xF1, 0xA0, 0x73, 0xCB,
    0x06, 0x9E, 0x72, 0xC7, 0x8C, 0xC6, 0xFB, 0x8F, 0x04, 0x43, 0x23, 0xB8, 0xEF, 0x73, 0x7E, 0x6B,
    0x48, 0xF8, 0xFB, 0xA4, 0xE1, 0x0C, 0x97, 0x2E, 0x7C, 0xFA, 0x4F, 0x92, 0x86, 0x37, 0x94, 0xFB,
    0x61, 0x4F, 0xB0, 0x59, 0x77, 0x9F, 0x04, 0x3E, 0x42, 0x78, 0xF4, 0xAF, 0xE8, 0x39, 0x42, 0x3C,
    0x67, 0x66, 0xAE, 0xB9, 0xBC, 0x13, 0xF1, 0xFF, 0xD8, 0x67, 0xFC, 0xFB, 0x6F, 0x0D, 0x09, 0xCF,
    0x95, 0x5F, 0xBE, 0x71, 0xC5, 0xD4, 0x69, 0x5A, 0xC1, 0x2F, 0xA8, 0x1E, 0x96, 0x57, 0xA1, 0x60,
    0xAD, 0xFF, 0xC3, 0x88, 0x15, 0xAD, 0x75, 0x55, 0xB8, 0x3E, 0xA2, 0x0A, 0xD7, 0x95, 0xC8, 0x8D,
    0x2C, 0x8E, 0xD2, 0x80, 0x04, 0x46, 0x44, 0x78, 0xCA, 0x7D, 0x82, 0x75, 0x2F, 0x43, 0xCF, 0x7D,
    0x0A, 0xBC, 0xB4, 0x93, 0x21, 0x01, 0xE6, 0x7A, 0xA0, 0x09, 0xAA, 0x3D, 0x25, 0xA8, 0x94, 0x07,
    0x9D, 0x77, 0xDC, 0xA7, 0xFE, 0x9C, 0x86, 0xF9, 0x29, 0xF7, 0x9D, 0xE7, 0xFE, 0xCD, 0x2B, 0x4C,
    0xC3, 0x9E, 0x29, 0xCB, 0x57, 0xE1, 0x54, 0x1C, 0x12, 0x1D, 0x7E, 0x06, 0xEE, 0x4C, 0xFB, 0x1C,
    0x18, 0x20, 0xE7, 0x15, 0x86, 0x04, 0x05, 0x62, 0xC8, 0xD1, 0x18, 0x65, 0x4C, 0x83, 0x79, 0x48,
    0x5F, 0xF9, 0x55, 0x92, 0x99, 0xB0, 0x47, 0x5C, 0xD0, 0x7F, 0xF9, 0x7A, 0x6A, 0x9A, 0xF8, 0x3E,
    0xFB, 0x37, 0xA9, 0x79, 0xA4, 0x6E, 0x77, 0xAF, 0x59, 0x1F, 0xE3, 0x8B, 0x9D, 0x72, 0x64, 0xB8,
    0x2A, 0xCE, 0x7B, 0xFF, 0x85, 0x01, 0x19, 0xAD, 0x3B, 0xC9, 0x63, 0xBC, 0x71, 0xC4, 0x89, 0x50,
    0x13, 0x3F, 0x83, 0x6E, 0xB9, 0x5E, 0x4B, 0x82, 0xBC, 0x2F, 0x89, 0xF0, 0x5D, 0xCE, 0xEC, 0xC6,
    0xDB, 0xCE, 0x67, 0x78, 0xDC, 0x8B, 0x7E, 0xE8, 0xC1, 0x03, 0xB0, 0x4E, 0x34, 0x88, 0x95, 0x72,
    0xF5, 0x2D, 0xD6, 0xCA, 0x51, 0xE2, 0x71, 0x4C, 0x86, 0x07, 0xA5, 0x55, 0x22, 0x33, 0xBB, 0x6C,
    0x62, 0x89, 0x5E, 0x20, 0xF6, 0x89, 0x6E, 0x3D, 0x04, 0xE7, 0x94, 0x6C, 0xEF, 0x3B, 0x32, 0x36,
    0xB1, 0xC0, 0xC8, 0xE4, 0x4A, 0x55, 0x7D, 0x15, 0x44, 0x1B, 0xC2, 0x0F, 0x7C, 0xDB, 0xB0, 0x35,
    0x5E, 0x81, 0x35, 0xF6, 0xC6, 0x43, 0x4E, 0xB2, 0x07, 0x4D, 0xCB, 0x8D, 0xEF, 0x70, 0xC2, 0x4B,
    0x34, 0x11, 0x44, 0x9A, 0xE8, 0x98, 0x5F, 0xFF, 0xF3, 0x0B, 0xEF, 0xED, 0xC1, 0x91, 0xB1, 0xAF,
    0x66, 0x02, 0x88, 0x6A, 0x80, 0x6D, 0xE4, 0x5B, 0x95, 0x29, 0xFA, 0x33, 0xE2, 0xE6, 0x6A, 0x1E,
    0xF2, 0x84, 0x2D, 0x34, 0xA7, 0xAA, 0x04, 0x0C, 0x42, 0x2C, 0x91, 0xAC, 0x2A, 0x96, 0xD0, 0x33,
    0xFF, 0xC3, 0x4E, 0xCE, 0x5B, 0x87, 0xD6, 0xE7, 0x29, 0x9B, 0xA1, 0x7A, 0xF6, 0x87, 0xE9, 0xF7,
    0x99, 0xE1, 0x75, 0xA8, 0xD9, 0xBF, 0x0F, 0x56, 0xC3, 0xA5, 0x44, 0x1D, 0x3A, 0x5C, 0xEF, 0x89,
    0x8C, 0x1B, 0xC9, 0xF3, 0x49, 0xFC, 0x2E, 0xBE, 0xCD, 0xE5, 0x08, 0xFF, 0x38, 0x35, 0x31, 0xA9,
    0x54, 0x75, 0xB5, 0x6A, 0x03, 0x64, 0x54, 0x05, 0x1B, 0xA9, 0xF6, 0x72, 0xD2, 0x79, 0x8F, 0x9C,
    0xCA, 0x43, 0x47, 0xB6, 0xF6, 0x68, 0x75, 0x76, 0x23, 0x55, 0x5B, 0x98, 0x0A, 0x1F, 0xA5, 0x46,
    0x6B, 0xF0, 0x0A, 0xC8, 0x7C, 0xBF, 0xAA, 0xE5, 0x21, 0xCC, 0x38, 0x03, 0x59, 0xCD, 0x58, 0xDD,
    0xCC, 0x7B, 0xD6, 0x0D, 0xE6, 0x52, 0x05, 0x41, 0x7E, 0xC5, 0xFE, 0x5C, 0x82, 0x4B, 0xD0, 0x4A,
    0xC4, 0xEE, 0x88, 0x51, 0x11, 0x32, 0x26, 0xC3, 0xA6, 0x60, 0x6F, 0x8B, 0x97, 0xE2, 0x84, 0x7A,
    0xB8, 0xA1, 0x4C, 0x6B, 0x43, 0x57, 0xCB, 0xB0, 0xD5, 0x62, 0x4B, 0x96, 0xA0, 0xDA, 0xD5, 0x9B,
    0xB3, 0xF3, 0xB3, 0x34, 0xF2, 0x85, 0xA5, 0x52, 0xBA, 0x5C, 0xDF, 0x65, 0x2F, 0x89, 0x19, 0xF0,
    0x5C, 0xE5, 0xEC, 0x19, 0x9C, 0x0B, 0xCD, 0x62, 0x2B, 0x3A, 0xEA, 0x7E, 0x46, 0x0B, 0xE3, 0x76,
    0x24, 0x6C, 0x49, 0xA8, 0xDB, 0xCF, 0x6E, 0x39, 0xB1, 0x23, 0xD1, 0xBF, 0xFA, 0xD4, 0xD5, 0xFA,
    0x27, 0xC6, 0xA4, 0xB9, 0x07, 0x17, 0x32, 0x2B, 0x83, 0x92, 0x17, 0xED, 0x96, 0x5B, 0xBC, 0x9D,
    0x31, 0xC8, 0x69, 0xDA, 0xF9, 0x51, 0x2D, 0xC9, 0xCD, 0xE3, 0xEE, 0xD3, 0x89, 0x17, 0x43, 0xB3,
    0xF0, 0xD6, 0x80, 0xA9, 0x1B, 0xC9, 0xE3, 0xA1, 0x21, 0x71, 0x7F, 0xF3, 0xC9, 0xEC, 0x31, 0xE6,
    0xC5, 0xE0, 0x5B, 0x15, 0x54, 0xF5, 0xFD, 0xBA, 0x6D, 0x49, 0x6F, 0x26, 0xB4, 0xC7, 0x54, 0x5D,
    0x72, 0xEF, 0xDB, 0x9A, 0x9C, 0xEF, 0x04, 0xCB, 0xD6, 0x6A, 0xFD, 0xFD, 0x99, 0xE2, 0xB8, 0xAA,
    0xA7, 0x2C, 0x4C, 0x57, 0x6B, 0x05, 0xB2, 0xA4, 0x39, 0xDD, 0x28, 0xD8, 0xDE, 0x36, 0x8C, 0x7B,
    0xA8, 0xAF, 0x71, 0xB5, 0xBE, 0xE2, 0x5F, 0x07, 0xD1, 0xED, 0x99, 0x49, 0x7D, 0x03, 0x23, 0xF5,
    0x6D, 0x42, 0xEE, 0xF2, 0x9F, 0xCC, 0xBE, 0xC7, 0xF3, 0xC9, 0xA4, 0x5C, 0xDF, 0xD1, 0x89, 0xD1,
    0x84, 0x5C, 0x73, 0x82, 0x2B, 0x7F, 0x15, 0xCA, 0xE5, 0x58, 0xA8, 0xA1, 0x60, 0x51, 0xC9, 0x73,
    0xAF, 0xA8, 0xFD, 0x5B, 0xE1, 0xF4, 0xEF, 0xBE, 0x85, 0x90, 0x2A, 0xDA, 0xAE, 0x1B, 0x34, 0xD1,
    0xEE, 0xA7, 0xFA, 0x17, 0xD4, 0xBF, 0xB0, 0x54, 0x2F, 0xA8, 0x7F, 0xB1, 0x7D, 0x45, 0x7C, 0x2F,
    0x65, 0xA9, 0x25, 0x6C, 0xD4, 0x30, 0xF0, 0x62, 0xB8, 0x71, 0xBE, 0x4C, 0xF3, 0x00, 0xF8, 0x06,
    0xF5, 0x73, 0x81, 0x1A, 0x14, 0x0D, 0x73, 0x70, 0xB9, 0xB5, 0x19, 0x7F, 0x22, 0x03, 0x91, 0xD7,
    0xBB, 0xB2, 0xFC, 0x77, 0xF2, 0x3D, 0x42, 0x21, 0xEE, 0x29, 0xB1, 0x7A, 0x96, 0x39, 0x76, 0xCB,
    0xE7, 0x8E, 0x1F, 0x98, 0xDA, 0xC5, 0x36, 0xB8, 0x20, 0x12, 0x1E, 0x2F, 0x3E, 0x66, 0xE0, 0xC7,
    0x62, 0xBC, 0x8B, 0xBE, 0x26, 0x7C, 0x58, 0x49, 0x73, 0xC2, 0x95, 0xC4, 0x43, 0x5C, 0x0E, 0x9C,
    0xEB, 0x99, 0x43, 0xA0, 0x44, 0xA3, 0x4A, 0xDC, 0xE7, 0xDB, 0xC2, 0x25, 0x19, 0xDF, 0x51, 0x1A,
    0x46, 0xBF, 0xEC, 0x8E, 0xA1, 0x44, 0xF1, 0x0D, 0xDB, 0xB4, 0x73, 0x82, 0xA3, 0xB4, 0xF0, 0x36,
    0xDB, 0xA6, 0x26, 0x02, 0xEE, 0x26, 0xB8, 0xF2, 0x48, 0xC8, 0x09, 0x75, 0xA2, 0xA0, 0x84, 0x55,
    0x58, 0xA2, 0x08, 0xA9, 0x65, 0x4C, 0x7A, 0x7C, 0x9E, 0x56, 0xE0, 0x6E, 0x71, 0xE9, 0x21, 0x3C,
    0x10, 0xCA, 0x05, 0x17, 0xE8, 0x73, 0xDF, 0x92, 0x1C, 0xB4, 0x82, 0x4D, 0x88, 0xD9, 0x3D, 0xD8,
    0x89, 0xB9, 0xD4, 0x70, 0x61, 0x9B, 0xF7, 0xB6, 0x38, 0x08, 0x79, 0x15, 0xDF, 0xAF, 0x78, 0x00,
    0x57, 0x40, 0x6A, 0x81, 0x02, 0x15, 0xF5, 0x11, 0xD0, 0x24, 0x85, 0x39, 0x4D, 0x98, 0x78, 0x89,
    0x47, 0xAC, 0xEF, 0x43, 0x50, 0x9C, 0xF0, 0x98, 0x19, 0x51, 0xF7, 0xC1, 0x03, 0x3B, 0xE7, 0xEE,
    0x34, 0x3E, 0x9C, 0x3B, 0x1B, 0xE0, 0x8F, 0xBD, 0x44, 0x3C, 0x25, 0x89, 0x5F, 0x22, 0x9A, 0xFC,
    0xB0, 0x35, 0xB2, 0xFE, 0x35, 0xAA, 0x41, 0x19, 0x45, 0x80, 0x57, 0x2B, 0x3E, 0x19, 0x48, 0x76,
    0x0C, 0x27, 0xD0, 0x47, 0x68, 0xF8, 0x67, 0x3C, 0xFD, 0x6B, 0x49, 0xC6, 0xD3, 0xDF, 0x4D, 0x70,
    0x05, 0x43, 0xD8, 0xCC, 0x3C, 0xBE, 0xE2, 0x26, 0x3E, 0x94, 0x23, 0xDE, 0xB9, 0xB4, 0xC9, 0xF8,
    0x64, 0xC6, 0xDE, 0xBF, 0x81, 0xC9, 0xEE, 0x37, 0x6A, 0xAD, 0x86, 0x81, 0x5D, 0x9C, 0x3C, 0x1D,
    0x16, 0xA7, 0xEF, 0xEC, 0x56, 0x3D, 0xAC, 0x29, 0x2E, 0x4F, 0xB5, 0x98, 0xB3, 0xE4, 0xA0, 0xA9,
    0xC5, 0xF5, 0x74, 0x67, 0xBB, 0x08, 0x2B, 0xF6, 0x52, 0x42, 0xF6, 0xA4, 0x1C, 0x1A, 0x0A, 0x31,
    0x96, 0xC4, 0x17, 0xF3, 0x27, 0x1C, 0x01, 0xA6, 0x36, 0x2C, 0x0D, 0xC2, 0x8C, 0x75, 0xD2, 0x20,
    0xA5, 0xCE, 0x26, 0x19, 0xBF, 0x56, 0x58, 0x65, 0x1E, 0xB2, 0xC4, 0xE5, 0x67, 0x0F, 0x19, 0xF3,
    0x3D, 0x95, 0x5C, 0x42, 0x23, 0xE4, 0xC0, 0x4B, 0x58, 0x6B, 0x2C, 0xE4, 0x0F, 0x64, 0x61, 0xC8,
    0xCB, 0x46, 0x0E, 0xFF, 0x7B, 0x26, 0x7F, 0xF7, 0xD7, 0x9E, 0x49, 0x98, 0x2C, 0xD4, 0xDE, 0x1A,
    0x78, 0x20, 0x7F, 0xEE, 0x9B, 0xA9, 0x90, 0xBF, 0x97, 0x48, 0x4E, 0x01, 0x39, 0x00, 0xFB, 0xE3,
    0xCB, 0x57, 0x77, 0xD5, 0x2A, 0xAC, 0x32, 0xDA, 0x19, 0x43, 0x09, 0x39, 0x34, 0xB2, 0x37, 0x54,
    0xBF, 0x03, 0xB6, 0xA7, 0xF9, 0x2B, 0xAC, 0x7E, 0xBF, 0xD3, 0x73, 0x47, 0x5A, 0x6E, 0x95, 0xBF,
    0x7A, 0x2F, 0xEC, 0x16, 0x8F, 0x91, 0x3F, 0xAA, 0x67, 0xD6, 0x26, 0xF2, 0x87, 0x7A, 0xB6, 0xA9,
    0x99, 0xF6, 0xD9, 0x61, 0x65, 0x9D, 0xC9, 0x5E, 0xDB, 0x9C, 0x3A, 0xE5, 0xD3, 0xB2, 0x08, 0x55,
    0x34, 0x0C, 0xB8, 0x80, 0x4E, 0x16, 0x80, 0xFF, 0x0A, 0x10, 0x13, 0x60, 0x1B, 0x01, 0x24, 0xF2,
    0xEF, 0xC9, 0xE6, 0x5D, 0xC4, 0xCB, 0x5A, 0xA6, 0xA3, 0xA7, 0x2D, 0xD3, 0x44, 0xD1, 0x49, 0x15,
    0x07, 0x82, 0x5C, 0x24, 0xCD, 0x78, 0x17, 0x68, 0xFB, 0x3D, 0x2E, 0xDA, 0xBD, 0xD8, 0xC0, 0x88,
    0x2F, 0xDC, 0x8B, 0x0F, 0xF9, 0x6C, 0xC8, 0xEE, 0x7B, 0x21, 0xB4, 0xE7, 0x34, 0xC7, 0xF7, 0x51,
    0x8E, 0xE7, 0x2F, 0xF7, 0x80, 0x0F, 0x21, 0x40, 0x03, 0xE1, 0x63, 0x3E, 0x3C, 0x34, 0x69, 0xCD,
    0xF2, 0xA9, 0x12, 0x84, 0xA7, 0xA6, 0xEF, 0xC5, 0x46, 0xC7, 0x15, 0x4C, 0x4A, 0x26, 0xA3, 0xBE,
    0x39, 0xD3, 0x2D, 0xF9, 0xBA, 0xBA, 0xFF, 0x07, 0xA2, 0x72, 0x62, 0x13, 0x54, 0x26, 0x69, 0xC2,
    0xB7, 0xFC, 0x98, 0xFD, 0xC8, 0x98, 0x93, 0x0B, 0x75, 0x97, 0x64, 0x7B, 0xD6, 0x5A, 0x8A, 0x5D,
    0xB5, 0x78, 0xB8, 0x8B, 0xF6, 0xB8, 0x16, 0x31, 0x5D, 0x09, 0x75, 0xF9, 0x9E, 0xA0, 0xAA, 0x13,
    0x42, 0x33, 0xB5, 0x18, 0xBA, 0x2B, 0x2E, 0x3C, 0xBF, 0xD6, 0xFA, 0x4F, 0xE0, 0x57, 0x37, 0x1B,
    0x39, 0x8E, 0xE7, 0x57, 0xD4, 0x23, 0x6A, 0xF5, 0x38, 0xF1, 0x9A, 0x3D, 0xE2, 0x4F, 0xB7, 0xB0,
    0x5B, 0x0B, 0x7A, 0x11, 0x21, 0x8A, 0x85, 0x47, 0x64, 0x1E, 0x51, 0x2D, 0x4E, 0x81, 0xDD, 0x41,
    0x94, 0x8B, 0xDA, 0x4B, 0x59, 0x28, 0x5B, 0xF0, 0xC5, 0x36, 0x78, 0x6C, 0x2F, 0xF9, 0xD9, 0x7D,
    0x4C, 0xDE, 0x95, 0x8D, 0x91, 0x11, 0x24, 0x6E, 0x15, 0xD3, 0x78, 0x5D, 0xA2, 0x8C, 0x3C, 0x8E,
    0x76, 0x85, 0x5C, 0xED, 0x36, 0x4B, 0x91, 0xF9, 0xB7, 0x3A, 0xEC, 0xD1, 0x96, 0x7F, 0x67, 0xEB,
    0xC3, 0x0B, 0xEF, 0xD1, 0x07, 0x3F, 0xD4, 0xCE, 0x6A, 0x89, 0x45, 0xFD, 0xDB, 0xBE, 0x41, 0x3C,
    0x58, 0x64, 0x1E, 0x6B, 0x3F, 0xEF, 0xC6, 0x8C, 0xC4, 0x5C, 0x13, 0xD6, 0xDB, 0xAB, 0x9E, 0xFB,
    0xCC, 0x13, 0x59, 0xBD, 0x4D, 0x02, 0xAC, 0xF7, 0x64, 0xBA, 0x47, 0xC3, 0xD4, 0xF3, 0x9C, 0xC1,
    0x6A, 0xDB, 0x34, 0x08, 0x31, 0x25, 0xDA, 0x0F, 0xF9, 0xB5, 0x98, 0x70, 0x58, 0x7F, 0xC8, 0x83,
    0xF7, 0x7D, 0x5E, 0x5F, 0x27, 0xEE, 0xB2, 0x4D, 0x5C, 0x71, 0xF8, 0x10, 0xAC, 0xA1, 0x07, 0xAB,
    0x68, 0xB3, 0x36, 0x4D, 0x6B, 0xD0, 0xB9, 0x36, 0x89, 0xCB, 0x5F, 0x61, 0xE7, 0xA5, 0x63, 0xEC,
    0x2F, 0xA0, 0x43, 0x6B, 0x1B, 0xE7, 0x43, 0xEC, 0xDC, 0x9C, 0x96, 0x08, 0x1F, 0x10, 0x33, 0xA2,
    0x90, 0xEB, 0x31, 0x22, 0x22, 0x0A, 0x77, 0xBC, 0x1C, 0x7B, 0x51, 0x6D, 0x56, 0x71, 0x65, 0xE6,
    0x4F, 0xCC, 0x62, 0xD0, 0xAE, 0x45, 0x43, 0x9C, 0x60, 0xBA, 0x1C, 0xA7, 0x4A, 0xC7, 0x33, 0xF9,
    0xD5, 0x5E, 0x40, 0xAC, 0x2B, 0x93, 0xFB, 0xAA, 0x81, 0x3D, 0x96, 0xAF, 0xFA, 0xBD, 0xCA, 0xA7,
    0xAA, 0xDD, 0x63, 0xF9, 0xAA, 0xFB, 0x13, 0xC5, 0xEC, 0x83, 0x73, 0x11, 0xD4, 0xE2, 0x2B, 0x34,
    0xEC, 0xEA, 0x70, 0x27, 0xA2, 0x51, 0x16, 0xC2, 0x21, 0x1A, 0xDB, 0xCA, 0xB1, 0xFB, 0x3A, 0xE8,
    0x39, 0x8D, 0x83, 0x17, 0x41, 0xC7, 0x5F, 0x4E, 0x03, 0x4B, 0xE8, 0x79, 0xD3, 0x60, 0x13, 0x3D,
    0x22, 0xF6, 0xA6, 0x32, 0x4A, 0x0B, 0x4E, 0xA6, 0xE7, 0x7B, 0xDA, 0xCF, 0x7B, 0xBA, 0x39, 0xB2,
    0xA7, 0x1A, 0xDE, 0x3D, 0x6D, 0x97, 0x3D, 0x6E, 0x89, 0xDC, 0xFC, 0x9A, 0xD5, 0xA2, 0xF9, 0xE9,
    0xBF, 0x4C, 0x38, 0xB2, 0xCF, 0x63, 0xBF, 0x4E, 0xB9, 0xB4, 0xC6, 0xDE, 0xEF, 0xF9, 0xF1, 0xFA,
    0xDE, 0x5F, 0xC2, 0x6E, 0x35, 0xAE, 0xEF, 0x3D, 0xBF, 0x29, 0x58, 0x0F, 0x9E, 0x6D, 0x5D, 0x8C,
    0xDB, 0x7B, 0xAB, 0x4D, 0x37, 0xF6, 0xE2, 0xE7, 0xF7, 0x4C, 0x83, 0xA4, 0xC6, 0x38, 0x27, 0x34,
    0x44, 0x3A, 0x1E, 0xDE, 0xA3, 0xCA, 0x7C, 0x9F, 0xFA, 0x7B, 0x2F, 0x10, 0x82, 0x37, 0xC1, 0xA5,
    0xFD, 0xFF, 0xB4, 0x75, 0xF1, 0xE7, 0x70, 0x17, 0x87, 0x23, 0x21, 0xB4, 0xA0, 0x2E, 0xAD, 0x9B,
    0x84, 0x39, 0x2B, 0x12, 0xF6, 0xA8, 0x0F, 0x7F, 0x06, 0xA4, 0x8A, 0xAE, 0x06, 0x40, 0x99, 0x40,
    0x7B, 0xB6, 0xA2, 0x8A, 0x0E, 0x7B, 0xCA, 0x53, 0x03, 0x41, 0x57, 0xF7, 0x74, 0x53, 0x06, 0xB1,
    0x0F, 0xBE, 0x3B, 0x3B, 0x01, 0xD2, 0x15, 0x09, 0xBE, 0x97, 0x69, 0xE4, 0xB8, 0x81, 0x5F, 0x6D,
    0x49, 0x89, 0x96, 0x82, 0x17, 0x84, 0xCC, 0x1C, 0xC0, 0xA5, 0xF0, 0x42, 0x6A, 0x91, 0xDC, 0x6F,
    0x76, 0x6A, 0x49, 0x6D, 0xE4, 0x25, 0x16, 0x3D, 0xE2, 0x8F, 0x7C, 0x92, 0x91, 0x3D, 0xD3, 0x6F,
    0x2C, 0x2D, 0x5B, 0xD9, 0xC3, 0x90, 0x96, 0xA8, 0x2B, 0xD8, 0x52, 0x90, 0xBA, 0x62, 0x0B, 0xD8,
    0xB0, 0xB2, 0x00, 0x38, 0xB4, 0xB0, 0x34, 0x53, 0x2B, 0x58, 0x08, 0x0D, 0xD0, 0xA8, 0x0D, 0xE0,
    0x9B, 0x4E, 0x77, 0x63, 0x8E, 0x11, 0x80, 0xE0, 0x15, 0xA2, 0xC3, 0xBC, 0x4F, 0x96, 0xF3, 0x59,
    0x76, 0x8F, 0x86, 0xEC, 0xBB, 0x59, 0x0D, 0xFC, 0x00, 0xF5, 0x3F, 0xAD, 0xE7, 0x01, 0x8F, 0xF9,
    0x7D, 0x88, 0x3F, 0xE8, 0x7F, 0x87, 0xD8, 0x79, 0x42, 0xE3, 0xBC, 0x99, 0xFA, 0x4F, 0x64, 0xCA,
    0xE6, 0xD1, 0xE7, 0x5E, 0x7C, 0x3D, 0x17, 0x76, 0x3E, 0xDA, 0x39, 0xC6, 0xDE, 0x36, 0x54, 0x30,
    0x9D, 0xA0, 0x05, 0x2D, 0xD2, 0x79, 0xFA, 0x3E, 0xD5, 0x99, 0x5A, 0xB0, 0xEE, 0x79, 0xCD, 0x34,
    0x44, 0xDB, 0xB5, 0xD4, 0xC8, 0x58, 0xCB, 0xE4, 0x36, 0x6E, 0xF0, 0x00, 0xF5, 0x1A, 0x75, 0xDC,
    0xBF, 0x42, 0xC8, 0xF7, 0xBD, 0x86, 0x90, 0x35, 0xAF, 0x21, 0x0C, 0xD0, 0x43, 0xA2, 0x73, 0xED,
    0x3E, 0xA6, 0xD2, 0x1C, 0xB5, 0x0B, 0x5B, 0x81, 0xDF, 0xD7, 0x50, 0x6B, 0xED, 0x86, 0x5A, 0x6B,
    0x37, 0xD0, 0x49, 0xCE, 0x2C, 0x56, 0xF7, 0x2B, 0x5C, 0xBC, 0xBF, 0x45, 0xFD, 0x30, 0x7B, 0xBF,
    0xBA, 0x5E, 0xCC, 0x47, 0x94, 0xEB, 0x7A, 0xC2, 0x08, 0x97, 0x93, 0x47, 0x68, 0xE6, 0x5B, 0xBF,
    0x9C, 0x15, 0xB7, 0x56, 0xD8, 0xC3, 0xA7, 0xCD, 0xE3, 0x1B, 0xF4, 0xC7, 0x6F, 0xDD, 0x7E, 0x0E,
    0xB8, 0x6E, 0x32, 0x22, 0x5C, 0xED, 0x7F, 0xB4, 0x45, 0xFD, 0xF5, 0xF3, 0x53, 0x9D, 0x77, 0xB8,
    0x3D, 0xBE, 0xB3, 0x75, 0x6B, 0x7C, 0xFD, 0x68, 0x77, 0x48, 0xF4, 0xAE, 0x6E, 0x0F, 0x3C, 0xF3,
    0x60, 0xFB, 0x06, 0x51, 0x26, 0x0F, 0xF4, 0x8E, 0xF9, 0xE7, 0x7A, 0xBB, 0xDE, 0x17, 0x14, 0xA9,
    0xA5, 0xAD, 0xEF, 0x21, 0x7A, 0xC7, 0x13, 0xF0, 0x61, 0x45, 0xD0, 0x37, 0x96, 0x9E, 0x67, 0x10,
    0xE5, 0xDC, 0x15, 0x13, 0xC1, 0x9A, 0xA2, 0x97, 0xAC, 0x08, 0x9D, 0x7B, 0x48, 0xE8, 0xF3, 0x48,
    0x94, 0xFC, 0x41, 0x8E, 0xD8, 0x16, 0xED, 0x07, 0x20, 0x43, 0xE4, 0x44, 0x27, 0x3F, 0xE1, 0x1E,
    0x79, 0x84, 0xF7, 0x23, 0x57, 0x67, 0x7A, 0xBE, 0x39, 0xEB, 0x07, 0xB3, 0xC2, 0x9B, 0xAA, 0xAF,
    0x29, 0xDB, 0x3A, 0xA2, 0xEB, 0x9B, 0xD4, 0xAF, 0xAF, 0x31, 0x6D, 0xB3, 0x74, 0xF3, 0xCC, 0xD1,
    0x1D, 0x78, 0x6C, 0x01, 0x2D, 0x46, 0xDC, 0x9D, 0x94, 0x2A, 0x7E, 0xC9, 0x9A, 0x01, 0xB1, 0x46,
    0x5A, 0xAC, 0x0C, 0xE6, 0x79, 0x57, 0x9B, 0xB9, 0xAE, 0xEE, 0xF7, 0xF4, 0xF7, 0x3B, 0xDD, 0x5F,
    0x6B, 0xFD, 0x2F, 0xBA, 0x50, 0x8D, 0xA1, 0x80, 0xB1, 0xD2, 0x3C, 0x48, 0x58, 0x89, 0x98, 0xD7,
    0xA0, 0x01, 0x06, 0x1F, 0x37, 0x48, 0x31, 0x03, 0xE8, 0x23, 0x33, 0x38, 0x8A, 0x43, 0x3B, 0xEB,
    0x91, 0x00, 0x58, 0x76, 0x77, 0xD3, 0x5A, 0x74, 0x1A, 0xC3, 0x43, 0x42, 0x82, 0xB6, 0x5A, 0x66,
    0x3E, 0x3E, 0xA5, 0xA5, 0x3B, 0xF4, 0x3C, 0xEE, 0xDB, 0xCA, 0xC2, 0xB7, 0x1D, 0xE1, 0x53, 0x27,
    0x28, 0x16, 0x3E, 0xA7, 0xB7, 0x32, 0xFE, 0xBC, 0x47, 0xDB, 0xD9, 0x59, 0x6A, 0x28, 0xC2, 0x1B,
    0x12, 0x03, 0xA3, 0xFD, 0x3C, 0x14, 0xF6, 0xE8, 0xF7, 0xBA, 0x22, 0xFF, 0xFE, 0x7C, 0xFB, 0x11,
    0x71, 0x9C, 0x85, 0xFF, 0x30, 0xFD, 0xFE, 0xAB, 0x36, 0x2B, 0xF6, 0x0D, 0xAD, 0x77, 0xA1, 0xF6,
    0x7F, 0x83, 0x43, 0x97, 0xE9, 0x7D, 0xC2, 0x26, 0x75, 0x01, 0xB0, 0xBA, 0x5F, 0xFD, 0xAE, 0xE8,
    0x49, 0xC7, 0x4C, 0x70, 0xA9, 0xF5, 0x5E, 0xEB, 0xBD, 0xF3, 0xE8, 0x77, 0x70, 0xB8, 0x84, 0x5E,
    0x86, 0xCD, 0xAF, 0x36, 0x56, 0x47, 0x12, 0x66, 0xDA, 0x2E, 0x5C, 0xF9, 0xA8, 0xFF, 0x39, 0x1E,
    0x22, 0xF5, 0xBF, 0x25, 0xFD, 0x3F, 0x0D, 0xC2, 0xD5, 0x67, 0x86, 0xA0, 0x67, 0x0E, 0xD8, 0x0C,
    0xA5, 0xA7, 0x2A, 0xD1, 0x9E, 0xF9, 0x35, 0x02, 0x3D, 0x98, 0x5E, 0xC4, 0xF7, 0x4F, 0xED, 0x0F,
    0xF8, 0xF7, 0x47, 0x7B, 0x59, 0x85, 0xFC, 0x7B, 0xBD, 0x77, 0x43, 0xC6, 0x79, 0xEF, 0x79, 0xF5,
    0x43, 0xFB, 0x23, 0xDE, 0x13, 0x7A, 0xBE, 0x27, 0xD6, 0x3F, 0x37, 0x7A, 0x6E, 0xFC, 0x2B, 0xCF,
    0xCA, 0x32, 0xC5, 0x55, 0x45, 0xA3, 0xF7, 0x4D, 0xAF, 0xA6, 0x58, 0x7D, 0xCF, 0x8A, 0x84, 0x6A,
    0xEB, 0x69, 0xA8, 0xBF, 0xDE, 0x4A, 0xF5, 0x5D, 0xB4, 0xEE, 0x1D, 0xB0, 0xA9, 0xDD, 0xC0, 0x66,
    0x0B, 0x72, 0x7B, 0xE8, 0xA7, 0x6A, 0xA9, 0x20, 0x46, 0xEA, 0x81, 0x58, 0x88, 0x3F, 0xC0, 0xFC,
    0x53, 0x2F, 0x40, 0x44, 0xB2, 0x82, 0x10, 0x0B, 0x5F, 0x6E, 0xFE, 0xE4, 0x5B, 0xC2, 0xDC, 0x79,
    0xEA, 0x92, 0xE9, 0x47, 0x95, 0x95, 0x03, 0x76, 0x66, 0xA2, 0xB5, 0x8B, 0x97, 0x9F, 0x68, 0xED,
    0xB7, 0x4C, 0x75, 0x1F, 0xCE, 0xC2, 0x60, 0x90, 0xCE, 0xEC, 0xDE, 0x8C, 0xBA, 0xE3, 0xEE, 0xE4,
    0x77, 0x9A, 0x1D, 0xFF, 0x23, 0x5D, 0x23, 0x72, 0xE8, 0x6F, 0xF9, 0xFB, 0x3C, 0xDD, 0xB8, 0x5D,
    0x11, 0xAB, 0x06, 0x5B, 0x8D, 0x8A, 0x9D, 0x99, 0x0D, 0xD5, 0x39, 0x93, 0xE0, 0xEA, 0xF7, 0x99,
    0x1D, 0x5A, 0x0E, 0x72, 0xC2, 0x71, 0x22, 0x32, 0xF5, 0xFA, 0xE0, 0xEB, 0xFF, 0x5C, 0xF9, 0x3F,
    0x16, 0x8F, 0xEC, 0x27, 0xB3, 0x00, 0xFE, 0x03, 0x44, 0xCA, 0x6B, 0x68, 0x2C, 0xEF, 0xA5, 0xCC,
    0xA4, 0x8F, 0x87, 0xD0, 0x58, 0x80, 0x79, 0x8E, 0x42, 0xB6, 0xC6, 0xF1, 0x92, 0x2D, 0x8B, 0xC3,
    0x0B, 0x0C, 0xEE, 0x47, 0xB7, 0x66, 0xF6, 0x5C, 0x68, 0xE4, 0x4C, 0xC3, 0x52, 0xAB, 0x80, 0x65,
    0x72, 0x37, 0x57, 0x65, 0x54, 0xA9, 0xD6, 0xA3, 0xE2, 0x54, 0x5A, 0xC0, 0x26, 0xA7, 0xC5, 0xD6,
    0x91, 0x1B, 0xD6, 0x09, 0x81, 0x1D, 0x7A, 0xC7, 0x8C, 0x64, 0x4E, 0x69, 0xA0, 0x07, 0x3F, 0x12,
    0x0C, 0xF9, 0xBA, 0x09, 0x8F, 0x1A, 0x66, 0x69, 0x86, 0x82, 0xBA, 0x63, 0xE2, 0xEB, 0x8E, 0x89,
    0xF7, 0x4C, 0xC2, 0x4D, 0xE2, 0xED, 0x8A, 0x2E, 0xB4, 0xDA, 0x0F, 0x84, 0xA5, 0x10, 0xE6, 0x9A,
    0xAB, 0xCE, 0xA7, 0x21, 0x2D, 0x69, 0x10, 0x2E, 0xA9, 0x37, 0xEB, 0xB0, 0x9E, 0x2C, 0xF6, 0x51,
    0x63, 0xD3, 0x19, 0x84, 0xA6, 0x1D, 0x22, 0x3E, 0x96, 0x3F, 0xA0, 0x9F, 0x48, 0x02, 0xAC, 0xC1,
    0x62, 0x00, 0x95, 0x2B, 0xD3, 0x55, 0xF1, 0x77, 0x9B, 0xB3, 0x17, 0x6E, 0xDA, 0x8A, 0x12, 0x1A,
    0xD4, 0x04, 0xA2, 0x35, 0x80, 0x8F, 0x59, 0xA4, 0xEE, 0x9F, 0x8A, 0x96, 0xAA, 0xF1, 0x10, 0x41,
    0x4B, 0x91, 0xC4, 0xF9, 0x4D, 0xB4, 0x47, 0x26, 0x43, 0x81, 0x31, 0xAA, 0xD0, 0xE5, 0xC0, 0x03,
    0x5E, 0xEC, 0x29, 0x06, 0xFC, 0x3B, 0xDC, 0xBD, 0x41, 0x5B, 0x20, 0x20, 0xA1, 0x1C, 0xA8, 0x60,
    0x80, 0xCE, 0x5F, 0x65, 0x2C, 0x1A, 0x38, 0xBF, 0x4D, 0xB9, 0xFE, 0x58, 0x8E, 0x80, 0x76, 0xA9,
    0xFB, 0xAC, 0x23, 0xA9, 0xBF, 0x3D, 0x34, 0xAB, 0xA0, 0xB1, 0x34, 0x83, 0xB9, 0xFE, 0x34, 0xBE,
    0xEB, 0x60, 0xC2, 0x4A, 0xAA, 0x37, 0xD5, 0xBF, 0x56, 0xF8, 0xC9, 0x5E, 0x08, 0x83, 0x2A, 0x37,
    0xCF, 0xB7, 0xA9, 0xE4, 0xC8, 0x41, 0xFD, 0xA1, 0xD3, 0xE8, 0xA7, 0xA7, 0x10, 0x2C, 0x01, 0x41,
    0x41, 0x66, 0xFE, 0x96, 0xE3, 0x55, 0x15, 0xD4, 0x2B, 0x3D, 0x9E, 0x86, 0x91, 0x49, 0xFC, 0xC4,
    0x83, 0xF1, 0x40, 0x52, 0x4B, 0x05, 0xA1, 0x1B, 0x96, 0x80, 0x45, 0x20, 0xFC, 0xFC, 0x2D, 0x50,
    0xC3, 0x7C, 0xBA, 0x3B, 0x22, 0xA9, 0xE7, 0xBD, 0x5D, 0xA2, 0x3B, 0xB5, 0xB4, 0xF6, 0x76, 0x59,
    0xFE, 0x4D, 0x64, 0xE7, 0xDE, 0x5B, 0xFF, 0x56, 0xB6, 0x02, 0x88, 0x6F, 0x31, 0x44, 0x72, 0x7C,
    0x8E, 0x79, 0x64, 0xFC, 0x8E, 0x61, 0x2F, 0x2D, 0x92, 0xD1, 0x2D, 0x84, 0xB9, 0x80, 0x92, 0x37,
    0xA7, 0xDE, 0x63, 0xFB, 0x91, 0x50, 0xB4, 0xC1, 0xC3, 0x2D, 0xD1, 0xAE, 0xEC, 0x63, 0xD7, 0xE5,
    0x56, 0x6C, 0x3A, 0x18, 0x1C, 0xAF, 0x26, 0xAC, 0xD0, 0x0B, 0x89, 0x98, 0xC1, 0x64, 0x68, 0x44,
    0x2D, 0xD5, 0x8F, 0x1E, 0x72, 0x0A, 0x93, 0xD9, 0x65, 0xE2, 0xD3, 0x94, 0x8F, 0xBC, 0xAF, 0x06,
    0xEB, 0xB0, 0x63, 0xEA, 0xBC, 0x9C, 0x35, 0x68, 0xDA, 0x39, 0x63, 0x7B, 0xCC, 0x76, 0x48, 0xB9,
    0x11, 0xB7, 0x8E, 0x58, 0x6C, 0x8E, 0x50, 0x63, 0xDE, 0xBE, 0x69, 0xEA, 0xB8, 0x0F, 0x7D, 0xE9,
    0xF7, 0x50, 0xFB, 0x3D, 0xE4, 0xCD, 0x7B, 0x76, 0xF8, 0x8B, 0x30, 0xDE, 0x3B, 0xAD, 0x67, 0x37,
    0xD4, 0x6B, 0xA3, 0x98, 0xE0, 0x0C, 0x4B, 0xEE, 0x57, 0x18, 0x09, 0xC2, 0x7D, 0xD8, 0x26, 0x1E,
    0x08, 0xFD, 0x4D, 0xF9, 0xA9, 0x76, 0xA1, 0x60, 0xB2, 0xC5, 0x76, 0x67, 0x70, 0xF3, 0x87, 0x13,
    0x6C, 0xED, 0xF5, 0x42, 0xF0, 0x37, 0x1C, 0x4B, 0x24, 0x73, 0x3E, 0x1B, 0x08, 0xB2, 0x15, 0xA9,
    0x95, 0x71, 0xBF, 0x13, 0xF7, 0x07, 0xB2, 0x5D, 0x1B, 0x10, 0xF7, 0x37, 0x34, 0x3F, 0x76, 0xDF,
    0xB8, 0x90, 0xD1, 0x67, 0xB6, 0xBD, 0x37, 0xCB, 0x81, 0x3F, 0x26, 0x7C, 0x69, 0x1C, 0x75, 0x3A,
    0xC4, 0x03, 0x47, 0xD4, 0x72, 0x5E, 0x82, 0x16, 0xF4, 0x33, 0xF7, 0x36, 0xF5, 0xBB, 0xE9, 0x27,
    0xDC, 0xEF, 0xAC, 0x1C, 0x92, 0x00, 0x30, 0x62, 0x53, 0x77, 0x5A, 0x44, 0xDA, 0xE5, 0x91, 0xFF,
    0x24, 0x75, 0xE7, 0x99, 0x72, 0xEC, 0x9D, 0xCB, 0x40, 0xD7, 0x76, 0xBC, 0x27, 0x86, 0x26, 0x18,
    0xC3, 0x67, 0xB6, 0x43, 0x39, 0x81, 0x3E, 0x5B, 0xB6, 0x48, 0x68, 0x2E, 0xF8, 0xD4, 0xDA, 0x91,
    0xA0, 0x50, 0x03, 0x2F, 0x3E, 0x41, 0x9D, 0x8B, 0xD0, 0x63, 0x03, 0xA1, 0x1E, 0x22, 0x20, 0xE4,
    0x50, 0xB6, 0xF3, 0x73, 0xB0, 0x2C, 0x26, 0xB4, 0xCE, 0xA5, 0x60, 0x59, 0x8F, 0xCA, 0x97, 0x11,
    0x8E, 0x87, 0xA8, 0xF2, 0x93, 0x5F, 0x14, 0x86, 0x84, 0x81, 0x1D, 0xEB, 0xAB, 0xD4, 0x74, 0xE8,
    0xFD, 0x86, 0xEA, 0xDF, 0x84, 0xBE, 0xA5, 0x54, 0xAB, 0xAB, 0x11, 0xF8, 0x92, 0x1C, 0x74, 0xE0,
    0x71, 0x60, 0x58, 0xB2, 0x95, 0x95, 0x35, 0xE6, 0xE8, 0x2F, 0xB9, 0x5F, 0x78, 0xD0, 0x34, 0xE4,
    0x9D, 0x41, 0x2D, 0xDB, 0x73, 0xCA, 0x7C, 0x1D, 0xD6, 0x55, 0x0E, 0xD3, 0xD8, 0x7E, 0x6A, 0xB1,
    0x73, 0xF6, 0x19, 0x89, 0x55, 0xAF, 0xE1, 0x57, 0x7B, 0x81, 0xF4, 0x77, 0xAF, 0x56, 0x54, 0x4B,
    0x9D, 0x2E, 0xF9, 0x0F, 0xF2, 0x5E, 0xC9, 0xB8, 0xFB, 0x17, 0xF1, 0x49, 0xFC, 0x4B, 0x63, 0x81,
    0x31, 0x6A, 0x9A, 0x1F, 0x80, 0x1F, 0x4A, 0x9B, 0x08, 0x57, 0x46, 0x18, 0x62, 0x91, 0x8D, 0xEC,
    0x34, 0xE0, 0x70, 0x65, 0x84, 0x1C, 0xAE, 0xCC, 0x4E, 0x7D, 0x84, 0x01, 0x23, 0xF4, 0x9E, 0x4A,
    0x05, 0x5F, 0xE5, 0x10, 0x0D, 0xA9, 0xF7, 0x01, 0x3B, 0x8B, 0xA5, 0x6E, 0xC9, 0xEA, 0xC0, 0x54,
    0x87, 0x9F, 0x46, 0x93, 0xE4, 0x0D, 0x12, 0xFA, 0xEE, 0xA5, 0x9E, 0x0F, 0xEA, 0xBA, 0x5C, 0x0E,
    0x3B, 0x85, 0x95, 0x3D, 0x57, 0x96, 0x9F, 0x8E, 0xF6, 0xAD, 0x8C, 0x9A, 0xCB, 0xCD, 0x43, 0x3B,
    0x3D, 0xD8, 0x21, 0x7A, 0x17, 0xBC, 0x29, 0xC7, 0x0C, 0xB0, 0x25, 0x12, 0x87, 0x27, 0x55, 0xB5,
    0xF8, 0x3F, 0x93, 0x8D, 0x9C, 0x81, 0x6C, 0xE8, 0x38, 0x83, 0x0D, 0xC1, 0x54, 0x88, 0x95, 0x9D,
    0xF6, 0x14, 0x9B, 0x8A, 0xF0, 0x98, 0xEF, 0xBE, 0x66, 0xA7, 0x2E, 0x3E, 0x6C, 0xC8, 0xFC, 0x8E,
    0x77, 0xF3, 0x35, 0xD9, 0x98, 0x22, 0xFA, 0xF3, 0x77, 0x7D, 0xAA, 0x00, 0x02, 0x39, 0x61, 0x77,
    0x96, 0xDE, 0x32, 0xFE, 0x39, 0x7E, 0xB7, 0x7F, 0x99, 0x59, 0xEA, 0xFA, 0xEC, 0xC8, 0xBA, 0x47,
    0x1C, 0x28, 0x47, 0x54, 0xDC, 0xF3, 0x22, 0x41, 0x1F, 0xCC, 0x37, 0xF1, 0x1A, 0xF0, 0x90, 0x40,
    0xB0, 0xA3, 0x9E, 0x60, 0x23, 0x17, 0x0C, 0x33, 0xC1, 0x20, 0x51, 0x8C, 0x05, 0x3B, 0x66, 0x07,
    0x68, 0x95, 0xF1, 0x0D, 0x60, 0xAD, 0x4C, 0x60, 0xB9, 0x95, 0x53, 0x75, 0x81, 0xB7, 0x4B, 0xE7,
    0xEF, 0xA0, 0x7A, 0xFA, 0xAA, 0x30, 0x25, 0x54, 0x4F, 0xF9, 0x0E, 0x8C, 0x5A, 0x64, 0x6C, 0x73,
    0xAF, 0x8A, 0xE5, 0x35, 0xE1, 0xBB, 0xA9, 0xE2, 0x90, 0xF9, 0xD7, 0x37, 0x69, 0x81, 0x10, 0x94,
    0xE8, 0xA0, 0x0E, 0x7C, 0x5A, 0x18, 0x2D, 0x5E, 0xFC, 0x39, 0xD0, 0xDE, 0x31, 0x2B, 0x47, 0x92,
    0x1E, 0xB0, 0x7B, 0xDE, 0xF0, 0x95, 0x0F, 0x84, 0x92, 0xDA, 0x82, 0xC5, 0x5D, 0x02, 0x87, 0x47,
    0xD0, 0xEF, 0x0F, 0x33, 0x2F, 0xC2, 0xFA, 0x9E, 0x22, 0x4E, 0x73, 0xEA, 0xC6, 0x86, 0x86, 0x62,
    0xC8, 0x48, 0x42, 0x0C, 0x84, 0x87, 0xA2, 0x67, 0xD6, 0x30, 0x98, 0x7A, 0x34, 0xA6, 0xF1, 0x3B,
    0xD1, 0x35, 0x46, 0xA2, 0x6B, 0x78, 0x3E, 0x21, 0xB6, 0x4C, 0xD0, 0xFC, 0x90, 0x7F, 0xEF, 0x47,
    0x75, 0xA0, 0x55, 0x26, 0x6D, 0xFC, 0xFE, 0xDB, 0x2F, 0x07, 0xCF, 0xF3, 0xBA, 0xF3, 0x66, 0x8E,
    0x11, 0x61, 0x95, 0xA6, 0xCC, 0x2C, 0x66, 0x75, 0x64, 0xA7, 0x63, 0x75, 0xCE, 0x0B, 0x42, 0x36,
    0xC9, 0x2A, 0xAD, 0x85, 0x9A, 0x65, 0xA9, 0x73, 0x0B, 0x73, 0xEA, 0xEA, 0x87, 0xAA, 0x80, 0x93,
    0x03, 0xBA, 0xBD, 0xCA, 0x59, 0xF5, 0x1E, 0x60, 0xFE, 0xF1, 0x03, 0x79, 0xBC, 0x27, 0xF7, 0x86,
    0x62, 0xCB, 0x59, 0xCC, 0x7A, 0x23, 0xAA, 0x13, 0x8E, 0x3D, 0x67, 0x4C, 0xA6, 0xDF, 0xA3, 0x2A,
    0x62, 0xFD, 0x56, 0x0D, 0x05, 0xDF, 0x99, 0x0B, 0x67, 0x30, 0xEF, 0xE6, 0xB2, 0x2A, 0xFC, 0x0F,
    0x42, 0x62, 0xEE, 0x96, 0x44, 0xC3, 0x86, 0x44, 0x5F, 0x3F, 0xF1, 0x38, 0x50, 0xD9, 0x55, 0xC3,
    0x86, 0xF1, 0xBA, 0x0E, 0x8B, 0x23, 0xEC, 0x0C, 0x1E, 0x75, 0xAF, 0x32, 0xC2, 0xD3, 0x48, 0xAE,
    0x0B, 0xBD, 0xBF, 0x07, 0x07, 0x6D, 0x46, 0xAA, 0x91, 0x5C, 0xF7, 0xE5, 0x3A, 0xF2, 0xF9, 0xBE,
    0x4F, 0x48, 0xFD, 0x5B, 0x4C, 0xD0, 0xF8, 0x55, 0xF0, 0x6C, 0x0D, 0x7C, 0xEF, 0xF3, 0x98, 0xAB,
    0xB0, 0x39, 0x83, 0xA0, 0x85, 0x5B, 0x38, 0x4D, 0x23, 0x11, 0xC7, 0x72, 0x97, 0xED, 0x87, 0x7C,
    0xD0, 0x50, 0x2C, 0x8A, 0x58, 0x3B, 0x88, 0xFB, 0x61, 0x07, 0x73, 0x8E, 0xF0, 0xB4, 0xCE, 0x9F,
    0xEB, 0x83, 0x5B, 0xA1, 0x4E, 0x3D, 0xA3, 0xFC, 0xE0, 0xAF, 0xC4, 0x56, 0x14, 0xCB, 0xD9, 0xDA,
    0x25, 0xFA, 0xCA, 0x4F, 0x98, 0x9F, 0x1C, 0xEF, 0xA0, 0x3E, 0x47, 0xFF, 0xE6, 0x5E, 0xB6, 0xD1,
    0x6C, 0xF1, 0xC2, 0x8D, 0x74, 0xFB, 0x2C, 0x71, 0xA6, 0xF4, 0xED, 0x9E, 0xBC, 0x6A, 0xD5, 0x8B,
    0xF7, 0xB5, 0x6A, 0x5E, 0x5C, 0xD2, 0xEB, 0x7F, 0x6F, 0x6F, 0x5D, 0xBB, 0x12, 0x12, 0xAB, 0x3D,
    0xAD, 0x4B, 0x3F, 0xFF, 0x9A, 0xED, 0xB0, 0x90, 0x07, 0xDE, 0x14, 0xD7, 0x5A, 0xCF, 0x91, 0xBC,
    0x83, 0xC1, 0xE3, 0x72, 0x54, 0xD5, 0x78, 0x16, 0xF9, 0xB9, 0x7B, 0x42, 0x4B, 0xF3, 0xF7, 0xE5,
    0xEC, 0x80, 0x4E, 0xC9, 0xB8, 0x49, 0x6D, 0x2D, 0xE5, 0x49, 0xBE, 0x1F, 0xDD, 0x73, 0x79, 0x77,
    0x41, 0xF4, 0x74, 0x89, 0x1A, 0x13, 0xD9, 0x1C, 0x89, 0xBC, 0x02, 0xFF, 0xC5, 0xB5, 0x8D, 0xF9,
    0x4D, 0xDB, 0x9E, 0x62, 0xFB, 0x1B, 0x60, 0xA7, 0x3C, 0x64, 0x35, 0x57, 0xA7, 0x3C, 0xE2, 0x65,
    0x79, 0x6D, 0xEB, 0x3F, 0x26, 0x31, 0x26, 0xD7, 0xF2, 0xE6, 0x71, 0x4F, 0xB1, 0x60, 0x3C, 0x75,
    0x85, 0xE3, 0x74, 0x34, 0x47, 0x63, 0xC6, 0xFE, 0xB0, 0x03, 0x53, 0xF9, 0xCD, 0x72, 0xA7, 0x86,
    0xFB, 0xFD, 0x21, 0x0C, 0xD3, 0x72, 0xF3, 0x42, 0x9D, 0x86, 0x5E, 0xC6, 0xCF, 0x39, 0x7F, 0x35,
    0x62, 0x24, 0x76, 0x96, 0xD1, 0x8B, 0xA5, 0xBC, 0xC0, 0x08, 0xC2, 0x68, 0xF8, 0x87, 0x84, 0x50,
    0xAE, 0xD5, 0x4D, 0x1D, 0x16, 0x56, 0x6D, 0x42, 0x36, 0x6C, 0x6C, 0x9F, 0x1D, 0x62, 0xD7, 0x3F,
    0xCC, 0x03, 0x8E, 0xBA, 0xEB, 0x67, 0x2B, 0x3B, 0xEA, 0xCF, 0x57, 0x17, 0x95, 0x3B, 0x90, 0x29,
    0x47, 0x5D, 0xB7, 0xD2, 0xEA, 0x2A, 0xF9, 0xD4, 0x75, 0x21, 0xAE, 0x73, 0xFF, 0x17, 0x1A, 0xF9,
    0x8D, 0xF8, 0x90, 0x61, 0x08, 0x77, 0x01, 0xC2, 0xA6, 0xBA, 0x47, 0x36, 0xB5, 0x1D, 0xEF, 0x0D,
    0x9B, 0x7B, 0x0D, 0x8D, 0x5E, 0xDC, 0x90, 0xE0, 0x88, 0x6C, 0x3F, 0x60, 0x3A, 0x23, 0x59, 0xFE,
    0x1B, 0x4A, 0xFF, 0x28, 0x7F, 0x85, 0x3D, 0xC5, 0x42, 0x51, 0xE8, 0x5C, 0x5D, 0x85, 0xBB, 0xBA,
    0x53, 0xA1, 0x06, 0xC1, 0x94, 0xE1, 0x1E, 0x0C, 0x45, 0xD8, 0xF2, 0x8B, 0x40, 0x8D, 0x88, 0x96,
    0xCC, 0x3D, 0x8C, 0xF7, 0x64, 0x06, 0xE1, 0x08, 0x90, 0xAC, 0x6D, 0xB6, 0x98, 0x53, 0xEF, 0xF0,
    0xB4, 0x99, 0xA2, 0x3C, 0x77, 0x4F, 0xE8, 0x49, 0x79, 0x9B, 0xAF, 0x32, 0x76, 0xCA, 0x58, 0xCA,
    0xC9, 0xB5, 0x5C, 0xC9, 0xF7, 0xA3, 0x7B, 0x2F, 0x6F, 0x11, 0xE7, 0xBE, 0xDB, 0xD7, 0xF2, 0xBC,
    0x91, 0xE0, 0xD2, 0x86, 0xEC, 0x46, 0x52, 0xEB, 0x3F, 0xC2, 0xFE, 0xCA, 0x4D, 0xED, 0x89, 0x7B,
    0xC4, 0x4E, 0x39, 0x9A, 0x41, 0x6B, 0x20, 0xBF, 0x13, 0xE7, 0x04, 0xBB, 0x8D, 0x26, 0xF1, 0xAF,
    0x4D, 0x7A, 0x6F, 0xD8, 0x37, 0x82, 0x1C, 0xE9, 0xBF, 0xC1, 0xCB, 0x25, 0xF2, 0x81, 0x0D, 0x6D,
    0x1E, 0x48, 0x79, 0x9D, 0x31, 0xE3, 0x66, 0x99, 0x32, 0xF6, 0xC7, 0x52, 0xFE, 0x0B, 0xF7, 0xF6,
    0x1D, 0x3F, 0x03, 0x2E, 0x83, 0xBD, 0x21, 0xE1, 0xB6, 0x1F, 0x32, 0x76, 0xC6, 0x88, 0xD3, 0xD3,
    0x24, 0xA1, 0x33, 0xE8, 0x16, 0x24, 0xA3, 0x8D, 0xE1, 0x3A, 0x15, 0x0C, 0x0D, 0x4E, 0x27, 0x1A,
    0x4C, 0xFC, 0x94, 0xD7, 0x75, 0xDE, 0x12, 0x36, 0x5C, 0x45, 0xC8, 0xA1, 0x40, 0x4C, 0x95, 0x75,
    0x56, 0x09, 0x33, 0x36, 0xF1, 0xC1, 0x21, 0xF0, 0x7E, 0xD0, 0x35, 0xBC, 0x1E, 0xA1, 0x2F, 0x4C,
    0x70, 0xA9, 0x84, 0x71, 0xE5, 0x26, 0x4F, 0x78, 0x6C, 0x4C, 0x82, 0x2F, 0x5B, 0x37, 0xFF, 0x6C,
    0x53, 0xCB, 0x65, 0xE9, 0x75, 0x5D, 0xC3, 0x1A, 0xAD, 0x5B, 0x88, 0xA9, 0x13, 0x99, 0xA0, 0xCF,
    0x72, 0x28, 0xE5, 0xE6, 0xB0, 0x63, 0x54, 0x6F, 0x53, 0x7B, 0xB7, 0x60, 0x4F, 0x3B, 0xE7, 0xE3,
    0xCC, 0xBC, 0xB0, 0x2E, 0xF2, 0x27, 0x07, 0xF1, 0xC3, 0x90, 0x5A, 0x97, 0xC3, 0x32, 0x80, 0x24,
    0xB2, 0xAD, 0x02, 0x7D, 0x92, 0x3B, 0x81, 0x9D, 0x3E, 0xA3, 0x3D, 0xC2, 0xE6, 0xE1, 0xBA, 0x09,
    0x32, 0x6F, 0xD0, 0xA3, 0xF7, 0x94, 0x71, 0xED, 0x08, 0x01, 0x77, 0x7A, 0x70, 0xE9, 0xF2, 0xF1,
    0x0C, 0xB1, 0xAA, 0x52, 0x6F, 0xE2, 0xB3, 0x58, 0x9D, 0x13, 0xEB, 0xFE, 0x49, 0xC6, 0x0A, 0xC6,
    0x6E, 0x7F, 0x30, 0x1F, 0x91, 0x57, 0xF9, 0x07, 0x65, 0xD7, 0xED, 0xF1, 0x29, 0xA8, 0xFB, 0xA2,
    0x5A, 0xB6, 0x6E, 0xA2, 0xA0, 0x24, 0x26, 0xD3, 0xB7, 0xB2, 0x80, 0xC4, 0xD2, 0x81, 0x47, 0x73,
    0xCC, 0xFE, 0xB2, 0x2C, 0xDF, 0x79, 0x86, 0x04, 0xA7, 0xCF, 0x08, 0x37, 0x23, 0xB8, 0x23, 0x27,
    0x50, 0x1C, 0x90, 0xF0, 0x9A, 0xD4, 0x58, 0xD8, 0xAE, 0x25, 0x98, 0x82, 0x1E, 0x0D, 0xF3, 0x8F,
    0xB1, 0x68, 0x7B, 0x60, 0xD8, 0x0C, 0x1F, 0x8E, 0x20, 0x51, 0x2B, 0x39, 0xC6, 0x35, 0xAC, 0xF3,
    0x13, 0x8E, 0xF8, 0x71, 0x69, 0xF7, 0xE8, 0xB5, 0x90, 0xF8, 0x94, 0x0E, 0x7C, 0x91, 0x63, 0x77,
    0xB0, 0xF6, 0xDC, 0xA7, 0xE7, 0xBD, 0x41, 0xC0, 0xF1, 0xB1, 0x9C, 0xA2, 0x23, 0x96, 0xED, 0xC3,
    0x86, 0xA8, 0x22, 0x7E, 0x3A, 0x39, 0x29, 0x81, 0x86, 0x59, 0x62, 0x66, 0xA3, 0x6D, 0x6A, 0x4F,
    0x37, 0xA6, 0x41, 0xCF, 0xEF, 0x8E, 0x96, 0x58, 0x6D, 0x6E, 0x33, 0xA7, 0x47, 0x6F, 0x1F, 0xF1,
    0x75, 0x07, 0x7E, 0x08, 0x77, 0x7F, 0x1E, 0x7A, 0x77, 0x0E, 0x46, 0xCE, 0xF3, 0xAD, 0xC2, 0x66,
    0x8F, 0xC3, 0x47, 0x9A, 0xFE, 0x08, 0x8E, 0x85, 0xE8, 0x67, 0xFA, 0xCE, 0x6D, 0xBA, 0x04, 0xCB,
    0x32, 0x34, 0x3F, 0x6A, 0x40, 0x2C, 0x97, 0xA8, 0x9D, 0x43, 0x18, 0x33, 0xC0, 0xCE, 0xD8, 0x97,
    0x20, 0xBF, 0x7E, 0x5F, 0x0D, 0x90, 0x87, 0xF3, 0xD8, 0x47, 0xCD, 0xA8, 0xBD, 0xC6, 0x01, 0x94,
    0x3A, 0x56, 0x9F, 0x04, 0xD6, 0xE8, 0xEC, 0x08, 0xEE, 0x0F, 0xFD, 0x22, 0x18, 0xBA, 0x9F, 0x80,
    0x2F, 0x3B, 0xB3, 0x61, 0x49, 0x60, 0xC6, 0xA9, 0xB0, 0xE4, 0xB0, 0x29, 0xFF, 0x0C, 0xDE, 0xBC,
    0xCE, 0x28, 0xFD, 0xB2, 0x80, 0x9D, 0x72, 0xEC, 0x2A, 0x72, 0x54, 0x3B, 0xB8, 0xBF, 0x2A, 0x33,
    0xB5, 0x4D, 0x25, 0xE4, 0xA6, 0x69, 0x0F, 0x39, 0xB4, 0x7E, 0x13, 0xF4, 0x95, 0x56, 0xCC, 0xA6,
    0x9A, 0x95, 0x35, 0x25, 0x74, 0x89, 0x69, 0xEE, 0x8B, 0x79, 0x4C, 0x7F, 0xC4, 0xFA, 0x74, 0xA2,
    0xE3, 0x5B, 0x1C, 0xA1, 0x1E, 0x01, 0xFF, 0xCD, 0x3E, 0xE6, 0xB5, 0x8F, 0x30, 0xD9, 0x1C, 0xDD,
    0x44, 0x22, 0x4E, 0x3B, 0x99, 0xC7, 0xE5, 0x9B, 0x21, 0xF4, 0x0B, 0x4D, 0xF5, 0x02, 0x80, 0x89,
    0x85, 0xBA, 0xBE, 0x74, 0x46, 0x8C, 0x35, 0xF9, 0x7E, 0xAB, 0x9F, 0xFB, 0xE3, 0x28, 0x1C, 0x05,
    0x60, 0x3A, 0xA9, 0xDE, 0x38, 0xEB, 0xC7, 0xCF, 0x96, 0xA2, 0x6F, 0x49, 0xBD, 0x67, 0xB4, 0xE8,
    0x3C, 0xFF, 0x9A, 0xCA, 0xDE, 0x36, 0x95, 0x17, 0x6F, 0x2A, 0x0F, 0xDC, 0x54, 0x35, 0x60, 0x53,
    0xCF, 0x05, 0x69, 0x1A, 0x8D, 0x2E, 0x31, 0xAA, 0x50, 0xDC, 0xDF, 0x9A, 0xC7, 0x84, 0x4F, 0x8B,
    0xF5, 0x80, 0x4D, 0x89, 0xB9, 0x37, 0x8B, 0x03, 0x56, 0xB2, 0x1D, 0x08, 0x76, 0xC6, 0x8C, 0xD4,
    0xEF, 0x8C, 0xEC, 0xD8, 0x4D, 0xF8, 0xEB, 0x49, 0x3E, 0xE3, 0x24, 0x82, 0x35, 0x45, 0x57, 0x11,
    0x4A, 0xAB, 0xC7, 0xD9, 0x18, 0xC2, 0xCA, 0xEA, 0x4C, 0x7C, 0x04, 0xF7, 0x05, 0x6D, 0x18, 0x15,
    0xD4, 0x83, 0x11, 0xEC, 0x98, 0xCB, 0x61, 0x30, 0x44, 0xED, 0xFA, 0xF9, 0x52, 0x04, 0x65, 0xDA,
    0x5A, 0xC4, 0xF4, 0x22, 0x56, 0x7A, 0x91, 0xE9, 0x6E, 0x75, 0xA1, 0xB8, 0xAF, 0x18, 0x2A, 0xFE,
    0x80, 0xD3, 0x9E, 0x98, 0x47, 0x8D, 0x27, 0xC8, 0x5C, 0x7C, 0x53, 0x22, 0x7B, 0x53, 0xBE, 0xAF,
    0xC5, 0x9B, 0x50, 0x9C, 0x06, 0x07, 0xFC, 0x3C, 0xD5, 0x9B, 0x71, 0x93, 0x0F, 0xCD, 0xB2, 0x33,
    0xEA, 0x77, 0x18, 0x11, 0xA5, 0x3F, 0x5A, 0xD7, 0x15, 0x75, 0x5D, 0xF7, 0x6F, 0xA7, 0xD8, 0x54,
    0xDC, 0x52, 0xEC, 0x29, 0x0A, 0x15, 0x5A, 0x97, 0xDD, 0x7D, 0x19, 0x6F, 0x38, 0x68, 0x49, 0x94,
    0x85, 0xDE, 0x50, 0x7C, 0x6E, 0x57, 0x36, 0xAC, 0x85, 0xA8, 0x61, 0xBC, 0xDE, 0xC5, 0x8A, 0xF0,
    0x85, 0x0E, 0x11, 0x1D, 0x4A, 0x0E, 0x2F, 0xF4, 0xA6, 0x18, 0xCA, 0x08, 0xA1, 0x71, 0x3E, 0x41,
    0x1B, 0x3E, 0x5F, 0xF4, 0xBB, 0x85, 0x8D, 0x78, 0xE4, 0x43, 0x3F, 0x07, 0x93, 0xC3, 0x0F, 0x43,
    0xDE, 0x40, 0x91, 0x72, 0x33, 0xC5, 0x94, 0xEA, 0xDD, 0x6C, 0x60, 0x64, 0xF5, 0xCB, 0x26, 0x02,
    0x50, 0x12, 0xBF, 0xDA, 0xF4, 0x10, 0x35, 0x8D, 0x96, 0x09, 0xA2, 0xF7, 0xE6, 0x05, 0x04, 0xCA,
    0x1A, 0x84, 0x5C, 0x8E, 0x9D, 0xED, 0x4B, 0x79, 0x45, 0x21, 0xD8, 0xC9, 0x04, 0xC3, 0x81, 0x60,
    0xA0, 0xD8, 0xCF, 0x25, 0xFF, 0x48, 0xBE, 0xC3, 0xCB, 0xC2, 0xC1, 0xA5, 0x03, 0xD3, 0xEC, 0xC7,
    0x5E, 0x11, 0x8E, 0x68, 0x86, 0xD1, 0x00, 0x38, 0xBB, 0x63, 0x7E, 0xF0, 0xB0, 0x91, 0xF5, 0x60,
    0x21, 0xD6, 0xC8, 0x59, 0xD6, 0xD7, 0xAF, 0xF3, 0xF7, 0x61, 0x3C, 0x84, 0xAC, 0xAF, 0x5F, 0x67,
    0xBB, 0x49, 0x04, 0x73, 0x6F, 0x68, 0x7D, 0xE7, 0x50, 0xFC, 0x11, 0xBC, 0x69, 0x3E, 0x7E, 0x6E,
    0x37, 0x9A, 0x2F, 0x67, 0x77, 0x7A, 0x3F, 0x38, 0x10, 0xEC, 0xCB, 0xF3, 0xD4, 0xDF, 0x0D, 0xB1,
    0xD2, 0x97, 0xFB, 0x2F, 0xDC, 0xB9, 0x9C, 0xEA, 0xFB, 0x4E, 0x88, 0x91, 0x32, 0x83, 0x4D, 0xD6,
    0xBC, 0x17, 0xC1, 0x58, 0xD0, 0x1F, 0xB2, 0x46, 0x7E, 0x63, 0x2E, 0xCE, 0x88, 0xD2, 0xF7, 0x5A,
    0x32, 0x7F, 0xA8, 0x85, 0x93, 0xCD, 0xEF, 0x9F, 0x32, 0x67, 0xD8, 0x50, 0x2B, 0xA4, 0x6D, 0xA6,
    0xCF, 0x39, 0xF1, 0xA9, 0x15, 0xCA, 0xD1, 0x33, 0x33, 0x56, 0xAD, 0x11, 0x26, 0x06, 0xAF, 0x4B,
    0x4D, 0x3E, 0xD4, 0xA2, 0x42, 0x6C, 0x5A, 0x9A, 0x86, 0x38, 0x10, 0x11, 0x7D, 0x17, 0x37, 0x9F,
    0x0E, 0x47, 0x8D, 0x36, 0x01, 0xC9, 0x29, 0x88, 0x49, 0x0C, 0x5A, 0x05, 0xFE, 0xFD, 0x47, 0xEC,
    0xAB, 0x27, 0x51, 0x96, 0x7B, 0x1A, 0x75, 0xB9, 0x67, 0x0B, 0x9D, 0x6F, 0x3B, 0x15, 0x4A, 0x30,
    0xF7, 0x7A, 0x15, 0xDC, 0xDD, 0x4D, 0xA6, 0x3E, 0x20, 0xBA, 0xCF, 0x7B, 0x46, 0x2C, 0x95, 0x87,
    0x9E, 0xEA, 0xA8, 0x56, 0x76, 0x66, 0xAC, 0x6F, 0xE7, 0xB1, 0xD4, 0xF5, 0x47, 0xCC, 0x33, 0x1B,
    0x1A, 0x08, 0x00, 0xEB, 0x0C, 0x4D, 0xAD, 0xB5, 0xED, 0xF3, 0x06, 0xE6, 0x75, 0x44, 0xD7, 0xCC,
    0xB6, 0x9B, 0x32, 0xFA, 0xB7, 0x62, 0x69, 0xBF, 0x91, 0xBA, 0xB7, 0xC8, 0xFA, 0x62, 0x95, 0xBB,
    0xBC, 0x2E, 0x6D, 0x16, 0x4E, 0xB9, 0x83, 0xEF, 0x88, 0x71, 0x98, 0x57, 0xE3, 0xBB, 0xB9, 0xB9,
    0x02, 0xD3, 0x06, 0xD9, 0x3B, 0xB0, 0x4A, 0xC1, 0x8E, 0x1C, 0x16, 0x17, 0xF5, 0x47, 0xD2, 0xBF,
    0x3F, 0x69, 0xB0, 0x83, 0xEE, 0x09, 0xFB, 0xD7, 0x15, 0x56, 0xFB, 0xD7, 0x15, 0xAA, 0x9C, 0xB1,
    0x90, 0x2F, 0x18, 0x0A, 0x62, 0x0D, 0x00, 0xC2, 0x08, 0x80, 0x3D, 0xE0, 0x9A, 0xEA, 0xF8, 0xD0,
    0xD4, 0xF5, 0x97, 0x4D, 0xF2, 0x04, 0x79, 0x9D, 0xC4, 0x6C, 0x3E, 0xD0, 0xD8, 0xEF, 0x1A, 0xE1,
    0x6D, 0xDF, 0xC5, 0x7A, 0x36, 0xB2, 0x86, 0x0E, 0x4E, 0xC7, 0x1A, 0xD5, 0x60, 0x99, 0x01, 0xFA,
    0x96, 0x40, 0xD5, 0xD1, 0xE4, 0x88, 0xCE, 0xC4, 0xBF, 0x42, 0xC3, 0xFC, 0x55, 0x41, 0xE3, 0xEE,
    0x8B, 0xB2, 0xFC, 0x9C, 0xD6, 0x37, 0xB6, 0xC7, 0x5E, 0x9D, 0xD2, 0xFD, 0x03, 0x35, 0x96, 0x2E,
    0x35, 0x78, 0xFB, 0x27, 0x3E, 0xF6, 0xA3, 0x3A, 0xE0, 0x2E, 0x09, 0x7F, 0xD4, 0x84, 0x97, 0xC5,
    0xB6, 0x28, 0x1D, 0x24, 0x00, 0xFD, 0x3D, 0x63, 0xF5, 0x1C, 0x9B, 0x3F, 0x8D, 0x14, 0x87, 0x72,
    0x7F, 0x89, 0xC3, 0x4D, 0xFF, 0x40, 0xE4, 0x91, 0xBA, 0xB9, 0x1B, 0xC2, 0x3E, 0xEB, 0xAA, 0xCA,
    0x15, 0x39, 0xAD, 0x1E, 0x6C, 0xAF, 0x15, 0x80, 0x96, 0xD5, 0xB1, 0x7F, 0x36, 0x3E, 0xFE, 0xDC,
    0x16, 0xA3, 0x18, 0x42, 0x4E, 0x51, 0x17, 0x5F, 0x9D, 0x8C, 0xBE, 0x2E, 0x1A, 0x9B, 0xB2, 0x28,
    0x3F, 0x50, 0x7E, 0xC2, 0xAA, 0xD9, 0x50, 0x03, 0x64, 0xAE, 0xCF, 0xE4, 0x8F, 0x39, 0x3F, 0xA6,
    0xDF, 0xBA, 0xBA, 0xB3, 0x0A, 0x6E, 0x29, 0x86, 0x8A, 0x70, 0xF3, 0x01, 0xAE, 0xE8, 0x35, 0x9E,
    0x5F, 0x01, 0xCF, 0xF3, 0x2F, 0xC6, 0xBC, 0xE7, 0x84, 0x31, 0x86, 0x00, 0xB4, 0xE6, 0xEC, 0x8E,
    0xB6, 0x93, 0x59, 0xC0, 0x07, 0x55, 0xB9, 0x53, 0x82, 0x6E, 0xF9, 0x1C, 0x5A, 0x1F, 0xED, 0x27,
    0x9F, 0xE8, 0x1F, 0xCA, 0x49, 0x11, 0xC8, 0x7F, 0x43, 0xB1, 0xA7, 0xCF, 0x17, 0xBC, 0xBE, 0x62,
    0xC4, 0x35, 0x65, 0xDD, 0x13, 0xBE, 0xA2, 0x1C, 0x4C, 0xFB, 0xB9, 0xDA, 0x9C, 0x10, 0x66, 0xD8,
    0xEA, 0x97, 0xE0, 0x94, 0x07, 0xC4, 0xC7, 0x30, 0xCA, 0x7A, 0xE6, 0x0C, 0x5E, 0x68, 0x0A, 0x9A,
    0x19, 0xBC, 0xDC, 0x7A, 0x6E, 0x20, 0xFD, 0xC8, 0xE5, 0xF9, 0x6C, 0x3F, 0x71, 0x42, 0xBE, 0x0A,
    0x91, 0xEF, 0xCC, 0xBE, 0xA0, 0xF4, 0xB7, 0x33, 0xA0, 0xF9, 0xBD, 0x62, 0xE4, 0x10, 0xB0, 0x69,
    0x0C, 0xC2, 0x5C, 0x71, 0xA8, 0xD8, 0x33, 0xB3, 0xA7, 0x8A, 0x22, 0xF0, 0xE7, 0x35, 0xF6, 0x94,
    0x2A, 0xCB, 0xD1, 0xD2, 0xC5, 0x16, 0x8E, 0x38, 0xD8, 0x0F, 0xCA, 0x12, 0xBD, 0xDC, 0x00, 0x72,
    0xF8, 0x10, 0x2F, 0xAA, 0xB3, 0x3B, 0x1A, 0x21, 0xAD, 0x56, 0x3F, 0xD0, 0x00, 0x9D, 0x12, 0xAC,
    0x35, 0x66, 0x94, 0xFE, 0x9F, 0xE0, 0x13, 0x97, 0x0F, 0x5A, 0x9B, 0x97, 0x8D, 0xB7, 0x1B, 0x0D,
    0x41, 0x47, 0x82, 0xF2, 0x09, 0xD8, 0xA9, 0x52, 0xFF, 0x3B, 0x19, 0x0B, 0x75, 0x11, 0x3B, 0x50,
    0xAE, 0x3F, 0x13, 0x79, 0xE0, 0x67, 0xB1, 0x59, 0x31, 0xB6, 0x73, 0x09, 0x9F, 0xF2, 0x99, 0x28,
    0x01, 0x6B, 0xA5, 0x46, 0x3E, 0x83, 0x7C, 0x01, 0xEF, 0xA5, 0x52, 0xBC, 0x79, 0xFC, 0xDB, 0x1C,
    0x29, 0x96, 0x04, 0x95, 0x20, 0x5B, 0xD9, 0x65, 0x96, 0x78, 0xE4, 0x96, 0xE2, 0xA7, 0xBE, 0x7C,
    0xD5, 0x7C, 0x7F, 0xCE, 0x1E, 0xA2, 0xAD, 0xF4, 0xBD, 0xAD, 0x4A, 0xCB, 0x19, 0xBB, 0x00, 0xB6,
    0x16, 0x5E, 0xB4, 0x0B, 0x10, 0x8F, 0xCF, 0xBD, 0x7E, 0xF9, 0xFB, 0x09, 0x3E, 0x5E, 0x8B, 0xF6,
    0x4C, 0xDB, 0x8A, 0x86, 0x6E, 0x8A, 0x7D, 0xF9, 0x5A, 0x66, 0xB3, 0xCF, 0x68, 0xC0, 0xF3, 0xBF,
    0x0D, 0xE9, 0x8A, 0x18, 0xEF, 0x36, 0xA4, 0x1E, 0x54, 0xE9, 0xE1, 0x84, 0x7D, 0x31, 0x3A, 0xF9,
    0x1A, 0x96, 0x85, 0xE5, 0x32, 0x87, 0x20, 0x02, 0xFE, 0xF5, 0x52, 0xB7, 0xCF, 0xC7, 0x1A, 0xB2,
    0xC3, 0xC4, 0xC3, 0x6D, 0x39, 0x94, 0x86, 0x23, 0x0A, 0xE8, 0x77, 0xF5, 0xD5, 0x1E, 0xAF, 0x10,
    0x04, 0xA3, 0x72, 0x03, 0xEF, 0xE1, 0x9D, 0xEA, 0x36, 0xF7, 0xD6, 0x9E, 0xEA, 0x71, 0xA1, 0x80,
    0xEF, 0x60, 0xC3, 0xF9, 0xAC, 0xB8, 0x2F, 0xA6, 0x61, 0xCE, 0x81, 0x01, 0xA3, 0xCA, 0x1F, 0x7D,
    0xA2, 0x7F, 0xA0, 0xC4, 0xB2, 0x4A, 0x6C, 0xEC, 0x5A, 0x20, 0x09, 0x89, 0xF9, 0x72, 0x3C, 0x01,
    0x7B, 0x7A, 0xE6, 0x72, 0xCA, 0xD2, 0xBD, 0xD9, 0xDD, 0x95, 0x44, 0xF5, 0x94, 0x25, 0x16, 0x20,
    0xBE, 0x39, 0xFE, 0x0A, 0xB1, 0xE9, 0x9C, 0x4B, 0xE8, 0xDE, 0xDA, 0x03, 0x55, 0xA2, 0xF4, 0xCD,
    0x9F, 0xD8, 0xD8, 0x0F, 0x39, 0xF4, 0x0D, 0xD6, 0x3E, 0x1A, 0x01, 0x9A, 0xD8, 0x35, 0x92, 0x58,
    0xC5, 0x53, 0x7B, 0xB6, 0x3E, 0x5E, 0x54, 0x89, 0x5C, 0x13, 0x4E, 0xC6, 0x11, 0x43, 0xE0, 0xCE,
    0xAA, 0x86, 0xDF, 0xC1, 0xCB, 0x62, 0xEF, 0x4D, 0x5D, 0xD0, 0xE7, 0x0F, 0x0B, 0x72, 0x9C, 0x06,
    0xE9, 0x95, 0x58, 0x73, 0xEC, 0x11, 0x11, 0x03, 0xEE, 0xE2, 0x6D, 0xEC, 0x1B, 0x2E, 0x98, 0x79,
    0xF7, 0xD4, 0xD0, 0xBB, 0xA7, 0x56, 0xA0, 0x3D, 0xD5, 0x73, 0xF7, 0x58, 0x43, 0xCC, 0x07, 0xF3,
    0xB0, 0x99, 0x2E, 0xDC, 0xBC, 0x6D, 0x0E, 0x14, 0x80, 0x23, 0x60, 0x88, 0x7A, 0x7F, 0x3E, 0x64,
    0xC2, 0x5F, 0x7E, 0x79, 0x44, 0xD3, 0x06, 0xB6, 0xE7, 0x22, 0xAE, 0xF4, 0xAC, 0xFD, 0x0B, 0xB7,
    0x37, 0x61, 0xD6, 0xD0, 0xB6, 0x33, 0xEF, 0xCE, 0xB8, 0x9F, 0xB5, 0x79, 0xBB, 0xA6, 0x9F, 0xB7,
    0x61, 0xD4, 0xB9, 0x59, 0xEE, 0xC0, 0xCC, 0x28, 0xEA, 0x0F, 0x57, 0x60, 0x7E, 0x74, 0xF5, 0x05,
    0x31, 0x93, 0xA0, 0x61, 0xB8, 0x8C, 0x78, 0xCC, 0x57, 0xD9, 0xC1, 0x58, 0x9D, 0xF5, 0x9B, 0x6D,
    0xFD, 0xDE, 0x80, 0xD1, 0xCE, 0x65, 0x17, 0xC4, 0x1B, 0x48, 0xC0, 0x86, 0x4E, 0x84, 0x7D, 0xE6,
    0x1E, 0xF6, 0x61, 0x3B, 0x71, 0x30, 0x44, 0x58, 0x0E, 0x6F, 0xE8, 0xE7, 0x21, 0x47, 0xB8, 0x5B,
    0x91, 0xA3, 0x4C, 0x57, 0x67, 0xD4, 0x52, 0x67, 0xD8, 0xBD, 0xC5, 0x57, 0x35, 0x9C, 0xCF, 0x07,
    0x31, 0x14, 0x72, 0xEA, 0x18, 0x8C, 0x02, 0x15, 0x85, 0x7D, 0xDD, 0x0B, 0x98, 0xCD, 0x65, 0x9C,
    0xE4, 0x57, 0x6C, 0xEA, 0x08, 0x62, 0x86, 0x7F, 0x1E, 0xE3, 0x4A, 0xFD, 0x45, 0xCB, 0xC2, 0xBE,
    0xE0, 0xE6, 0x18, 0x24, 0x04, 0x64, 0x80, 0x91, 0xB7, 0x04, 0xC1, 0xE5, 0xF9, 0xBC, 0x07, 0x87,
    0xFC, 0x6D, 0x55, 0x0B, 0xF7, 0x14, 0x0B, 0x6E, 0x7D, 0x1A, 0x06, 0x6C, 0x04, 0xE5, 0x5B, 0x99,
    0xA0, 0xAD, 0xC8, 0x7E, 0x20, 0x6D, 0x98, 0x42, 0x8F, 0xBB, 0xDD, 0xA1, 0x47, 0x52, 0x27, 0x9E,
    0x73, 0x47, 0x1E, 0x0C, 0xE4, 0x7A, 0x16, 0xB1, 0xF7, 0x57, 0xE0, 0xE4, 0xE5, 0x57, 0x91, 0xBB,
    0xE7, 0x12, 0xE2, 0x12, 0x6C, 0xD4, 0xE3, 0x66, 0x26, 0xA1, 0xB7, 0x02, 0xCD, 0x1C, 0x94, 0xA3,
    0x33, 0xEC, 0x1B, 0x4C, 0x89, 0xA0, 0x1A, 0xE1, 0x4B, 0xAD, 0xC3, 0x67, 0x75, 0x17, 0x79, 0xCF,
    0xD2, 0x84, 0x0C, 0x5A, 0xAB, 0xF2, 0x68, 0x98, 0x24, 0xEE, 0xAF, 0xF2, 0x8C, 0x24, 0x61, 0x11,
    0xA5, 0x6D, 0x8D, 0xF8, 0x20, 0xD0, 0x48, 0x0A, 0x0C, 0x6F, 0x19, 0x79, 0xC5, 0x69, 0xDF, 0x7C,
    0xA7, 0xFA, 0x42, 0xBF, 0x4A, 0xAC, 0x9B, 0x7D, 0x3E, 0xDD, 0x9B, 0xCF, 0x6C, 0xE3, 0x77, 0x85,
    0x06, 0xD6, 0xD4, 0x70, 0x6D, 0x88, 0x34, 0x4F, 0x39, 0x90, 0x84, 0xFD, 0x45, 0x2E, 0x09, 0x27,
    0xE5, 0xC3, 0xCE, 0x57, 0xFA, 0xE2, 0x91, 0x49, 0xD3, 0xC1, 0xC7, 0x7A, 0x34, 0x36, 0xCB, 0x57,
    0xB0, 0x48, 0x21, 0x24, 0x4C, 0x50, 0x39, 0x76, 0x51, 0xC2, 0x7A, 0x4E, 0xEC, 0x60, 0x69, 0x5D,
    0x1E, 0x6F, 0x48, 0xE2, 0x97, 0x55, 0x23, 0x6C, 0xB0, 0x03, 0x8D, 0x79, 0xC8, 0x64, 0x62, 0x00,
    0xE2, 0x99, 0x3D, 0x78, 0xB6, 0x96, 0x23, 0x37, 0x6E, 0x83, 0x4F, 0x24, 0xAE, 0x28, 0xA9, 0xA3,
    0xFF, 0x48, 0xD8, 0x8F, 0x61, 0xB6, 0x49, 0x09, 0x28, 0x86, 0xAE, 0x21, 0xA1, 0xAD, 0x1A, 0x98,
    0xDB, 0x72, 0xB8, 0x57, 0x60, 0x94, 0x51, 0x0B, 0x96, 0xAA, 0xC4, 0xE8, 0x0A, 0x8B, 0x93, 0x56,
    0x7F, 0x24, 0x9E, 0xC9, 0x41, 0xC9, 0x67, 0x88, 0xC3, 0x2B, 0x0A, 0x67, 0xD1, 0x5E, 0x4C, 0xCC,
    0x77, 0xE1, 0xFA, 0xC2, 0x5B, 0xF5, 0xAC, 0x9F, 0x6E, 0xCA, 0x87, 0xC9, 0xCE, 0x55, 0x00, 0xF3,
    0x82, 0x5C, 0x12, 0xDE, 0x3B, 0x1A, 0x77, 0xA0, 0x26, 0x56, 0xD1, 0x62, 0x91, 0xC0, 0x89, 0x0E,
    0x1B, 0x60, 0x06, 0x34, 0xF8, 0x9E, 0x1A, 0x47, 0x66, 0xE5, 0x00, 0xEA, 0x08, 0xA2, 0xCB, 0xDE,
    0x08, 0xA1, 0x28, 0x89, 0x89, 0x5D, 0xDE, 0xE1, 0x75, 0xF3, 0x7E, 0x39, 0xBE, 0x0B, 0xDC, 0x7E,
    0xA0, 0xC7, 0x76, 0x79, 0x89, 0x9B, 0x40, 0xC9, 0x52, 0x93, 0x90, 0xA9, 0x2B, 0xD7, 0x6F, 0xEE,
    0xDE, 0xDC, 0x9D, 0x39, 0xE6, 0xBC, 0x2B, 0xD6, 0x3F, 0xF3, 0xC7, 0x9A, 0x3F, 0x99, 0xF9, 0x6C,
    0x13, 0xF5, 0x06, 0xE1, 0x7B, 0xAD, 0xD6, 0x73, 0x6F, 0x64, 0xC7, 0x8F, 0xDE, 0xD5, 0x3D, 0x9C,
    0x65, 0x55, 0xAA, 0xB1, 0xDE, 0x29, 0xC6, 0xF1, 0x69, 0x5D, 0x1E, 0x64, 0xB8, 0x7D, 0x2D, 0x82,
    0xF1, 0xCE, 0xDC, 0xA6, 0xCB, 0x09, 0xBE, 0x54, 0x73, 0xF7, 0x8F, 0x87, 0x98, 0x39, 0xB6, 0x79,
    0xE3, 0x57, 0x4A, 0x2F, 0x79, 0xEB, 0xD9, 0x6B, 0x95, 0x30, 0x70, 0xD6, 0x16, 0xA6, 0x7E, 0xDD,
    0x49, 0xEE, 0x86, 0x6B, 0xDB, 0xCE, 0x7B, 0x1B, 0xAC, 0x97, 0x71, 0x58, 0x79, 0x5F, 0xE1, 0xBD,
    0x3D, 0xD7, 0xE0, 0xE7, 0xE0, 0xD4, 0xDE, 0x61, 0x6C, 0xF6, 0xE4, 0x3E, 0x49, 0x3F, 0x40, 0x6C,
    0xDA, 0x00, 0xA1, 0xC8, 0x01, 0x92, 0x30, 0xD4, 0xA2, 0xE7, 0xCE, 0x9B, 0x06, 0x89, 0xD6, 0x0E,
    0x1B, 0xAF, 0x2A, 0x7E, 0xED, 0x77, 0xCE, 0x21, 0x66, 0x1F, 0x10, 0xC2, 0x10, 0x10, 0xC2, 0xE0,
    0x77, 0x51, 0xDF, 0xA9, 0xF0, 0x28, 0x3E, 0x97, 0xEB, 0xEA, 0x84, 0xB9, 0xCE, 0xFB, 0xA3, 0xC0,
    0x3D, 0xA6, 0x04, 0x15, 0x06, 0x82, 0x41, 0x39, 0xFC, 0x35, 0x75, 0x34, 0xB0, 0xCA, 0x5F, 0xE1,
    0xDE, 0x44, 0x09, 0xE1, 0x09, 0xFE, 0xCA, 0xA3, 0xC5, 0x9C, 0xF0, 0xC6, 0x2C, 0x06, 0xBD, 0x9C,
    0xB1, 0x33, 0x64, 0x7C, 0xA0, 0x4C, 0xF3, 0x5F, 0x5F, 0xBC, 0x9C, 0x87, 0x63, 0x93, 0x53, 0x41,
    0xF9, 0xFA, 0xBA, 0xC9, 0x2E, 0xED, 0xD2, 0x34, 0x27, 0x94, 0x72, 0xAC, 0x6C, 0xC7, 0x23, 0x6A,
    0xB6, 0x6E, 0x7F, 0x9E, 0x79, 0x50, 0xDE, 0x3A, 0x1F, 0x2A, 0xBE, 0xAB, 0xF8, 0xBA, 0xA0, 0xAB,
    0xE8, 0xBD, 0x78, 0xB4, 0x7B, 0x93, 0xA8, 0x22, 0x53, 0x22, 0x12, 0x02, 0x7D, 0xD8, 0xC5, 0xB4,
    0x97, 0x22, 0x4B, 0xB6, 0x66, 0x8F, 0x1D, 0x1F, 0xEF, 0x88, 0x56, 0x77, 0x8A, 0x03, 0x66, 0x97,
    0x2A, 0x24, 0xE6, 0xE8, 0xFB, 0x35, 0x9C, 0xA5, 0xF2, 0x45, 0x32, 0xF4, 0x5E, 0xBF, 0xD2, 0x29,
    0x33, 0x1B, 0xE6, 0x6B, 0xF4, 0x3C, 0x89, 0x48, 0x1C, 0x56, 0x2A, 0x80, 0x66, 0x84, 0xF0, 0xA0,
    0x62, 0x8A, 0x2C, 0x18, 0xA1, 0xB4, 0xAD, 0xD4, 0x4E, 0xA9, 0xA1, 0xDB, 0x0F, 0x8B, 0xB7, 0x41,
    0x27, 0x63, 0xB4, 0x4A, 0x09, 0x30, 0xB1, 0x39, 0x3E, 0x27, 0x4A, 0xD3, 0x21, 0xBB, 0x80, 0x5D,
    0x79, 0x1C, 0xC6, 0xAF, 0xA5, 0x32, 0x45, 0xB7, 0xD8, 0x5D, 0xDF, 0xFA, 0xBB, 0xCF, 0x38, 0x1C,
    0x93, 0xF3, 0xD1, 0x47, 0x62, 0x14, 0xF9, 0x46, 0xCA, 0xEF, 0xEB, 0xD8, 0x30, 0x4A, 0x69, 0xDB,
    0x43, 0x1B, 0x07, 0x44, 0xB7, 0x7D, 0xE2, 0x11, 0x1C, 0x98, 0xD9, 0x20, 0x92, 0x72, 0x7E, 0x76,
    0x78, 0x0A, 0xEF, 0x59, 0x85, 0xF9, 0x10, 0xDE, 0x87, 0xFE, 0xE6, 0x80, 0x6B, 0x50, 0x72, 0xED,
    0xA8, 0x80, 0x22, 0x1B, 0xDB, 0x95, 0x9A, 0x8B, 0x12, 0x08, 0x8C, 0x74, 0xBE, 0x52, 0x80, 0x0C,
    0x2B, 0x8D, 0x08, 0x9F, 0xE7, 0x49, 0x0F, 0xFD, 0x00, 0xAB, 0x01, 0x64, 0xF6, 0x26, 0x27, 0x24,
    0x86, 0x07, 0x1E, 0x97, 0x0D, 0x24, 0x4A, 0x3C, 0xCA, 0x25, 0xAE, 0x5B, 0x44, 0x11, 0x8E, 0xAE,
    0x21, 0xA1, 0xF1, 0x9A, 0xD6, 0x69, 0x5A, 0x5F, 0x86, 0xB1, 0xEA, 0x7A, 0x15, 0x5C, 0x2E, 0xD8,
    0xD3, 0xF9, 0xD8, 0x19, 0x8A, 0xB2, 0xF1, 0x81, 0xF2, 0xAF, 0x65, 0xC5, 0x08, 0xC7, 0xEA, 0x15,
    0xB7, 0xBE, 0x6E, 0xB5, 0x0E, 0x5B, 0x1D, 0x7E, 0x8A, 0xB5, 0x6A, 0x7C, 0x2C, 0xAC, 0x78, 0x8F,
    0xAE, 0x83, 0x45, 0x14, 0xDD, 0x9C, 0x3F, 0x3E, 0x27, 0xCA, 0x3A, 0x8D, 0xED, 0xBE, 0x8E, 0xE0,
    0x29, 0x49, 0x95, 0x28, 0xF4, 0xD6, 0x87, 0x34, 0xDB, 0x57, 0x0E, 0x70, 0xA4, 0x18, 0xF1, 0x14,
    0xEE, 0xD0, 0x26, 0xF1, 0x9C, 0x18, 0x24, 0x62, 0x8E, 0x36, 0x66, 0xDC, 0x90, 0x84, 0xC9, 0xB0,
    0x35, 0x1A, 0xAF, 0x93, 0xEA, 0x75, 0xA6, 0x5B, 0xFA, 0x1C, 0xFD, 0xC9, 0xAE, 0x78, 0x65, 0x39,
    0x6D, 0x71, 0xFC, 0x3F, 0x73, 0x2E, 0xE5, 0x99, 0x7B, 0x1D, 0xC2, 0xD3, 0x36, 0x68, 0xB3, 0x3D,
    0xD8, 0x76, 0x93, 0x9F, 0x80, 0xB9, 0x2A, 0x9C, 0x5C, 0x0E, 0x76, 0x95, 0x53, 0x0F, 0x03, 0x9C,
    0x76, 0x28, 0x06, 0x3C, 0x08, 0xA9, 0xC3, 0x91, 0x48, 0x52, 0xD3, 0xFB, 0xD5, 0x15, 0xF6, 0xC6,
    0xEE, 0xE7, 0x1A, 0xA7, 0x86, 0x43, 0x51, 0xC6, 0xA5, 0xF0, 0xB8, 0xF1, 0x81, 0x7E, 0xC7, 0xC6,
    0xCC, 0xF7, 0x7C, 0x33, 0x5C, 0xC1, 0x70, 0x7B, 0x2D, 0x2C, 0x98, 0xC9, 0x1A, 0x92, 0xF4, 0xC0,
    0x4E, 0x58, 0x4B, 0x33, 0xBE, 0x32, 0xBC, 0x8D, 0xD9, 0x66, 0x77, 0x2B, 0x1E, 0x6E, 0x03, 0xF6,
    0x4D, 0x81, 0x49, 0x1D, 0x0F, 0x43, 0x98, 0x04, 0x32, 0xBB, 0x01, 0xDF, 0x97, 0xB5, 0xFD, 0xF3,
    0xAC, 0xCB, 0xEB, 0x4B, 0x50, 0x61, 0x60, 0x89, 0x43, 0xA1, 0x68, 0x38, 0x8E, 0x79, 0x40, 0xB5,
    0x1D, 0x45, 0x4F, 0x31, 0xDC, 0xA4, 0xFB, 0x91, 0x69, 0x37, 0x03, 0xD6, 0xFD, 0xB5, 0xEF, 0x13,
    0xDC, 0x2E, 0xD6, 0x79, 0x48, 0xF6, 0x87, 0x8C, 0xC4, 0x14, 0x32, 0xF2, 0x41, 0xB4, 0x84, 0x2F,
    0xD0, 0xB4, 0x22, 0x66, 0x73, 0x07, 0xD3, 0x4B, 0x9E, 0x9B, 0x5C, 0xAF, 0x4B, 0xB9, 0x77, 0xC4,
    0x40, 0x6D, 0x9D, 0x03, 0x8E, 0xB8, 0x30, 0x64, 0xEF, 0x94, 0xF3, 0x41, 0x2E, 0x04, 0x8F, 0x64,
    0x85, 0x33, 0xD3, 0xBD, 0xAC, 0xC6, 0x5D, 0x91, 0x03, 0x1C, 0xAD, 0x1B, 0x19, 0xCA, 0xB2, 0xA4,
    0x8F, 0x03, 0x98, 0x2B, 0xC3, 0x11, 0x42, 0x11, 0x6B, 0xEC, 0xE2, 0x73, 0xA7, 0x61, 0x00, 0x32,
    0x25, 0xAF, 0x81, 0x92, 0x47, 0xC1, 0xA0, 0xB7, 0x4E, 0x19, 0xA1, 0xF4, 0x62, 0x24, 0xF2, 0xC7,
    0x48, 0x53, 0x9F, 0x71, 0x1D, 0x3A, 0xDE, 0xB6, 0x29, 0x8E, 0x3D, 0xB7, 0x2E, 0xF7, 0xEF, 0x82,
    0x41, 0x6B, 0xBF, 0x35, 0xC9, 0x4F, 0xAD, 0x2F, 0x28, 0x07, 0xFB, 0x16, 0x4B, 0x11, 0x7B, 0x84,
    0x6D, 0x4C, 0x74, 0xBE, 0xB0, 0xFC, 0x90, 0x80, 0x45, 0xB3, 0x09, 0x33, 0x31, 0x0A, 0xA9, 0x12,
    0xEC, 0x88, 0x30, 0xC9, 0x43, 0xD5, 0x96, 0x5F, 0x90, 0x38, 0x9E, 0xF9, 0x58, 0x81, 0x0B, 0xC7,
    0x53, 0x08, 0x87, 0x04, 0xBA, 0x12, 0xEC, 0x2B, 0x87, 0xD4, 0x19, 0x5D, 0xE2, 0x53, 0x4B, 0xF9,
    0x88, 0xBF, 0x3D, 0x5E, 0x9E, 0xCD, 0x0A, 0xB3, 0x77, 0xEB, 0xB0, 0x65, 0xDD, 0x53, 0xA3, 0x56,
    0xC3, 0xD1, 0x02, 0xF1, 0xAE, 0x3E, 0x7B, 0x30, 0xD1, 0x7F, 0xFA, 0x4B, 0x18, 0x6B, 0x9E, 0x4E,
    0xA2, 0x89, 0xC3, 0x4C, 0x12, 0x56, 0xB6, 0x2F, 0x09, 0x27, 0x0D, 0xD9, 0x77, 0x7B, 0xEC, 0xF1,
    0x61, 0x3C, 0x90, 0x11, 0x30, 0xE2, 0xC6, 0x66, 0xA9, 0xD2, 0x84, 0xCB, 0xDA, 0x25, 0xB1, 0x36,
    0xAC, 0x3F, 0x25, 0x2E, 0x6A, 0x0F, 0x5B, 0x94, 0x63, 0x60, 0x87, 0x0F, 0xEB, 0xDB, 0xA3, 0x3E,
    0xCD, 0x34, 0x5F, 0xA6, 0xDB, 0xFB, 0x19, 0x07, 0xAC, 0x64, 0xD1, 0x3A, 0x2C, 0x7F, 0x3F, 0x4B,
    0x1E, 0x0A, 0x2E, 0x67, 0x36, 0xFF, 0x14, 0x6B, 0xD9, 0xE7, 0x2D, 0x94, 0xDB, 0xCF, 0xBE, 0xA0,
    0x9A, 0xEC, 0xFF, 0x6A, 0x64, 0x3E, 0xBF, 0x9E, 0x9A, 0x92, 0x58, 0xFD, 0xCC, 0x49, 0x37, 0x69,
    0x35, 0x04, 0xF6, 0x71, 0x68, 0x2F, 0xE1, 0x0B, 0x7B, 0x82, 0x94, 0xBF, 0xCC, 0x91, 0x7F, 0x8A,
    0xD5, 0xEF, 0x77, 0xC2, 0xC3, 0xD6, 0xED, 0x0B, 0x9C, 0x9F, 0x03, 0x98, 0x14, 0x82, 0x1E, 0xDB,
    0x49, 0x38, 0xE9, 0xB7, 0x22, 0x88, 0x08, 0xF6, 0xCE, 0xAC, 0xCA, 0xC0, 0x56, 0x91, 0xFC, 0x3F,
    0x10, 0x5C, 0x1E, 0x0B, 0xF6, 0x3F, 0xFA, 0xB8, 0x04, 0xED, 0x1D, 0xD9, 0x1F, 0x31, 0x62, 0xB5,
    0x41, 0x70, 0x26, 0xC6, 0x0E, 0x7D, 0xB7, 0x62, 0xF9, 0x05, 0xF2, 0xF5, 0x4C, 0xF9, 0xC5, 0x6C,
    0xBE, 0xE3, 0x28, 0x61, 0xB2, 0xDA, 0x3F, 0x16, 0xEC, 0x48, 0xC0, 0x3A, 0xEC, 0x8E, 0xE1, 0xFD,
    0xD0, 0x98, 0x01, 0x69, 0x71, 0x00, 0xD9, 0x8A, 0x7E, 0xC8, 0xC6, 0x64, 0x25, 0x6C, 0xED, 0x3A,
    0xAD, 0xD6, 0x26, 0xBB, 0xB4, 0x44, 0xB2, 0xDA, 0x56, 0xAB, 0xAF, 0x93, 0x3B, 0x12, 0x71, 0xE0,
    0x40, 0x83, 0x17, 0xFA, 0xBA, 0x8A, 0xFA, 0x12, 0xB4, 0xB1, 0x56, 0x12, 0x69, 0x0D, 0x68, 0xA2,
    0xE5, 0xB5, 0xB2, 0xF0, 0x73, 0xFC, 0x1A, 0xE4, 0xDF, 0xAA, 0xB6, 0xBE, 0xF6, 0x24, 0x4E, 0xCD,
    0x0C, 0xDA, 0x82, 0x35, 0x75, 0xBD, 0xAA, 0x50, 0xEF, 0xF7, 0x04, 0x89, 0x0B, 0x30, 0x1B, 0xC4,
    0x39, 0x77, 0x24, 0xC0, 0x68, 0xA4, 0xED, 0x1C, 0x89, 0x7D, 0x8A, 0x37, 0x8B, 0x63, 0x56, 0xE5,
    0x4F, 0xEF, 0x8B, 0x3E, 0x67, 0xFF, 0x86, 0xDC, 0x2F, 0x0B, 0xF8, 0x34, 0x41, 0x26, 0xE6, 0xFB,
    0xD4, 0xEF, 0xAD, 0x0B, 0x9F, 0xB6, 0xCC, 0x0B, 0x7B, 0xAA, 0xC2, 0x99, 0xA0, 0x06, 0x20, 0xDD,
    0xD3, 0xC0, 0xA7, 0x7B, 0x4B, 0xAD, 0x4D, 0x04, 0x32, 0xA4, 0xFB, 0x4D, 0x91, 0x5A, 0x0D, 0x5B,
    0x69, 0xD0, 0xF8, 0xCA, 0x5D, 0xAE, 0x47, 0x67, 0x40, 0x14, 0x39, 0x2C, 0x1E, 0xA0, 0xFA, 0x76,
    0xF2, 0x30, 0xC3, 0x96, 0x9F, 0x9B, 0xAD, 0x99, 0x85, 0x2D, 0xBF, 0xCC, 0x3C, 0xCA, 0x93, 0x17,
    0xFA, 0x47, 0x70, 0x8D, 0xB0, 0xEF, 0x62, 0x5C, 0xBB, 0x78, 0xF9, 0x29, 0x20, 0x51, 0xFB, 0xB7,
    0xE0, 0x64, 0x78, 0x66, 0xDC, 0x7D, 0x85, 0x95, 0x80, 0x7B, 0x30, 0xB7, 0xEC, 0x94, 0x49, 0xF6,
    0x2B, 0xC6, 0x37, 0x07, 0x6D, 0x9F, 0x7A, 0x2C, 0xAB, 0xBD, 0xD8, 0x43, 0x64, 0xA3, 0xCC, 0x27,
    0x69, 0x99, 0xF1, 0xF0, 0x99, 0x0E, 0x15, 0x94, 0x9D, 0x32, 0xA7, 0x4A, 0xE0, 0x52, 0xAB, 0xF5,
    0x15, 0x15, 0x98, 0x79, 0xE5, 0xE8, 0xB3, 0xA7, 0x62, 0x73, 0xFB, 0x9D, 0xCB, 0x6D, 0xE7, 0x95,
    0xD8, 0x2A, 0x3F, 0x88, 0xEA, 0xCE, 0x3B, 0x54, 0xFF, 0x57, 0x09, 0x3F, 0xA0, 0x55, 0x10, 0xB6,
    0x9C, 0xA5, 0x79, 0x81, 0xF2, 0x0D, 0xE1, 0x25, 0x93, 0x79, 0x11, 0x5B, 0xE3, 0x30, 0xF6, 0x80,
    0x97, 0xDB, 0x72, 0x4D, 0x0C, 0xC9, 0x48, 0xAE, 0x21, 0xEC, 0xE0, 0xBE, 0xFB, 0x4E, 0xC4, 0xE8,
    0x3F, 0x9D, 0x30, 0x6E, 0x3B, 0xD9, 0xD9, 0xCC, 0xFB, 0xC7, 0xFB, 0x43, 0x33, 0x0C, 0x52, 0xEF,
    0xA9, 0xC3, 0xCC, 0xFC, 0x6C, 0x25, 0x5A, 0xB2, 0xA2, 0xA8, 0xD2, 0x09, 0x2C, 0xB3, 0xB0, 0x6E,
    0xD6, 0x76, 0xCB, 0x54, 0x25, 0xE1, 0x23, 0x16, 0xC7, 0xFB, 0xDD, 0xC2, 0x12, 0x2D, 0x52, 0xB4,
    0x57, 0x4B, 0x44, 0x55, 0xB4, 0xA7, 0x92, 0xDE, 0x60, 0xCF, 0x67, 0xD9, 0xD8, 0xCE, 0x60, 0x7C,
    0x13, 0x94, 0xE3, 0xD6, 0x7B, 0x87, 0x38, 0x95, 0xD9, 0xAF, 0x58, 0x1E, 0x49, 0x88, 0x44, 0xED,
    0x97, 0xAA, 0xB5, 0xD9, 0xFA, 0x75, 0xAE, 0xEE, 0xFA, 0x7B, 0xD0, 0x89, 0xFB, 0x8F, 0xBA, 0xE9,
    0x1E, 0x7C, 0x61, 0xFD, 0x51, 0x27, 0xDE, 0x83, 0x65, 0x60, 0x9F, 0x9E, 0xD8, 0xB3, 0x4A, 0x2A,
    0xF0, 0xA9, 0x9C, 0xBA, 0x67, 0x9B, 0x64, 0x63, 0xD8, 0xAE, 0x52, 0x8F, 0x3F, 0xE2, 0xD3, 0xCA,
    0x37, 0xBE, 0x9E, 0x89, 0x48, 0x7C, 0xC3, 0x9E, 0x4F, 0x04, 0xAD, 0xC3, 0x0B, 0x92, 0xA8, 0x44,
    0xF4, 0xA0, 0x12, 0xD1, 0x4F, 0xC8, 0xCC, 0xE5, 0xAC, 0xF4, 0x35, 0xB3, 0x3B, 0x02, 0x61, 0x86,
    0x7E, 0xEA, 0x8A, 0x2E, 0x0E, 0x93, 0x83, 0xBE, 0xF6, 0x20, 0x9E, 0x5D, 0x05, 0x4A, 0x84, 0x10,
    0xC2, 0xCB, 0x2D, 0xC1, 0x18, 0x99, 0x2A, 0x2C, 0x80, 0xD8, 0x21, 0x49, 0x39, 0x1F, 0x61, 0xF5,
    0x9C, 0x96, 0xE3, 0x40, 0x79, 0x90, 0xCD, 0x60, 0xF2, 0xD8, 0x63, 0x66, 0x06, 0xFF, 0xBE, 0x60,
    0xFF, 0x63, 0x42, 0x2B, 0xB3, 0x88, 0x8C, 0x22, 0xDF, 0xE6, 0xD8, 0xEE, 0x76, 0x2F, 0x75, 0xAF,
    0x40, 0x96, 0xC7, 0xAC, 0x7B, 0x7E, 0x4F, 0xB9, 0x32, 0x99, 0x8E, 0x44, 0x5E, 0x5D, 0x45, 0xAB,
    0xD5, 0x19, 0xCB, 0x34, 0xE0, 0x9D, 0xFE, 0x3D, 0xE3, 0x7C, 0xF9, 0x3B, 0x0E, 0x62, 0xED, 0xFF,
    0xE6, 0xA3, 0x82, 0x3D, 0x29, 0x1D, 0x04, 0xC5, 0xDA, 0x0B, 0x0A, 0x27, 0xF5, 0x0A, 0xBF, 0xE8,
    0xC4, 0x4E, 0x6A, 0xE7, 0x5E, 0x76, 0x3F, 0xCA, 0x5B, 0x05, 0x73, 0xAC, 0x44, 0xF0, 0x9E, 0x2C,
    0xFF, 0x54, 0xF8, 0x4D, 0x2B, 0x3C, 0x23, 0x16, 0x85, 0x3B, 0xF7, 0x16, 0x10, 0x24, 0x3A, 0x76,
    0x1E, 0x0E, 0x6F, 0xB3, 0xF3, 0xF9, 0x64, 0x03, 0x0E, 0x89, 0xCA, 0x69, 0xFC, 0x66, 0x55, 0xE7,
    0x5C, 0x1C, 0x20, 0x88, 0x82, 0xC4, 0x49, 0x65, 0x56, 0xDD, 0x4D, 0x25, 0xE2, 0x8C, 0x3D, 0x52,
    0x8F, 0xCA, 0xBE, 0x3A, 0x40, 0x76, 0x8A, 0x2A, 0xCE, 0x21, 0x7E, 0x27, 0x7A, 0xDA, 0x91, 0x73,
    0x8E, 0xA2, 0x5A, 0x79, 0x18, 0x75, 0xC4, 0xEB, 0x77, 0x18, 0xF2, 0x29, 0x59, 0x9B, 0x99, 0x1A,
    0xA8, 0x6E, 0x80, 0x57, 0x69, 0x2C, 0x98, 0x96, 0x6D, 0xB1, 0x4D, 0x82, 0x98, 0x8A, 0x35, 0x67,
    0x50, 0x0C, 0x0B, 0xEA, 0x70, 0x19, 0xDD, 0x20, 0x04, 0x3B, 0x9C, 0x35, 0x11, 0xB6, 0x88, 0xAD,
    0xCA, 0xEB, 0xAC, 0xD9, 0x26, 0xF4, 0x32, 0xDE, 0x38, 0xA8, 0xFB, 0xD8, 0x31, 0x22, 0x0C, 0x73,
    0xDE, 0x40, 0xA8, 0x1F, 0xEC, 0xF1, 0x06, 0x42, 0x63, 0x58, 0x67, 0x39, 0xA2, 0x71, 0xA3, 0x41,
    0x1D, 0x40, 0xBF, 0xAF, 0x06, 0x8E, 0x18, 0x42, 0x79, 0x4F, 0x27, 0x8C, 0xEE, 0x3B, 0x31, 0x1B,
    0x4C, 0x60, 0x56, 0x87, 0x30, 0xE1, 0xE3, 0x93, 0x88, 0x45, 0x67, 0x59, 0x7E, 0x52, 0x67, 0xCF,
    0x92, 0x2D, 0x98, 0xF2, 0x95, 0xD0, 0xED, 0xD1, 0x73, 0x1F, 0x24, 0x62, 0x5A, 0xF7, 0x54, 0xC6,
    0xA6, 0x6C, 0x23, 0x56, 0x31, 0xD7, 0xDD, 0x9C, 0xF5, 0xA3, 0x75, 0xC4, 0x0E, 0x84, 0x7B, 0x51,
    0x53, 0x03, 0x42, 0x9D, 0x36, 0x72, 0xD6, 0xB6, 0x71, 0xE2, 0x69, 0xF0, 0xC7, 0x33, 0x38, 0x5B,
    0x26, 0xE1, 0xFE, 0x1D, 0x78, 0xB1, 0xA2, 0xE4, 0x1A, 0x04, 0x1A, 0x19, 0x5B, 0x62, 0x47, 0x4C,
    0xF1, 0xA0, 0xBB, 0x7B, 0x15, 0x38, 0x94, 0x80, 0xC7, 0xEF, 0x8E, 0xC4, 0x7D, 0xFA, 0x37, 0x60,
    0x15, 0x89, 0x48, 0xBF, 0x5F, 0xCA, 0x76, 0xC9, 0xAD, 0x77, 0xB0, 0x81, 0x70, 0xB9, 0xD5, 0xF1,
    0x22, 0xD6, 0xF6, 0xAD, 0xB8, 0x89, 0x08, 0x3E, 0xF0, 0xA4, 0x01, 0x3A, 0x1F, 0x65, 0x62, 0xED,
    0xFB, 0x7B, 0x41, 0xC3, 0x47, 0x8A, 0xA2, 0x67, 0x13, 0xC1, 0x10, 0x8A, 0x7F, 0x7B, 0x80, 0x3D,
    0x37, 0x2F, 0xEA, 0xA7, 0x7C, 0xFF, 0x17, 0x65, 0xEC, 0x7C, 0x05, 0xAD, 0xEF, 0x27, 0xC6, 0x7F,
    0x77, 0xC8, 0x41, 0xE2, 0xFA, 0x51, 0x3F, 0x0A, 0x76, 0xA0, 0xD3, 0x09, 0xD2, 0xFB, 0xD8, 0xE1,
    0x88, 0xF7, 0xF6, 0xFC, 0x58, 0xB4, 0xBC, 0xF7, 0xCD, 0x7B, 0x4C, 0xDA, 0x03, 0x9D, 0xA4, 0x4E,
    0x15, 0x25, 0xB0, 0x8A, 0x28, 0x3A, 0x8D, 0x4F, 0x6C, 0xE4, 0xFC, 0x4B, 0xD6, 0x9A, 0xF2, 0xEC,
    0x03, 0xD9, 0x40, 0xA4, 0x67, 0x73, 0xA6, 0xDF, 0xED, 0xBA, 0x12, 0x12, 0x04, 0x56, 0xF7, 0x08,
    0x69, 0x12, 0x70, 0x94, 0x0B, 0x61, 0xFA, 0x82, 0x84, 0xC3, 0xE1, 0x21, 0xAC, 0x03, 0xFB, 0xFC,
    0x94, 0x45, 0x3F, 0xF5, 0x38, 0x71, 0x78, 0xC4, 0x2E, 0xC9, 0x41, 0xF7, 0xAB, 0x2C, 0x13, 0x82,
    0xFA, 0xEB, 0x14, 0x87, 0x91, 0x41, 0x7B, 0x10, 0xF5, 0x44, 0xD2, 0xDB, 0x33, 0xED, 0x2D, 0x1E,
    0x6B, 0x05, 0x74, 0x24, 0x92, 0x08, 0x24, 0x94, 0x6B, 0x81, 0xD0, 0x7C, 0x86, 0xF9, 0x5D, 0x2F,
    0xD5, 0xD3, 0xDA, 0x38, 0x01, 0x73, 0x4F, 0x84, 0xCF, 0xE0, 0x73, 0xDB, 0x0E, 0x24, 0xC6, 0x63,
    0xEE, 0xC0, 0xC3, 0xA4, 0x96, 0x5A, 0x99, 0x9F, 0xFA, 0x03, 0x8E, 0x31, 0xD9, 0x8F, 0x5D, 0x2A,
    0xEB, 0xC9, 0xF2, 0xCB, 0x11, 0x2C, 0xD2, 0x49, 0x4A, 0x7D, 0x93, 0x8F, 0x4C, 0x3A, 0x65, 0xCE,
    0x43, 0x0B, 0x76, 0x8A, 0x07, 0x43, 0x4D, 0x03, 0xC3, 0x57, 0x67, 0x77, 0x56, 0x81, 0xE2, 0xBD,
    0x68, 0xDE, 0x58, 0x10, 0x5F, 0x0D, 0x2B, 0x5E, 0xC4, 0x9C, 0xE8, 0xCB, 0x19, 0x2B, 0x8C, 0x34,
    0x2E, 0xFE, 0x9D, 0xD8, 0x67, 0x61, 0x3B, 0x27, 0xB1, 0x47, 0x1C, 0xDB, 0x25, 0x71, 0xC6, 0x72,
    0xBE, 0x97, 0xC7, 0xB6, 0x70, 0x24, 0x5B, 0xFD, 0x42, 0xB6, 0xE1, 0x43, 0x1E, 0x17, 0x65, 0x79,
    0xE8, 0xC6, 0x3D, 0xF1, 0xAC, 0xC0, 0xB8, 0x68, 0x5D, 0x48, 0xE1, 0x0D, 0xED, 0x11, 0x33, 0x64,
    0xFF, 0x3E, 0x65, 0x34, 0x5F, 0x0D, 0x04, 0xD9, 0x61, 0x8F, 0xB0, 0x63, 0xE6, 0xD0, 0xC2, 0xEF,
    0x97, 0x2F, 0xA4, 0xB5, 0xAF, 0x52, 0x2E, 0x27, 0x78, 0xA3, 0x60, 0x2C, 0x4D, 0x09, 0x3D, 0x8A,
    0xCB, 0xE7, 0x84, 0xC3, 0xCD, 0x64, 0xB2, 0xE7, 0xCB, 0xE3, 0x62, 0x75, 0x6E, 0x5C, 0xB8, 0xCA,
    0xAA, 0x7A, 0x1A, 0x32, 0xB2, 0x0A, 0x1F, 0x8B, 0x71, 0xC0, 0x63, 0x22, 0x55, 0x76, 0x97, 0xAD,
    0xCE, 0x19, 0x1D, 0xF5, 0xC1, 0xC7, 0x31, 0xED, 0xE6, 0x6A, 0x2D, 0x72, 0xDF, 0xBB, 0xF8, 0x7F,
    0xB1, 0x5F, 0x6F, 0x0C, 0x6F, 0x2A, 0xC4, 0x89, 0xF1, 0x22, 0x9C, 0xBF, 0x11, 0x46, 0x1C, 0xC4,
    0xAE, 0x1D, 0xC6, 0xD0, 0xF1, 0x2E, 0x35, 0xCB, 0x24, 0xA0, 0x65, 0xCE, 0xBB, 0xFC, 0x55, 0xD2,
    0x34, 0xED, 0x1B, 0xFE, 0x93, 0xBF, 0x1F, 0x34, 0xCC, 0xEA, 0x28, 0x30, 0x2F, 0xC1, 0xD3, 0x26,
    0xDC, 0xA6, 0xF7, 0x81, 0x3E, 0xD2, 0xA7, 0x1E, 0xE6, 0x62, 0x5E, 0x07, 0xCB, 0x0F, 0xCC, 0x6D,
    0x58, 0x7E, 0x38, 0x63, 0x89, 0x25, 0xE1, 0xDD, 0x8A, 0x18, 0x03, 0xEC, 0x4F, 0xD0, 0x07, 0x6D,
    0x11, 0x01, 0x45, 0xE0, 0xAA, 0xC2, 0xCA, 0x9D, 0x6C, 0x08, 0xEF, 0xBB, 0xD4, 0x4F, 0x42, 0x76,
    0xC2, 0xEA, 0x1B, 0x7F, 0x40, 0xA5, 0xD2, 0x00, 0xA8, 0x0D, 0x4F, 0x4B, 0xC4, 0xEB, 0x5C, 0xA2,
    0x53, 0xCD, 0xD4, 0x1F, 0x95, 0xC3, 0x61, 0xBD, 0x56, 0xF6, 0x18, 0x7B, 0xBF, 0xBD, 0x98, 0x35,
    0x80, 0xCE, 0xEB, 0x59, 0xC1, 0xA7, 0xDA, 0x7E, 0xF8, 0x39, 0x7B, 0x92, 0x99, 0x77, 0x33, 0x36,
    0xF4, 0x82, 0x08, 0xFC, 0xE7, 0x7A, 0x14, 0xE9, 0x2B, 0xF0, 0xBC, 0x78, 0x6E, 0xD4, 0xF2, 0x78,
    0x27, 0xB9, 0x8C, 0x3C, 0xC4, 0xAB, 0xEF, 0x7C, 0x99, 0x05, 0x09, 0x2D, 0xFB, 0x87, 0xD9, 0x28,
    0xA4, 0xFA, 0xBA, 0x1F, 0x66, 0xF5, 0xCE, 0x60, 0xDD, 0x74, 0x9E, 0xC8, 0xCC, 0x51, 0xDA, 0x20,
    0xAA, 0xB5, 0x63, 0x7F, 0x9E, 0xD5, 0xA9, 0xF1, 0x62, 0x3B, 0xCD, 0xDB, 0x6C, 0xC5, 0x10, 0xED,
    0x15, 0xE6, 0x6C, 0xFF, 0x26, 0xCD, 0x82, 0x1C, 0x13, 0x6E, 0x88, 0x99, 0xBC, 0xB4, 0xDF, 0xDA,
    0xE3, 0xA0, 0xE3, 0x18, 0xE7, 0x1C, 0x63, 0x11, 0x6E, 0x3A, 0xB0, 0xED, 0xC3, 0x40, 0x1C, 0x10,
    0x9D, 0xFF, 0x45, 0xC4, 0xED, 0xE3, 0x96, 0x54, 0xF7, 0x21, 0x07, 0xE4, 0xAC, 0x65, 0x54, 0x5B,
    0xFF, 0x77, 0x99, 0x9F, 0x04, 0xB1, 0x5D, 0x5A, 0x83, 0x3E, 0xCD, 0x1D, 0xE2, 0xB6, 0xA9, 0xF3,
    0xED, 0x61, 0x93, 0x2D, 0xF8, 0x71, 0x00, 0xAF, 0xB1, 0x27, 0x67, 0xE8, 0x7D, 0xA2, 0x58, 0xF5,
    0xAF, 0x22, 0xCF, 0x7C, 0xFA, 0x1D, 0x0B, 0xFC, 0xD2, 0xB3, 0xB7, 0xCF, 0x7B, 0x90, 0x2A, 0x21,
    0x59, 0xC7, 0xD4, 0x9F, 0xCF, 0xDE, 0x6E, 0xF7, 0xA9, 0x5E, 0x9E, 0x95, 0x36, 0x0E, 0xA9, 0x3E,
    0x9E, 0x9D, 0xD5, 0x7F, 0x9A, 0xF3, 0x38, 0x1E, 0x9A, 0xAD, 0xDC, 0xAC, 0xEC, 0x1E, 0xBD, 0xC6,
    0xDF, 0x0D, 0x33, 0x09, 0x78, 0xAE, 0x6D, 0x7F, 0x46, 0x6B, 0x7D, 0x61, 0xEC, 0xCF, 0xD3, 0x5E,
    0xAD, 0x20, 0x7A, 0xF5, 0x7A, 0x7A, 0xBA, 0x3F, 0xF0, 0xF3, 0x26, 0x95, 0x2F, 0x81, 0xE5, 0xC0,
    0x9B, 0x99, 0x87, 0x17, 0x95, 0xBD, 0x56, 0x8B, 0x66, 0x9A, 0xF8, 0x3C, 0xCB, 0x7A, 0xEA, 0x45,
    0x13, 0x64, 0x5D, 0xEF, 0x0C, 0xCE, 0xDE, 0x27, 0x26, 0xF6, 0xB9, 0x13, 0xCF, 0x41, 0xBA, 0x73,
    0xDC, 0x72, 0x6F, 0x36, 0x10, 0xD6, 0xEC, 0x79, 0x3C, 0x3B, 0x66, 0x12, 0x4F, 0x7C, 0x72, 0xDE,
    0xD5, 0x1A, 0xE2, 0x02, 0x3D, 0xF7, 0xE9, 0x79, 0xFE, 0x2A, 0x5E, 0xCB, 0x07, 0x62, 0x89, 0xE2,
    0xA8, 0xCB, 0x1D, 0xA6, 0x58, 0x73, 0x36, 0x2E, 0x79, 0xB3, 0x8A, 0xAA, 0x17, 0x49, 0xC1, 0x5E,
    0xE2, 0xAA, 0x87, 0xA2, 0x68, 0xA7, 0xED, 0xA1, 0xBA, 0x92, 0x54, 0xEB, 0x7A, 0xA8, 0x6E, 0x80,
    0x7E, 0x36, 0xF7, 0xBB, 0xA3, 0xEB, 0x7F, 0x90, 0xB1, 0x9F, 0x20, 0xFA, 0x1B, 0xFC, 0x0F, 0x4C,
    0x40, 0x48, 0xDC, 0x71, 0xC1, 0x77, 0xBA, 0xE5, 0x8E, 0x64, 0xEE, 0xB3, 0x91, 0x20, 0x7C, 0xB4,
    0xA6, 0x61, 0x42, 0xBE, 0x5D, 0x35, 0x65, 0x50, 0x25, 0x3A, 0x7C, 0x08, 0x1A, 0x58, 0x87, 0x81,
    0xC3, 0xE7, 0xED, 0xD6, 0x7E, 0x5F, 0x58, 0x43, 0x5E, 0x15, 0x93, 0xBE, 0xE9, 0x20, 0x81, 0x29,
    0xE4, 0xBD, 0xCD, 0x81, 0x52, 0x9D, 0xCC, 0x79, 0x5F, 0x56, 0xD6, 0xD4, 0x72, 0x39, 0x90, 0xDB,
    0x88, 0xCB, 0x79, 0xB0, 0x4A, 0xF0, 0x36, 0x9D, 0xF4, 0x42, 0x1B, 0x1E, 0x46, 0x92, 0xB0, 0x87,
    0x7A, 0x8B, 0x0B, 0xE4, 0xED, 0x0E, 0xBF, 0x4A, 0x2C, 0x55, 0xB7, 0x8C, 0x66, 0xA6, 0xC4, 0xFB,
    0xC6, 0x5C, 0x69, 0xDF, 0x0F, 0x61, 0x9D, 0x66, 0x6B, 0xBB, 0x41, 0xFC, 0xCC, 0x21, 0xC2, 0x03,
    0x05, 0x38, 0xD7, 0x98, 0x68, 0x5E, 0xDB, 0xBB, 0xF8, 0x09, 0xFC, 0x32, 0x07, 0x6D, 0xF7, 0xBF,
    0x91, 0xC3, 0x94, 0xDB, 0x4E, 0x22, 0xFB, 0xBA, 0x6D, 0x39, 0x1B, 0xC8, 0xC7, 0x26, 0x36, 0x12,
    0x4B, 0x52, 0x20, 0x95, 0x7C, 0x76, 0xA8, 0x89, 0xB0, 0xDA, 0x24, 0xE0, 0x0D, 0xE4, 0xB9, 0x03,
    0xD8, 0xDA, 0x1C, 0x14, 0x87, 0xED, 0xE6, 0xAD, 0xFE, 0xA0, 0xFE, 0x70, 0xFB, 0x34, 0x58, 0xA9,
    0xFA, 0xCF, 0xE0, 0x11, 0xBF, 0x63, 0xEA, 0x8F, 0x13, 0xD2, 0x78, 0xA8, 0xD7, 0xDB, 0x37, 0xC0,
    0x3E, 0xD5, 0x1F, 0x6D, 0x67, 0x8C, 0x0F, 0x6E, 0x71, 0x24, 0xBF, 0xFA, 0xA9, 0x36, 0x47, 0xEA,
    0xAB, 0x8B, 0x4A, 0xC8, 0xD4, 0x4B, 0xB6, 0x18, 0x63, 0xA4, 0x96, 0xCA, 0x20, 0xD1, 0x08, 0x8E,
    0x4D, 0xB3, 0x3B, 0xBE, 0x42, 0xCC, 0x54, 0x8C, 0xC5, 0xAD, 0x5E, 0x83, 0x05, 0x3F, 0x3C, 0x84,
    0x7B, 0x39, 0xE3, 0x7A, 0xBB, 0x0D, 0xC6, 0xAB, 0xDE, 0x86, 0x47, 0x3E, 0x61, 0xDE, 0xE6, 0xB5,
    0xAF, 0x99, 0x09, 0xD6, 0x13, 0x45, 0x8E, 0xBA, 0x2C, 0x58, 0x30, 0x82, 0xB6, 0x15, 0xDC, 0x2B,
    0x99, 0xE0, 0x18, 0xB8, 0x86, 0x68, 0x1F, 0x1A, 0x1C, 0x38, 0x99, 0x47, 0x9A, 0x78, 0x33, 0xF1,
    0xA3, 0xD9, 0x4E, 0xD0, 0x52, 0xD1, 0x73, 0x53, 0x22, 0x20, 0x6F, 0x96, 0x83, 0xB5, 0x0B, 0x87,
    0x2D, 0x9F, 0x58, 0x0E, 0x94, 0x17, 0x5C, 0x65, 0x07, 0x9B, 0x6B, 0xEB, 0xCC, 0x4C, 0xE0, 0x7C,
    0x2E, 0x0E, 0x11, 0x3B, 0x60, 0xBD, 0x57, 0x56, 0x4B, 0xD6, 0xC5, 0x3B, 0x3B, 0x66, 0xBC, 0xC1,
    0xE6, 0x2B, 0x3C, 0x7D, 0x36, 0xD5, 0x21, 0x67, 0x93, 0xA3, 0x95, 0xA7, 0xC4, 0x0A, 0x1C, 0xBC,
    0x06, 0x5C, 0xC7, 0x57, 0x2B, 0xAE, 0x3D, 0x7B, 0xBB, 0x05, 0x44, 0xBE, 0x59, 0xC4, 0x7D, 0xB0,
    0x88, 0xF6, 0x4B, 0x1F, 0x22, 0x26, 0xA8, 0x71, 0xDE, 0xF8, 0x88, 0x89, 0xA8, 0xFB, 0x52, 0x4A,
    0x6D, 0x49, 0xAC, 0x20, 0xC7, 0xE2, 0x21, 0x56, 0xD0, 0x4E, 0xEB, 0x88, 0xC5, 0xD2, 0xB6, 0xD3,
    0x47, 0x73, 0xC4, 0x64, 0xA1, 0xD5, 0x31, 0x93, 0xE7, 0xA9, 0x26, 0x75, 0xD8, 0x76, 0xD7, 0x38,
    0x40, 0x55, 0x18, 0xAB, 0xF7, 0xC6, 0x31, 0xAF, 0x2D, 0x37, 0x5A, 0x20, 0x07, 0x8B, 0xC7, 0x73,
    0xE5, 0xD3, 0xC0, 0x99, 0x93, 0x63, 0x18, 0x83, 0xC9, 0xF1, 0x67, 0xEE, 0x60, 0x21, 0x0E, 0xCF,
    0x1D, 0x0E, 0xC8, 0xF2, 0xDE, 0xE3, 0x83, 0x91, 0xD9, 0xAE, 0x66, 0xA8, 0x02, 0xC6, 0x50, 0x67,
    0xA5, 0xC6, 0xB2, 0xAF, 0x82, 0xD9, 0x57, 0x61, 0xEC, 0x79, 0xD5, 0x1A, 0x0A, 0x5A, 0x6A, 0xE9,
    0xE5, 0x64, 0x82, 0x20, 0x5A, 0x76, 0x36, 0x15, 0x2B, 0xB0, 0x11, 0x8E, 0xBE, 0x1B, 0x4B, 0x0D,
    0x6A, 0x1A, 0xC1, 0x30, 0x4C, 0x21, 0x81, 0xC4, 0x1C, 0xA5, 0x17, 0x22, 0x2B, 0x78, 0xC3, 0x39,
    0x47, 0x1E, 0x4C, 0x86, 0x5A, 0x6C, 0x66, 0x18, 0x21, 0x39, 0x57, 0x4A, 0x9D, 0xE2, 0xFC, 0x4A,
    0x77, 0x10, 0xD0, 0x00, 0x30, 0x4B, 0xAD, 0xCB, 0x60, 0x82, 0xD8, 0xA8, 0x0B, 0xE1, 0x3F, 0xD9,
    0x1A, 0xEB, 0x50, 0x2D, 0x51, 0xF1, 0x19, 0xCB, 0x29, 0x12, 0xEE, 0xC0, 0xEA, 0xB3, 0x8F, 0x80,
    0xF7, 0x62, 0x7F, 0xCC, 0x46, 0xFA, 0x56, 0x28, 0xF1, 0xD2, 0xCB, 0x34, 0xFC, 0x37, 0xB1, 0x24,
    0x1A, 0x72, 0x90, 0xF3, 0xF5, 0xB4, 0xE1, 0xC0, 0x4F, 0xB6, 0x61, 0x53, 0xE2, 0xDD, 0xA1, 0x26,
    0x60, 0x22, 0x83, 0x04, 0x47, 0x9B, 0x46, 0x82, 0xE3, 0x1E, 0xD7, 0x11, 0x35, 0x93, 0xA3, 0x5F,
    0x20, 0x01, 0xE6, 0xA5, 0x87, 0x04, 0x66, 0x70, 0x81, 0x44, 0x93, 0x9D, 0x3D, 0x29, 0xC1, 0xB2,
    0xAE, 0x93, 0x34, 0x2C, 0x0F, 0x67, 0x7E, 0x53, 0xC2, 0x7F, 0x85, 0x4F, 0xB8, 0x4A, 0x9A, 0xE5,
    0xCB, 0x19, 0x9F, 0x14, 0xD9, 0x29, 0xA8, 0xC4, 0xC0, 0x29, 0x63, 0x7A, 0xC1, 0x81, 0x59, 0x27,
    0x09, 0xE3, 0x79, 0x6C, 0x8D, 0x9E, 0x32, 0x1B, 0x8B, 0x11, 0x86, 0x96, 0xAB, 0x11, 0x42, 0x65,
    0x89, 0xA0, 0x40, 0xCD, 0xEB, 0x57, 0x23, 0x24, 0xAC, 0x78, 0x09, 0xD8, 0x17, 0x10, 0xFB, 0x7C,
    0xF3, 0x2A, 0xC7, 0x97, 0xC0, 0x6A, 0x8E, 0x03, 0x41, 0xD0, 0x3E, 0x5F, 0x65, 0xBA, 0xF9, 0xA8,
    0x03, 0xAB, 0x51, 0x0D, 0x8D, 0x06, 0xDB, 0x56, 0x8D, 0x78, 0xFF, 0x4E, 0x12, 0xD4, 0x4A, 0xAD,
    0x8B, 0x97, 0x7B, 0x9C, 0xA0, 0x97, 0xC1, 0x0E, 0xFC, 0x3A, 0x12, 0x19, 0xD7, 0xFD, 0x34, 0x0D,
    0x7A, 0xAE, 0x7B, 0xDD, 0x8B, 0x22, 0x4E, 0xB4, 0xF9, 0x83, 0x38, 0x71, 0xF3, 0x2A, 0xB7, 0x46,
    0xDB, 0x63, 0x19, 0xDE, 0x49, 0xF6, 0xBC, 0xCB, 0xE7, 0xD9, 0xF5, 0xB5, 0x27, 0x27, 0x76, 0x39,
    0xC9, 0x50, 0x02, 0x00, 0x38, 0xC9, 0x98, 0x65, 0x90, 0xAC, 0xF6, 0x7A, 0xC9, 0x42, 0xC9, 0xA0,
    0xF6, 0xC6, 0x67, 0xEF, 0xB0, 0x7B, 0x9A, 0xFB, 0xE6, 0x6F, 0xE4, 0xC8, 0x27, 0xEF, 0x95, 0xA4,
    0xBC, 0xDC, 0x32, 0xA1, 0x5B, 0x5E, 0xC4, 0xFE, 0xBD, 0x79, 0xB0, 0x56, 0x7E, 0x87, 0x16, 0x9E,
    0xB1, 0x39, 0x35, 0x7F, 0xE8, 0x3B, 0x47, 0xB7, 0xB4, 0x2B, 0x7F, 0xD6, 0x81, 0xAC, 0x7A, 0xE2,
    0x5F, 0x1D, 0xF0, 0x80, 0x47, 0x58, 0x67, 0x0E, 0xC0, 0xD4, 0xFA, 0xCF, 0x5A, 0x68, 0x21, 0x6A,
    0x1D, 0x76, 0x7E, 0x37, 0x7F, 0x7A, 0x74, 0xBD, 0xB8, 0x01, 0x6B, 0xCA, 0xCC, 0xC9, 0x72, 0x46,
    0xEB, 0xFF, 0x1C, 0x77, 0xFB, 0x57, 0xAC, 0x4C, 0x0C, 0xCF, 0x08, 0x97, 0x0E, 0x5B, 0xDB, 0x1B,
    0xD6, 0xD1, 0x35, 0xC3, 0xF7, 0xE9, 0xE5, 0x87, 0xAD, 0x2D, 0x63, 0x1F, 0xED, 0x1B, 0x34, 0x15,
    0xE2, 0xAA, 0xF2, 0x75, 0xDA, 0xE0, 0xFB, 0xE8, 0x75, 0x5C, 0x03, 0xF9, 0x38, 0xA3, 0xEA, 0x3A,
    0x91, 0xFB, 0xB5, 0x04, 0x54, 0x15, 0x67, 0xDD, 0xD7, 0x3B, 0x6C, 0x41, 0x11, 0x33, 0x16, 0xD0,
    0x35, 0x9D, 0x22, 0x8A, 0xE8, 0x21, 0x82, 0x89, 0x9D, 0xB1, 0x46, 0x7E, 0x68, 0xE0, 0x55, 0x85,
    0x2D, 0x9D, 0x30, 0xEA, 0x85, 0x39, 0x31, 0x33, 0xEE, 0xE0, 0xF9, 0x10, 0x1B, 0x71, 0x4E, 0xB6,
    0x7A, 0x8A, 0xA7, 0x50, 0x6C, 0xEB, 0x31, 0xA5, 0x95, 0xA3, 0xA2, 0xCD, 0xA7, 0x7D, 0x74, 0x63,
    0x73, 0xFC, 0x30, 0xEF, 0x3B, 0xB9, 0x4E, 0x05, 0xB3, 0xB8, 0x78, 0x7C, 0x09, 0xD1, 0xDB, 0x83,
    0x31, 0xEB, 0x57, 0x4C, 0xAF, 0xF2, 0x57, 0x55, 0xCC, 0x0B, 0xDD, 0x87, 0x2F, 0x74, 0x10, 0xAA,
    0x3A, 0x60, 0x50, 0x28, 0xDD, 0x29, 0x34, 0x5C, 0x40, 0xC1, 0x62, 0xFF, 0x58, 0x0E, 0xB0, 0xB4,
    0x0B, 0x41, 0x2F, 0x13, 0xEC, 0xF0, 0xF1, 0x9E, 0x45, 0x6D, 0x8C, 0x98, 0x80, 0xD7, 0xF3, 0x8E,
    0x84, 0x74, 0xCD, 0x40, 0x46, 0x1E, 0x20, 0x82, 0x51, 0xB1, 0x0F, 0x72, 0xAA, 0x6C, 0x38, 0x75,
    0xA6, 0x67, 0x87, 0x38, 0xF3, 0x0D, 0xFE, 0x6D, 0x4A, 0xB0, 0xC4, 0x99, 0x12, 0xF8, 0x48, 0xE2,
    0x6F, 0x5E, 0x0E, 0x3F, 0x35, 0x57, 0xCE, 0xCC, 0xDD, 0xD3, 0xF3, 0x07, 0xE3, 0x2C, 0x9C, 0x64,
    0x08, 0x37, 0x95, 0x59, 0x6C, 0x6B, 0xDC, 0x1C, 0x5A, 0x41, 0xD6, 0x5A, 0xCF, 0xDE, 0xDE, 0x20,
    0xE4, 0x2D, 0xAE, 0x19, 0xAC, 0xEE, 0xCF, 0xE1, 0x76, 0xB7, 0x57, 0x8B, 0xA4, 0x1C, 0x3E, 0xC7,
    0x80, 0xAE, 0x9D, 0x54, 0xEE, 0xDB, 0xB9, 0xE6, 0x1B, 0x2A, 0x36, 0x15, 0x83, 0x27, 0x05, 0xBD,
    0x37, 0x04, 0x97, 0x67, 0xCA, 0x5B, 0xFC, 0xAE, 0x6D, 0xAC, 0x10, 0x7C, 0xDF, 0xCC, 0xE1, 0xEC,
    0x7A, 0x14, 0x96, 0xC2, 0xAE, 0x06, 0xEA, 0xD0, 0x23, 0xAE, 0x6A, 0x1C, 0xC9, 0x25, 0xEE, 0x94,
    0x6C, 0x0F, 0x9E, 0x54, 0xB8, 0xD5, 0xDA, 0x66, 0xAA, 0xDE, 0x36, 0xEB, 0x5F, 0x8B, 0x30, 0x43,
    0x41, 0xFE, 0xD9, 0xE7, 0x81, 0xF7, 0xF8, 0xBC, 0xFB, 0x5E, 0xEB, 0x39, 0x46, 0x7D, 0xAF, 0xA7,
    0xCF, 0xB3, 0x21, 0x65, 0x87, 0xCD, 0x4C, 0x39, 0xF2, 0x62, 0xA0, 0xD8, 0x54, 0xEC, 0x29, 0x0F,
    0x58, 0xE8, 0x91, 0x8B, 0x99, 0x20, 0x56, 0x55, 0x56, 0x28, 0xC4, 0xE2, 0xB9, 0xC4, 0xDB, 0xD1,
    0x11, 0xAF, 0x5F, 0x2B, 0x3F, 0x3F, 0x7E, 0xD8, 0xF1, 0x16, 0x06, 0xC7, 0xE2, 0xA1, 0xC7, 0x84,
    0xEC, 0x3E, 0x3E, 0x73, 0xE8, 0xF1, 0xD6, 0xEC, 0x01, 0x51, 0xBD, 0xE3, 0x87, 0x1F, 0x57, 0xE8,
    0x46, 0x62, 0x49, 0xEF, 0x25, 0xB2, 0x24, 0xFA, 0x2A, 0x6C, 0x84, 0x2A, 0x9C, 0xE8, 0x61, 0xA9,
    0x3A, 0xFB, 0xA1, 0xCF, 0x13, 0xCB, 0x94, 0x78, 0xC2, 0x69, 0x33, 0x9E, 0x0A, 0x55, 0x06, 0x09,
    0x27, 0xB2, 0xC8, 0xDD, 0x0E, 0x71, 0xAD, 0xC2, 0x8E, 0xCE, 0x70, 0x17, 0xA2, 0xCA, 0xAA, 0x0E,
    0x6C, 0xBB, 0x44, 0x04, 0x46, 0x84, 0xD1, 0x01, 0xE3, 0xF6, 0x75, 0x41, 0x5A, 0x01, 0x10, 0x6C,
    0x1F, 0xC8, 0xE1, 0xBC, 0x08, 0xB7, 0xAF, 0xDF, 0xDC, 0xE5, 0x95, 0x01, 0x61, 0xB8, 0xEE, 0x84,
    0x54, 0xCE, 0x1C, 0x6E, 0x5D, 0x18, 0xF0, 0xF1, 0xED, 0x7C, 0x9F, 0xF1, 0xFF, 0x1E, 0x53, 0x39,
    0x57, 0xDA, 0xCE, 0xFB, 0xFC, 0x3D, 0x74, 0x0D, 0xBB, 0xBD, 0x2B, 0xE0, 0xB8, 0x71, 0xCE, 0x1F,
    0x63, 0x21, 0x18, 0xB4, 0xE5, 0xBB, 0x9A, 0x4D, 0xC1, 0xA1, 0x1F, 0x51, 0xB7, 0x44, 0x6C, 0xC7,
    0x87, 0x48, 0x9B, 0xA9, 0xC3, 0xE3, 0x39, 0x8C, 0x39, 0x6A, 0x3A, 0x54, 0x7D, 0x50, 0xDA, 0x41,
    0xA4, 0x61, 0xA9, 0x31, 0x16, 0x96, 0xE6, 0x94, 0x44, 0x44, 0xB9, 0x24, 0xD1, 0xA9, 0xC5, 0x88,
    0xBA, 0x90, 0xF0, 0x5A, 0xAD, 0x62, 0xFE, 0x40, 0x5E, 0x60, 0x75, 0xBF, 0xC2, 0xC5, 0xFB, 0xD5,
    0x73, 0xD5, 0xFD, 0x35, 0xF1, 0x5A, 0xAA, 0xFE, 0xF8, 0xF2, 0xC4, 0x43, 0xAB, 0x74, 0x15, 0xAB,
    0xC5, 0x82, 0x6E, 0x52, 0xD3, 0x93, 0x9D, 0x6A, 0xDC, 0xFF, 0x5E, 0x24, 0x27, 0x1A, 0x05, 0x89,
    0x60, 0x38, 0x90, 0xFB, 0xFD, 0x9C, 0xD1, 0x2A, 0x46, 0x8C, 0x4E, 0x16, 0xFE, 0x96, 0xAD, 0x88,
    0x07, 0x5E, 0xF9, 0x29, 0x1F, 0x16, 0xC7, 0x3B, 0x06, 0xC5, 0x96, 0xE1, 0x53, 0xF3, 0xF2, 0x53,
    0x73, 0x1F, 0x72, 0x5E, 0xC7, 0x5F, 0xA1, 0xE3, 0xB6, 0x98, 0x3F, 0xC8, 0x6C, 0x16, 0xAB, 0x7C,
    0x15, 0xDE, 0x29, 0x5F, 0x55, 0x4E, 0x95, 0xEF, 0xAC, 0xB6, 0xEB, 0xE4, 0xAF, 0x96, 0xF0, 0x32,
    0x15, 0x01, 0xBF, 0x0D, 0xA6, 0x80, 0xC3, 0xFA, 0xB2, 0x52, 0x07, 0x91, 0xC7, 0xDB, 0x40, 0xB8,
    0x03, 0x10, 0x3E, 0xC9, 0xB1, 0x90, 0x12, 0x8F, 0x4F, 0xA7, 0xFA, 0xF3, 0xC4, 0x7B, 0x86, 0xBA,
    0x6C, 0x19, 0xBF, 0x4F, 0xCB, 0x59, 0x6B, 0x5D, 0x78, 0x8F, 0xE4, 0xE4, 0xF3, 0x1A, 0x9E, 0x64,
    0xD8, 0x9F, 0x39, 0x2C, 0x7A, 0xEE, 0x0F, 0xBC, 0xF4, 0x43, 0x4A, 0xDB, 0xAA, 0xC3, 0x89, 0xB7,
    0x54, 0x1A, 0x2B, 0x4C, 0x75, 0x98, 0x78, 0x52, 0xA1, 0x39, 0xED, 0xA4, 0x7E, 0xF4, 0x63, 0xE6,
    0x70, 0x7C, 0x74, 0x6E, 0x03, 0x88, 0xA1, 0x43, 0xC8, 0x5C, 0xF0, 0xB9, 0x81, 0xCF, 0x31, 0x98,
    0x5E, 0x1E, 0xF8, 0x24, 0xD1, 0xD0, 0x77, 0x7C, 0x8A, 0xF0, 0x47, 0x9D, 0xE3, 0x61, 0x7C, 0xE7,
    0xFF, 0x16, 0xC3, 0x56, 0xAE, 0xEB, 0xFA, 0xB1, 0x88, 0xF7, 0x9C, 0x0F, 0xED, 0xBB, 0x10, 0x2E,
    0x13, 0x5B, 0x34, 0xDF, 0x55, 0x1D, 0xFC, 0xD7, 0xF5, 0xDB, 0xD7, 0xF5, 0xFF, 0xB4, 0x1F, 0x77,
    0xB5, 0x1F, 0x39, 0x06, 0xD6, 0x02, 0xFD, 0xC8, 0xCF, 0x76, 0x35, 0xAE, 0x57, 0xF5, 0x77, 0x46,
    0x2F, 0x17, 0xBF, 0x2B, 0xA8, 0xBE, 0xBB, 0xC2, 0xEA, 0x77, 0xCD, 0xB7, 0x04, 0x7A, 0x87, 0x05,
    0x66, 0xC7, 0x4D, 0x60, 0x41, 0x53, 0xCB, 0xDD, 0x04, 0x64, 0xB8, 0x43, 0x74, 0x91, 0xA6, 0xAE,
    0x3B, 0x86, 0x5B, 0x5E, 0x19, 0x85, 0xE9, 0xD2, 0xC5, 0x84, 0xC3, 0x19, 0xF3, 0x29, 0xA0, 0xD4,
    0x11, 0xCB, 0xD7, 0xE6, 0xDA, 0x79, 0xE1, 0xD0, 0x61, 0x3B, 0x93, 0xC0, 0x76, 0x0E, 0x94, 0x4B,
    0x38, 0x94, 0x51, 0xFA, 0x28, 0x09, 0x9E, 0xC8, 0x98, 0x47, 0xC3, 0xD1, 0x9E, 0xC0, 0xFB, 0x14,
    0x3B, 0x2C, 0x55, 0x4F, 0xD1, 0xB0, 0xAD, 0x3E, 0xB4, 0x00, 0x43, 0x41, 0xBF, 0x8F, 0x78, 0x97,
    0x89, 0xD9, 0x76, 0x31, 0x87, 0x13, 0xBB, 0xB0, 0x86, 0xD4, 0x26, 0x11, 0x51, 0x96, 0x1F, 0x1A,
    0x33, 0x3D, 0x9C, 0xF8, 0xD4, 0x62, 0x3F, 0x9E, 0x14, 0x16, 0xF5, 0xA4, 0x70, 0xA6, 0x77, 0xCC,
    0x77, 0x42, 0x78, 0x54, 0xB4, 0xDF, 0x99, 0xB9, 0x13, 0xA9, 0x8C, 0x48, 0x58, 0x56, 0xC4, 0x9C,
    0xFF, 0x52, 0x3F, 0x39, 0x4B, 0xBC, 0x22, 0xD5, 0x79, 0x07, 0xFD, 0xE5, 0x1D, 0x6D, 0xF0, 0xF0,
    0x97, 0x30, 0x5D, 0xA7, 0x19, 0x11, 0xB3, 0xD8, 0xE3, 0xE5, 0xA7, 0x8D, 0x0D, 0x85, 0xF3, 0x28,
    0xFE, 0x19, 0xB8, 0x79, 0x11, 0xFA, 0xDD, 0xF1, 0x55, 0xB6, 0xD1, 0x61, 0x22, 0xD7, 0x16, 0x8F,
    0x40, 0xEB, 0xA0, 0xC4, 0x71, 0xBF, 0x28, 0x8F, 0x71, 0xDC, 0x63, 0xDB, 0xD1, 0x55, 0xD6, 0x12,
    0x48, 0x3E, 0x89, 0x59, 0x87, 0xF3, 0x20, 0xCE, 0x2F, 0x84, 0xEF, 0x2D, 0xD4, 0x4D, 0xAA, 0xD0,
    0x58, 0xFC, 0x33, 0xD7, 0x93, 0xF5, 0x4B, 0xC7, 0x63, 0x7D, 0x21, 0x5F, 0x53, 0xE9, 0x6B, 0x95,
    0xAF, 0xBA, 0xE6, 0x03, 0x03, 0xAF, 0x2E, 0x8C, 0xF7, 0xBB, 0xAC, 0xBB, 0xD5, 0x3A, 0x7D, 0xA7,
    0xFB, 0x97, 0xFA, 0xDD, 0xEB, 0x08, 0xEB, 0x08, 0x3E, 0x20, 0x53, 0xE5, 0x5A, 0x7E, 0x8C, 0x4E,
    0xC4, 0xB3, 0xF7, 0x81, 0xF0, 0xFD, 0xE8, 0x1E, 0x4D, 0x0E, 0xE1, 0xCB, 0xD7, 0x9E, 0x1D, 0xB5,
    0x5A, 0x7D, 0x1A, 0xD0, 0xB5, 0x6C, 0x29, 0x82, 0x92, 0xB2, 0xB3, 0xE3, 0xC6, 0x0F, 0x1C, 0x9A,
    0xDA, 0x68, 0xCF, 0x8D, 0x1B, 0x9D, 0xB4, 0x33, 0x68, 0xBA, 0x71, 0xE1, 0x12, 0x4F, 0xF9, 0x90,
    0xFB, 0x62, 0x8A, 0x40, 0x0F, 0xCB, 0xEF, 0xFF, 0xF7, 0x3C, 0x76, 0xFA, 0xEF, 0xEF, 0x82, 0x7A,
    0x6C, 0x8E, 0xDC, 0x17, 0xFB, 0x03, 0xE8, 0xE0, 0xDC, 0x18, 0x7E, 0x61, 0x29, 0x54, 0x71, 0x8F,
    0x62, 0x30, 0xE8, 0x78, 0xFF, 0x89, 0x9C, 0x15, 0xB8, 0x27, 0x2B, 0xD0, 0x9D, 0x01, 0x56, 0x78,
    0xA3, 0x8A, 0x50, 0x2A, 0x9D, 0x1C, 0xCA, 0x91, 0x59, 0xED, 0x3D, 0xCE, 0x52, 0xBF, 0x07, 0x38,
    0xE8, 0x8E, 0xE9, 0xBF, 0x9E, 0x3E, 0x2E, 0x57, 0xC3, 0x7B, 0x7F, 0x5C, 0x61, 0xFE, 0x23, 0x38,
    0x64, 0x4E, 0xB7, 0x27, 0xDB, 0xBA, 0xF5, 0x9F, 0x98, 0xB9, 0xF3, 0x1F, 0x8F, 0x1D, 0x17, 0x30,
    0x77, 0xA2, 0x9A, 0xCA, 0x21, 0x12, 0x2E, 0x45, 0x4C, 0xC3, 0x2B, 0x2C, 0x74, 0x3F, 0x65, 0x11,
    0x39, 0x1E, 0x79, 0x7F, 0x9A, 0xEF, 0x10, 0x04, 0x67, 0xF3, 0x78, 0xBE, 0xEA, 0xF7, 0x2A, 0x5F,
    0x5F, 0x71, 0x45, 0x55, 0x15, 0x7E, 0x1C, 0xE8, 0xDB, 0x43, 0x75, 0xD2, 0x57, 0xA5, 0x6A, 0x45,
    0xF4, 0x55, 0xB9, 0x6A, 0xE1, 0xAC, 0x5A, 0x74, 0xE4, 0xB0, 0x53, 0xFE, 0x32, 0x82, 0x21, 0xB6,
    0xCD, 0xB6, 0x72, 0x38, 0x65, 0xA1, 0x5F, 0x16, 0x12, 0x8A, 0x6B, 0xED, 0xC7, 0x66, 0x91, 0x71,
    0x5B, 0x1C, 0xF8, 0xDF, 0xF4, 0xFE, 0xC2, 0xDF, 0xA2, 0xB8, 0xC7, 0xCE, 0x91, 0xA2, 0x68, 0x29,
    0x34, 0xDC, 0x4C, 0xC1, 0x46, 0x33, 0x82, 0x09, 0x7E, 0x87, 0xFF, 0x2C, 0xD0, 0x83, 0x64, 0x79,
    0xD4, 0x2D, 0x10, 0x87, 0x1F, 0xF7, 0x9D, 0x94, 0x56, 0xCE, 0xDB, 0xAD, 0xC2, 0xBA, 0x9D, 0xCB,
    0xF3, 0x7D, 0x68, 0xF6, 0xFF, 0x88, 0xA8, 0x72, 0x62, 0xCE, 0xC2, 0xD2, 0x44, 0xE2, 0xAD, 0x14,
    0xEE, 0xED, 0x71, 0xF4, 0x83, 0xC8, 0x14, 0x44, 0x2A, 0xF1, 0x0E, 0x6A, 0xA0, 0x65, 0xB4, 0xC9,
    0xD5, 0x68, 0x66, 0x57, 0xC4, 0xD1, 0xC3, 0x80, 0x15, 0x52, 0x39, 0xBB, 0x64, 0x70, 0x17, 0xD0,
    0x2C, 0xF3, 0xCF, 0x9D, 0x98, 0x33, 0x61, 0xA8, 0xCD, 0x81, 0x9E, 0x06, 0xA2, 0xC1, 0x41, 0xBD,
    0xCB, 0x6C, 0x41, 0xCF, 0x4B, 0xDA, 0x96, 0xC8, 0xC5, 0x1A, 0x27, 0x65, 0x4B, 0xA6, 0xCE, 0x96,
    0x78, 0xB3, 0x6C, 0x89, 0x28, 0xB4, 0x25, 0x11, 0xF7, 0xF7, 0xD9, 0xBA, 0xA2, 0x1C, 0x72, 0xE8,
    0x1A, 0xE1, 0xA9, 0x96, 0x7F, 0x19, 0xF1, 0x06, 0xD6, 0x9C, 0x3C, 0xE8, 0xCC, 0x9D, 0x68, 0x7F,
    0x16, 0x8C, 0x2C, 0xAD, 0x89, 0xD3, 0x25, 0xB3, 0xAF, 0x6B, 0x64, 0x15, 0xB8, 0xB8, 0x3A, 0xC1,
    0x5E, 0x7B, 0xCF, 0x3E, 0x64, 0x47, 0x58, 0xA3, 0x56, 0x42, 0xC6, 0xAB, 0x48, 0x68, 0x26, 0xEB,
    0x5B, 0x29, 0x68, 0x1F, 0x09, 0x7A, 0x1F, 0x51, 0xF1, 0xD7, 0xA9, 0xE5, 0x5F, 0x92, 0x7C, 0x4D,
    0xFB, 0x36, 0x1F, 0xA0, 0x72, 0xDA, 0xD6, 0xFC, 0xC7, 0x50, 0xCB, 0x9B, 0xE0, 0x9D, 0xF2, 0x4D,
    0xB1, 0x86, 0x77, 0xE2, 0x0C, 0x77, 0x20, 0x2D, 0x37, 0xF6, 0xB5, 0x08, 0xC6, 0x1C, 0x10, 0x05,
    0x77, 0xE8, 0x33, 0x61, 0x75, 0x3C, 0xA8, 0xDD, 0xDC, 0x3D, 0x77, 0xD4, 0xBD, 0x4E, 0xFC, 0xA9,
    0x77, 0x2E, 0xE5, 0xF0, 0x13, 0x77, 0xC1, 0x95, 0x5D, 0x9C, 0x06, 0x75, 0x8E, 0xA8, 0x5A, 0xC2,
    0x68, 0x9D, 0x37, 0xB5, 0xF7, 0x2E, 0x9E, 0x4B, 0x85, 0xC1, 0x3B, 0x47, 0x2C, 0x2C, 0x18, 0xC5,
    0x73, 0x7C, 0x74, 0xE3, 0x0C, 0x7E, 0x96, 0x30, 0xE3, 0x78, 0xEE, 0xE3, 0xC4, 0x19, 0x50, 0x8F,
    0x9E, 0xFB, 0x28, 0xAD, 0xC1, 0xFA, 0xEE, 0x5C, 0x9A, 0xB9, 0x89, 0x8B, 0xE7, 0x0B, 0xC4, 0x9C,
    0xA4, 0xF2, 0xDB, 0xB0, 0xF3, 0xC3, 0xB1, 0x0D, 0x0D, 0x44, 0x7F, 0x3F, 0x97, 0x7A, 0x43, 0x41,
    0x37, 0x87, 0x63, 0x26, 0xBD, 0x17, 0x0A, 0x18, 0x42, 0x1F, 0xF6, 0x04, 0x84, 0x9D, 0x3E, 0xB4,
    0x65, 0xE7, 0x3E, 0x1A, 0xFA, 0x83, 0xDE, 0x4A, 0xDF, 0xB9, 0x95, 0xD5, 0x8A, 0x3D, 0xB7, 0x74,
    0x3E, 0x8B, 0x4D, 0xB1, 0xBA, 0x7C, 0x15, 0xFB, 0x34, 0xAB, 0xD6, 0x8E, 0x9C, 0xF6, 0x45, 0xBD,
    0x9C, 0x59, 0x12, 0xF1, 0x32, 0x73, 0x45, 0x81, 0xC4, 0x78, 0xF6, 0xA8, 0x7B, 0xF4, 0x74, 0x6C,
    0xF3, 0xD9, 0x9A, 0xAF, 0x10, 0xFE, 0x03, 0xBD, 0xE6, 0xFB, 0xB3, 0x78, 0xBB, 0x95, 0xB9, 0x37,
    0xAF, 0x67, 0x44, 0x20, 0xE4, 0xF9, 0xA3, 0xAE, 0x5C, 0x2F, 0xE6, 0xAB, 0x10, 0xF9, 0x66, 0x31,
    0x83, 0xA1, 0x52, 0x39, 0x8F, 0x97, 0x9F, 0xCD, 0x48, 0x2C, 0x1B, 0x3F, 0x13, 0xD9, 0x1C, 0x7E,
    0xF6, 0x55, 0xEA, 0x2C, 0x48, 0x36, 0x17, 0xD1, 0x69, 0xDF, 0xB7, 0x71, 0x86, 0x7A, 0x86, 0x48,
    0x94, 0x38, 0xFE, 0xC4, 0xCA, 0x6B, 0x38, 0xA9, 0x3E, 0x83, 0x3E, 0x01, 0x06, 0xBA, 0x38, 0x06,
    0x02, 0xB1, 0x35, 0x88, 0x75, 0x79, 0x21, 0x77, 0x4A, 0xCC, 0x71, 0x84, 0x5E, 0x1C, 0x9C, 0xE2,
    0x4D, 0xCC, 0x5F, 0xCE, 0x2A, 0x06, 0xFE, 0xBD, 0x12, 0x6E, 0xC5, 0xA2, 0x7B, 0x55, 0x02, 0x31,
    0x95, 0x4B, 0x3D, 0xBC, 0xC1, 0x9F, 0x9C, 0xDA, 0x50, 0x56, 0x87, 0x1E, 0x55, 0x41, 0x93, 0x8F,
    0xBE, 0xD4, 0xD8, 0x6D, 0x5F, 0x7C, 0x21, 0x25, 0xBA, 0x7F, 0x95, 0x09, 0xA3, 0xEF, 0xBF, 0x94,
    0xC9, 0xCE, 0x56, 0xC7, 0xCE, 0xE4, 0x00, 0xDF, 0xA1, 0x9D, 0xF1, 0x5C, 0xAD, 0xE5, 0x54, 0x41,
    0x76, 0x6A, 0x1B, 0xD0, 0xDB, 0x51, 0x76, 0x07, 0xEA, 0x14, 0x22, 0x54, 0x36, 0x1F, 0xBE, 0x4E,
    0x32, 0xA5, 0xCF, 0x56, 0x82, 0xD8, 0x42, 0x97, 0x28, 0xA3, 0x07, 0x70, 0xF8, 0x44, 0xE2, 0x7B,
    0x5F, 0x53, 0x9D, 0x09, 0xBB, 0x75, 0x4F, 0xE6, 0x3D, 0x96, 0x98, 0xF3, 0xE8, 0xE1, 0x9F, 0xE5,
    0x04, 0xEF, 0xF5, 0xF9, 0x45, 0x8E, 0x7B, 0x46, 0x72, 0xEC, 0xAB, 0xB8, 0xA3, 0xF1, 0xCA, 0x9D,
    0xF2, 0x96, 0xA8, 0x12, 0xDE, 0x7E, 0x47, 0x54, 0x08, 0x4F, 0xBF, 0xC9, 0x4B, 0xD1, 0xC8, 0x4D,
    0x46, 0xCA, 0x51, 0x83, 0x3D, 0x0D, 0xE0, 0x7B, 0x03, 0x9F, 0x98, 0xC8, 0x4D, 0x9C, 0x11, 0x18,
    0x5B, 0x7A, 0x4F, 0x3F, 0xE9, 0xB0, 0x66, 0xC1, 0x2F, 0x42, 0xDE, 0xD9, 0xB2, 0xF3, 0xD3, 0xF2,
    0xFE, 0x1F, 0xCF, 0x7C, 0xCF, 0x72, 0xFC, 0x0D, 0xEA, 0x7D, 0x97, 0xEF, 0xFE, 0x46, 0x81, 0xD1,
    0x4E, 0xD8, 0xB6, 0xED, 0x8F, 0x24, 0xE2, 0xF5, 0xBD, 0xD5, 0xDB, 0x41, 0xBD, 0xE3, 0x3B, 0xD5,
    0x7B, 0xA0, 0xF5, 0x1E, 0x56, 0xF5, 0xBE, 0x4F, 0xDE, 0xBB, 0xFA, 0x87, 0xD6, 0xFB, 0x0E, 0x3E,
    0x44, 0x13, 0x46, 0xE6, 0x0C, 0x4E, 0x9F, 0x66, 0xF2, 0x5F, 0x7B, 0xFF, 0x1D, 0xFD, 0xEE, 0xB7,
    0x45, 0xF5, 0xF3, 0xF4, 0x9B, 0x3C, 0xD0, 0x43, 0xF7, 0x4D, 0x5D, 0x75, 0x5E, 0xE7, 0x15, 0x61,
    0xE8, 0xF2, 0x51, 0x02, 0xD8, 0x40, 0x0D, 0xE5, 0xFC, 0x97, 0x04, 0x4A, 0x0C, 0x9F, 0x24, 0x23,
    0x8C, 0xF5, 0x0E, 0x02, 0xB8, 0x14, 0xE0, 0xEC, 0xE9, 0x7D, 0x63, 0x84, 0x04, 0x44, 0x98, 0xB6,
    0x24, 0xE0, 0xF3, 0x27, 0x7E, 0x91, 0x77, 0xF8, 0x3C, 0x8A, 0x97, 0x8B, 0x47, 0x2D, 0x3E, 0x8D,
    0xFE, 0x57, 0xDF, 0xE0, 0xFB, 0x8F, 0xD7, 0x5B, 0xFD, 0x09, 0x5E, 0x1F, 0x57, 0x27, 0xC1, 0xAA,
    0xCE, 0xC2, 0x95, 0x19, 0x9E, 0xB0, 0x99, 0x14, 0xF2, 0xFF, 0x74, 0xF2, 0x9C, 0x9A, 0xB3, 0x5D,
    0x39, 0x41, 0xE3, 0x14, 0xE8, 0x82, 0xD7, 0xA9, 0xC6, 0xB1, 0x4C, 0x7D, 0xBB, 0xFC, 0x40, 0xB6,
    0x89, 0x7E, 0xF7, 0x96, 0x84, 0x18, 0x79, 0x5B, 0xFA, 0x33, 0x84, 0x95, 0x93, 0xF4, 0x6B, 0xC8,
    0x8C, 0x17, 0xB5, 0x03, 0xB6, 0xC8, 0xA9, 0x3D, 0xE0, 0x3B, 0x13, 0x52, 0x7B, 0xD0, 0xE4, 0xB6,
    0xC6, 0xDC, 0xAF, 0xB1, 0x57, 0x00, 0x83, 0xAC, 0xC3, 0x5B, 0xB6, 0x35, 0x98, 0xED, 0xB8, 0x30,
    0x72, 0xB8, 0xEF, 0x5E, 0xEB, 0x6D, 0xA7, 0xD5, 0xC4, 0x9F, 0x49, 0x74, 0xD8, 0xB7, 0x7D, 0x36,
    0xB1, 0x85, 0xA0, 0x01, 0x12, 0x8B, 0x62, 0x7D, 0x26, 0x01, 0x41, 0x93, 0x13, 0x7E, 0x95, 0x58,
    0xB9, 0x7E, 0x74, 0x55, 0xF2, 0xD4, 0xAA, 0xCC, 0x6E, 0x95, 0xF0, 0x32, 0x4D, 0xF8, 0x85, 0x26,
    0xC2, 0x71, 0x95, 0x28, 0xA3, 0x1E, 0x27, 0xFE, 0xD7, 0xCF, 0x06, 0x92, 0xF8, 0xE2, 0xA3, 0x8C,
    0x13, 0xF6, 0x47, 0x69, 0xCE, 0xAE, 0xFD, 0xCE, 0x1B, 0xE9, 0xC3, 0xEC, 0x8A, 0xE0, 0xBD, 0x94,
    0x1A, 0x4E, 0x04, 0xBC, 0x39, 0x89, 0x90, 0x59, 0x36, 0xB4, 0xC6, 0xEB, 0x35, 0xF3, 0x3D, 0xDE,
    0xA6, 0x5C, 0x27, 0xF1, 0xD0, 0x4E, 0x6B, 0x03, 0x4D, 0x10, 0xE9, 0x97, 0x04, 0xE2, 0x61, 0xD5,
    0x22, 0xC3, 0x3E, 0x40, 0x81, 0x8B, 0x04, 0xFC, 0x0C, 0x4B, 0x54, 0xE7, 0x06, 0x6C, 0xDC, 0xE1,
    0xE6, 0xB3, 0x2A, 0x3E, 0x3F, 0x4E, 0xD5, 0x1A, 0x27, 0x25, 0x3C, 0xE1, 0x41, 0x25, 0x81, 0x23,
    0xA2, 0xD2, 0xDA, 0x11, 0x8B, 0x5B, 0xAC, 0xBC, 0x46, 0xC0, 0xC7, 0xB2, 0xFC, 0x9C, 0x6D, 0xC2,
    0x28, 0x91, 0xB1, 0x99, 0xFB, 0xD2, 0xC5, 0x4F, 0x37, 0xC4, 0x5E, 0xDB, 0x4B, 0xF5, 0x70, 0x0D,
    0x6E, 0x0D, 0x36, 0xFB, 0x52, 0xA1, 0x1B, 0x8B, 0x82, 0xB8, 0xC1, 0x76, 0x6E, 0x11, 0x2F, 0x0A,
    0xB6, 0xED, 0x7F, 0xFB, 0x38, 0xF5, 0x70, 0x7C, 0x89, 0xF9, 0xFD, 0x87, 0x34, 0x0E, 0x68, 0xCD,
    0xB2, 0x3F, 0x4E, 0x7B, 0xB5, 0x01, 0x5E, 0xF5, 0x9B, 0xF4, 0x8F, 0x9D, 0xCF, 0xE5, 0xB4, 0x22,
    0x63, 0x61, 0x4F, 0xCC, 0x07, 0x5F, 0x81, 0xD5, 0x24, 0xE4, 0xC8, 0xA6, 0x1C, 0xD4, 0x23, 0x95,
    0xE3, 0xF6, 0x1E, 0xC5, 0xB9, 0x9B, 0xAC, 0xE7, 0xA6, 0x44, 0xED, 0x4B, 0x35, 0x4F, 0x0A, 0x92,
    0xB1, 0x24, 0x4A, 0x3E, 0xF6, 0xCA, 0x49, 0x89, 0x58, 0x78, 0x6C, 0xE3, 0x4E, 0xA3, 0x09, 0x0A,
    0x45, 0x07, 0x11, 0x63, 0xC1, 0xB7, 0xD9, 0x68, 0x16, 0xF1, 0x87, 0x3E, 0x71, 0x34, 0x2D, 0x29,
    0x15, 0x9C, 0x78, 0x38, 0x4E, 0x47, 0xFF, 0xC9, 0xA3, 0x4F, 0xF2, 0xCF, 0x1C, 0x4E, 0xAF, 0xC8,
    0x3E, 0x8F, 0xCD, 0x3B, 0x63, 0xAE, 0xB8, 0xF8, 0xDC, 0x64, 0x95, 0xB0, 0xF4, 0x54, 0x9B, 0xDA,
    0x57, 0x32, 0xBB, 0x82, 0xB7, 0xDF, 0xE2, 0x49, 0x3B, 0x76, 0x5F, 0x07, 0x95, 0x74, 0xA9, 0x15,
    0x11, 0x3D, 0xB6, 0x03, 0x2A, 0x49, 0xB2, 0x90, 0xE8, 0x5B, 0x76, 0x3A, 0x5C, 0x6E, 0x30, 0x0C,
    0x98, 0x3A, 0x2E, 0x67, 0xA7, 0xA6, 0xD4, 0x71, 0xCE, 0xB6, 0x61, 0x3A, 0x0A, 0x2A, 0x1B, 0x17,
    0x75, 0x8C, 0xD4, 0x68, 0x33, 0x46, 0xA3, 0xA1, 0x70, 0x8C, 0x13, 0xAC, 0xD9, 0xC1, 0x98, 0x8D,
    0x50, 0xAD, 0x32, 0x88, 0x61, 0x6A, 0xEF, 0x15, 0x6E, 0x06, 0x31, 0xD9, 0x1D, 0xD8, 0xA3, 0x52,
    0xEC, 0x04, 0xD4, 0xF8, 0xD4, 0x52, 0xE3, 0x94, 0x60, 0xCC, 0x6B, 0xC7, 0x03, 0xE5, 0xE0, 0x81,
    0xF2, 0x13, 0xB3, 0x09, 0x07, 0x8A, 0x0E, 0x89, 0x35, 0x63, 0xA2, 0xE6, 0x56, 0x3F, 0xFF, 0x87,
    0xFC, 0x7D, 0xBC, 0x32, 0x4B, 0x3B, 0xEA, 0x71, 0x0D, 0x46, 0x8F, 0x6B, 0x90, 0xEB, 0x6B, 0x33,
    0xED, 0x7D, 0xC3, 0x4D, 0x7E, 0xC8, 0x8A, 0x22, 0x37, 0x39, 0xE0, 0xA9, 0x48, 0x52, 0x0E, 0x56,
    0x89, 0x58, 0xA8, 0x19, 0xD7, 0xBF, 0x50, 0x6A, 0x7A, 0x40, 0xA3, 0xD1, 0xDE, 0x4D, 0x64, 0x82,
    0x97, 0x7A, 0xCA, 0xE5, 0xD5, 0x7B, 0xE1, 0x02, 0x94, 0xE9, 0x49, 0x2A, 0xB4, 0xA4, 0x7F, 0x23,
    0xB3, 0x84, 0xFB, 0xA9, 0x78, 0xC6, 0xF2, 0x79, 0x20, 0xB1, 0x84, 0xE1, 0x82, 0x67, 0x2C, 0xB6,
    0x6F, 0x41, 0xED, 0xD9, 0x68, 0x37, 0xC3, 0x19, 0x64, 0x6C, 0xF6, 0x90, 0xB0, 0x80, 0x42, 0xF5,
    0xBD, 0xEF, 0x44, 0xCF, 0x54, 0x5D, 0x0D, 0x6D, 0xA5, 0xA2, 0xB5, 0xDF, 0x49, 0x3F, 0xFB, 0xAF,
    0xBC, 0xC5, 0x3D, 0xD2, 0x71, 0xDF, 0x28, 0xD8, 0x16, 0xC8, 0x4D, 0x10, 0x1F, 0xC1, 0xA5, 0x72,
    0x21, 0xCE, 0x74, 0x50, 0xDF, 0x02, 0x83, 0x1A, 0xFD, 0x0D, 0x2D, 0x39, 0x2C, 0x6F, 0x60, 0xDE,
    0xCC, 0x4A, 0xAF, 0xC7, 0xA4, 0x1E, 0xD9, 0x31, 0xEA, 0x38, 0xB3, 0xC7, 0xF8, 0x23, 0x4C, 0x55,
    0xD8, 0xA3, 0x4B, 0x2C, 0x58, 0x0E, 0x41, 0x00, 0x1C, 0xA2, 0x5E, 0x2C, 0x59, 0xE3, 0xC4, 0x38,
    0xC3, 0x61, 0x7A, 0x88, 0x39, 0xE6, 0xB0, 0x15, 0x84, 0x35, 0x9C, 0x19, 0xB3, 0xD6, 0x69, 0x21,
    0x08, 0x28, 0x9C, 0x1D, 0xE9, 0x1F, 0x98, 0x11, 0xC4, 0xA1, 0x0D, 0xEE, 0xBC, 0x33, 0x38, 0x70,
    0x32, 0x44, 0x2E, 0xCF, 0x86, 0x0E, 0x88, 0x5A, 0x59, 0xFC, 0x90, 0x9A, 0x65, 0xC3, 0x2E, 0xB7,
    0xC4, 0x10, 0xE1, 0x83, 0x80, 0xE9, 0x41, 0xED, 0x17, 0xAC, 0x45, 0x36, 0xDE, 0xC5, 0x15, 0x16,
    0xA7, 0x7C, 0x1F, 0x61, 0x0A, 0x7E, 0x65, 0x9A, 0xBE, 0x18, 0x72, 0xF6, 0xF8, 0xFD, 0x3D, 0x44,
    0x60, 0xE6, 0xE8, 0x1B, 0x7F, 0xCC, 0x61, 0x51, 0x02, 0x36, 0xBF, 0x1F, 0x48, 0x84, 0x59, 0x2F,
    0x59, 0xDA, 0x85, 0xE4, 0x1F, 0xDC, 0x82, 0x18, 0xEC, 0xE3, 0xD3, 0x7E, 0xC7, 0x91, 0x68, 0x0F,
    0x23, 0x36, 0x4B, 0x38, 0xCD, 0xFB, 0x04, 0x2B, 0x77, 0x0C, 0x4B, 0x29, 0xCD, 0x3F, 0xC5, 0x67,
    0x6F, 0x8B, 0xA9, 0x3C, 0xDB, 0xD3, 0x9D, 0xED, 0x5F, 0x63, 0xDF, 0x8E, 0xB0, 0x1C, 0x61, 0x43,
    0x5C, 0x8C, 0xFC, 0x39, 0x76, 0x3F, 0x91, 0x56, 0x58, 0xC4, 0x84, 0x11, 0x87, 0x31, 0xA0, 0x05,
    0x9B, 0x88, 0xE6, 0xCD, 0x1D, 0x12, 0xA9, 0x71, 0x88, 0x3B, 0x0C, 0x0E, 0x9D, 0x7C, 0xED, 0x42,
    0x6A, 0x95, 0x6D, 0x67, 0x48, 0x83, 0xC2, 0xB9, 0xD5, 0xAC, 0x61, 0x81, 0xAF, 0xFD, 0xE2, 0x7B,
    0x34, 0x35, 0x69, 0xB0, 0x5C, 0x34, 0x2E, 0xC2, 0x3D, 0x78, 0xF4, 0xBF, 0x67, 0xE2, 0x00, 0xF5,
    0xF5, 0x9E, 0x26, 0x32, 0xD8, 0xE6, 0xF8, 0x0E, 0x43, 0x53, 0xF8, 0x66, 0xDD, 0xFA, 0xBB, 0xDC,
    0xFC, 0xD4, 0x87, 0x8F, 0x70, 0x8A, 0x90, 0x10, 0x6D, 0x3D, 0xC2, 0xAF, 0x10, 0xB4, 0xD8, 0xA8,
    0x11, 0xCE, 0xED, 0xCE, 0x21, 0x1C, 0x0B, 0xBC, 0x24, 0x18, 0x10, 0x75, 0xF3, 0x83, 0x27, 0xCA,
    0x88, 0xA4, 0x25, 0x1F, 0x2E, 0xB7, 0xD4, 0x81, 0x67, 0xD8, 0x50, 0x61, 0x55, 0xF6, 0x98, 0x4F,
    0x69, 0x6C, 0xFF, 0xBE, 0x84, 0x11, 0xE9, 0x4B, 0xF8, 0x10, 0x76, 0x9E, 0x42, 0xE4, 0xE7, 0x4F,
    0x78, 0x2F, 0x5A, 0x08, 0x01, 0xDB, 0x67, 0xF2, 0x38, 0xFD, 0xCD, 0x2C, 0x9E, 0xDD, 0xED, 0xBE,
    0x3C, 0x50, 0x5B, 0x35, 0x61, 0x76, 0x62, 0xE7, 0x26, 0x14, 0xCC, 0xE1, 0xC0, 0xE1, 0x25, 0x03,
    0xC1, 0xF4, 0xB0, 0x86, 0x94, 0x43, 0x0E, 0xCF, 0x66, 0xDD, 0xDA, 0x66, 0xB4, 0x3F, 0xB8, 0x78,
    0x0E, 0xE8, 0xBC, 0x43, 0x4C, 0x12, 0xA1, 0xFB, 0xEA, 0x39, 0x0E, 0xDB, 0xE6, 0xD1, 0x7B, 0x80,
    0x4D, 0x2F, 0xE2, 0xF0, 0x6D, 0x6D, 0xC5, 0x3D, 0x98, 0x89, 0x11, 0xFE, 0x31, 0x49, 0x81, 0x72,
    0xF6, 0x40, 0xE4, 0x45, 0x82, 0xBE, 0x9E, 0x4D, 0xD0, 0x54, 0xDC, 0x52, 0x1C, 0x2A, 0xDE, 0xD0,
    0x38, 0x47, 0xAB, 0x4C, 0x4E, 0x5A, 0xBA, 0x5F, 0xD2, 0x57, 0xFD, 0x60, 0x85, 0x3D, 0x3D, 0xA6,
    0x6E, 0x11, 0x4F, 0xCC, 0xD7, 0x3B, 0x9E, 0x6F, 0x1F, 0x6A, 0xA6, 0xDE, 0xF1, 0xFC, 0xC7, 0xB9,
    0xE8, 0xE7, 0x4E, 0xE6, 0xA2, 0x17, 0xE9, 0xB9, 0xAF, 0xF4, 0xBC, 0x14, 0x7A, 0x5E, 0x23, 0x7A,
    0x0E, 0xA3, 0x56, 0xD0, 0x73, 0x77, 0x42, 0xCF, 0x07, 0x42, 0xCF, 0x2B, 0x6E, 0xD7, 0xCA, 0x4E,
    0x2D, 0xCE, 0xEB, 0x89, 0x11, 0xD1, 0xD4, 0xB6, 0x80, 0xD6, 0xB0, 0x68, 0x6D, 0xF3, 0xF2, 0x79,
    0x18, 0xB0, 0xC3, 0x30, 0x19, 0x78, 0xB6, 0x7F, 0x73, 0xC8, 0xC1, 0x9D, 0x03, 0x0C, 0x39, 0xB6,
    0xB6, 0x17, 0x6C, 0x60, 0xCA, 0xB1, 0x2F, 0x97, 0x60, 0x81, 0xA1, 0xE8, 0x20, 0xB4, 0x46, 0x0E,
    0x74, 0x07, 0xFF, 0x1A, 0x6B, 0xE0, 0xA0, 0x13, 0xF3, 0x5A, 0x38, 0xD8, 0x36, 0x97, 0x22, 0xB5,
    0x93, 0xBA, 0x27, 0xEE, 0x99, 0xDA, 0x03, 0x01, 0x01, 0x37, 0xA6, 0x74, 0xCE, 0x7B, 0xFF, 0x03,
    0xE5, 0xFA, 0xDF, 0x62, 0xA3, 0x45, 0xE2, 0x0E, 0xC7, 0x6C, 0xDA, 0x48, 0xF4, 0x0D, 0x6B, 0x3B,
    0xD1, 0xB7, 0x1A, 0x87, 0x71, 0x02, 0x57, 0x98, 0x0B, 0x37, 0xE8, 0x66, 0x0F, 0x4A, 0xF9, 0x3B,
    0x33, 0x67, 0x61, 0xDC, 0x4B, 0xD8, 0xE7, 0xA9, 0x7E, 0xB7, 0x75, 0xA1, 0x2C, 0x45, 0x4B, 0xA3,
    0x74, 0x36, 0x50, 0x3A, 0x7B, 0x30, 0x6D, 0xFF, 0x4E, 0x25, 0x75, 0xE4, 0x08, 0x4E, 0x4F, 0xDC,
    0x69, 0x19, 0x11, 0x7D, 0x5D, 0x22, 0x5E, 0xAB, 0xE8, 0xFC, 0x19, 0x74, 0x40, 0xFF, 0x38, 0xBF,
    0x5F, 0x22, 0x17, 0xAC, 0x1A, 0x44, 0x36, 0xB8, 0xA8, 0x11, 0x0D, 0xE6, 0xFE, 0xAF, 0x91, 0x0D,
    0xDC, 0x9B, 0x72, 0xAE, 0xFC, 0xB1, 0xFB, 0xD5, 0x73, 0x9A, 0xCF, 0xD2, 0xE3, 0x85, 0x66, 0xB7,
    0x63, 0xBA, 0x08, 0x3F, 0x55, 0x49, 0x1F, 0xBA, 0x5F, 0xE3, 0xAB, 0x1C, 0x5B, 0x9D, 0x50, 0x5A,
    0x85, 0xEA, 0xF0, 0xD5, 0x5C, 0xD2, 0x57, 0x03, 0x31, 0x5F, 0xA3, 0x19, 0xEC, 0x76, 0xB1, 0xD5,
    0x03, 0xA3, 0xE4, 0x8E, 0x8E, 0xC3, 0xB3, 0xDD, 0x31, 0xE6, 0xAD, 0xE6, 0xAF, 0x90, 0x83, 0x07,
    0x19, 0x09, 0x35, 0x04, 0x2C, 0xE5, 0x5C, 0x14, 0xA2, 0x63, 0xE2, 0x3E, 0x7C, 0xAB, 0x29, 0xEE,
    0xD0, 0x1F, 0xF8, 0x88, 0xD2, 0xB1, 0xE3, 0xFE, 0xC2, 0xE5, 0x43, 0xCE, 0x3D, 0x84, 0xCD, 0xA2,
    0xEB, 0x40, 0xDF, 0xBF, 0xA5, 0xD8, 0x53, 0xFC, 0xA1, 0xE2, 0xEA, 0xEC, 0xF7, 0x9D, 0x8C, 0x5D,
    0x76, 0xFD, 0x94, 0x18, 0x24, 0x43, 0xBE, 0x86, 0x8A, 0xE1, 0x8C, 0x99, 0x57, 0x1E, 0xCF, 0x20,
    0x6B, 0xDB, 0x6A, 0x1C, 0xC1, 0x3E, 0x9B, 0xC1, 0xB9, 0x7C, 0x7E, 0x29, 0xC6, 0x10, 0x15, 0x12,
    0xD7, 0xAA, 0xE1, 0xE5, 0x07, 0x4B, 0x7C, 0x4C, 0xA2, 0x9F, 0x79, 0xE2, 0x70, 0x3E, 0xF4, 0x98,
    0xF1, 0x82, 0x1A, 0x03, 0xED, 0xD7, 0xFF, 0x20, 0x66, 0xFC, 0xF2, 0x2D, 0x0E, 0x6D, 0x65, 0x7F,
    0xF6, 0x06, 0xA1, 0x65, 0x9C, 0xDF, 0x26, 0x71, 0xDE, 0x24, 0x3A, 0xFE, 0x16, 0x51, 0xA9, 0x26,
    0x2D, 0xF1, 0x4F, 0x25, 0x76, 0xD6, 0x74, 0x06, 0x21, 0x82, 0x7F, 0x36, 0xED, 0xAC, 0xC1, 0x36,
    0x64, 0x24, 0xAD, 0xD4, 0x88, 0x0B, 0x68, 0xB2, 0x72, 0xDA, 0x27, 0x8A, 0x85, 0xE0, 0xAC, 0x21,
    0x87, 0x08, 0xAC, 0x25, 0x50, 0x58, 0xC2, 0x06, 0xEA, 0x79, 0xFA, 0x77, 0x9D, 0xBF, 0xB3, 0x29,
    0xDF, 0x1B, 0x8E, 0xD5, 0x99, 0x60, 0x28, 0x91, 0x85, 0xCF, 0xCC, 0x5A, 0x9A, 0xD1, 0x9A, 0xC3,
    0x86, 0x98, 0x6E, 0x2C, 0xC6, 0x61, 0x40, 0xBD, 0x66, 0x6D, 0xA8, 0x1B, 0x5F, 0xEA, 0xA3, 0xBD,
    0xDC, 0x58, 0x18, 0x27, 0x97, 0x4F, 0x82, 0x18, 0x51, 0xBD, 0xA5, 0x79, 0x09, 0x0B, 0xAE, 0xFF,
    0x7B, 0x06, 0x2A, 0x02, 0x9C, 0x89, 0xC1, 0x66, 0xAA, 0x7E, 0x22, 0x07, 0x4E, 0x07, 0xA9, 0x1C,
    0x34, 0x1D, 0xE6, 0x72, 0xB0, 0x74, 0x67, 0xE8, 0x5F, 0xDE, 0xA6, 0xF6, 0xED, 0xFF, 0x85, 0x84,
    0x6B, 0xFC, 0xEA, 0x55, 0x8E, 0x6C, 0x64, 0xBF, 0xFF, 0xDF, 0x4A, 0x88, 0xC0, 0xB7, 0x35, 0xF4,
    0x9D, 0xA2, 0xF7, 0x74, 0xEC, 0x0C, 0x1A, 0x6E, 0x14, 0xB8, 0x40, 0x2F, 0x69, 0xB8, 0x34, 0x7F,
    0x1B, 0xB5, 0xC1, 0xF7, 0xDC, 0xD8, 0x8B, 0x1A, 0x44, 0x45, 0xDC, 0x38, 0x34, 0x0D, 0x5A, 0x97,
    0xDC, 0x78, 0x8B, 0xE3, 0x02, 0xBB, 0x2F, 0xC2, 0xD8, 0x6A, 0xCB, 0xB8, 0x2F, 0x65, 0x7C, 0xBE,
    0x8E, 0x1B, 0xC7, 0xE1, 0x88, 0xC8, 0x09, 0x4E, 0x15, 0x40, 0xFD, 0x97, 0x23, 0x04, 0xE3, 0xE4,
    0xF1, 0x11, 0x21, 0x22, 0x09, 0x13, 0xA5, 0x50, 0xF9, 0x91, 0x2D, 0xE5, 0x4F, 0x7A, 0x7A, 0x92,
    0x94, 0xF0, 0x2B, 0xB0, 0xA7, 0x39, 0xD3, 0xBF, 0x66, 0x1E, 0x44, 0xCE, 0x72, 0xBC, 0x46, 0x1C,
    0xDB, 0x86, 0xC6, 0xEB, 0x01, 0xCB, 0xA2, 0xA8, 0x73, 0xAC, 0x3A, 0x71, 0xA1, 0x9F, 0xCD, 0xED,
    0x02, 0xF0, 0x78, 0x47, 0xF3, 0xDF, 0xD2, 0x5D, 0x82, 0x0F, 0x3C, 0xCC, 0x4C, 0xE3, 0x5E, 0xBC,
    0x4F, 0xBC, 0x85, 0x25, 0x88, 0x94, 0x59, 0x57, 0x3E, 0x62, 0x4B, 0xB1, 0xA7, 0xF8, 0x33, 0xC5,
    0xD5, 0x3B, 0x87, 0xC3, 0x96, 0x0D, 0x76, 0xF1, 0x0C, 0x2C, 0xA6, 0x58, 0x4D, 0xFC, 0x63, 0xA7,
    0xD1, 0xC6, 0x6C, 0x88, 0x2F, 0x89, 0xA2, 0x32, 0xC8, 0xED, 0x55, 0x89, 0xB0, 0x4A, 0xFC, 0x40,
    0x12, 0x81, 0x88, 0x0F, 0x55, 0xC2, 0x63, 0x26, 0x7E, 0x95, 0xE5, 0xDA, 0xE8, 0x7E, 0xEC, 0x75,
    0x62, 0x04, 0x34, 0x65, 0x4C, 0xC4, 0xD8, 0x08, 0xE4, 0x83, 0x38, 0x2D, 0xF6, 0x24, 0x30, 0x21,
    0x58, 0x1E, 0xB6, 0x15, 0xCD, 0xF5, 0xC8, 0xF7, 0xCE, 0x30, 0xBC, 0x6A, 0x7E, 0xB4, 0x6F, 0xCC,
    0x57, 0x7F, 0xD1, 0xEE, 0x99, 0xC6, 0xE3, 0xC6, 0xFC, 0xEE, 0x55, 0x36, 0x30, 0x36, 0xF6, 0xFB,
    0xAF, 0x44, 0x18, 0xE0, 0x34, 0x14, 0x5E, 0x32, 0xFE, 0x13, 0xD8, 0x6B, 0x7B, 0x85, 0xC6, 0x24,
    0x54, 0x20, 0x34, 0x18, 0x8C, 0xF3, 0x3B, 0xD8, 0xE6, 0xD0, 0x87, 0x89, 0x81, 0x26, 0xBE, 0x10,
    0x74, 0xFF, 0xEF, 0x71, 0x42, 0x06, 0xAC, 0xA9, 0xF1, 0x9C, 0xC4, 0x08, 0xFE, 0x6D, 0x21, 0x89,
    0x3E, 0xDF, 0xA3, 0xB1, 0x33, 0xE4, 0xED, 0x18, 0x37, 0xEE, 0xA4, 0x38, 0x0F, 0x89, 0x12, 0xDB,
    0xB2, 0xF5, 0xBF, 0x1C, 0xAD, 0x2E, 0x86, 0xAF, 0x5C, 0x36, 0xE6, 0x3B, 0x11, 0xB4, 0xC0, 0x31,
    0x6A, 0xC4, 0x46, 0x94, 0x1C, 0xB6, 0x91, 0xF9, 0x55, 0x18, 0x06, 0xE6, 0x6C, 0x0F, 0x80, 0xF3,
    0x38, 0x72, 0xE2, 0xEB, 0x5E, 0xBB, 0x74, 0xF3, 0xFA, 0xD1, 0x15, 0x0D, 0x5F, 0x49, 0xEB, 0xD3,
    0xB0, 0x7B, 0x1D, 0x51, 0x87, 0xAA, 0x30, 0x97, 0xDB, 0x8A, 0x7D, 0x0D, 0x1B, 0x57, 0x26, 0x8A,
    0xE9, 0x19, 0xCA, 0x17, 0xDB, 0xE3, 0x3C, 0xE0, 0xE3, 0x07, 0x46, 0xED, 0x33, 0xDD, 0xA3, 0x6E,
    0x54, 0xDB, 0xAF, 0xF3, 0x7D, 0x6F, 0xEB, 0x34, 0xA3, 0xAF, 0xE5, 0x34, 0x15, 0xDB, 0x0D, 0x1B,
    0xE5, 0x5F, 0x2D, 0x24, 0x5C, 0x63, 0xF1, 0x53, 0xBA, 0x06, 0xFD, 0x5D, 0x9D, 0x0D, 0xAB, 0xF9,
    0x4D, 0x10, 0xDD, 0x7C, 0x45, 0x8E, 0x35, 0x11, 0x3A, 0xC6, 0x4B, 0x05, 0x50, 0x8E, 0x71, 0xF7,
    0xB0, 0xE3, 0xDC, 0x67, 0xE4, 0x4C, 0x8A, 0xB4, 0x0E, 0x30, 0xD2, 0x22, 0x10, 0xD0, 0xC2, 0xC3,
    0xA8, 0x3E, 0x5B, 0x82, 0xA1, 0xE6, 0x87, 0x67, 0x8A, 0x61, 0xD7, 0x20, 0xC1, 0x32, 0x63, 0xA6,
    0x9B, 0xE6, 0x05, 0xE7, 0xB3, 0x6F, 0x35, 0x18, 0x69, 0x1D, 0x08, 0xC0, 0x30, 0xBA, 0xAF, 0xDE,
    0x87, 0x13, 0x39, 0x63, 0x0F, 0xEF, 0xA1, 0xD1, 0x13, 0x00, 0x0B, 0x7F, 0xB0, 0x05, 0x6C, 0xF7,
    0x4D, 0x0F, 0x18, 0x16, 0xE6, 0x87, 0x40, 0x12, 0x2D, 0x57, 0x81, 0x18, 0x6A, 0xC0, 0x5A, 0x26,
    0x68, 0xF3, 0xE6, 0x76, 0xB0, 0x9C, 0xF1, 0x77, 0x87, 0xF4, 0x4A, 0x78, 0x39, 0x41, 0x44, 0x84,
    0xF6, 0x1F, 0xC6, 0xF5, 0x19, 0xF1, 0xF1, 0x0B, 0x1D, 0x8F, 0x68, 0xD6, 0x3B, 0x9A, 0x10, 0xBB,
    0x59, 0xF8, 0x65, 0x25, 0x55, 0xF4, 0xF6, 0xCB, 0x2D, 0x09, 0x27, 0x1F, 0x72, 0xF0, 0x01, 0x4A,
    0xF4, 0x79, 0x99, 0xA5, 0x65, 0x62, 0xC8, 0x76, 0xBA, 0xC4, 0xD7, 0xB2, 0x93, 0x1E, 0x51, 0xB5,
    0x5B, 0xB7, 0x30, 0x50, 0x56, 0x76, 0x6F, 0xF6, 0x9F, 0x61, 0x45, 0x95, 0x97, 0x6C, 0xC1, 0x0F,
    0x0F, 0x8A, 0x8D, 0xD3, 0x96, 0x38, 0xED, 0xE2, 0x3C, 0x01, 0xB6, 0x4A, 0x1E, 0x6A, 0x22, 0xBC,
    0x45, 0xE3, 0x12, 0xFD, 0xF1, 0x2F, 0xDF, 0x49, 0x82, 0x77, 0x41, 0xB8, 0xBF, 0x7C, 0xF3, 0x75,
    0x5A, 0x45, 0x3E, 0x31, 0xD6, 0x67, 0x6F, 0x5C, 0x2C, 0x30, 0x68, 0x9D, 0xDF, 0xBE, 0x5E, 0xD2,
    0xE2, 0x3F, 0x36, 0xB5, 0xB7, 0x92, 0xBF, 0xE4, 0x33, 0x2F, 0x3C, 0x5A, 0x2C, 0xB0, 0xD3, 0x62,
    0x82, 0x5A, 0x62, 0xA7, 0xCC, 0x75, 0x55, 0x89, 0xBF, 0x57, 0x25, 0xCC, 0xDD, 0x13, 0xA5, 0x56,
    0x67, 0x9A, 0xC8, 0xE4, 0x68, 0xAD, 0x18, 0xBB, 0x3B, 0x3B, 0xE6, 0x04, 0x67, 0x16, 0x5E, 0x26,
    0xA0, 0xCF, 0xF8, 0x74, 0x56, 0x9F, 0x31, 0x8D, 0xD8, 0xF4, 0x33, 0x8E, 0xD8, 0xC4, 0x5C, 0x84,
    0x9D, 0x2D, 0xC9, 0x26, 0xD8, 0x09, 0x7C, 0xEB, 0xBE, 0xCC, 0x0D, 0x9A, 0x43, 0x6C, 0x9E, 0x55,
    0xFB, 0x84, 0xBB, 0x8F, 0xDA, 0xEF, 0x6F, 0x84, 0x94, 0x3E, 0xA7, 0xE7, 0x5F, 0x2C, 0x73, 0xA8,
    0x84, 0xB5, 0xEB, 0xE5, 0xE1, 0x32, 0x22, 0x65, 0x94, 0x87, 0xFF, 0x28, 0x5A, 0x2E, 0x93, 0x95,
    0x9F, 0x83, 0xEB, 0x59, 0x39, 0xC6, 0x97, 0x4D, 0x8F, 0xA9, 0x79, 0xB6, 0x1C, 0x33, 0xC3, 0x5E,
    0x69, 0x85, 0x83, 0xB7, 0xDF, 0x66, 0x67, 0xA3, 0xB1, 0x68, 0x2D, 0x03, 0x92, 0xA3, 0x83, 0x4F,
    0x10, 0xD4, 0x8A, 0xF8, 0xC2, 0x72, 0xA7, 0xCF, 0xFC, 0xF0, 0x26, 0x9C, 0x97, 0x58, 0xFB, 0x3B,
    0xE1, 0x83, 0xDD, 0xC4, 0x4C, 0x9C, 0x3B, 0x04, 0xE1, 0xEC, 0x71, 0xC5, 0x60, 0x2F, 0x14, 0xA6,
    0x0E, 0xC4, 0xD5, 0x45, 0x6D, 0x08, 0x22, 0x89, 0x1B, 0x23, 0x8E, 0x2C, 0xEC, 0xB6, 0xDA, 0x0E,
    0xE2, 0x83, 0xBD, 0x99, 0xB6, 0x5D, 0xE0, 0x1B, 0x19, 0x09, 0x23, 0x34, 0x1A, 0xE2, 0xAC, 0x1D,
    0x88, 0xAB, 0x6E, 0xFB, 0xBB, 0x12, 0xCB, 0x1D, 0xE5, 0x85, 0x99, 0xF2, 0x4F, 0x43, 0x89, 0xFF,
    0xD6, 0x19, 0x9D, 0x65, 0xC3, 0x87, 0xAF, 0xDE, 0x91, 0x9D, 0xC0, 0xAF, 0x58, 0x27, 0x5C, 0xD8,
    0xEF, 0xBF, 0x19, 0xB3, 0xD1, 0xF9, 0xDB, 0xAF, 0xF3, 0xEF, 0xEE, 0x2B, 0x89, 0x84, 0xE0, 0x78,
    0x5A, 0x30, 0xA0, 0xEF, 0x62, 0x1B, 0x57, 0xE1, 0x56, 0x8B, 0xFB, 0x15, 0xCD, 0x71, 0x94, 0x88,
    0x4A, 0x53, 0x5C, 0x63, 0x03, 0x8A, 0xEA, 0xBE, 0xD4, 0x7A, 0x63, 0xF6, 0xD8, 0x0D, 0xD6, 0x7B,
    0xD6, 0x55, 0xB3, 0x53, 0x37, 0xE2, 0x26, 0x59, 0xD7, 0x38, 0x7A, 0x84, 0xDB, 0xDB, 0x82, 0x88,
    0x11, 0x70, 0xF6, 0xE0, 0xAA, 0x93, 0x71, 0x38, 0xDB, 0x82, 0x8F, 0x21, 0xBC, 0x54, 0x5E, 0xA5,
    0x15, 0xB2, 0x8F, 0xB0, 0x8E, 0x23, 0xAE, 0xF4, 0x81, 0x7B, 0xD4, 0xED, 0xFE, 0x5B, 0x92, 0xEB,
    0xFC, 0xDF, 0xD2, 0xB0, 0x29, 0xAC, 0xF2, 0x6D, 0x22, 0x60, 0x3B, 0x0F, 0xDB, 0xA5, 0xEE, 0xED,
    0x8C, 0x64, 0xFD, 0xAC, 0xF5, 0xF6, 0x8C, 0x13, 0x3B, 0xB1, 0xDB, 0x7E, 0xFC, 0x86, 0x43, 0x4D,
    0xEA, 0xD5, 0x57, 0x61, 0x1F, 0x18, 0xAD, 0xD7, 0x0D, 0x1F, 0x27, 0xDA, 0xA8, 0x9B, 0xC7, 0xAC,
    0x74, 0xDD, 0xF4, 0xEA, 0xE6, 0x21, 0x44, 0xE1, 0xBE, 0x51, 0xA7, 0x99, 0x9D, 0xB5, 0xCD, 0x1F,
    0x33, 0xCA, 0xF1, 0x1B, 0x2C, 0xE7, 0xD5, 0xD5, 0x90, 0xB1, 0xAE, 0x3C, 0x5C, 0x5D, 0x65, 0x9A,
    0xBA, 0x1E, 0xAF, 0x38, 0x41, 0xAD, 0xEF, 0x23, 0xD3, 0x30, 0x9F, 0x7B, 0x9C, 0xF1, 0xEE, 0x89,
    0x1E, 0x4F, 0x07, 0x89, 0xF5, 0x39, 0xC6, 0x9C, 0x97, 0x04, 0x75, 0x7B, 0xD4, 0x63, 0xB5, 0x02,
    0x25, 0x24, 0xB3, 0x5F, 0x3D, 0x15, 0x30, 0xED, 0x88, 0xD8, 0xD7, 0x50, 0x13, 0x7C, 0x60, 0x61,
    0xC4, 0x0A, 0x70, 0xC9, 0x53, 0x6E, 0x55, 0x89, 0x8B, 0x92, 0xC7, 0xFE, 0xE0, 0x99, 0x88, 0x13,
    0xCE, 0x3B, 0xFF, 0x58, 0x32, 0xD7, 0x5E, 0xD5, 0x02, 0xBD, 0x67, 0x34, 0x11, 0x78, 0xD1, 0x25,
    0x58, 0x37, 0x98, 0x86, 0xC7, 0x67, 0x52, 0x96, 0xE6, 0x51, 0xFA, 0xA5, 0x0B, 0x37, 0x8A, 0x53,
    0x74, 0xFB, 0x3E, 0xD6, 0x60, 0x70, 0xC4, 0xE9, 0x7D, 0x49, 0xEC, 0xC3, 0xD8, 0x15, 0xFE, 0xBF,
    0x05, 0xFB, 0x87, 0x7B, 0x88, 0x1C, 0x6A, 0x73, 0x08, 0x09, 0x9C, 0xF7, 0x77, 0x80, 0x84, 0xF8,
    0xC8, 0xB2, 0x14, 0xCC, 0x62, 0x3F, 0x0E, 0x60, 0xB7, 0xB3, 0x59, 0xB4, 0x38, 0x9C, 0x24, 0xBB,
    0x6A, 0xD3, 0xB4, 0x9E, 0xA0, 0xDC, 0xA7, 0xE1, 0xC0, 0x48, 0xC3, 0x81, 0xC6, 0xD4, 0x06, 0xB0,
    0xAF, 0xA7, 0xC7, 0x0A, 0xEE, 0xC3, 0xA9, 0x82, 0x16, 0xEA, 0xB2, 0xC2, 0xF8, 0x80, 0x66, 0x72,
    0x4C, 0x64, 0x92, 0xEF, 0xD3, 0x70, 0xE0, 0xDF, 0x9D, 0x61, 0xC1, 0x58, 0xEB, 0xB5, 0xF7, 0x11,
    0x3D, 0xDC, 0x6B, 0xFF, 0x90, 0xEF, 0xFB, 0x75, 0xB3, 0x76, 0xE1, 0xD3, 0x56, 0xD4, 0xA8, 0x4B,
    0x2F, 0xB7, 0x15, 0x0B, 0xE9, 0xD6, 0xFC, 0xA7, 0x8A, 0xAB, 0x75, 0xAB, 0x75, 0x11, 0x21, 0x2D,
    0xE0, 0x97, 0x13, 0xCA, 0x70, 0xDD, 0xF7, 0x78, 0x38, 0x38, 0x45, 0x8D, 0xEB, 0x11, 0xA4, 0x08,
    0x3C, 0x4A, 0xF9, 0x23, 0xAC, 0x2F, 0x75, 0xA8, 0x79, 0x6B, 0xB9, 0x79, 0x84, 0x63, 0x19, 0x3D,
    0x8C, 0x4F, 0x6B, 0xF2, 0x18, 0x39, 0x29, 0x11, 0xA8, 0x09, 0x6F, 0x1C, 0x56, 0x09, 0x3E, 0xDA,
    0x71, 0x9A, 0x87, 0x46, 0x41, 0x5C, 0x25, 0xDE, 0xEB, 0xB4, 0x0E, 0x5A, 0x18, 0x29, 0xBA, 0xFD,
    0xE7, 0xC5, 0x97, 0xBA, 0x07, 0x58, 0x71, 0xB1, 0x97, 0xC3, 0xA3, 0x30, 0xD0, 0x61, 0x4A, 0xE3,
    0xC2, 0x57, 0x63, 0xA6, 0x42, 0x13, 0x7D, 0xE2, 0x0B, 0xEB, 0x68, 0xAA, 0xAF, 0x7E, 0x21, 0x09,
    0xFB, 0xFD, 0x57, 0x7F, 0x61, 0x30, 0x58, 0x9C, 0xB7, 0xFF, 0x5C, 0xF2, 0xD4, 0x5E, 0x79, 0xD1,
    0xA7, 0x02, 0x0B, 0x70, 0x4D, 0x92, 0x87, 0xB8, 0x26, 0x49, 0x10, 0xD7, 0xE4, 0xD3, 0xCB, 0x0B,
    0x73, 0x3F, 0x25, 0xA4, 0x40, 0x37, 0x5E, 0x12, 0xBD, 0x06, 0x7D, 0xEA, 0xFD, 0x3C, 0x40, 0x98,
    0x6B, 0xEA, 0x57, 0x5C, 0x13, 0x9C, 0xF0, 0x88, 0xF5, 0x1F, 0xF0, 0x71, 0x84, 0x6E, 0x3C, 0x12,
    0x5F, 0x3E, 0xE1, 0x9A, 0x58, 0xDB, 0xFD, 0x9D, 0x68, 0x66, 0x55, 0x38, 0xA5, 0xD6, 0x81, 0x41,
    0x24, 0xB6, 0x14, 0xBE, 0x04, 0xD8, 0xA2, 0x59, 0x6D, 0xB6, 0x59, 0x1C, 0xED, 0xB0, 0x14, 0x91,
    0x6A, 0x50, 0x5B, 0x12, 0xCB, 0xD9, 0xA6, 0x6A, 0x30, 0xB5, 0xC2, 0xAE, 0xA5, 0x12, 0x11, 0xCA,
    0x83, 0x8B, 0x2F, 0x26, 0x4B, 0xEC, 0xB1, 0x9D, 0x4D, 0x68, 0xB0, 0x69, 0x8D, 0x40, 0xC3, 0x5E,
    0xDC, 0x66, 0xB5, 0xB0, 0x8F, 0xA3, 0xFC, 0x6A, 0xB1, 0xE8, 0x97, 0xA9, 0x2B, 0x83, 0x54, 0x5E,
    0xCC, 0xD6, 0x11, 0x44, 0x91, 0xB6, 0xD5, 0x95, 0x69, 0x08, 0x43, 0x77, 0x1C, 0xC7, 0xB7, 0xC5,
    0x07, 0xC9, 0x39, 0x99, 0x9C, 0x2C, 0xE5, 0x0D, 0xA0, 0x6C, 0x8C, 0xA9, 0xB1, 0x5D, 0xF6, 0x72,
    0x2E, 0xE1, 0x06, 0xFC, 0x3D, 0x3E, 0x85, 0x91, 0x97, 0x87, 0xCC, 0xC8, 0x69, 0x64, 0xF8, 0x96,
    0x82, 0xE3, 0x02, 0xB0, 0x3A, 0xE8, 0x98, 0xB3, 0x8E, 0x86, 0xDE, 0x31, 0xDE, 0xB9, 0x44, 0xCC,
    0x3E, 0x42, 0x27, 0x93, 0x1D, 0xE2, 0x2D, 0x33, 0x14, 0x15, 0x18, 0xF1, 0x9E, 0xAC, 0xE3, 0xA2,
    0x3A, 0xFA, 0x7F, 0x3E, 0x80, 0x4C, 0x32, 0x30, 0xEE, 0xDB, 0xEC, 0xB4, 0x13, 0xEF, 0xD9, 0x1E,
    0xE8, 0x85, 0x8B, 0x2D, 0x91, 0x27, 0x58, 0x30, 0x1C, 0xC3, 0xC4, 0x14, 0x12, 0x51, 0x19, 0x35,
    0x9D, 0x84, 0xC6, 0x81, 0xFB, 0xF6, 0x60, 0xC8, 0x0E, 0x4B, 0xFE, 0x93, 0xB7, 0x0B, 0x07, 0x71,
    0x88, 0x9A, 0x66, 0xF8, 0x53, 0x9C, 0xE7, 0x8B, 0x92, 0x89, 0xA8, 0xAD, 0xA2, 0x64, 0xB1, 0x1B,
    0xF7, 0x06, 0x50, 0x1C, 0x0F, 0x54, 0xDB, 0x0E, 0xEF, 0xF5, 0x07, 0x79, 0xA7, 0x1D, 0x1F, 0x74,
    0xD8, 0x6A, 0x8B, 0xA3, 0x27, 0x7C, 0xF8, 0xD6, 0x0B, 0x4D, 0x34, 0x7A, 0x9A, 0x68, 0x37, 0x34,
    0x31, 0x14, 0xBF, 0xB0, 0xBA, 0x95, 0xA3, 0x2F, 0x0B, 0x1C, 0xDC, 0xC3, 0x87, 0x6A, 0xC2, 0x03,
    0xC1, 0xE1, 0x18, 0x8A, 0xC3, 0x20, 0x02, 0x8B, 0x75, 0xD8, 0x3A, 0x3F, 0x66, 0x32, 0xC1, 0xB1,
    0x3B, 0x30, 0x64, 0x59, 0x43, 0x28, 0x5A, 0x71, 0x6B, 0xE1, 0x68, 0xD7, 0x7B, 0xC3, 0x33, 0x8A,
    0xC1, 0x9D, 0x51, 0x0F, 0x11, 0x98, 0xE0, 0x11, 0x87, 0xB7, 0xFC, 0xFA, 0xE7, 0xFE, 0x7D, 0x70,
    0xAD, 0xD3, 0x7A, 0xF6, 0x70, 0xEA, 0xEA, 0x3B, 0x31, 0xA2, 0x92, 0x23, 0xBB, 0xBB, 0x3B, 0x6A,
    0xC9, 0x90, 0x2A, 0x0E, 0x66, 0x6D, 0x7F, 0xEE, 0x09, 0x83, 0x3B, 0xA3, 0x72, 0xD5, 0x13, 0xFC,
    0xBA, 0xFC, 0xDF, 0x04, 0xA9, 0x5E, 0x17, 0x6E, 0xCF, 0x58, 0x2D, 0x1F, 0x77, 0x61, 0x0E, 0x94,
    0x31, 0xF8, 0x66, 0x48, 0x7C, 0x3B, 0x30, 0x12, 0xAC, 0x0D, 0x04, 0x03, 0xF0, 0xF3, 0xDD, 0xA7,
    0x5F, 0x2F, 0xF1, 0x7B, 0xF9, 0xCA, 0x3B, 0x85, 0xE1, 0x6B, 0x78, 0x16, 0xE0, 0xFE, 0x48, 0x9F,
    0x1B, 0x4C, 0x9E, 0xFF, 0xA6, 0xB8, 0xAA, 0x58, 0x57, 0x6C, 0xCC, 0x5C, 0x6F, 0xBE, 0x82, 0xE8,
    0x89, 0x7F, 0x5D, 0x96, 0xC4, 0x4F, 0x0D, 0x89, 0x60, 0x1F, 0x3E, 0xC5, 0xF5, 0xE5, 0x83, 0xE3,
    0xB2, 0x26, 0x18, 0xDD, 0x7F, 0xDA, 0x9D, 0x3D, 0xCA, 0xA0, 0xF2, 0xC9, 0x14, 0x5C, 0x52, 0xF4,
    0xE2, 0xDA, 0xA7, 0xA0, 0x96, 0x84, 0x4C, 0xE9, 0x67, 0xB0, 0xBA, 0x7F, 0x12, 0x2E, 0x6A, 0x2F,
    0x95, 0x5B, 0x9D, 0xEE, 0x52, 0x99, 0xAB, 0x84, 0x0F, 0xC3, 0x8C, 0xDF, 0xC5, 0xA1, 0x3B, 0xBC,
    0xEB, 0xC3, 0x26, 0xBA, 0x03, 0x89, 0x97, 0x1A, 0x46, 0xB2, 0xC7, 0x0F, 0xED, 0xAD, 0x0F, 0xD7,
    0x7C, 0xC3, 0xBB, 0x37, 0xF0, 0x02, 0x79, 0x63, 0xC8, 0xCA, 0x1D, 0xF7, 0x83, 0x4C, 0x15, 0x0E,
    0x52, 0xA0, 0x3B, 0xD2, 0x4B, 0xD9, 0x86, 0xE3, 0x68, 0xF1, 0x38, 0x23, 0x30, 0x95, 0xBD, 0xB8,
    0x43, 0x61, 0xE9, 0x0F, 0xD5, 0x4A, 0x79, 0xDE, 0xD8, 0xB2, 0xE2, 0xD2, 0x8B, 0xB3, 0xD7, 0x8F,
    0xF0, 0xA1, 0x57, 0x8D, 0xA3, 0xEE, 0x26, 0xB5, 0x81, 0x6E, 0x67, 0xA9, 0xE7, 0xA6, 0x37, 0xEB,
    0x7E, 0x62, 0x73, 0x01, 0x2E, 0x08, 0x51, 0x1F, 0x18, 0x0C, 0xAC, 0xC3, 0xD6, 0xA6, 0x9B, 0x94,
    0x2C, 0x3A, 0xBB, 0x6F, 0xF1, 0x81, 0xA8, 0x0D, 0xF7, 0xD6, 0x80, 0xCF, 0xB5, 0x74, 0x11, 0x3B,
    0xEA, 0x31, 0xE2, 0x64, 0xC1, 0xAC, 0x85, 0x2F, 0xE6, 0x52, 0xDE, 0xC7, 0x99, 0x1A, 0x7B, 0x0C,
    0xA4, 0x61, 0x4A, 0x75, 0x87, 0x09, 0xD5, 0x1D, 0xE6, 0x80, 0xFB, 0x19, 0x22, 0x03, 0xAB, 0xCF,
    0xDD, 0x4C, 0x30, 0xE0, 0xEF, 0xE9, 0x59, 0x25, 0x7F, 0x5A, 0xE1, 0x8B, 0x45, 0x3F, 0xB4, 0xBC,
    0xE8, 0xDF, 0xF4, 0x41, 0x3C, 0xFA, 0x4F, 0xAF, 0x45, 0xC7, 0x69, 0xB7, 0x1C, 0x5A, 0x02, 0xBF,
    0xF4, 0xB3, 0xE8, 0x8E, 0xCE, 0x98, 0xA3, 0xAE, 0xE1, 0x9C, 0x85, 0x66, 0x8B, 0x0F, 0xA3, 0x25,
    0xB2, 0x96, 0x29, 0x03, 0x39, 0x8F, 0xB0, 0x6F, 0x86, 0xA3, 0x6B, 0x4F, 0x30, 0x81, 0x45, 0xA5,
    0xF3, 0x69, 0xEB, 0xC9, 0x8C, 0x0F, 0x78, 0xC5, 0xF6, 0x67, 0x59, 0x10, 0x52, 0x6F, 0x05, 0x40,
    0xAF, 0xF2, 0xA8, 0x51, 0xA3, 0xC7, 0xB7, 0xD4, 0x9B, 0x07, 0x88, 0x2D, 0x10, 0xEB, 0x76, 0x6B,
    0x93, 0xEF, 0xE7, 0x7C, 0x72, 0x8D, 0x9C, 0x2F, 0x29, 0xE7, 0x51, 0x0C, 0x8D, 0xF3, 0xEE, 0x9F,
    0xB2, 0xD7, 0xC1, 0x03, 0x44, 0x5B, 0xDC, 0xB7, 0xA8, 0xE4, 0xF2, 0x6F, 0xF8, 0x50, 0x2A, 0xD8,
    0x5D, 0x9A, 0x52, 0x0F, 0x43, 0x06, 0x73, 0x88, 0x0D, 0xB8, 0x92, 0xDF, 0x6F, 0x95, 0x2F, 0x71,
    0xB9, 0xC4, 0x52, 0x76, 0xF0, 0xFE, 0xCE, 0x8E, 0xC8, 0x57, 0xF3, 0xC1, 0xDC, 0xAD, 0x85, 0x40,
    0x04, 0xD5, 0xA6, 0x2D, 0x4E, 0x80, 0x64, 0xED, 0xB0, 0xEE, 0x52, 0x87, 0xAA, 0x2D, 0xD6, 0x33,
    0x28, 0xAD, 0xE9, 0xC1, 0xAC, 0x92, 0xFD, 0x6D, 0xE1, 0xFA, 0xC2, 0x67, 0x04, 0x1B, 0x5E, 0xFC,
    0x93, 0xFF, 0xB7, 0xB3, 0xAB, 0x87, 0xB1, 0xE3, 0xBA, 0xCE, 0x77, 0x66, 0x76, 0x77, 0xC8, 0x1D,
    0x8B, 0x77, 0x8B, 0xA5, 0x4D, 0x65, 0xC9, 0x1D, 0x16, 0x2C, 0x18, 0x86, 0xE4, 0x34, 0x69, 0x02,
    0xBC, 0x9F, 0x91, 0x5C, 0x18, 0x88, 0x80, 0x68, 0x0B, 0x3E, 0x19, 0xB1, 0x0B, 0x22, 0x40, 0x1A,
    0xD1, 0x05, 0x55, 0xA8, 0x58, 0x04, 0x6F, 0xF7, 0x8D, 0x4C, 0x18, 0x0C, 0xAC, 0x86, 0x85, 0x89,
    0x00, 0x69, 0xA4, 0xC2, 0x06, 0x98, 0xA5, 0x81, 0x4D, 0x00, 0x16, 0x8B, 0x60, 0xDF, 0xBE, 0xA1,
    0x54, 0xB8, 0x48, 0xA1, 0x91, 0x00, 0xC2, 0x85, 0x0B, 0x4D, 0x1C, 0x19, 0x48, 0xB6, 0xD1, 0xC8,
    0x1E, 0x02, 0x43, 0x72, 0xDE, 0x7B, 0x39, 0xDF, 0x39, 0x67, 0xDE, 0xFE, 0x89, 0x82, 0x60, 0x36,
    0x1F, 0xDF, 0xBE, 0xDF, 0x99, 0x7B, 0xEF, 0xF9, 0x3F, 0xDF, 0x81, 0x67, 0x47, 0x66, 0xE7, 0x9E,
    0x84, 0x33, 0xE2, 0x28, 0x93, 0xA8, 0x9A, 0x5B, 0x6B, 0x74, 0x0D, 0x51, 0xB6, 0x5B, 0xA3, 0x5E,
    0xEF, 0xED, 0xB7, 0x9E, 0x3F, 0x68, 0xBA, 0x36, 0x6E, 0x8D, 0xB6, 0xF6, 0xB9, 0xEC, 0xBA, 0xE3,
    0xC8, 0x24, 0xEC, 0x36, 0xD9, 0x64, 0x32, 0x41, 0x3B, 0xCC, 0x04, 0x5D, 0x66, 0x84, 0xA6, 0xDF,
    0xF1, 0x68, 0x36, 0x2C, 0x7C, 0x9A, 0x9B, 0x26, 0x9B, 0x8E, 0x10, 0xEC, 0x0F, 0x35, 0x22, 0xAB,
    0x27, 0xF8, 0xEC, 0xCD, 0xA3, 0x63, 0xA8, 0x16, 0x1F, 0x88, 0x6B, 0xD7, 0x14, 0x20, 0x7D, 0x7B,
    0x3C, 0xA5, 0x18, 0x29, 0x8E, 0x98, 0xD6, 0xA7, 0x44, 0x0D, 0xD1, 0xFE, 0x56, 0x52, 0x92, 0x6E,
    0x25, 0x63, 0x33, 0x2D, 0xC9, 0x9F, 0x07, 0xBE, 0x50, 0xAA, 0x02, 0x9C, 0x38, 0xE0, 0x44, 0x3F,
    0xA7, 0xFA, 0xD6, 0xDF, 0xE7, 0xC5, 0x8A, 0xD9, 0x31, 0xA4, 0x33, 0xB1, 0x90, 0x62, 0xAC, 0x70,
    0xF0, 0x78, 0xCA, 0x68, 0x31, 0x53, 0xD5, 0x80, 0x95, 0xFA, 0x0B, 0x33, 0xD9, 0x1A, 0xC5, 0xDD,
    0x67, 0x9C, 0x48, 0x32, 0xAB, 0xDC, 0x5B, 0xF9, 0xC5, 0xD7, 0xD8, 0x2C, 0x33, 0x12, 0xAD, 0xA6,
    0xD8, 0x74, 0xD6, 0x29, 0x61, 0xBC, 0xA7, 0x9A, 0xEA, 0xF2, 0x9B, 0x56, 0x1A, 0xDB, 0xFC, 0x27,
    0x6C, 0x4E, 0x50, 0x53, 0xB1, 0x6A, 0x6A, 0xEE, 0x9B, 0x8A, 0x69, 0x47, 0x8C, 0x84, 0x83, 0xCE,
    0x2F, 0xB8, 0xB3, 0xE8, 0x20, 0xEF, 0xDF, 0x4C, 0x31, 0x25, 0x21, 0xDA, 0x95, 0xC5, 0x52, 0x39,
    0x53, 0x68, 0x17, 0xD2, 0x0F, 0xBF, 0x45, 0xE5, 0xA0, 0x73, 0xE2, 0x3F, 0x4D, 0x83, 0xC7, 0xC1,
    0x05, 0x1C, 0xFC, 0xA7, 0x99, 0x6F, 0x6C, 0xFA, 0x4D, 0x54, 0xAB, 0xD3, 0xFC, 0x27, 0x7A, 0xB3,
    0xF1, 0xEF, 0x9A, 0x3A, 0x43, 0x7F, 0xD6, 0x2B, 0xF4, 0x8F, 0x7F, 0x66, 0x6D, 0xD7, 0x9C, 0x62,
    0x84, 0xCB, 0x81, 0xF0, 0x43, 0x08, 0xEC, 0x8D, 0x9C, 0x64, 0x14, 0xC8, 0xFE, 0x99, 0xCF, 0x97,
    0x6C, 0xF0, 0x8A, 0x6F, 0x48, 0x27, 0x60, 0xF3, 0x8A, 0xC4, 0xA0, 0x24, 0xF9, 0x76, 0x83, 0x4F,
    0x0A, 0xA9, 0xED, 0x62, 0x3F, 0xDF, 0x29, 0xA5, 0xE6, 0x8B, 0xE4, 0x3F, 0xD7, 0x7C, 0xA1, 0x0A,
    0x60, 0xA8, 0x5D, 0x81, 0x5C, 0xB3, 0x47, 0x5B, 0x02, 0x63, 0x0C, 0x30, 0xB3, 0xCE, 0x2F, 0x45,
    0x0C, 0x3A, 0x87, 0x6A, 0xBD, 0xB4, 0x76, 0x4F, 0xB2, 0xF6, 0x5E, 0x93, 0xB5, 0x7F, 0xE7, 0xE0,
    0xF7, 0x86, 0xAA, 0x1E, 0xAC, 0x9E, 0x86, 0x05, 0xAD, 0x5E, 0xF8, 0x4B, 0x73, 0x84, 0xE9, 0x4B,
    0xC9, 0xE5, 0x58, 0x71, 0xC4, 0x47, 0x14, 0x89, 0x59, 0x69, 0xD6, 0x35, 0x96, 0x85, 0x4C, 0xCD,
    0x21, 0x9C, 0xEF, 0xFD, 0x38, 0x95, 0xE1, 0xBB, 0x41, 0x26, 0x07, 0x90, 0x24, 0x74, 0xA8, 0x38,
    0x32, 0x57, 0xB6, 0x1E, 0x04, 0x95, 0xCB, 0xFC, 0x14, 0x41, 0x4D, 0x46, 0xE9, 0x95, 0xAD, 0x71,
    0x30, 0x61, 0xFE, 0x90, 0xDD, 0xE0, 0xCB, 0xB1, 0x04, 0x36, 0xF8, 0x7E, 0xD0, 0x7D, 0xF8, 0x8D,
    0x58, 0x51, 0x72, 0x3F, 0x82, 0x4C, 0x6A, 0xBE, 0x50, 0xEB, 0x36, 0xE0, 0xFD, 0x27, 0x55, 0x0B,
    0x63, 0xC4, 0x5D, 0x4A, 0xD1, 0x87, 0x64, 0x39, 0x87, 0x7C, 0xFD, 0x83, 0x4C, 0xAE, 0x3F, 0xC4,
    0x50, 0x3A, 0xCD, 0x6E, 0x46, 0xC7, 0x86, 0xD1, 0x2D, 0x1E, 0x54, 0x6D, 0x5C, 0x54, 0xDC, 0x53,
    0x94, 0x29, 0x7B, 0x74, 0x7F, 0x9B, 0x2C, 0xEC, 0xAE, 0xD6, 0x30, 0xBE, 0xFD, 0x8D, 0x35, 0x8C,
    0xFC, 0xAE, 0x7B, 0x50, 0xC9, 0x16, 0x03, 0x70, 0xE8, 0x7A, 0x69, 0xC1, 0xC6, 0xA0, 0x04, 0xDA,
    0x63, 0xF5, 0x55, 0xB3, 0x67, 0x9D, 0x06, 0x13, 0xA1, 0x62, 0x0B, 0x3E, 0x87, 0xEF, 0xED, 0x14,
    0xC1, 0x27, 0xBC, 0x11, 0x63, 0x2B, 0xB5, 0x6D, 0x66, 0xF4, 0x51, 0x29, 0x84, 0x47, 0x52, 0xE3,
    0x36, 0xF8, 0x9D, 0xD4, 0xB8, 0x4D, 0xA4, 0xC6, 0x0D, 0x51, 0x2B, 0xFA, 0x64, 0x17, 0x51, 0x2B,
    0xF2, 0xC8, 0x22, 0x8E, 0xDB, 0x0C, 0x12, 0xC9, 0x66, 0x86, 0x95, 0xAC, 0x37, 0x47, 0xAF, 0xAC,
    0xD4, 0x6C, 0x0E, 0x94, 0x8F, 0xBC, 0xAB, 0xD7, 0x7D, 0x85, 0xAF, 0xDB, 0x39, 0x6E, 0xE4, 0x8C,
    0x3D, 0x39, 0x9A, 0xA3, 0x3B, 0x82, 0x24, 0xCB, 0x58, 0x15, 0xB8, 0xD9, 0xAC, 0x9E, 0xE7, 0x9B,
    0xB0, 0xA3, 0x08, 0x96, 0x24, 0x8E, 0xE2, 0x8E, 0xF5, 0xF9, 0x3D, 0x21, 0x08, 0x36, 0xE7, 0xAD,
    0x4A, 0x90, 0x45, 0x14, 0xC1, 0x3F, 0x38, 0xF1, 0x39, 0x6E, 0x22, 0xE8, 0xE9, 0xF7, 0x49, 0xC3,
    0x15, 0xDB, 0x17, 0x42, 0x0E, 0xA6, 0xAF, 0xDB, 0x54, 0xAC, 0x05, 0xDD, 0x52, 0x10, 0xEA, 0x8B,
    0x0B, 0xC6, 0x32, 0xC5, 0x44, 0xD0, 0x3F, 0xF4, 0x3D, 0x08, 0x66, 0x3A, 0x07, 0xA5, 0x3A, 0x16,
    0x3B, 0x36, 0x60, 0x16, 0x2B, 0x28, 0xCB, 0xD8, 0x22, 0x8E, 0x4A, 0x76, 0x84, 0x65, 0x25, 0xEA,
    0xC5, 0x56, 0x95, 0x75, 0xD8, 0x50, 0x4B, 0xCF, 0xD8, 0x06, 0x08, 0x97, 0x10, 0xBE, 0xA4, 0x0F,
    0xDE, 0xC4, 0x09, 0xF4, 0xC8, 0x8E, 0xCC, 0x03, 0x8C, 0x20, 0xA8, 0x83, 0x31, 0x4A, 0x2A, 0xE6,
    0xD7, 0xCC, 0x70, 0x55, 0xBE, 0xE8, 0xDC, 0x9C, 0x5A, 0x57, 0x81, 0x48, 0x47, 0xC1, 0xA6, 0x55,
    0x92, 0xBE, 0x07, 0xC6, 0x5E, 0xCD, 0x15, 0x94, 0x1A, 0x79, 0x09, 0x13, 0xAE, 0x61, 0xA4, 0x7D,
    0x84, 0xF5, 0xDE, 0xA0, 0xBF, 0x0E, 0x64, 0xD0, 0x0C, 0xCA, 0x7A, 0x20, 0xA3, 0x91, 0xC7, 0xC0,
    0xF5, 0x8E, 0x9E, 0xF1, 0xA6, 0x5B, 0x99, 0x80, 0xB8, 0x21, 0x5D, 0x98, 0xE6, 0xD1, 0x24, 0x8E,
    0x30, 0xEE, 0xCB, 0x25, 0xBF, 0x04, 0xEA, 0xDE, 0xAC, 0x94, 0x4A, 0x42, 0xCD, 0x44, 0xB4, 0x1C,
    0xF0, 0xCD, 0x15, 0x27, 0x6A, 0x8B, 0x0C, 0xA4, 0x9B, 0x17, 0x1F, 0x24, 0x97, 0x97, 0x34, 0x26,
    0x40, 0x33, 0x0C, 0x79, 0x36, 0xF4, 0x1D, 0xCF, 0x2F, 0x2B, 0x32, 0xF5, 0x47, 0x26, 0x9D, 0x08,
    0x47, 0x3E, 0x6F, 0x43, 0xF1, 0x54, 0xD0, 0x70, 0x95, 0x28, 0x2E, 0xC0, 0x8E, 0xFC, 0x70, 0x46,
    0x3E, 0xE0, 0x26, 0x1A, 0x18, 0xC8, 0x34, 0xF3, 0x44, 0x46, 0x1B, 0x78, 0xE3, 0x6D, 0xE2, 0x15,
    0x32, 0x41, 0xDA, 0x67, 0x7D, 0xBF, 0x89, 0x7D, 0x0C, 0x27, 0x1E, 0x6F, 0xEB, 0x60, 0xBD, 0x37,
    0xCC, 0x77, 0x47, 0xB1, 0x57, 0x38, 0x13, 0xC4, 0xDF, 0x2D, 0x8A, 0x45, 0x26, 0xFF, 0x92, 0xD9,
    0xC4, 0x99, 0xFE, 0x82, 0xEE, 0x8A, 0xCF, 0x52, 0x69, 0xA6, 0x23, 0x54, 0xF1, 0x38, 0xF2, 0x9B,
    0x9C, 0x11, 0x37, 0x50, 0xCD, 0x83, 0xD0, 0x7B, 0xF4, 0xDE, 0x6D, 0x04, 0xD0, 0x8D, 0xFD, 0xFD,
    0x74, 0x8A, 0x13, 0xE1, 0x3E, 0xFE, 0xD5, 0x89, 0x30, 0x77, 0x7C, 0x54, 0xD0, 0xCB, 0xCC, 0x45,
    0x21, 0xB7, 0x1B, 0x64, 0xCC, 0xC6, 0x10, 0x07, 0x63, 0x5F, 0xFC, 0xBD, 0x3D, 0x5F, 0xEE, 0xD3,
    0xF9, 0xC3, 0xCA, 0x71, 0x78, 0xD2, 0x58, 0x72, 0x13, 0x51, 0x8C, 0xDC, 0x52, 0x2D, 0x1F, 0xCE,
    0xD1, 0x6F, 0xD8, 0xD1, 0xBA, 0xCF, 0x59, 0x1C, 0x6E, 0x9A, 0xB3, 0x63, 0x09, 0x1D, 0x70, 0x3E,
    0xD1, 0x2D, 0x5D, 0x75, 0x2A, 0xFD, 0xCF, 0x2A, 0xE9, 0xEE, 0x4D, 0x06, 0xFF, 0xF7, 0xA3, 0x5F,
    0x63, 0xA0, 0x1D, 0x99, 0x68, 0xB5, 0x6F, 0x16, 0x51, 0x85, 0x73, 0xA2, 0xEB, 0xE7, 0xC4, 0xBA,
    0x8F, 0x75, 0x7D, 0x46, 0xD2, 0xD5, 0xCD, 0x34, 0x5F, 0x40, 0x57, 0x99, 0x85, 0x8D, 0x86, 0xEF,
    0xD0, 0x9E, 0x81, 0x82, 0x79, 0xB2, 0x35, 0x3C, 0xF2, 0xDE, 0x96, 0x19, 0xFD, 0x74, 0x10, 0x03,
    0x69, 0xB3, 0xE6, 0x8C, 0x31, 0xC9, 0x0D, 0xA6, 0xE5, 0x53, 0x66, 0x62, 0xDA, 0x20, 0x8A, 0xC6,
    0xFF, 0xFC, 0x7E, 0x0F, 0x17, 0xE8, 0xFF, 0x26, 0x95, 0x74, 0xF4, 0xC7, 0xBC, 0xD2, 0xA7, 0xFD,
    0xC7, 0xDC, 0x6F, 0x64, 0xDF, 0x48, 0xD9, 0x8E, 0x8B, 0x82, 0x64, 0x03, 0x3F, 0xAE, 0x43, 0x06,
    0x22, 0x4F, 0x5F, 0xB1, 0x31, 0x6B, 0x26, 0xD4, 0x8A, 0x8C, 0xA1, 0xFF, 0x23, 0x46, 0xA4, 0x94,
    0x43, 0x9E, 0x5F, 0xDD, 0x37, 0xD3, 0x9B, 0x25, 0xDD, 0xAE, 0x6A, 0xA5, 0x46, 0x15, 0x85, 0xFB,
    0x15, 0x09, 0xAB, 0x41, 0xB5, 0xE8, 0xE5, 0x13, 0x0E, 0xD7, 0x99, 0x78, 0xED, 0xB0, 0x7D, 0x8B,
    0xEB, 0x5F, 0x51, 0xB3, 0x96, 0xFB, 0xBD, 0x27, 0x0D, 0x1F, 0x55, 0x23, 0x67, 0x32, 0xB1, 0x31,
    0x9C, 0x26, 0x29, 0xBA, 0xA8, 0x2D, 0x39, 0x76, 0x36, 0x8D, 0x15, 0xDD, 0xE7, 0x87, 0xD7, 0x9F,
    0x97, 0x4E, 0xEF, 0x67, 0xD0, 0xDC, 0xCF, 0x3D, 0xC5, 0xF3, 0x87, 0x6C, 0x7C, 0x46, 0x1E, 0x62,
    0x9A, 0x68, 0x8F, 0x0D, 0x89, 0xE6, 0xD7, 0xE4, 0xB1, 0xD7, 0x9C, 0x3B, 0xBD, 0xFF, 0xA1, 0xD8,
    0xEE, 0xD8, 0x3A, 0x47, 0xCE, 0x51, 0xAD, 0xB6, 0x7D, 0x29, 0xE8, 0xE9, 0xF7, 0x5A, 0x0E, 0xFA,
    0x63, 0x1C, 0x2B, 0x6B, 0xA2, 0x3A, 0x98, 0xD1, 0x13, 0x1C, 0x5C, 0x77, 0xA0, 0x7B, 0x17, 0xB2,
    0x30, 0x50, 0xAE, 0x03, 0xA7, 0x39, 0xA7, 0xD1, 0xBF, 0xE2, 0x77, 0xFC, 0xD2, 0x04, 0x37, 0x75,
    0xBD, 0x51, 0x74, 0xC1, 0xED, 0xBD, 0xF4, 0x55, 0x52, 0x74, 0x9D, 0x2B, 0x87, 0x58, 0xC2, 0x14,
    0x9B, 0xF8, 0x65, 0x9B, 0xB8, 0xEE, 0xF1, 0xD9, 0x5B, 0x23, 0x52, 0x66, 0x56, 0xAE, 0x67, 0x48,
    0xE7, 0x7B, 0x8B, 0x0C, 0xB8, 0x73, 0x0B, 0x6B, 0x87, 0x2C, 0xC8, 0x98, 0x39, 0x85, 0x63, 0x7E,
    0x28, 0xE8, 0xC5, 0x82, 0x7E, 0x2A, 0x68, 0x15, 0x23, 0x53, 0x32, 0x76, 0x14, 0x77, 0xC1, 0xAD,
    0x0B, 0x8A, 0x3D, 0xCC, 0xF6, 0x29, 0x2F, 0x43, 0x18, 0x10, 0x5E, 0xE5, 0x31, 0x21, 0x71, 0xD9,
    0xA2, 0xEB, 0x4E, 0x6C, 0x5C, 0xB5, 0x48, 0xCE, 0x81, 0xAE, 0x92, 0xE4, 0x1C, 0x97, 0x9C, 0x14,
    0xCD, 0x92, 0x3B, 0x6A, 0x17, 0x42, 0xAF, 0x95, 0x6D, 0xB1, 0xED, 0x4A, 0xE6, 0xE7, 0x8B, 0x4D,
    0x19, 0x08, 0x77, 0x11, 0xB2, 0xB6, 0x20, 0xA6, 0x2B, 0x95, 0xA0, 0xBF, 0x72, 0x7E, 0xC2, 0x05,
    0xBA, 0x22, 0xE7, 0xE0, 0xF0, 0xEC, 0xC7, 0x4B, 0xB4, 0xFE, 0xE3, 0x18, 0x57, 0x7C, 0x9A, 0x23,
    0xE0, 0xDD, 0x5C, 0x32, 0xE4, 0xFE, 0xA1, 0x86, 0xD1, 0xF6, 0xFC, 0x76, 0x49, 0x02, 0x91, 0xC4,
    0x09, 0xCE, 0x0D, 0xD6, 0xE3, 0x57, 0x62, 0x08, 0xC5, 0xB8, 0x81, 0xAF, 0xC6, 0x5C, 0x60, 0xF8,
    0x0A, 0x47, 0xD5, 0x33, 0xAC, 0xAF, 0x4D, 0x64, 0x94, 0x03, 0x97, 0x25, 0xE1, 0xB7, 0xFD, 0xB6,
    0x94, 0x0A, 0x98, 0xA9, 0x38, 0x05, 0x20, 0x04, 0xE2, 0x82, 0xC9, 0x9A, 0xE7, 0x11, 0xBA, 0xE0,
    0xEC, 0x45, 0x4A, 0xAA, 0xEA, 0xD2, 0x3D, 0x4C, 0x56, 0xA6, 0x49, 0x98, 0x95, 0x11, 0x6B, 0xFC,
    0x69, 0xB1, 0xC8, 0x33, 0xC9, 0x1A, 0x13, 0xED, 0x2F, 0x0E, 0xFB, 0xB5, 0x17, 0x91, 0xAF, 0xF1,
    0xA5, 0x5F, 0x0B, 0x75, 0xDD, 0xBB, 0x4C, 0x4C, 0x85, 0x9A, 0x88, 0x79, 0x37, 0x67, 0x39, 0x6A,
    0x09, 0xDB, 0x67, 0xFF, 0xBE, 0x07, 0x5C, 0xA6, 0x5F, 0xFF, 0x26, 0xF2, 0x3B, 0x0D, 0x82, 0xEC,
    0x98, 0xD1, 0x01, 0x5E, 0x56, 0x1C, 0xA0, 0x6C, 0xDC, 0x62, 0x22, 0x44, 0xE4, 0x65, 0x84, 0x5E,
    0x69, 0xEF, 0x00, 0x4D, 0xE1, 0xFF, 0x36, 0xE5, 0xD7, 0xBB, 0x2F, 0x12, 0x79, 0x1F, 0x69, 0x52,
    0x99, 0x48, 0xC1, 0xDF, 0xB3, 0xA4, 0xDF, 0xD7, 0x22, 0xB1, 0x66, 0xB9, 0x24, 0x7E, 0xC0, 0xAF,
    0xDF, 0x31, 0x2F, 0xF8, 0x7B, 0x4A, 0xE7, 0xAB, 0xD2, 0xA2, 0x34, 0xDD, 0xCB, 0xEB, 0x79, 0x54,
    0xA6, 0xA3, 0x84, 0xDB, 0x45, 0x63, 0x43, 0x8C, 0xB9, 0x8E, 0x24, 0xE5, 0xE8, 0x16, 0xBB, 0x79,
    0x28, 0x0C, 0x0E, 0xF9, 0x75, 0xA6, 0xF3, 0x86, 0xA2, 0x4E, 0x34, 0x95, 0x8E, 0x7F, 0x47, 0x1B,
    0xBF, 0x23, 0xA5, 0x5F, 0x85, 0xAF, 0xA2, 0x4B, 0x6E, 0xDC, 0xB1, 0x83, 0xF2, 0x39, 0xFA, 0x55,
    0x77, 0x35, 0xE8, 0xFE, 0x03, 0x41, 0x47, 0xB9, 0x44, 0xCD, 0x09, 0xFC, 0x43, 0x8F, 0xE4, 0x97,
    0xF0, 0x25, 0x4D, 0xE9, 0x47, 0xFB, 0xFB, 0xC8, 0x82, 0x07, 0x95, 0x3C, 0xEF, 0x8C, 0xF5, 0x75,
    0x97, 0x67, 0xAF, 0xE7, 0xE7, 0xD5, 0x67, 0xE2, 0xC7, 0xA4, 0xEF, 0x20, 0xEF, 0x24, 0x7E, 0x11,
    0xFE, 0x00, 0xF2, 0x93, 0xD6, 0x1F, 0x09, 0x56, 0x32, 0x5C, 0x37, 0xFC, 0xD4, 0x79, 0x3A, 0xC1,
    0xA4, 0xE1, 0x94, 0x87, 0x33, 0xE0, 0x73, 0x69, 0x9F, 0x7A, 0x28, 0x09, 0x25, 0xFD, 0xE0, 0xE7,
    0x7E, 0x3A, 0x1F, 0x20, 0xA8, 0xEB, 0x3F, 0x9E, 0x80, 0xE4, 0x33, 0x09, 0x68, 0x3B, 0x0C, 0x32,
    0x90, 0xBF, 0xDE, 0x23, 0x3B, 0x6F, 0xDE, 0xD8, 0x2F, 0x44, 0xCF, 0x2D, 0x1C, 0x97, 0xF7, 0xAB,
    0xEA, 0xC6, 0x77, 0xC5, 0xAE, 0x53, 0x06, 0xDE, 0x41, 0x3A, 0x54, 0x65, 0x26, 0x72, 0xCD, 0x71,
    0x55, 0xBE, 0x35, 0xD6, 0x51, 0xC3, 0x1D, 0xD6, 0x78, 0x78, 0x03, 0xF8, 0x75, 0xC9, 0xB2, 0xE9,
    0x23, 0x24, 0x98, 0x0C, 0xE2, 0xB9, 0xE1, 0x8F, 0x7A, 0x37, 0x93, 0x48, 0x0A, 0x2A, 0x13, 0x32,
    0xE1, 0x2B, 0x92, 0xFF, 0x89, 0x59, 0x07, 0x23, 0x3C, 0x87, 0xFE, 0x4B, 0xF3, 0x2E, 0x67, 0xB0,
    0x8E, 0x96, 0x31, 0x9E, 0xFB, 0xEE, 0xD3, 0xB7, 0x7B, 0x37, 0x7F, 0x61, 0x22, 0x14, 0x07, 0x59,
    0x26, 0xD6, 0xA2, 0xF3, 0xC0, 0xF4, 0x1D, 0x60, 0xFF, 0xC0, 0xA7, 0x18, 0xE4, 0x8A, 0x4B, 0xEF,
    0x0F, 0xBD, 0xFB, 0xB7, 0xD7, 0xDC, 0x82, 0xEF, 0x1F, 0xED, 0x06, 0x41, 0xD1, 0xBD, 0x6D, 0x2D,
    0x46, 0x64, 0x7A, 0x76, 0xE3, 0xEC, 0xD7, 0x6C, 0xD7, 0x49, 0xFB, 0x23, 0x2A, 0xE5, 0xE3, 0xA3,
    0xFA, 0x0E, 0xF6, 0x67, 0xE6, 0x80, 0x8A, 0x39, 0xF3, 0x6B, 0x8F, 0xF6, 0x14, 0xED, 0xFE, 0xD1,
    0x6B, 0x25, 0xF6, 0x16, 0xDD, 0x5B, 0xFA, 0x0B, 0x8C, 0x4A, 0xD3, 0x41, 0x6C, 0x50, 0xF8, 0xFB,
    0xB9, 0xED, 0x72, 0xD5, 0xCB, 0xFB, 0x33, 0x7B, 0x94, 0xEC, 0x1C, 0x04, 0x46, 0xE3, 0x4D, 0x23,
    0x0C, 0xF1, 0xDD, 0x5C, 0xD0, 0xAF, 0x1D, 0xC9, 0x53, 0x0C, 0x15, 0xCF, 0x29, 0x72, 0x18, 0x7A,
    0x9B, 0x09, 0x0E, 0xB5, 0xFC, 0x4E, 0x1E, 0x2F, 0xE8, 0xF3, 0xF6, 0x3D, 0xC1, 0xF0, 0x35, 0xC1,
    0xAE, 0x33, 0xE1, 0xE7, 0x37, 0xF4, 0xF5, 0xB5, 0xF3, 0x14, 0xE5, 0x7B, 0x4E, 0x29, 0xAF, 0xF7,
    0x0A, 0x41, 0x31, 0x82, 0x50, 0x00, 0x2E, 0x88, 0x09, 0xC4, 0x50, 0x84, 0x81, 0x61, 0xD6, 0x2A,
    0xE9, 0x41, 0x9B, 0xBF, 0xC1, 0xD7, 0xED, 0x2A, 0xD3, 0x33, 0x30, 0x18, 0xAB, 0xEF, 0x3C, 0x4A,
    0xDA, 0x52, 0xD5, 0x97, 0xB6, 0x5D, 0xD8, 0x29, 0x9E, 0x11, 0xC4, 0x4A, 0x3C, 0xE5, 0x1B, 0xD7,
    0x56, 0x1F, 0x9B, 0x71, 0x59, 0x71, 0x10, 0xCB, 0xD4, 0xB4, 0xAE, 0x14, 0xB3, 0xD5, 0xFE, 0x78,
    0x1E, 0xF7, 0xE3, 0xC6, 0x6C, 0xE8, 0xDF, 0x9C, 0x39, 0xAD, 0x3B, 0x27, 0xA4, 0xB5, 0x62, 0xC7,
    0xD6, 0x13, 0x1A, 0xC6, 0x36, 0xDF, 0xDF, 0x53, 0x64, 0x11, 0xA0, 0x99, 0x24, 0xA4, 0x95, 0xE5,
    0x5E, 0x12, 0x48, 0x72, 0xDA, 0x82, 0x6D, 0x3F, 0xF3, 0xFE, 0x9B, 0xAB, 0x61, 0x63, 0xB6, 0x87,
    0xA4, 0x33, 0x4F, 0x7F, 0x6B, 0x2C, 0x36, 0xBB, 0xC6, 0x4D, 0x06, 0xA2, 0xB3, 0x57, 0x98, 0x79,
    0x92, 0x84, 0x1E, 0xE4, 0xFA, 0x22, 0xF8, 0x1F, 0xC4, 0x9A, 0x8F, 0x0F, 0xFB, 0x31, 0x41, 0xCE,
    0xE5, 0x8E, 0x37, 0x7C, 0xB1, 0xC7, 0xC8, 0x6A, 0xBA, 0x2B, 0xF6, 0x8C, 0xBD, 0x9B, 0xB2, 0xD1,
    0xEA, 0x0A, 0x25, 0x1F, 0x9F, 0xEF, 0x06, 0xF9, 0x64, 0xF8, 0x1F, 0xC3, 0x7E, 0x5B, 0x56, 0x1C,
    0xC4, 0x4A, 0xDD, 0x57, 0x08, 0xFA, 0xB5, 0xBE, 0xBE, 0x1F, 0xE8, 0xFB, 0x82, 0xCF, 0x45, 0x5F,
    0x32, 0x42, 0xAB, 0xFE, 0x4C, 0x7A, 0x74, 0xAD, 0x50, 0xFD, 0x7D, 0x87, 0xCE, 0x00, 0x30, 0x52,
    0xEC, 0xD8, 0xF9, 0xDE, 0x1E, 0x06, 0x98, 0x84, 0x32, 0xDC, 0xB2, 0x8E, 0x78, 0x08, 0xA8, 0x53,
    0x76, 0x24, 0xA3, 0x8E, 0x92, 0x39, 0x7C, 0x0F, 0xF6, 0x1E, 0x32, 0xEB, 0x70, 0xFA, 0x90, 0x26,
    0x4C, 0xCA, 0x1E, 0xBD, 0xEF, 0x46, 0xD7, 0xE3, 0x09, 0x00, 0xF5, 0xA2, 0x97, 0xA9, 0x7E, 0x8F,
    0xCD, 0x91, 0xEB, 0x56, 0x0D, 0xA0, 0xFA, 0x98, 0x76, 0xE9, 0x9B, 0xEA, 0xBF, 0x59, 0x69, 0x41,
    0x72, 0x14, 0x8D, 0x75, 0x92, 0x57, 0x18, 0xBD, 0x22, 0x7A, 0x5D, 0x28, 0xC5, 0x03, 0xF6, 0x63,
    0x22, 0x64, 0x7F, 0x3B, 0x6C, 0xC1, 0x0C, 0x61, 0xD7, 0x56, 0x1C, 0x64, 0xA8, 0x6D, 0xBE, 0x00,
    0x42, 0xDD, 0x5D, 0x1F, 0x4D, 0x72, 0xF1, 0xC9, 0xB2, 0xDC, 0x50, 0x43, 0x39, 0x8A, 0xDF, 0x99,
    0x47, 0x33, 0xDE, 0x1A, 0x8C, 0xE7, 0xA9, 0x10, 0x00, 0xBB, 0x2F, 0xBE, 0x94, 0x09, 0x09, 0xBF,
    0xFB, 0x24, 0xE1, 0x86, 0x9F, 0xF7, 0xC9, 0xA1, 0x07, 0x6B, 0x5D, 0x40, 0x0E, 0xAE, 0x97, 0x83,
    0xFC, 0x73, 0x8C, 0x08, 0x16, 0x9A, 0xD9, 0x12, 0x92, 0xF3, 0x29, 0xCA, 0x63, 0x43, 0x8E, 0xEF,
    0xBA, 0xC5, 0x75, 0x73, 0x89, 0xF3, 0x07, 0xA7, 0x0E, 0xD9, 0xDF, 0x3C, 0x6B, 0xE8, 0x25, 0xD7,
    0x6D, 0x46, 0xCD, 0x75, 0x8B, 0x59, 0x8D, 0x17, 0xB6, 0x0F, 0x66, 0xEF, 0x18, 0xE5, 0x7B, 0xE1,
    0x80, 0x13, 0x28, 0xC6, 0x97, 0x55, 0x3E, 0x0D, 0x24, 0x4F, 0x5E, 0x93, 0x7E, 0xB7, 0xE8, 0xA5,
    0xF3, 0xC1, 0xB7, 0x1D, 0x30, 0x7B, 0xF5, 0x40, 0x63, 0xA2, 0xB5, 0x70, 0xA4, 0xFB, 0x45, 0x8B,
    0x2D, 0xF3, 0x28, 0x6D, 0x71, 0x07, 0x10, 0xC6, 0xEC, 0x21, 0x07, 0x56, 0xAD, 0xB5, 0x4C, 0xEB,
    0x1D, 0x73, 0xD9, 0x94, 0xAD, 0x75, 0x54, 0x87, 0x39, 0x45, 0xAB, 0x45, 0xFB, 0x9E, 0x76, 0x7F,
    0x0B, 0xA5, 0x18, 0x95, 0x97, 0xB6, 0x48, 0xB2, 0x90, 0x12, 0x4D, 0x5A, 0x16, 0xCC, 0x73, 0x91,
    0x69, 0x91, 0x01, 0xE3, 0x67, 0x1B, 0xA6, 0x15, 0x24, 0x7D, 0x9B, 0x2E, 0x9B, 0xD6, 0xBC, 0xF9,
    0xEB, 0x30, 0xD1, 0x62, 0x10, 0x72, 0xD0, 0xF1, 0x7B, 0xCF, 0x18, 0xD3, 0x55, 0x63, 0xFE, 0xCA,
    0xBD, 0x43, 0x65, 0x37, 0x41, 0x22, 0x68, 0xAB, 0x79, 0x6E, 0xE2, 0x73, 0x78, 0x16, 0x2A, 0x46,
    0xA7, 0x2C, 0xC2, 0xBF, 0x4A, 0x30, 0x80, 0x41, 0x64, 0xA5, 0xD3, 0xBB, 0x79, 0xBF, 0xD7, 0xF8,
    0x9D, 0x89, 0xFA, 0x5F, 0x9C, 0xB5, 0xC5, 0xF3, 0x9B, 0x8A, 0x83, 0x4C, 0x68, 0x8A, 0x82, 0x4A,
    0xE9, 0x8F, 0x1A, 0x0F, 0xE2, 0xA2, 0x23, 0x41, 0x3C, 0xD3, 0xD8, 0xF3, 0x9E, 0xEA, 0x37, 0x25,
    0xE1, 0x7E, 0x45, 0x31, 0xD4, 0xE7, 0xBB, 0x8A, 0x6D, 0xFD, 0xFB, 0xAE, 0x62, 0xE5, 0xB1, 0x1E,
    0x75, 0x0B, 0x79, 0x9E, 0x64, 0x31, 0x3F, 0x0E, 0x32, 0x79, 0xDE, 0x2A, 0xA9, 0x37, 0x37, 0x01,
    0x5C, 0xA1, 0xB5, 0xE7, 0x4A, 0xF2, 0xB1, 0x38, 0x88, 0x8B, 0xF7, 0xB0, 0x8C, 0x39, 0xB7, 0xBA,
    0xB0, 0x1C, 0x5C, 0xC9, 0x82, 0xCA, 0xC1, 0xC0, 0xCB, 0xC2, 0x01, 0x41, 0xF4, 0x08, 0x34, 0xCD,
    0xA3, 0x69, 0xBD, 0x17, 0xB3, 0x53, 0x57, 0x73, 0x44, 0xF3, 0x7B, 0x4F, 0x6E, 0xEC, 0xE8, 0xF9,
    0xDE, 0xD1, 0xF8, 0xFE, 0x0E, 0xAC, 0xC3, 0xE0, 0xEF, 0x80, 0x9B, 0xA8, 0xB7, 0x1C, 0xD2, 0xB9,
    0x42, 0x9D, 0x31, 0xBD, 0xC5, 0xAF, 0xAF, 0x01, 0x2B, 0xB3, 0xD3, 0x0A, 0x49, 0xB3, 0xD1, 0x0B,
    0x37, 0x47, 0x0F, 0x80, 0x78, 0x92, 0xF1, 0x9F, 0xB6, 0xE5, 0xB1, 0xD1, 0xE7, 0x15, 0xDB, 0x90,
    0x6C, 0x96, 0x55, 0xD2, 0x10, 0xB8, 0xEB, 0x8C, 0xC6, 0x05, 0x61, 0x39, 0x9A, 0xDE, 0x23, 0x74,
    0x8B, 0xE9, 0x36, 0xAD, 0x39, 0x5D, 0xEF, 0x5A, 0x48, 0x1A, 0x8F, 0xF9, 0x1B, 0xA1, 0xEF, 0xD0,
    0xE2, 0x02, 0x96, 0x2B, 0x48, 0x46, 0xDA, 0xEF, 0x5C, 0x7F, 0x0A, 0x7D, 0x78, 0x06, 0x28, 0x29,
    0x82, 0x45, 0x67, 0xD6, 0x62, 0xA2, 0xFA, 0xAC, 0x59, 0x77, 0xF8, 0x1B, 0xA5, 0xD8, 0xA2, 0xB0,
    0xE3, 0x27, 0x4C, 0xE1, 0x19, 0xFB, 0x25, 0xE2, 0x03, 0x8B, 0xE0, 0xDF, 0x2E, 0x85, 0xE5, 0x8A,
    0x73, 0xD6, 0xCC, 0x72, 0x45, 0xAF, 0x98, 0xD2, 0x02, 0xFF, 0xBE, 0x5C, 0x32, 0xEB, 0xA0, 0x84,
    0x5D, 0x6A, 0x66, 0xEA, 0x76, 0x9B, 0xF3, 0x53, 0x2D, 0x6C, 0xFD, 0x1B, 0x78, 0x12, 0xE8, 0x1C,
    0x4D, 0x02, 0xC2, 0x8B, 0xF6, 0xFE, 0xA6, 0x05, 0x6F, 0x82, 0x8D, 0xAF, 0x1F, 0xC5, 0xE9, 0x04,
    0xB8, 0xA4, 0xD8, 0xD6, 0xBF, 0x6F, 0x28, 0xEE, 0xDA, 0x84, 0xB1, 0x92, 0xE7, 0xC9, 0x7A, 0xDF,
    0xDF, 0x23, 0x84, 0xF5, 0x8E, 0xBF, 0xFB, 0x19, 0x38, 0x5A, 0xE9, 0xCA, 0x53, 0xC1, 0x30, 0x16,
    0xEC, 0x1A, 0xFB, 0xFD, 0x89, 0xBB, 0x9D, 0x9E, 0x21, 0xAC, 0xB9, 0xB0, 0x73, 0xC1, 0xAC, 0x99,
    0x1B, 0xB3, 0x73, 0x4E, 0x27, 0x87, 0xCB, 0x57, 0xFC, 0x89, 0x2B, 0x65, 0xA8, 0x83, 0xCF, 0x48,
    0xAF, 0x92, 0xA8, 0x0A, 0x3E, 0x2A, 0xC4, 0x1B, 0x7B, 0x5D, 0xD1, 0x6D, 0x50, 0xBB, 0xDD, 0x04,
    0x97, 0xF4, 0xEF, 0x1D, 0xC5, 0x41, 0x2E, 0xE8, 0x8F, 0xF5, 0x75, 0x43, 0xC5, 0x53, 0xE6, 0x25,
    0xFF, 0xF4, 0xFC, 0x78, 0x5A, 0x56, 0x6F, 0xFF, 0xEB, 0xC9, 0xD3, 0x8D, 0x1F, 0xD3, 0x2A, 0xBE,
    0x91, 0x14, 0x2D, 0xE8, 0xF1, 0x40, 0x70, 0x43, 0xB1, 0x16, 0x74, 0x4A, 0x41, 0xAF, 0x10, 0x0C,
    0x32, 0x41, 0x9B, 0x6E, 0xEF, 0x3F, 0xDF, 0xDB, 0xFE, 0xDF, 0x48, 0xE6, 0x58, 0xD6, 0x8B, 0xCE,
    0xD6, 0x11, 0xBF, 0xED, 0x60, 0xDD, 0xDD, 0x14, 0x96, 0x1C, 0xC2, 0x21, 0x9C, 0x5B, 0x2B, 0x1D,
    0x16, 0xD2, 0x0E, 0x8A, 0xAF, 0xDB, 0x2C, 0x5F, 0xDB, 0x66, 0x93, 0xDE, 0x77, 0x7A, 0xEB, 0x3F,
    0x1F, 0x8C, 0x30, 0xF9, 0x7B, 0x3A, 0x1D, 0x4F, 0x05, 0x27, 0x85, 0xEC, 0x7F, 0xE8, 0xD2, 0x25,
    0x23, 0xF6, 0x27, 0xCA, 0xC3, 0xC9, 0x42, 0xFD, 0xB0, 0x9B, 0x73, 0xE1, 0x62, 0xE5, 0xD7, 0xC1,
    0x93, 0xB5, 0x5B, 0xDB, 0x85, 0x79, 0x04, 0xBD, 0x6A, 0xB9, 0x6D, 0xA0, 0x64, 0xC9, 0x69, 0x93,
    0x42, 0xA7, 0x1A, 0x17, 0x3A, 0xE5, 0x98, 0xF1, 0xA2, 0x35, 0x7F, 0xDC, 0x9A, 0x3C, 0x40, 0x40,
    0xFD, 0x4F, 0xF8, 0x1E, 0xF2, 0xCF, 0xF9, 0x71, 0x79, 0xDD, 0xC1, 0xF3, 0x2E, 0x33, 0x99, 0x43,
    0xAE, 0xB7, 0x18, 0xFD, 0x6C, 0x97, 0x31, 0x48, 0x4B, 0x18, 0xF9, 0xC6, 0xFE, 0xB4, 0x60, 0x24,
    0x63, 0xCB, 0x43, 0x1E, 0xA8, 0x6B, 0x3F, 0x9E, 0xA6, 0x5B, 0xA5, 0xB9, 0x10, 0xBC, 0x3E, 0x4D,
    0x98, 0x4A, 0x82, 0x16, 0xFD, 0x56, 0x2C, 0xFB, 0x3D, 0xD5, 0x8A, 0x10, 0x60, 0x4D, 0xFE, 0x33,
    0xC9, 0x2D, 0xB2, 0xDF, 0x24, 0x7E, 0x16, 0x7E, 0x5A, 0x60, 0x2F, 0x81, 0x33, 0xDD, 0x4B, 0x1B,
    0x76, 0x51, 0x46, 0x8D, 0xAF, 0x35, 0x28, 0xEF, 0xEF, 0xA8, 0x2F, 0x38, 0xC8, 0xD4, 0x4F, 0xAE,
    0x95, 0x1D, 0xA5, 0x9E, 0xD1, 0xF2, 0xAA, 0x9C, 0x33, 0xCD, 0xFB, 0x9E, 0xF3, 0x44, 0x1D, 0x2E,
    0xEA, 0xE0, 0x08, 0x50, 0xE1, 0xA2, 0x0E, 0x25, 0x30, 0xF2, 0x3D, 0x74, 0x7B, 0x18, 0x23, 0x7D,
    0xDC, 0x51, 0xDC, 0x35, 0xCC, 0x63, 0x86, 0x09, 0xF3, 0xA8, 0x5B, 0x61, 0x92, 0xB1, 0x0B, 0x6C,
    0x2B, 0x39, 0x63, 0x56, 0x2E, 0x26, 0x2C, 0xB9, 0x5F, 0x6B, 0x81, 0x36, 0xD3, 0x6D, 0xF2, 0xCF,
    0xAC, 0x0E, 0x1F, 0x61, 0x86, 0xF4, 0xF8, 0x40, 0xAF, 0x71, 0x13, 0xC1, 0x5A, 0x50, 0xE9, 0x08,
    0x92, 0xE9, 0x1B, 0x82, 0xD1, 0xFB, 0x09, 0x97, 0x9E, 0xB8, 0x41, 0x32, 0x2B, 0xD5, 0xD6, 0xDA,
    0x6D, 0xF1, 0xBA, 0x03, 0x18, 0x3C, 0x19, 0xC9, 0xB9, 0xBB, 0xFB, 0x5B, 0x0F, 0xB3, 0x4D, 0x36,
    0x7C, 0xBC, 0x8C, 0xE4, 0x1C, 0xA3, 0x5F, 0xDB, 0xBB, 0x4F, 0x30, 0x59, 0x6B, 0xC7, 0xF2, 0xEB,
    0xE8, 0x1C, 0xCB, 0x63, 0x7D, 0x1D, 0x1C, 0xA2, 0x06, 0xF1, 0x7E, 0x73, 0xCA, 0xCA, 0x10, 0xEE,
    0x28, 0x74, 0x7A, 0x43, 0xB2, 0x13, 0x3B, 0x91, 0x28, 0xA8, 0x7E, 0xC7, 0xB9, 0xD7, 0x5F, 0x01,
    0x07, 0x26, 0x99, 0xCB, 0x64, 0x8D, 0x96, 0x7D, 0x3F, 0xED, 0x63, 0x9F, 0xEF, 0x82, 0x14, 0x3B,
    0xF7, 0xB3, 0x2A, 0xE2, 0xB9, 0xBC, 0x8F, 0xCB, 0x21, 0x68, 0x4D, 0xC3, 0x3B, 0x05, 0xFA, 0x98,
    0xD7, 0xBB, 0x7E, 0xB6, 0x74, 0x96, 0x7E, 0xF7, 0x19, 0xB8, 0x39, 0x87, 0x14, 0xDB, 0x1C, 0x2D,
    0xC0, 0x23, 0x16, 0xAE, 0x2D, 0xDA, 0x52, 0xD3, 0x3C, 0x24, 0x0F, 0xA7, 0x20, 0xF4, 0x2A, 0x52,
    0x96, 0xAB, 0x6F, 0x91, 0x9F, 0x18, 0xDC, 0xC9, 0x56, 0x9D, 0xDC, 0x5C, 0xF4, 0xBF, 0x9F, 0x02,
    0x71, 0x5C, 0x81, 0x9E, 0x22, 0x7E, 0x95, 0xE0, 0x3A, 0x99, 0x22, 0x79, 0xDB, 0xAC, 0xAD, 0x2F,
    0x13, 0x0E, 0xD2, 0x62, 0xFD, 0xEA, 0x2A, 0xF9, 0x91, 0x25, 0xD0, 0xC9, 0x9D, 0x5C, 0x90, 0x96,
    0x73, 0xFD, 0xEA, 0xF5, 0x97, 0x60, 0x04, 0x7B, 0xE6, 0xF9, 0x64, 0x17, 0xF8, 0x88, 0x36, 0x4B,
    0x1B, 0x5B, 0xB6, 0xF7, 0xAC, 0xDF, 0x72, 0xD0, 0x43, 0x5D, 0x9C, 0x23, 0x84, 0x26, 0xC7, 0xEC,
    0x45, 0xC4, 0xC4, 0xCC, 0x8E, 0x93, 0x33, 0x49, 0x5F, 0xE9, 0x48, 0xCD, 0x52, 0xE1, 0xE4, 0x21,
    0x8A, 0x8F, 0xE9, 0xDB, 0x50, 0x61, 0xE7, 0xA5, 0x4E, 0xBE, 0xE1, 0x60, 0x86, 0xCD, 0x4F, 0xF2,
    0xF3, 0xE6, 0x43, 0x92, 0xEE, 0x23, 0x89, 0x08, 0x99, 0x2B, 0x87, 0xE3, 0xEF, 0x7C, 0xFC, 0xFD,
    0x0A, 0x06, 0x09, 0xDC, 0x26, 0xCC, 0x24, 0x43, 0xA9, 0x4F, 0x26, 0x05, 0x35, 0x5E, 0x4A, 0x77,
    0xBF, 0xA5, 0x2C, 0x18, 0x2D, 0x19, 0x7A, 0xF3, 0x35, 0xD8, 0x36, 0x57, 0x26, 0x0F, 0x9F, 0x4F,
    0x1F, 0xE8, 0x3E, 0x07, 0x9F, 0x14, 0xD3, 0x62, 0x39, 0x63, 0x79, 0x8D, 0xB9, 0xD4, 0x82, 0x79,
    0xBC, 0xC3, 0x2C, 0xE1, 0xD3, 0xF1, 0x8E, 0xEC, 0xF3, 0xA1, 0xA6, 0xD1, 0xDA, 0xA8, 0x6F, 0x10,
    0xE4, 0x61, 0xBF, 0xE8, 0x02, 0x8C, 0x95, 0x1E, 0x58, 0xFF, 0xBE, 0xA1, 0xB8, 0x8B, 0x89, 0x53,
    0x43, 0x84, 0x34, 0x85, 0x76, 0xA7, 0x90, 0xBF, 0xFB, 0xB9, 0x20, 0xC2, 0x2B, 0xAC, 0x1C, 0x13,
    0xC2, 0xB3, 0x1B, 0x86, 0xE3, 0x10, 0xDC, 0x7E, 0x41, 0x37, 0x40, 0x2D, 0x19, 0x66, 0x00, 0x96,
    0xE2, 0x49, 0x1E, 0xAF, 0x61, 0xF7, 0xB7, 0xEE, 0xA1, 0xB8, 0x8C, 0x03, 0xF1, 0x3C, 0x8E, 0x44,
    0xAA, 0xD1, 0x25, 0xFE, 0xBA, 0x28, 0xF5, 0x07, 0xC6, 0x36, 0x33, 0x6D, 0x7A, 0x6F, 0xF7, 0x7A,
    0x5C, 0xE6, 0xDD, 0xA2, 0xB3, 0xDF, 0x66, 0xF4, 0xB2, 0x41, 0x62, 0xCD, 0xE6, 0xF6, 0x67, 0x49,
    0x50, 0xDA, 0x88, 0xE3, 0xF9, 0xB5, 0x5D, 0x1D, 0xE2, 0x54, 0x5D, 0x92, 0xE7, 0xF1, 0x7A, 0xA1,
    0x09, 0xE6, 0xB2, 0xF6, 0x54, 0x87, 0x78, 0x93, 0xDC, 0xD7, 0x68, 0x2F, 0xDA, 0x2F, 0xF0, 0xF3,
    0xDA, 0xD7, 0xA5, 0x9C, 0x6B, 0xF7, 0xFA, 0xDC, 0x25, 0x24, 0x0F, 0xAB, 0xF6, 0x85, 0xF5, 0xEB,
    0x74, 0xC6, 0x8A, 0xD6, 0xD5, 0x75, 0xD6, 0x67, 0xFD, 0xD6, 0xBA, 0xEF, 0x90, 0x14, 0xDD, 0x59,
    0x5F, 0x37, 0x17, 0x0A, 0x9B, 0x96, 0x8F, 0x08, 0xD7, 0xC3, 0xD7, 0x8B, 0x62, 0xDD, 0x5C, 0x6B,
    0x45, 0xDE, 0xA7, 0xD9, 0x60, 0x6B, 0x77, 0x69, 0x9E, 0x3B, 0x3C, 0xCB, 0x83, 0x10, 0x34, 0x52,
    0xCE, 0x67, 0x98, 0xD6, 0x39, 0x40, 0x39, 0x9B, 0xCD, 0x43, 0xF4, 0xAF, 0x90, 0x05, 0x49, 0xC8,
    0xDD, 0x41, 0x84, 0x43, 0x6E, 0x5B, 0x45, 0xBF, 0x4D, 0x65, 0xE6, 0x14, 0xC9, 0x4C, 0xF8, 0x29,
    0xCB, 0xF3, 0x30, 0xB8, 0x23, 0x7D, 0x47, 0xC1, 0xFB, 0x1F, 0xC9, 0x78, 0xE6, 0x0F, 0x3E, 0x41,
    0xE6, 0x27, 0x0C, 0xB6, 0x3D, 0x92, 0xAF, 0x45, 0x18, 0xFC, 0x1C, 0x43, 0x0E, 0xF0, 0x79, 0xA8,
    0xAE, 0x78, 0x77, 0x3E, 0xD0, 0xCA, 0x8C, 0x85, 0x64, 0xB6, 0xDB, 0x66, 0x7D, 0x60, 0xE4, 0xA7,
    0x84, 0x22, 0xEF, 0xA2, 0xF0, 0xE1, 0xFE, 0x1E, 0xC9, 0xBB, 0xF6, 0xAA, 0x97, 0xAE, 0x43, 0x8E,
    0x29, 0x96, 0x82, 0x6E, 0x21, 0xE8, 0xE5, 0x82, 0x41, 0x2A, 0x68, 0x13, 0xC1, 0xC8, 0x1D, 0x3D,
    0xDC, 0x9F, 0x6C, 0xFF, 0xB2, 0x23, 0xA4, 0x1C, 0xE5, 0x9C, 0x90, 0x14, 0xCF, 0xE8, 0x1E, 0xC9,
    0x76, 0xE1, 0xEF, 0x09, 0x2A, 0x99, 0x54, 0xE6, 0x4C, 0x63, 0x99, 0x4C, 0x16, 0x65, 0x64, 0x86,
    0xDF, 0xC6, 0x08, 0x93, 0x46, 0xEE, 0x56, 0x1A, 0x7B, 0x28, 0x75, 0xE5, 0x9B, 0xBF, 0xF3, 0xEF,
    0xBD, 0xD6, 0x64, 0x27, 0x13, 0x1E, 0xEC, 0xFB, 0xA1, 0x2D, 0x25, 0xAF, 0xE0, 0x4C, 0x48, 0xAF,
    0x5A, 0xD0, 0xAF, 0x2B, 0xCE, 0x29, 0x9A, 0x23, 0xF9, 0x87, 0xDC, 0x34, 0x13, 0x29, 0xED, 0xDF,
    0xB2, 0x3D, 0x61, 0xC2, 0x9B, 0xA2, 0xD7, 0xBB, 0x8B, 0x13, 0xB6, 0x6B, 0x37, 0x60, 0x8A, 0x8D,
    0x61, 0xED, 0x5B, 0xE4, 0x55, 0x5D, 0xA4, 0x14, 0xA3, 0x54, 0xF2, 0x2C, 0x13, 0xF1, 0x37, 0x06,
    0x63, 0xF6, 0x47, 0x43, 0xE4, 0x0D, 0x22, 0xB3, 0x3D, 0xCD, 0x57, 0xA6, 0xD5, 0x3C, 0xE7, 0x4B,
    0x6F, 0x17, 0x52, 0x56, 0xC1, 0x12, 0xFA, 0x38, 0x57, 0x86, 0xFD, 0x56, 0xC8, 0xA6, 0x21, 0x1A,
    0x57, 0xB8, 0x97, 0x20, 0xE5, 0x72, 0x47, 0xE9, 0x3E, 0xB1, 0x1C, 0x34, 0xE4, 0x8A, 0xDF, 0x0E,
    0x7E, 0x1F, 0x9C, 0x0B, 0x44, 0x5A, 0x43, 0x28, 0x00, 0x58, 0x07, 0xA8, 0xC9, 0x23, 0xDB, 0xB0,
    0x8B, 0x6E, 0x71, 0x44, 0x98, 0x72, 0xE5, 0x05, 0xD5, 0xE8, 0x48, 0xAD, 0x2C, 0x64, 0xE5, 0xAE,
    0x16, 0x7A, 0x74, 0xD4, 0x63, 0x96, 0xB4, 0x7C, 0x98, 0x5A, 0xAD, 0xAF, 0x11, 0x77, 0x67, 0x22,
    0xA5, 0x8E, 0x20, 0x73, 0xE7, 0xAE, 0xC5, 0x9C, 0x9B, 0x15, 0x50, 0x5B, 0x82, 0xA2, 0x18, 0x21,
    0xEA, 0x18, 0x54, 0xA1, 0xF4, 0x47, 0x14, 0x27, 0xCD, 0xA6, 0x8D, 0x63, 0xD8, 0x3F, 0xE2, 0x85,
    0x69, 0xF7, 0x61, 0x1E, 0xCD, 0x46, 0x5C, 0x4D, 0xB8, 0x7E, 0xEE, 0x20, 0x77, 0x5F, 0xEA, 0x78,
    0x80, 0x42, 0x6E, 0x0C, 0x18, 0x7A, 0x12, 0xA9, 0x4F, 0x11, 0xCC, 0x2F, 0xDA, 0xE4, 0x02, 0x04,
    0x67, 0x9F, 0xEB, 0x41, 0x79, 0x74, 0x1A, 0x46, 0x9B, 0xA4, 0x65, 0x08, 0xF2, 0x72, 0xFB, 0x5E,
    0x11, 0x32, 0xAB, 0xA4, 0x9B, 0x47, 0x38, 0x30, 0x5D, 0xD2, 0x81, 0x1F, 0xD1, 0x07, 0x0D, 0x9D,
    0xA4, 0xAB, 0xF1, 0xF4, 0xBD, 0x42, 0xE2, 0xE9, 0x20, 0xB7, 0xF6, 0x0B, 0xFA, 0xEF, 0x06, 0xDB,
    0xD6, 0x5C, 0x17, 0xDA, 0xC5, 0xCD, 0xC7, 0xB4, 0x17, 0xB6, 0xAC, 0x0B, 0x73, 0x1E, 0x96, 0x36,
    0xDF, 0x10, 0x58, 0xDE, 0xB8, 0x21, 0x90, 0xE1, 0x21, 0x93, 0x04, 0x49, 0x26, 0x48, 0xE3, 0xCE,
    0x6A, 0xC6, 0xA9, 0x59, 0xA7, 0x8F, 0xEB, 0x63, 0xF7, 0xA0, 0xAF, 0xAC, 0xAB, 0xBB, 0x5A, 0x00,
    0x51, 0x1F, 0x3C, 0x3E, 0xF6, 0xBA, 0xE6, 0xFD, 0x47, 0x3F, 0xEF, 0xC1, 0x49, 0x2E, 0x96, 0xD3,
    0xB8, 0x4D, 0x97, 0xD8, 0x95, 0xC2, 0x66, 0x91, 0xFD, 0xC2, 0x5D, 0xC6, 0x2C, 0x82, 0x49, 0x4E,
    0xF3, 0xFE, 0x00, 0x6D, 0x3C, 0x42, 0x1A, 0xF4, 0x8B, 0x87, 0x95, 0x30, 0x43, 0x56, 0x1B, 0x9A,
    0x94, 0x12, 0xBE, 0xA4, 0x28, 0xC3, 0x15, 0x22, 0x11, 0xEA, 0x20, 0xE1, 0x8F, 0x85, 0xEE, 0x3E,
    0x33, 0x7F, 0xC5, 0x3D, 0x21, 0xD3, 0x4A, 0x74, 0x76, 0x54, 0xBE, 0xDA, 0x8C, 0xF6, 0x5A, 0xD5,
    0x79, 0xBF, 0xA1, 0x96, 0x0E, 0x85, 0xEA, 0x60, 0x87, 0xBA, 0xF4, 0xA1, 0xA6, 0xC1, 0x80, 0xAF,
    0x72, 0x94, 0xE8, 0x7D, 0x9C, 0x47, 0x1B, 0xFA, 0xA8, 0x14, 0x2A, 0xCE, 0x90, 0x18, 0x03, 0xD9,
    0xD2, 0x6A, 0x68, 0x03, 0xC1, 0x55, 0xC6, 0x6B, 0xE1, 0x35, 0xC6, 0x76, 0xD4, 0x62, 0x6C, 0x45,
    0x73, 0x8C, 0xFD, 0x08, 0x25, 0x36, 0x0F, 0x8B, 0xE5, 0xEB, 0x7C, 0xA0, 0xC1, 0x68, 0xC2, 0x8F,
    0xE9, 0x48, 0xF0, 0xF3, 0x42, 0x0A, 0x82, 0xE8, 0x42, 0x2C, 0xEE, 0xEF, 0x20, 0x15, 0xDC, 0x2B,
    0x44, 0x8D, 0x54, 0xCC, 0xD5, 0x46, 0xA7, 0xA0, 0x2B, 0xE9, 0xC7, 0x22, 0xEC, 0x48, 0x9C, 0xF4,
    0xD4, 0x86, 0x1E, 0xC2, 0x5A, 0x4A, 0x55, 0x24, 0x59, 0xB7, 0xA9, 0xCE, 0x7F, 0x5F, 0xB3, 0x38,
    0x4B, 0x07, 0x82, 0x7C, 0xD6, 0x17, 0x9D, 0x9C, 0x1C, 0xB6, 0x10, 0xEB, 0xB0, 0x85, 0xEC, 0x30,
    0x26, 0xDF, 0xF4, 0xBE, 0xE3, 0x6C, 0x95, 0x2F, 0x63, 0xA5, 0x7C, 0x19, 0x1E, 0x67, 0x9B, 0x1E,
    0x7C, 0x3D, 0xF9, 0x9F, 0x59, 0x77, 0xE2, 0x79, 0xBC, 0x1E, 0x54, 0x39, 0x74, 0x75, 0xCA, 0xBA,
    0x1B, 0x23, 0x76, 0x07, 0xAF, 0x04, 0x7E, 0x38, 0x57, 0x69, 0xC6, 0xB0, 0x6C, 0xDC, 0x62, 0x13,
    0x3C, 0x2D, 0xA4, 0xD3, 0xE7, 0x8E, 0xE8, 0x0E, 0xE9, 0x8E, 0x58, 0xD5, 0xAE, 0x90, 0x48, 0xB1,
    0x73, 0x04, 0x75, 0xCE, 0xF5, 0x0C, 0x2F, 0xF1, 0xC9, 0x7E, 0xA5, 0x25, 0xC3, 0x9C, 0x2F, 0xB4,
    0xDE, 0xE5, 0xE4, 0xEC, 0x85, 0xD6, 0x7F, 0x3C, 0x7C, 0x4E, 0x5A, 0xE2, 0x6A, 0xEB, 0x2B, 0x8E,
    0xA6, 0xB5, 0xDA, 0x9F, 0x6E, 0xEF, 0x03, 0x3B, 0xB4, 0x6E, 0x84, 0xEB, 0x7D, 0x72, 0x8A, 0x09,
    0x1F, 0x81, 0xFA, 0x86, 0xF0, 0x9D, 0x3E, 0xCF, 0xE7, 0x32, 0x07, 0x13, 0x3E, 0x39, 0x80, 0x43,
    0xF6, 0x2C, 0x2D, 0x4D, 0x75, 0x30, 0xB2, 0x82, 0xC4, 0xD7, 0x42, 0x5C, 0x9E, 0xE3, 0x2C, 0x44,
    0x5A, 0x76, 0x8C, 0xF3, 0x82, 0x2E, 0x17, 0xFD, 0xE6, 0xFF, 0x93, 0x23, 0xC3, 0x94, 0x78, 0x9F,
    0x92, 0x18, 0x2C, 0x91, 0x4D, 0xFA, 0xF7, 0xD2, 0x94, 0x5E, 0xC1, 0xFE, 0x55, 0xE9, 0x94, 0x5C,
    0xD1, 0x55, 0x9A, 0x8A, 0xEE, 0x8C, 0x21, 0xB7, 0x64, 0xAD, 0xAF, 0xE1, 0x65, 0x9C, 0xEE, 0x5B,
    0x87, 0xB3, 0x2B, 0x70, 0x01, 0x9A, 0xC9, 0x0C, 0x5F, 0x83, 0x67, 0x6F, 0xDE, 0x67, 0x2D, 0xD6,
    0xD5, 0x11, 0x24, 0x0D, 0xB2, 0x34, 0x37, 0xFD, 0x23, 0x18, 0x31, 0xBE, 0x17, 0x0B, 0x7E, 0xF9,
    0xCF, 0x1D, 0xE0, 0xED, 0xE9, 0xF6, 0x90, 0xA7, 0x0B, 0x7F, 0x61, 0x6B, 0x24, 0x4B, 0xA6, 0x89,
    0x03, 0xFE, 0x9F, 0xBF, 0xA1, 0xD7, 0x4F, 0x33, 0x7E, 0x9F, 0xF3, 0xA2, 0xEA, 0x8B, 0x63, 0x38,
    0x6C, 0x5D, 0xC6, 0xE0, 0x84, 0xEC, 0x6A, 0xEB, 0x1A, 0x21, 0x89, 0xAE, 0x4E, 0xCB, 0x9F, 0xBE,
    0x86, 0x21, 0x91, 0xBB, 0xFE, 0x94, 0xF5, 0x68, 0xC9, 0xB3, 0xB9, 0x71, 0x52, 0x19, 0xCF, 0x21,
    0xDF, 0x90, 0x84, 0x74, 0x40, 0x1D, 0x66, 0x5B, 0xEE, 0xF2, 0xA4, 0x0A, 0xFA, 0x08, 0xDA, 0x03,
    0xC8, 0xEE, 0xFA, 0x79, 0x88, 0xF5, 0xCF, 0x64, 0xFD, 0xC9, 0xC2, 0xAD, 0x4E, 0x81, 0x41, 0xF6,
    0x70, 0xD1, 0xBB, 0x4C, 0xF3, 0x9C, 0x8D, 0xEC, 0x3A, 0xFB, 0xD6, 0xB3, 0x5E, 0x33, 0xD2, 0x89,
    0x1F, 0xC3, 0x99, 0x2A, 0xB8, 0xF9, 0x7C, 0x6D, 0x44, 0x7E, 0xB5, 0x27, 0x43, 0x3B, 0xE0, 0x8B,
    0xED, 0xE0, 0x2E, 0x03, 0x0D, 0x72, 0xBA, 0x4F, 0x7A, 0x15, 0x23, 0x3D, 0xFF, 0x0F, 0x85, 0xF0,
    0x68, 0x4E, 0x08, 0x17, 0x49, 0xB7, 0x0F, 0x30, 0xD4, 0x0B, 0x9D, 0x4D, 0xC8, 0x0B, 0x98, 0xDB,
    0x99, 0x57, 0xA1, 0x45, 0xFD, 0x19, 0x89, 0x21, 0x60, 0xD1, 0xB3, 0x1F, 0x7C, 0x40, 0x72, 0x69,
    0x3A, 0x89, 0xFC, 0x37, 0xCF, 0x77, 0xA7, 0xCF, 0x6F, 0x90, 0xAF, 0x73, 0x01, 0x47, 0x9F, 0x54,
    0xF7, 0x79, 0x1E, 0xEE, 0x60, 0x82, 0x5F, 0x9B, 0x87, 0x98, 0x78, 0xE4, 0xD7, 0x74, 0xD3, 0xEC,
    0xC1, 0x38, 0x15, 0x58, 0xC2, 0x4E, 0xBC, 0xC8, 0x8C, 0xCF, 0x3E, 0x6D, 0x8C, 0x8E, 0x9C, 0x83,
    0x84, 0xAE, 0x3A, 0x47, 0x56, 0x5B, 0xCF, 0x01, 0xDD, 0x07, 0x3E, 0x07, 0x99, 0x57, 0x38, 0xB2,
    0xFF, 0xE3, 0xFF, 0x07, 0xCC, 0xBD, 0x5B, 0x8C, 0x1C, 0x57, 0x9A, 0x26, 0x76, 0x22, 0x82, 0x55,
    0x21, 0x55, 0x4C, 0x2B, 0x0A, 0x33, 0xAC, 0x5E, 0x89, 0xEA, 0x66, 0xE8, 0x81, 0x03, 0x48, 0x5C,
    0xB1, 0x62, 0x00, 0xEB, 0x41, 0x6D, 0x64, 0x66, 0x84, 0xC4, 0x1D, 0xCB, 0xB0, 0x0C, 0xB3, 0x66,
    0xCD, 0x24, 0xE1, 0x26, 0x8C, 0xEA, 0x87, 0x1E, 0xA0, 0x97, 0x6D, 0x77, 0x0D, 0xB0, 0x6D, 0x80,
    0xED, 0xC9, 0xAA, 0x0C, 0x91, 0x8B, 0x69, 0x60, 0x05, 0x58, 0x35, 0xB6, 0x68, 0x3F, 0xEC, 0x83,
    0x68, 0x9B, 0xB2, 0xA9, 0x2C, 0xB8, 0xAB, 0x1F, 0xB8, 0xD8, 0xEA, 0x9D, 0x62, 0x65, 0x88, 0x9C,
    0x19, 0x01, 0x2B, 0xC0, 0x0A, 0x49, 0xA0, 0xDB, 0x70, 0x03, 0x56, 0xE8, 0xC2, 0xED, 0x9D, 0x12,
    0x6C, 0x46, 0xB7, 0x82, 0xAD, 0xA8, 0x52, 0x66, 0x86, 0xFF, 0xEF, 0xFF, 0x4F, 0x64, 0x66, 0x65,
    0x15, 0xC5, 0xBE, 0xCC, 0x83, 0x53, 0x62, 0x7D, 0x91, 0x19, 0x27, 0x2E, 0xE7, 0xF6, 0x9F, 0xFF,
    0x7E, 0x94, 0x52, 0xAA, 0xA1, 0xE4, 0xCF, 0x6F, 0x87, 0xCD, 0x66, 0xBB, 0xD9, 0x0C, 0x55, 0x50,
    0xE2, 0x13, 0x0F, 0x91, 0x4F, 0x56, 0x37, 0x3F, 0x00, 0xEB, 0xD5, 0xF7, 0x26, 0x7D, 0x08, 0xDB,
    0xB8, 0x6C, 0x0C, 0x37, 0xE9, 0x5F, 0xA0, 0xD1, 0xA7, 0x7F, 0x85, 0xA0, 0xA1, 0xD1, 0xCC, 0x04,
    0x2D, 0x8D, 0x76, 0x2A, 0xE8, 0xC6, 0x82, 0x7E, 0x24, 0xD8, 0x56, 0x82, 0x35, 0x8D, 0x87, 0x80,
    0xC7, 0xD5, 0xD8, 0x27, 0x9C, 0xC7, 0xDF, 0x6F, 0xD1, 0x1D, 0xE9, 0xE0, 0xAB, 0xDD, 0x1E, 0x1F,
    0x74, 0xCB, 0xB2, 0xE0, 0x83, 0x72, 0x70, 0x55, 0xF1, 0x01, 0x9E, 0xCB, 0x07, 0xF9, 0x83, 0x0E,
    0x76, 0xBB, 0x57, 0xA9, 0xF0, 0xAC, 0x32, 0xE9, 0x1E, 0x54, 0x17, 0xBA, 0xE1, 0xBD, 0xE6, 0x69,
    0x39, 0xA0, 0x97, 0xDD, 0x4D, 0x54, 0xC1, 0x07, 0xF7, 0x52, 0x2A, 0x8F, 0x83, 0x3C, 0x33, 0x32,
    0x7D, 0x40, 0x7F, 0xCD, 0xDD, 0x4E, 0x98, 0x5F, 0xB7, 0x52, 0x5C, 0x1E, 0xE5, 0x2D, 0x2B, 0xA1,
    0x5F, 0xD6, 0xA3, 0xBC, 0xE6, 0xC4, 0xCA, 0x4C, 0x9D, 0x28, 0x9B, 0x77, 0x43, 0x65, 0xA5, 0xCE,
    0x4B, 0x99, 0x8B, 0xDA, 0x27, 0x74, 0xE0, 0x6C, 0xF1, 0xC1, 0xC5, 0xCC, 0xEE, 0x51, 0x3B, 0xC4,
    0xCE, 0xC5, 0xD4, 0xCA, 0xF9, 0xE0, 0x52, 0x62, 0xD3, 0x8B, 0x38, 0x38, 0xF0, 0x06, 0xD4, 0x34,
    0xA1, 0xF3, 0x72, 0xDC, 0xA6, 0x86, 0xF1, 0x94, 0xF3, 0xCA, 0xA5, 0x9E, 0x93, 0x53, 0x7B, 0x38,
    0xAF, 0x2D, 0x66, 0xE6, 0x40, 0x9D, 0xA0, 0x03, 0x37, 0x52, 0xCB, 0xD4, 0x3C, 0xD3, 0x7F, 0x7C,
    0x48, 0xB7, 0x12, 0x7F, 0x2C, 0xEE, 0xCE, 0x32, 0xAA, 0x90, 0x7F, 0xEC, 0xE9, 0x93, 0x68, 0x13,
    0x7A, 0x1D, 0x46, 0x6F, 0xD4, 0x47, 0x8C, 0x0D, 0x8D, 0x75, 0x8D, 0x2D, 0x8D, 0x9B, 0x1A, 0x07,
    0x9D, 0x4E, 0x67, 0xD0, 0xB9, 0xA2, 0xE4, 0xBE, 0xB9, 0x41, 0x5F, 0xBB, 0xF8, 0x4E, 0x9F, 0x2D,
    0x6E, 0x6B, 0x65, 0x16, 0x82, 0x4E, 0x2A, 0x18, 0xC4, 0x8C, 0xC6, 0x40, 0xFA, 0x82, 0xDE, 0x9F,
    0xB1, 0x9D, 0x30, 0x9A, 0xA5, 0x7E, 0x7E, 0xCE, 0x68, 0xE2, 0x55, 0x09, 0x83, 0xBE, 0x3C, 0x2F,
    0x48, 0x04, 0x1F, 0x46, 0x95, 0x0A, 0x5D, 0xB5, 0x8C, 0xD1, 0xE8, 0x84, 0x8C, 0x76, 0xC2, 0x7F,
    0x23, 0x41, 0x37, 0xD6, 0xA8, 0xBF, 0x7B, 0xFA, 0x7C, 0xA0, 0xB1, 0xAD, 0xDB, 0x43, 0xDE, 0x3F,
    0x36, 0x76, 0x3B, 0x6B, 0xDB, 0x9D, 0x4E, 0x48, 0xE3, 0x91, 0xCF, 0x3B, 0x89, 0xA0, 0x17, 0x0B,
    0x06, 0xFA, 0xFE, 0x0F, 0x57, 0xCF, 0x99, 0xC0, 0xB9, 0x66, 0xF3, 0xDC, 0x9D, 0x66, 0xF3, 0xB4,
    0xDC, 0xB6, 0x2C, 0x2A, 0x54, 0xF7, 0x29, 0xFF, 0xF7, 0x80, 0x66, 0x34, 0x3E, 0x0D, 0x68, 0xC4,
    0xD9, 0x71, 0x85, 0x4F, 0x68, 0x2C, 0x34, 0xD2, 0xC0, 0x60, 0xF4, 0x55, 0x9D, 0xD1, 0x8D, 0x7D,
    0x46, 0x3B, 0x71, 0x6F, 0x01, 0xCD, 0xC8, 0xFA, 0x58, 0xAE, 0x37, 0x3F, 0xD7, 0xF7, 0xF9, 0xE2,
    0x63, 0x79, 0xFF, 0xFF, 0x54, 0xA3, 0xF5, 0x21, 0x2A, 0xB8, 0x80, 0xFB, 0xB9, 0x99, 0x3C, 0x67,
    0x88, 0x98, 0x37, 0x6E, 0xAA, 0x3C, 0xD4, 0xB6, 0x9D, 0x2A, 0x9F, 0xC6, 0x8A, 0x51, 0xA6, 0x2A,
    0xA0, 0xB1, 0x63, 0x7F, 0x96, 0xAA, 0x65, 0xCC, 0x67, 0x7A, 0xCE, 0xA6, 0x17, 0xAA, 0x2E, 0x95,
    0x2F, 0x68, 0x92, 0x5F, 0xB0, 0x52, 0x33, 0xA3, 0x9A, 0xCC, 0x5A, 0xA9, 0x95, 0x81, 0x08, 0x58,
    0xA9, 0x1B, 0x1B, 0x3D, 0xA0, 0x1F, 0x2A, 0xCC, 0x88, 0x94, 0xA6, 0x7E, 0x10, 0xD1, 0x73, 0x7B,
    0x7C, 0x73, 0xEB, 0x53, 0x14, 0xEA, 0x29, 0xEB, 0xE7, 0x78, 0xBB, 0xEB, 0xCA, 0xF8, 0x4B, 0xD4,
    0x7A, 0x96, 0x1B, 0x82, 0x68, 0xC7, 0xBC, 0xDA, 0xE0, 0x39, 0xE8, 0xBF, 0x24, 0xB3, 0xD3, 0x79,
    0x5F, 0xE6, 0xA4, 0x49, 0xA4, 0x8C, 0x69, 0x4D, 0x19, 0x0A, 0x6E, 0xA9, 0xE6, 0xD9, 0x7B, 0xCD,
    0xD0, 0x28, 0xB9, 0xE7, 0x63, 0x5B, 0xA3, 0xFF, 0x4A, 0x94, 0xD3, 0x0B, 0xC5, 0x2B, 0x8E, 0xE0,
    0x61, 0x3B, 0x66, 0x54, 0x43, 0x4C, 0x04, 0x5D, 0x8D, 0xBE, 0xC6, 0x76, 0xB2, 0x73, 0xF6, 0xDE,
    0xB9, 0x58, 0x7D, 0x91, 0xF0, 0x7D, 0xAC, 0xCF, 0x52, 0x46, 0xF7, 0x56, 0xC2, 0xCF, 0x6B, 0x9F,
    0x04, 0x3E, 0xAA, 0x98, 0x10, 0x64, 0x0D, 0xAA, 0x2F, 0x90, 0xA7, 0x3E, 0x21, 0xCD, 0x59, 0x0B,
    0xEF, 0xE7, 0xE0, 0x39, 0xCA, 0xFC, 0xC5, 0xB9, 0x84, 0xA6, 0xFB, 0xD4, 0x5A, 0x49, 0x23, 0xDB,
    0x7D, 0x99, 0xE7, 0x95, 0x57, 0x3A, 0xE5, 0xE0, 0x55, 0x6A, 0xB2, 0x81, 0xB9, 0x80, 0xD9, 0x37,
    0xB3, 0x30, 0xEA, 0xF2, 0x9C, 0xE8, 0xCE, 0x23, 0x2A, 0x65, 0xF4, 0x2E, 0x66, 0x8C, 0xF6, 0xCF,
    0x13, 0x46, 0xAA, 0xF7, 0xF9, 0xDD, 0xCE, 0x2E, 0xCD, 0x4F, 0xD0, 0x42, 0xBA, 0xDF, 0x40, 0x9D,
    0xDF, 0x5D, 0xDB, 0xBD, 0x62, 0x95, 0x72, 0x9D, 0x7B, 0x37, 0x64, 0x6C, 0xBF, 0x1C, 0x31, 0x6E,
    0xD1, 0xF3, 0x81, 0xCF, 0x58, 0x37, 0x4B, 0xA6, 0x75, 0xD6, 0x7B, 0x82, 0x76, 0x0A, 0x02, 0xBF,
    0x80, 0x2E, 0xE0, 0x8F, 0xAF, 0xB1, 0x9D, 0xB9, 0x98, 0x3F, 0xC6, 0xAE, 0xA0, 0xF5, 0xCB, 0x8C,
    0x28, 0x89, 0x1B, 0x79, 0x37, 0x33, 0x17, 0x93, 0xAE, 0x6D, 0xA6, 0x8C, 0x35, 0xC2, 0xCB, 0xCD,
    0xC5, 0x88, 0x3A, 0x89, 0xCB, 0xA1, 0x9F, 0x3B, 0x9D, 0x75, 0xC2, 0x84, 0xCF, 0x0F, 0x91, 0x06,
    0x25, 0xA3, 0x17, 0x73, 0x39, 0xB7, 0x0C, 0x05, 0xFB, 0x8A, 0xEF, 0x4B, 0x4F, 0x9C, 0x51, 0x6A,
    0x3A, 0xE4, 0xEE, 0x96, 0x7A, 0x33, 0x7A, 0x2F, 0xE5, 0x8C, 0xF6, 0xC7, 0x19, 0x23, 0xD5, 0x1B,
    0x23, 0x8B, 0xFA, 0xFB, 0x05, 0x19, 0xB7, 0x5B, 0x36, 0x23, 0xD5, 0x9B, 0xCF, 0x53, 0xBD, 0x19,
    0xDB, 0xA7, 0x22, 0xC6, 0x65, 0x1A, 0xFC, 0xC0, 0x59, 0x2B, 0x36, 0x16, 0xD4, 0x02, 0xF7, 0x8B,
    0xA6, 0x5A, 0xB8, 0x2E, 0xA1, 0x7A, 0x0B, 0x06, 0x29, 0xF5, 0x37, 0x9D, 0xEC, 0x12, 0xA6, 0x56,
    0x62, 0xFC, 0x4A, 0xD0, 0xFE, 0x48, 0xD0, 0xBF, 0x89, 0xF3, 0x76, 0x42, 0xF5, 0xE6, 0xF2, 0x35,
    0x8D, 0x54, 0x5F, 0x3E, 0x4F, 0xF7, 0x9D, 0xC0, 0x58, 0xD0, 0x8E, 0x77, 0xCE, 0xDC, 0x3B, 0x9B,
    0x28, 0x2F, 0xE2, 0xF2, 0x54, 0x6F, 0x46, 0xA7, 0x8F, 0xD5, 0x88, 0x5F, 0x86, 0x68, 0xAA, 0x11,
    0x8E, 0xCD, 0x74, 0x57, 0x7F, 0xE1, 0xA5, 0x52, 0x55, 0x4B, 0xA7, 0xA6, 0xC3, 0x15, 0x4E, 0xF1,
    0xB2, 0xDE, 0xC4, 0x68, 0xA9, 0x1B, 0x4C, 0x16, 0x55, 0x61, 0x27, 0x5E, 0xE8, 0xE4, 0xD4, 0x01,
    0x11, 0x4D, 0xAD, 0x81, 0xFB, 0xE9, 0x00, 0xF3, 0xCD, 0x3F, 0x55, 0xF6, 0x1C, 0xBA, 0xC3, 0xC3,
    0x33, 0xFF, 0x43, 0x66, 0x87, 0x63, 0xF7, 0x5D, 0x6D, 0x78, 0xD3, 0x20, 0x80, 0x69, 0xE1, 0xBC,
    0x93, 0xD2, 0x7C, 0x7E, 0xE1, 0xC3, 0x73, 0x1F, 0xF5, 0x69, 0x8E, 0x13, 0x83, 0x90, 0xB5, 0x23,
    0x3F, 0xF2, 0x07, 0x97, 0x37, 0xDD, 0xF4, 0x21, 0x75, 0x68, 0x2A, 0x7C, 0xC6, 0xC4, 0x25, 0x8E,
    0x7E, 0x1F, 0xC6, 0xE3, 0xD4, 0xC9, 0x44, 0x4F, 0xAF, 0x56, 0x74, 0xB0, 0xFA, 0x3E, 0x59, 0xEE,
    0xD7, 0xC0, 0x69, 0x74, 0xFE, 0x74, 0x87, 0x3F, 0x91, 0xA3, 0xE9, 0xF5, 0xB4, 0xDC, 0x2F, 0xFA,
    0x2D, 0xEE, 0x77, 0x30, 0xF2, 0x6D, 0x07, 0x23, 0x6C, 0x36, 0x17, 0x6F, 0x33, 0x63, 0xF3, 0xF7,
    0x73, 0xFF, 0x39, 0xB9, 0xDF, 0xC2, 0x01, 0xEB, 0x03, 0x7F, 0xCE, 0x77, 0xAE, 0x70, 0xBF, 0x75,
    0xCB, 0x9C, 0xF1, 0xFC, 0xE0, 0x0A, 0xD6, 0xD7, 0xAB, 0x44, 0xD6, 0x64, 0xBD, 0x26, 0x34, 0x72,
    0x41, 0xA6, 0x63, 0x1B, 0x4C, 0x7A, 0x19, 0x1D, 0x8D, 0xDE, 0x47, 0x82, 0xC1, 0xDD, 0x88, 0xD8,
    0xB8, 0x54, 0xB5, 0x3F, 0x4D, 0x18, 0xCB, 0x8F, 0x79, 0x4D, 0x25, 0xD2, 0xD4, 0xC3, 0x79, 0xE7,
    0xFD, 0x34, 0x00, 0x12, 0x49, 0xF6, 0x22, 0x42, 0x22, 0xC9, 0xB4, 0xDA, 0x6D, 0x98, 0x3D, 0x90,
    0x62, 0xC2, 0xCC, 0x4A, 0x8D, 0x94, 0x7E, 0x8F, 0xE8, 0xFE, 0xA1, 0xDA, 0x78, 0x42, 0x9E, 0xD3,
    0xCD, 0x18, 0x8D, 0x52, 0xB0, 0x3D, 0x90, 0xE7, 0x77, 0x57, 0x05, 0xBF, 0xAD, 0xF4, 0xFB, 0x7C,
    0x09, 0x9A, 0xAB, 0x0C, 0x53, 0x60, 0x18, 0x69, 0x3C, 0x60, 0xA8, 0x86, 0x34, 0x9A, 0x18, 0x8F,
    0x77, 0x3B, 0x3E, 0x0F, 0xED, 0x79, 0x35, 0xC2, 0x05, 0x41, 0x23, 0x7B, 0x30, 0xFA, 0x65, 0x6F,
    0x0F, 0xD2, 0x82, 0xED, 0x9B, 0xFA, 0xFC, 0x10, 0x53, 0x41, 0x22, 0x39, 0xE3, 0x38, 0x65, 0xF7,
    0xA7, 0xB0, 0x80, 0x28, 0x07, 0xBC, 0xC6, 0xBC, 0xA1, 0xDC, 0x65, 0x4C, 0xA8, 0xAE, 0xF2, 0xEB,
    0xB4, 0xBE, 0xB4, 0x4B, 0xB5, 0x5C, 0x57, 0x17, 0xFC, 0xF2, 0x13, 0x55, 0x10, 0xB6, 0x3F, 0x21,
    0x96, 0x95, 0xF0, 0x1B, 0x60, 0x0D, 0xEA, 0xDC, 0x3B, 0x5D, 0xE2, 0x95, 0xC0, 0xB0, 0xF5, 0x68,
    0x12, 0x66, 0x3C, 0x1D, 0x1D, 0x30, 0x2F, 0x63, 0x73, 0x36, 0x17, 0x3E, 0x05, 0x78, 0xBE, 0xF3,
    0x06, 0xAD, 0x28, 0x60, 0x3F, 0x06, 0x0E, 0xF0, 0xFC, 0xD6, 0x1B, 0xB4, 0xE2, 0x28, 0x30, 0xB8,
    0x6E, 0x85, 0xDB, 0x03, 0x1A, 0xD7, 0x35, 0xE5, 0x31, 0xFD, 0xA8, 0xA9, 0xA0, 0x23, 0xDF, 0xEB,
    0x4A, 0xCE, 0x6F, 0x32, 0x2E, 0x53, 0x8F, 0x12, 0x06, 0x65, 0x2F, 0xD3, 0xA8, 0xF4, 0xEF, 0x9D,
    0xCE, 0x6E, 0xE7, 0x9A, 0xAA, 0x19, 0x42, 0xBF, 0x87, 0x48, 0xF5, 0x2B, 0xF9, 0x7A, 0xE5, 0xE2,
    0xF5, 0x08, 0xFD, 0x2F, 0x62, 0xC6, 0xD6, 0xAF, 0xE8, 0xB5, 0x6B, 0x86, 0x2A, 0x72, 0xBA, 0x41,
    0x7D, 0xCB, 0xCA, 0x72, 0x5A, 0xC0, 0xBB, 0x03, 0x37, 0xCE, 0x7D, 0xAA, 0x52, 0x1A, 0x84, 0xB9,
    0x1B, 0x53, 0xBD, 0x89, 0x22, 0xD9, 0xD9, 0x37, 0x94, 0x9D, 0xD3, 0x42, 0x41, 0x2D, 0xE5, 0xD2,
    0x42, 0x03, 0xAE, 0xD0, 0xA2, 0x85, 0x44, 0xD6, 0x61, 0x5D, 0x4F, 0xA5, 0xAE, 0xF2, 0xDF, 0x39,
    0xD0, 0x9F, 0xF3, 0x9D, 0x6B, 0x18, 0xEA, 0x69, 0xBB, 0xEC, 0xAD, 0xAC, 0x0D, 0xD6, 0xD2, 0xF3,
    0x5B, 0xD7, 0x5A, 0x8A, 0x46, 0x18, 0x5D, 0x79, 0x3F, 0xE4, 0xF2, 0x63, 0xB8, 0xE7, 0x7C, 0x50,
    0xE6, 0x7B, 0x50, 0xDD, 0x50, 0x2B, 0x9D, 0xDD, 0xB5, 0xF1, 0xF2, 0x73, 0x67, 0x76, 0x88, 0xEE,
    0xB5, 0xF4, 0xFB, 0xEC, 0x47, 0xB4, 0xCF, 0x15, 0xD5, 0x3A, 0x5C, 0xF2, 0xBA, 0xB8, 0xD2, 0xEB,
    0xAC, 0x11, 0xDF, 0x6A, 0x74, 0xA5, 0xFD, 0x96, 0xCA, 0x55, 0xC6, 0xEE, 0x27, 0x52, 0xFE, 0x07,
    0xC3, 0x7A, 0x1D, 0x41, 0xB9, 0x6B, 0x8A, 0xBB, 0x05, 0x8D, 0x3D, 0x03, 0x7A, 0x74, 0x8D, 0x7A,
    0x55, 0xE6, 0xB9, 0x9D, 0x08, 0x12, 0xBB, 0x1E, 0x0B, 0xDF, 0x29, 0x48, 0x24, 0x37, 0x16, 0xBE,
    0x53, 0xA3, 0xA6, 0x5B, 0x5D, 0x2D, 0x67, 0x69, 0x7A, 0x46, 0x33, 0x8F, 0xCF, 0x63, 0xF4, 0xC4,
    0x42, 0x84, 0x19, 0x83, 0x50, 0xF0, 0xE8, 0xFD, 0xE8, 0xCB, 0x79, 0xBE, 0x9F, 0xD2, 0xF7, 0x1B,
    0x7D, 0xFF, 0x1D, 0xE9, 0x55, 0xA0, 0xE9, 0x53, 0x30, 0xA2, 0xDF, 0xF8, 0x5C, 0x55, 0x82, 0xA1,
    0xAA, 0xE4, 0x89, 0x41, 0x67, 0x7D, 0x17, 0xEB, 0x79, 0x01, 0x0E, 0xC6, 0x7D, 0x30, 0x96, 0x7B,
    0xF8, 0xEE, 0x48, 0xF5, 0xC1, 0x56, 0x2E, 0xDE, 0xBF, 0x7C, 0x3E, 0x81, 0x13, 0xD7, 0x1B, 0x3B,
    0xCD, 0x73, 0xB7, 0xE9, 0x7A, 0xB0, 0x00, 0x38, 0x6F, 0x6A, 0x14, 0x76, 0x98, 0x99, 0x7F, 0x46,
    0xE1, 0xB0, 0xDC, 0x88, 0x39, 0x0D, 0x42, 0x88, 0x9C, 0xC0, 0x15, 0x20, 0xD1, 0x9F, 0x16, 0x90,
    0xE6, 0xFA, 0x2C, 0x26, 0xEE, 0x1C, 0x33, 0x59, 0x9B, 0xD2, 0x1C, 0x0F, 0x82, 0xE3, 0xA0, 0xD3,
    0x9D, 0xAB, 0xC1, 0x78, 0x7B, 0x11, 0xA5, 0xC0, 0xB9, 0xDF, 0x00, 0x02, 0xDC, 0x65, 0xAD, 0xBA,
    0x9C, 0xBF, 0x75, 0x7E, 0x8B, 0xBB, 0xEC, 0x79, 0x89, 0x06, 0x77, 0x55, 0x21, 0x92, 0x7A, 0xF1,
    0x64, 0x35, 0x35, 0x1F, 0x44, 0xA6, 0x05, 0xCB, 0xBD, 0xE3, 0x93, 0xFA, 0x89, 0xD8, 0xE6, 0xC5,
    0x98, 0xD6, 0x22, 0x8B, 0x87, 0xE8, 0xFD, 0xF0, 0xEF, 0xEB, 0x3A, 0x6A, 0x8D, 0x5D, 0xCC, 0x13,
    0x3E, 0xAF, 0x0E, 0xAB, 0x6B, 0x8C, 0xBE, 0x7E, 0xBF, 0x0A, 0xA1, 0x61, 0x80, 0xF4, 0x00, 0x69,
    0xD5, 0xDC, 0x69, 0x9E, 0xE9, 0xEB, 0x57, 0xEF, 0x69, 0x11, 0x2F, 0x1D, 0xD2, 0x60, 0x3D, 0x90,
    0xC3, 0x0A, 0xF5, 0x80, 0x56, 0xF7, 0xFD, 0x4C, 0x77, 0x84, 0x5D, 0xB1, 0x65, 0x99, 0x7E, 0xCA,
    0xBE, 0xBD, 0xD4, 0xDC, 0x98, 0x09, 0x1B, 0x76, 0x44, 0xB2, 0x86, 0x7B, 0x00, 0xC6, 0x1A, 0x51,
    0x1E, 0xB8, 0xDD, 0xED, 0x14, 0xEE, 0x97, 0x94, 0x8F, 0x26, 0xCA, 0x6B, 0x34, 0x40, 0x36, 0x09,
    0x35, 0xAF, 0x37, 0x44, 0xB0, 0xE1, 0xCD, 0xC5, 0x70, 0xB2, 0x1E, 0x7B, 0x79, 0xC2, 0x19, 0x4D,
    0x08, 0x7A, 0xBA, 0x03, 0x7B, 0x60, 0x1E, 0xA8, 0x75, 0x31, 0x38, 0x80, 0xAD, 0x11, 0x56, 0xBF,
    0x57, 0xE5, 0x06, 0x20, 0x1C, 0xBD, 0xFD, 0xE5, 0x2A, 0xAC, 0xCE, 0x57, 0xE5, 0x9B, 0xE7, 0xEE,
    0x2D, 0xDD, 0x3E, 0xCD, 0x22, 0x32, 0x73, 0xA0, 0xAA, 0xAD, 0x4C, 0x34, 0x3B, 0xC9, 0x68, 0xAA,
    0x1D, 0x89, 0xA0, 0xE0, 0xE5, 0x6A, 0xBA, 0x5C, 0x52, 0x6A, 0xB7, 0x5C, 0x0D, 0x0A, 0x1F, 0x03,
    0xB4, 0xF0, 0x31, 0xF5, 0x0A, 0x33, 0x3B, 0x84, 0xBE, 0x2B, 0xB4, 0x46, 0x89, 0x71, 0x59, 0x63,
    0x4F, 0xD0, 0xCA, 0xB5, 0x62, 0x22, 0x65, 0x34, 0xB4, 0x42, 0xC0, 0xD0, 0x0A, 0x01, 0xB5, 0x5A,
    0x2D, 0x34, 0x33, 0xBA, 0xBF, 0x44, 0xB9, 0x31, 0x5D, 0xF6, 0x6D, 0x16, 0x1C, 0x06, 0xA1, 0x60,
    0x08, 0x8A, 0xE6, 0x86, 0x2E, 0x28, 0x5B, 0x04, 0xBC, 0x00, 0x32, 0x40, 0xD8, 0xA2, 0x56, 0x03,
    0x06, 0xCA, 0x53, 0x2E, 0xFE, 0xA3, 0xB6, 0xF6, 0x94, 0x67, 0x74, 0x49, 0x5C, 0x26, 0xEC, 0x96,
    0x49, 0x41, 0xE3, 0x2C, 0x28, 0x3F, 0xFA, 0x2C, 0x9B, 0x5B, 0x51, 0xC1, 0x27, 0x46, 0x19, 0x07,
    0x7D, 0xF5, 0x18, 0x06, 0x9D, 0x8F, 0xD5, 0x41, 0x6B, 0x59, 0x9A, 0x22, 0x1F, 0xF1, 0x32, 0x4B,
    0xEB, 0x89, 0x31, 0xE8, 0x74, 0x3B, 0x6B, 0x84, 0x24, 0x9B, 0x80, 0x53, 0xDB, 0x87, 0x55, 0xB9,
    0x0A, 0xEF, 0x57, 0x6E, 0x57, 0xDF, 0xA7, 0x2A, 0xB7, 0x43, 0x8F, 0x39, 0x43, 0x08, 0x15, 0x0B,
    0xFF, 0xD9, 0x2F, 0x11, 0x78, 0x3C, 0xE8, 0x07, 0x3C, 0x1B, 0x80, 0x5B, 0xCD, 0xD3, 0xEA, 0x42,
    0x6D, 0x1E, 0x5D, 0x16, 0x7E, 0xBF, 0x76, 0xD4, 0xA2, 0x5B, 0x2A, 0x42, 0xE2, 0x17, 0xEB, 0x40,
    0x3F, 0xA7, 0xB6, 0x26, 0xDC, 0xDA, 0x34, 0x73, 0x42, 0x62, 0xED, 0xA9, 0x23, 0xE9, 0x7B, 0xEA,
    0xBE, 0x12, 0xAB, 0x95, 0xAD, 0x2D, 0x1A, 0xFA, 0x72, 0x1F, 0xF4, 0xEB, 0xCA, 0xD6, 0x8F, 0xF8,
    0x3B, 0x9D, 0x57, 0xFE, 0xDD, 0x04, 0x68, 0x94, 0x76, 0x01, 0x74, 0x0B, 0x55, 0x46, 0x84, 0x5D,
    0x92, 0x8A, 0x73, 0xBA, 0x4F, 0xD9, 0xA1, 0x17, 0xA7, 0xEF, 0xAF, 0xE9, 0xE7, 0xBA, 0xDB, 0xF4,
    0xDC, 0x1F, 0x2C, 0x7F, 0x8F, 0x5E, 0xD3, 0xC3, 0xFD, 0x18, 0x57, 0x3A, 0x6F, 0x30, 0x7E, 0x9F,
    0x5F, 0x7F, 0x84, 0xDF, 0xD6, 0x88, 0x6A, 0x89, 0x26, 0x71, 0x84, 0x97, 0x9B, 0x4B, 0xCC, 0x40,
    0xF2, 0xFF, 0xE3, 0x9F, 0x13, 0xCC, 0x80, 0x50, 0x37, 0x04, 0xCC, 0x2B, 0x97, 0x65, 0xDF, 0x3B,
    0x59, 0xF0, 0x41, 0xCF, 0x7D, 0x47, 0x04, 0xBA, 0xC2, 0xE6, 0x7B, 0xD0, 0x02, 0x61, 0x16, 0x34,
    0x04, 0xAC, 0x82, 0xEA, 0xDA, 0x83, 0x00, 0xD4, 0xA5, 0xA5, 0x76, 0x05, 0x2C, 0xB4, 0x57, 0x82,
    0xEB, 0xA3, 0xA6, 0xB4, 0xC0, 0xDD, 0xF4, 0xF4, 0x10, 0xB4, 0x58, 0x49, 0x76, 0x8F, 0xDA, 0x1E,
    0x73, 0x8D, 0xD9, 0xF6, 0xBB, 0xB4, 0xB6, 0xF4, 0x31, 0xCD, 0xDE, 0x1A, 0x60, 0x94, 0x83, 0x1D,
    0xDF, 0xA2, 0xF1, 0xC3, 0x07, 0x8F, 0x8A, 0x2E, 0x51, 0xBF, 0x97, 0x3E, 0xE8, 0x30, 0x2D, 0x5B,
    0xD5, 0x7D, 0x39, 0xEC, 0x7C, 0xA1, 0x4E, 0x4E, 0x25, 0x03, 0x78, 0x5A, 0x3B, 0xA7, 0x02, 0x4F,
    0x7E, 0x32, 0xFA, 0xA6, 0xFC, 0x04, 0x55, 0x1F, 0xF3, 0x20, 0xDD, 0x84, 0x04, 0x5C, 0x7A, 0x8D,
    0xC7, 0x07, 0xA2, 0x69, 0x99, 0xE6, 0x5B, 0x38, 0x3D, 0x7E, 0x65, 0x9E, 0x17, 0x9A, 0xEB, 0x14,
    0x7E, 0xEC, 0x6B, 0xBC, 0x9C, 0x11, 0x97, 0xD2, 0xC0, 0x44, 0x37, 0x49, 0xAE, 0xF1, 0x9E, 0xCF,
    0xB9, 0xA1, 0xF6, 0x34, 0xCB, 0x13, 0x8A, 0x38, 0x29, 0x34, 0x0B, 0xD5, 0xB9, 0x4F, 0xA2, 0x40,
    0x0F, 0x14, 0xD5, 0x7F, 0x8D, 0x84, 0x08, 0x2F, 0x56, 0xDC, 0xE9, 0x50, 0x3F, 0xD2, 0xF5, 0x24,
    0x73, 0xE1, 0x72, 0xE7, 0xF3, 0xB2, 0xDC, 0xC1, 0x03, 0x83, 0x97, 0xA0, 0xF1, 0x8A, 0xA0, 0xD2,
    0x43, 0x23, 0x15, 0x98, 0xEF, 0xA2, 0xCA, 0xF3, 0x2F, 0x71, 0x45, 0x97, 0xD5, 0x43, 0xAC, 0x78,
    0xA4, 0xD9, 0xAE, 0xAC, 0x3B, 0xCD, 0xE6, 0x59, 0xD6, 0x18, 0x25, 0xBA, 0x61, 0x0E, 0x38, 0xD8,
    0xC6, 0xD0, 0xA9, 0xD4, 0x96, 0x38, 0x30, 0x41, 0xA4, 0xAF, 0xE8, 0xC1, 0x3D, 0x2F, 0xA3, 0x3D,
    0xD2, 0x4A, 0x68, 0xA1, 0x5F, 0xA2, 0x11, 0xCB, 0x59, 0xB0, 0x38, 0x7B, 0xF9, 0xCC, 0x3D, 0x1A,
    0xF3, 0xAE, 0x34, 0x6F, 0x7F, 0x74, 0x30, 0xFC, 0x08, 0xA9, 0x82, 0x7A, 0x6F, 0x4C, 0xD4, 0xF5,
    0xA4, 0xE1, 0x7D, 0xD6, 0x2D, 0xD3, 0xB4, 0x23, 0xFE, 0x46, 0xC8, 0x6B, 0xA4, 0xA1, 0x2E, 0xCF,
    0xFD, 0xF5, 0x81, 0x97, 0xDE, 0xF5, 0xE8, 0x77, 0xBC, 0x4B, 0x9D, 0x49, 0xFE, 0x97, 0xDE, 0x85,
    0x57, 0xF5, 0xA9, 0xA1, 0xA8, 0x51, 0xEA, 0xE5, 0xB3, 0x42, 0xA5, 0x35, 0xE8, 0xF4, 0x59, 0xD1,
    0xB8, 0xAC, 0xF6, 0xB0, 0x30, 0x5A, 0x19, 0x0C, 0xE6, 0x16, 0xED, 0xAC, 0x07, 0x28, 0xAB, 0x77,
    0xD1, 0x13, 0xB9, 0x1E, 0xC5, 0x0F, 0x42, 0x50, 0x27, 0xF4, 0x6E, 0x75, 0x7D, 0x85, 0xBF, 0xEE,
    0xF5, 0x15, 0x4E, 0x5E, 0xBF, 0x3B, 0xF1, 0x1E, 0xA0, 0xF8, 0xE6, 0x95, 0x3D, 0xA4, 0xCF, 0x15,
    0x36, 0x5B, 0xBA, 0xCF, 0x1F, 0x99, 0x37, 0xB8, 0x85, 0x6A, 0xC2, 0xF9, 0x1F, 0xDF, 0xEA, 0x84,
    0x54, 0x25, 0xB4, 0x21, 0xF4, 0x2B, 0x71, 0xA3, 0xB3, 0xFE, 0x3C, 0xB1, 0xAD, 0x31, 0x49, 0x5B,
    0x27, 0xC1, 0x7E, 0x10, 0xBE, 0x18, 0x0B, 0x9E, 0x8A, 0x04, 0xBB, 0x58, 0x2F, 0x08, 0xFF, 0x37,
    0x8D, 0xE1, 0xD3, 0x84, 0x75, 0x5A, 0x81, 0x1B, 0x84, 0xB8, 0x8F, 0x17, 0xBA, 0x8C, 0x6E, 0xEC,
    0xF2, 0x79, 0x8B, 0xC4, 0x4C, 0xA0, 0x91, 0x0B, 0xAA, 0x9E, 0xC6, 0xBA, 0xC6, 0x59, 0x57, 0x31,
    0xD2, 0x50, 0xAE, 0xB0, 0xCE, 0x88, 0x55, 0x06, 0xD3, 0xBA, 0xA1, 0xB1, 0xCE, 0xEF, 0x3E, 0xF5,
    0x27, 0x2C, 0xB5, 0xD1, 0x04, 0x2C, 0x18, 0xAD, 0x31, 0x6E, 0x46, 0x19, 0x91, 0x68, 0xC3, 0x30,
    0x9E, 0x31, 0x8A, 0x89, 0x82, 0x4B, 0x03, 0xF4, 0x74, 0x03, 0x2C, 0xEB, 0x9E, 0x0D, 0xB0, 0xA2,
    0x90, 0x2C, 0xF6, 0x5F, 0x36, 0x9B, 0xF7, 0x88, 0x3E, 0x6A, 0x0A, 0xE4, 0x57, 0x94, 0x68, 0xF8,
    0x79, 0x48, 0xA9, 0x50, 0x56, 0x71, 0xA6, 0x78, 0x44, 0xF2, 0x0D, 0x92, 0x3E, 0x79, 0x15, 0x27,
    0x6A, 0x63, 0x32, 0xF1, 0xEC, 0xA6, 0x32, 0xC1, 0x9D, 0xD4, 0x95, 0x19, 0x13, 0x09, 0x5B, 0x55,
    0xA8, 0x21, 0xD6, 0xCC, 0xD4, 0x83, 0x54, 0x0C, 0xBD, 0xDF, 0x6F, 0x81, 0xE7, 0xB7, 0xD6, 0x76,
    0xD7, 0x3B, 0x83, 0x6B, 0x22, 0xCD, 0x94, 0xBD, 0xF3, 0xC2, 0xA5, 0x5D, 0x1B, 0x5F, 0xEC, 0xB4,
    0x98, 0x22, 0xAF, 0x30, 0xD5, 0x6C, 0x5F, 0x86, 0x96, 0xCB, 0xD5, 0xD5, 0xA1, 0xB5, 0xA6, 0xD3,
    0x01, 0x46, 0xCF, 0x70, 0xC5, 0xDD, 0xA8, 0x1D, 0x0A, 0xBA, 0xA9, 0xA0, 0x01, 0x73, 0xCD, 0xDC,
    0xE2, 0xE5, 0xE6, 0xEB, 0x67, 0xEE, 0x55, 0xEA, 0xFA, 0xDE, 0x50, 0x1D, 0xE3, 0x13, 0xC9, 0x44,
    0xB9, 0x80, 0x04, 0x4B, 0xE0, 0xB2, 0xF2, 0x63, 0x60, 0x8F, 0xE4, 0x5E, 0x42, 0xAC, 0x08, 0x3F,
    0xA6, 0xF1, 0xE8, 0x82, 0x7E, 0x50, 0x7F, 0x38, 0x68, 0xB3, 0x26, 0x93, 0x78, 0x79, 0xCD, 0x8A,
    0xFB, 0xFA, 0xC9, 0xD9, 0x3B, 0x8B, 0x4D, 0x9A, 0x62, 0x1B, 0xD0, 0x6F, 0xB6, 0x1E, 0x88, 0x73,
    0xFD, 0xB3, 0x77, 0x96, 0x2E, 0x6F, 0x9D, 0x9E, 0xAC, 0xB7, 0xDC, 0x4E, 0xFE, 0x6E, 0xE1, 0x97,
    0xDE, 0x06, 0xCF, 0xDD, 0xFD, 0x7F, 0x79, 0x3A, 0x6F, 0x8E, 0x97, 0xBF, 0x01, 0xEA, 0xF1, 0xE5,
    0xE5, 0x7B, 0xE3, 0xE5, 0xE5, 0x97, 0xDF, 0xAE, 0x3C, 0xF8, 0x40, 0x75, 0x7A, 0xBC, 0x97, 0xA2,
    0x03, 0x7A, 0xCB, 0xDF, 0x3F, 0xFA, 0x7C, 0x5D, 0xDE, 0xDF, 0x63, 0x5E, 0xF4, 0xF5, 0xE9, 0x0A,
    0x41, 0xF8, 0x8D, 0x31, 0xF4, 0x2B, 0xAC, 0xCA, 0x69, 0x2A, 0xB1, 0xAF, 0x5C, 0x47, 0x46, 0xC3,
    0xB0, 0x9C, 0xF0, 0x50, 0xFB, 0xCB, 0x4D, 0x3C, 0xCF, 0x9F, 0x38, 0xAF, 0x71, 0x42, 0x79, 0xD7,
    0x9B, 0x63, 0xDE, 0x8F, 0x16, 0x9C, 0x03, 0x44, 0x28, 0x51, 0xA2, 0x8F, 0x90, 0x38, 0x08, 0xC6,
    0x0C, 0x94, 0x57, 0x23, 0x0D, 0xDA, 0x1C, 0xE8, 0x69, 0x9C, 0x59, 0xDB, 0xBD, 0xC2, 0xE7, 0x6D,
    0x7D, 0x9D, 0x3B, 0xC2, 0x1C, 0x63, 0x90, 0xA6, 0x1F, 0x9F, 0x27, 0x3E, 0x54, 0xB0, 0x14, 0xFC,
    0x57, 0x9F, 0xC6, 0x8C, 0x9F, 0x7D, 0x9C, 0x01, 0xCD, 0x8F, 0xD3, 0x0C, 0xD7, 0x59, 0xB7, 0xD2,
    0x05, 0xA0, 0x7B, 0x49, 0x9E, 0xEF, 0xEB, 0xE7, 0x36, 0x34, 0x7E, 0x6D, 0xE2, 0x7D, 0xC6, 0x71,
    0xF2, 0xFD, 0x77, 0xC6, 0xDF, 0xDF, 0x5C, 0x85, 0xAA, 0xFC, 0xF0, 0x78, 0x3F, 0x33, 0x1A, 0x44,
    0x18, 0x3C, 0x16, 0xC9, 0x08, 0x13, 0x66, 0xBC, 0x23, 0x4C, 0x19, 0x0F, 0x72, 0xF7, 0x00, 0xB3,
    0xCA, 0x8D, 0xBE, 0x12, 0x10, 0x65, 0xC4, 0xBC, 0x3C, 0x95, 0xD0, 0x29, 0xF7, 0xA5, 0xBE, 0x95,
    0xD3, 0x6C, 0x72, 0x5F, 0xCB, 0x55, 0x6A, 0x87, 0xA2, 0x9B, 0xC2, 0x08, 0x10, 0x16, 0xE8, 0x71,
    0xF9, 0xFA, 0xDD, 0x72, 0x67, 0x64, 0xB3, 0x2B, 0xB4, 0x2C, 0x57, 0xA8, 0x29, 0xB6, 0x54, 0x15,
    0x4A, 0x0D, 0x11, 0xCB, 0x45, 0x21, 0x32, 0x5B, 0x39, 0xFE, 0x7B, 0x85, 0xB7, 0xA9, 0xBB, 0xC6,
    0xCF, 0x6F, 0xEB, 0xF2, 0x93, 0xE5, 0xAA, 0xF3, 0x13, 0xF7, 0x61, 0x93, 0xDB, 0xD8, 0x30, 0x2F,
    0xB5, 0xD2, 0xA5, 0xC2, 0x1C, 0xE6, 0x1C, 0xEF, 0xFE, 0x38, 0x59, 0x7E, 0xA7, 0x29, 0xD6, 0xF3,
    0x4A, 0x71, 0x96, 0xCF, 0xE9, 0xEF, 0x81, 0xBE, 0x5F, 0x00, 0x36, 0x82, 0xD8, 0x33, 0xAC, 0x07,
    0x2E, 0x0D, 0xC1, 0x0A, 0x21, 0x0D, 0x2E, 0x11, 0x4A, 0x39, 0x53, 0x7F, 0x37, 0x53, 0x39, 0x6F,
    0x55, 0x98, 0xE0, 0xFA, 0x2E, 0xBD, 0xBE, 0x94, 0x73, 0xE2, 0x3A, 0x33, 0x52, 0xC2, 0x3D, 0xB8,
    0x34, 0xCC, 0x05, 0x03, 0x69, 0x51, 0x22, 0x79, 0x82, 0x35, 0x55, 0xD7, 0xD2, 0xC4, 0x53, 0x23,
    0xF9, 0x4A, 0x7D, 0x07, 0xE4, 0xF6, 0xCC, 0x3A, 0xC9, 0x03, 0x62, 0x4C, 0xBE, 0x0A, 0x8E, 0x70,
    0x70, 0xFA, 0x00, 0x6E, 0xC2, 0xD4, 0xB2, 0xA9, 0x39, 0x94, 0x51, 0xAB, 0x89, 0x21, 0x3A, 0xA6,
    0xE3, 0xAC, 0xA3, 0xEA, 0x5C, 0xD1, 0xAB, 0x51, 0x2E, 0x3C, 0x17, 0xD8, 0x0F, 0x6D, 0x99, 0x36,
    0x34, 0x4F, 0x6C, 0x6B, 0x6A, 0xEA, 0x6A, 0x0C, 0x32, 0xD1, 0xE4, 0x95, 0x82, 0xF6, 0x3D, 0xF9,
    0xDD, 0x7F, 0x57, 0xB0, 0xFB, 0x9C, 0xFC, 0xFE, 0xAC, 0xA1, 0xCB, 0x69, 0xDD, 0xE7, 0x08, 0xAB,
    0xDF, 0x2B, 0xC4, 0x78, 0x19, 0x3F, 0x4F, 0xB3, 0x04, 0x54, 0x9B, 0xE5, 0xAB, 0xEF, 0x88, 0x7A,
    0xAD, 0xD3, 0x21, 0xA2, 0xCE, 0xC6, 0x9C, 0x90, 0x90, 0x98, 0x88, 0x6E, 0x78, 0xE3, 0x6C, 0x9A,
    0x83, 0xF5, 0xD8, 0xB0, 0x0E, 0xC6, 0x4D, 0x2B, 0xA5, 0x9E, 0x5D, 0x0A, 0xC7, 0xAE, 0x63, 0xDC,
    0xC4, 0xF9, 0x0C, 0x44, 0x9F, 0x30, 0xDF, 0x8F, 0x74, 0xBE, 0xC0, 0x30, 0xD3, 0xE5, 0xB3, 0x0A,
    0xF9, 0xF7, 0x4D, 0x5D, 0xAE, 0x35, 0x81, 0x75, 0xBE, 0x2E, 0x07, 0xE5, 0xA4, 0xF2, 0x70, 0x0A,
    0x08, 0x19, 0x3D, 0x95, 0x6D, 0x62, 0x64, 0xB9, 0x51, 0x46, 0x34, 0x3A, 0x7F, 0xFC, 0xE5, 0x98,
    0x90, 0x2A, 0x7A, 0xE9, 0x17, 0x50, 0x52, 0x97, 0x3B, 0xB0, 0xD0, 0xB2, 0xDC, 0xD0, 0x8E, 0x45,
    0x59, 0x3D, 0xB5, 0xC7, 0x98, 0xBC, 0x07, 0x2B, 0xD5, 0x60, 0x45, 0xCD, 0x3D, 0x3D, 0x7E, 0x03,
    0x8D, 0x6D, 0xAD, 0x74, 0xEC, 0x09, 0x1D, 0x30, 0x73, 0x41, 0x3B, 0x13, 0x74, 0x63, 0x4D, 0xFF,
    0xB5, 0x25, 0xCF, 0x98, 0xA0, 0x1B, 0x95, 0x71, 0xA8, 0x1A, 0x0F, 0x15, 0xE2, 0x12, 0xCD, 0xA2,
    0x04, 0x7A, 0x8A, 0xAC, 0xE8, 0x11, 0xD2, 0x5B, 0xD6, 0x03, 0x25, 0x90, 0x81, 0x92, 0xC9, 0xAB,
    0x79, 0x89, 0xC3, 0x17, 0xB4, 0x23, 0xD6, 0x45, 0x98, 0x44, 0x73, 0x20, 0xD1, 0x41, 0x7A, 0xF2,
    0x33, 0x71, 0x2A, 0xB0, 0xCB, 0xB0, 0xCD, 0x02, 0x41, 0xB7, 0x08, 0xD8, 0x20, 0xE1, 0x64, 0x87,
    0xE5, 0x9E, 0x23, 0xD3, 0xEA, 0x27, 0x7B, 0x14, 0xF7, 0x32, 0x5C, 0x34, 0x03, 0x1A, 0x40, 0x59,
    0xBB, 0xDB, 0xB9, 0x16, 0xB0, 0xF1, 0xB8, 0xEC, 0x05, 0xCD, 0xB3, 0xB1, 0x43, 0xD8, 0x80, 0x05,
    0xF3, 0x62, 0xA6, 0x80, 0xBE, 0x29, 0xD8, 0xD0, 0xB8, 0xA9, 0xF1, 0x98, 0x46, 0xA5, 0xF1, 0x3C,
    0x89, 0x85, 0x40, 0xAC, 0xA7, 0x0D, 0xD6, 0x3F, 0x0A, 0xA2, 0xDD, 0x05, 0x13, 0xB5, 0xE7, 0x3B,
    0xC9, 0xDB, 0x8C, 0xEE, 0x40, 0xE3, 0x52, 0xC4, 0xE8, 0x3B, 0x09, 0x63, 0xC3, 0xCA, 0x19, 0x7B,
    0xAA, 0x8F, 0xF7, 0xA2, 0x69, 0x14, 0xF0, 0x7B, 0x66, 0xEA, 0x6B, 0x40, 0x88, 0x73, 0xFC, 0xBC,
    0x50, 0xB0, 0xC6, 0x33, 0x7C, 0x64, 0xA8, 0x30, 0xB5, 0xED, 0x93, 0x1E, 0x0B, 0xED, 0xF6, 0x55,
    0x42, 0xCC, 0xBC, 0x02, 0x4F, 0x42, 0x7F, 0x10, 0xF9, 0xE4, 0xB2, 0x8E, 0x76, 0x24, 0x71, 0x35,
    0x7A, 0x6E, 0x04, 0x39, 0x2D, 0xF2, 0x5D, 0xF6, 0x33, 0x49, 0xEA, 0x84, 0xDB, 0x9D, 0xB5, 0xA4,
    0x45, 0x88, 0x4A, 0x1C, 0xD6, 0x08, 0x26, 0x19, 0x78, 0x7E, 0x7D, 0xFB, 0x12, 0x90, 0xEA, 0x7D,
    0x4B, 0xBE, 0x77, 0x2E, 0xDD, 0x6E, 0x9E, 0x4D, 0x40, 0xB2, 0xC4, 0xE8, 0xAA, 0xD1, 0xD3, 0xAF,
    0xE6, 0xC7, 0xEA, 0x5B, 0x50, 0x81, 0x07, 0xB0, 0x75, 0xD0, 0xE2, 0x5C, 0xC7, 0x74, 0xA0, 0x01,
    0xBF, 0xB9, 0x2C, 0xB4, 0xAA, 0xF0, 0x15, 0x44, 0x5C, 0x18, 0xD4, 0x3D, 0x10, 0xDB, 0xD4, 0x56,
    0x2E, 0x8C, 0xBD, 0xB1, 0xA1, 0x1E, 0xA6, 0xB6, 0xA3, 0x15, 0xE7, 0x3C, 0x89, 0xE0, 0xD7, 0x96,
    0x85, 0x3F, 0xEB, 0x3D, 0x29, 0xF3, 0xFA, 0xDA, 0xA4, 0xCA, 0x8F, 0x86, 0xF5, 0x2D, 0xCC, 0xD3,
    0x0A, 0x69, 0x0E, 0x19, 0xD0, 0xB9, 0x09, 0x77, 0xE2, 0x32, 0x77, 0xF2, 0x6D, 0xD0, 0xC5, 0x3A,
    0xEC, 0x67, 0x9E, 0x12, 0xF5, 0x98, 0xC7, 0x46, 0x37, 0x7E, 0xAF, 0x1C, 0xFF, 0x13, 0xB3, 0x90,
    0xE1, 0xFF, 0x06, 0xE8, 0x20, 0x61, 0x1D, 0x95, 0x31, 0x80, 0xF6, 0xBD, 0x45, 0xA2, 0x30, 0x2B,
    0xA7, 0xDD, 0xCC, 0x05, 0x69, 0xEC, 0xFB, 0x82, 0xBD, 0x46, 0xC6, 0x32, 0x4C, 0xEB, 0x6B, 0x1A,
    0x0F, 0x09, 0x6E, 0xAA, 0x11, 0x82, 0x45, 0xD8, 0xD0, 0x58, 0x10, 0x4E, 0x35, 0x9B, 0x0B, 0xB9,
    0x12, 0xBD, 0x48, 0x26, 0x48, 0x8F, 0xB8, 0xD7, 0x94, 0x51, 0x9A, 0xE9, 0xC9, 0x0B, 0x7C, 0x64,
    0x5D, 0x26, 0xAD, 0xAB, 0x75, 0x85, 0x53, 0xAF, 0x0E, 0xEB, 0x4B, 0xE3, 0xED, 0x14, 0xFA, 0xB5,
    0x42, 0xD4, 0xA7, 0x01, 0xC9, 0xA1, 0x85, 0x2A, 0xD6, 0xB8, 0x5E, 0x8C, 0xB9, 0xC6, 0x4C, 0xD0,
    0xD0, 0x08, 0xF2, 0xC0, 0x98, 0x08, 0xD2, 0xB8, 0x60, 0xA4, 0x71, 0xC1, 0xF7, 0xF1, 0x6E, 0x2F,
    0x81, 0xA3, 0xEA, 0x05, 0xB1, 0xC7, 0xD8, 0x8D, 0x21, 0xF1, 0x2C, 0xAB, 0xBF, 0x62, 0xAC, 0xA9,
    0x7F, 0x1A, 0x43, 0x12, 0xAA, 0xA9, 0x3F, 0x20, 0x6C, 0xE1, 0x3E, 0x63, 0xB8, 0xA9, 0xB1, 0xD0,
    0x98, 0x03, 0xB9, 0x1D, 0x19, 0x2D, 0xC6, 0x3B, 0x4D, 0x3B, 0xE1, 0xF3, 0x20, 0x31, 0x8C, 0x44,
    0x62, 0x6A, 0x9A, 0x8F, 0xAC, 0x69, 0xB1, 0x46, 0x14, 0xDF, 0x5A, 0x79, 0xC0, 0xE8, 0x41, 0x32,
    0x1E, 0x43, 0x5E, 0xEA, 0xE6, 0x99, 0x0B, 0xB5, 0x79, 0x21, 0x98, 0xD7, 0x48, 0x5D, 0x76, 0x7B,
    0xA9, 0x89, 0x57, 0x61, 0xED, 0x2E, 0x38, 0xB3, 0x18, 0x6E, 0x62, 0x05, 0x63, 0xC6, 0x46, 0x89,
    0x79, 0x23, 0xA5, 0x4E, 0xC4, 0x77, 0xBC, 0x17, 0xAE, 0xCB, 0xA8, 0x9F, 0x19, 0xA9, 0x9F, 0xED,
    0x3E, 0xAD, 0xCA, 0xD4, 0xCF, 0xF6, 0x0D, 0x6A, 0x25, 0xEA, 0x67, 0xE7, 0x35, 0xBA, 0x84, 0xFA,
    0xD9, 0x79, 0x85, 0xA4, 0x47, 0xEA, 0x67, 0xE7, 0x87, 0x54, 0x37, 0xEA, 0x4F, 0x12, 0x43, 0x1B,
    0x8C, 0x46, 0xDE, 0x63, 0x54, 0x5B, 0x39, 0xD0, 0x53, 0x41, 0x0A, 0x7E, 0x61, 0x1E, 0x73, 0x80,
    0xB0, 0xAE, 0xBA, 0x39, 0xF8, 0x86, 0x96, 0xB5, 0x33, 0x40, 0x7F, 0xF4, 0xFC, 0x34, 0x40, 0x3F,
    0xDF, 0x2B, 0x43, 0x67, 0x80, 0x31, 0x50, 0xE8, 0xB5, 0x38, 0x14, 0xFD, 0x24, 0xD4, 0xDC, 0x30,
    0xC2, 0xB7, 0x35, 0xDF, 0x7A, 0xBE, 0x03, 0x23, 0x56, 0x4B, 0x0C, 0xC5, 0x43, 0xAC, 0xFE, 0xE5,
    0xCC, 0x01, 0x63, 0xFC, 0x30, 0x52, 0x63, 0x53, 0xAD, 0x0D, 0x98, 0xD9, 0x04, 0x13, 0x41, 0xA7,
    0x1C, 0xF0, 0x79, 0x57, 0xA3, 0x77, 0xFB, 0x7B, 0xFC, 0x7B, 0x10, 0x1F, 0x65, 0xEC, 0x6A, 0xFC,
    0x22, 0x3E, 0xEA, 0x37, 0xFB, 0x67, 0xB2, 0x7F, 0x4A, 0x88, 0x72, 0x7F, 0x10, 0x1F, 0x9D, 0x6B,
    0xEE, 0x34, 0x17, 0xAC, 0xF8, 0xE8, 0x14, 0xC6, 0x12, 0xA1, 0x67, 0x08, 0x3A, 0xB7, 0x52, 0x46,
    0xEB, 0xE7, 0x09, 0xDA, 0x71, 0xC0, 0xEA, 0x5E, 0x42, 0x56, 0x25, 0x53, 0x3F, 0x2B, 0xAC, 0x06,
    0xD4, 0xBF, 0xCE, 0xAF, 0xCA, 0x55, 0x42, 0xA3, 0x1B, 0xFB, 0xE5, 0xBF, 0x63, 0x6D, 0xB0, 0xD1,
    0xD5, 0xDA, 0xE0, 0xBD, 0x4A, 0xD1, 0xCA, 0x3F, 0xB1, 0x25, 0xBA, 0x7F, 0xF1, 0x47, 0x2C, 0xE1,
    0xED, 0x53, 0xE0, 0x47, 0x4B, 0xA3, 0x0D, 0xCB, 0x1B, 0xD5, 0x5D, 0xDC, 0xC4, 0x72, 0xE6, 0x50,
    0xD1, 0xAE, 0x5D, 0x92, 0x2B, 0x17, 0x8C, 0x8C, 0x39, 0x98, 0xCC, 0x4C, 0x2D, 0xE2, 0x74, 0xD6,
    0xA8, 0xFE, 0xC6, 0x07, 0x30, 0x90, 0xDB, 0xC4, 0x52, 0x03, 0x5D, 0x8D, 0xDE, 0xED, 0x96, 0x8B,
    0xF3, 0x41, 0x5C, 0x73, 0x79, 0xDD, 0x26, 0x6C, 0xDE, 0x38, 0x03, 0xF4, 0x70, 0xFE, 0xDF, 0xD3,
    0xF8, 0x07, 0x1A, 0x2D, 0x42, 0xBE, 0x5F, 0x5C, 0xE3, 0x76, 0x01, 0xEA, 0xEF, 0x0D, 0x3E, 0x5F,
    0xF6, 0xEA, 0x1A, 0x37, 0x19, 0xEF, 0x9C, 0x2E, 0xE4, 0x3A, 0x53, 0x0C, 0xF4, 0xD0, 0xB8, 0x6F,
    0xB0, 0xB1, 0x39, 0x56, 0x87, 0x21, 0xA6, 0xA3, 0xBB, 0xE7, 0xF6, 0x12, 0xB3, 0x48, 0x3D, 0x52,
    0x2D, 0x5A, 0x50, 0x8E, 0x94, 0x7D, 0xAE, 0x1D, 0x1F, 0x6C, 0x72, 0xEB, 0xD4, 0xD0, 0x48, 0x1B,
    0x72, 0xF0, 0x24, 0x93, 0x8A, 0x0B, 0x4A, 0xAF, 0xE7, 0x1B, 0xD5, 0xC1, 0x75, 0xA5, 0x39, 0xD4,
    0x0C, 0x8B, 0xC3, 0x05, 0x26, 0x36, 0x34, 0x0A, 0x36, 0x98, 0xDA, 0xC0, 0x65, 0x08, 0xCC, 0x5E,
    0xCF, 0x79, 0xC9, 0xC8, 0x9E, 0xA0, 0x26, 0xED, 0xB9, 0xD6, 0x7B, 0x29, 0xB5, 0x69, 0x5A, 0x9B,
    0xB7, 0x6F, 0xC5, 0x85, 0x72, 0xD2, 0x5A, 0xCD, 0x7D, 0x39, 0x22, 0x42, 0x9C, 0xD6, 0x7E, 0xB2,
    0xE4, 0x9D, 0x4B, 0x95, 0x9F, 0xD6, 0x31, 0x66, 0x68, 0xA5, 0x4A, 0x6B, 0x83, 0x4D, 0x8F, 0x48,
    0xD3, 0x89, 0xB4, 0x86, 0xE6, 0x0F, 0x49, 0x76, 0xA8, 0x29, 0xE8, 0xBE, 0x71, 0x40, 0x8F, 0xA8,
    0xF3, 0x81, 0xFD, 0xBF, 0xAB, 0x56, 0x86, 0x03, 0xF7, 0x94, 0xCA, 0xBF, 0x4F, 0xFC, 0xDA, 0xE6,
    0xBC, 0x63, 0x52, 0x41, 0xA3, 0xEC, 0xB5, 0xEC, 0x1F, 0xD2, 0x02, 0x66, 0xDC, 0x3B, 0x3D, 0x28,
    0xDF, 0xB9, 0x3B, 0xA0, 0x32, 0xD4, 0xA5, 0x77, 0xCB, 0xBB, 0x74, 0x60, 0xFC, 0x9D, 0xF9, 0x7F,
    0xAF, 0xBA, 0xB2, 0x72, 0x27, 0xCA, 0x19, 0x6B, 0x93, 0x4A, 0x4A, 0xAF, 0xB4, 0x82, 0x93, 0xDA,
    0xC1, 0x07, 0x7C, 0xB4, 0xBC, 0xB7, 0x70, 0x00, 0x9F, 0x72, 0xB0, 0x31, 0x15, 0xC6, 0x61, 0x43,
    0x1B, 0x85, 0xC1, 0xA0, 0xC0, 0x0E, 0x69, 0xB3, 0xF9, 0xCA, 0x41, 0x57, 0xAA, 0x15, 0xB1, 0x80,
    0x89, 0x2D, 0x66, 0x45, 0x99, 0x6C, 0x6B, 0x09, 0xC0, 0x37, 0x11, 0x7A, 0x91, 0xC7, 0x46, 0x60,
    0x37, 0x16, 0x23, 0xB0, 0x9D, 0x2E, 0xF3, 0x7D, 0x2D, 0x68, 0x53, 0x09, 0x0D, 0xD6, 0x47, 0xC7,
    0xDA, 0xBA, 0x25, 0xC4, 0xFD, 0xC8, 0xD5, 0x3D, 0x2F, 0x3C, 0xA3, 0x69, 0x9B, 0x17, 0x0A, 0x42,
    0xED, 0xE9, 0x69, 0x93, 0x99, 0x27, 0x4B, 0x87, 0xE0, 0x5F, 0x32, 0xBA, 0xBC, 0xE6, 0x8E, 0x90,
    0x1F, 0xE3, 0x69, 0xF5, 0x1A, 0x63, 0x63, 0xBA, 0xB3, 0x8E, 0x06, 0xDC, 0x74, 0x98, 0x3E, 0x1A,
    0xB9, 0xA3, 0x9D, 0xC4, 0xF4, 0x73, 0x72, 0x6D, 0x84, 0xE8, 0x33, 0x1A, 0xB2, 0x86, 0x2A, 0xE7,
    0x8B, 0x77, 0xF8, 0x7E, 0xC1, 0x5B, 0xB7, 0xB8, 0x87, 0xE7, 0xED, 0x98, 0xBF, 0x1F, 0x82, 0x5C,
    0x85, 0xF2, 0xBF, 0x39, 0x8A, 0xA0, 0x32, 0x42, 0x11, 0x9C, 0x2A, 0x97, 0xC8, 0x63, 0x13, 0x3A,
    0xCE, 0x80, 0xE9, 0x60, 0xA4, 0x58, 0x61, 0x57, 0xA2, 0x55, 0x49, 0x30, 0x5A, 0x8B, 0xD5, 0xF4,
    0x3F, 0x6A, 0xE8, 0x9B, 0x69, 0x1C, 0x34, 0xE4, 0x21, 0x2D, 0x8D, 0x3D, 0x41, 0x23, 0x17, 0xB4,
    0x52, 0x41, 0x27, 0x16, 0xF4, 0x43, 0xB9, 0x5F, 0x9B, 0xDF, 0x23, 0x36, 0xCA, 0x6C, 0xEE, 0xC6,
    0xB9, 0xDB, 0x21, 0xD1, 0x07, 0xD5, 0xA2, 0xA6, 0xF3, 0xEF, 0x06, 0xD4, 0x52, 0xB1, 0xEA, 0x7A,
    0x6E, 0x0C, 0x6C, 0x79, 0xB6, 0xDA, 0x20, 0x7C, 0x82, 0xEA, 0x50, 0x38, 0x52, 0x97, 0x5C, 0xD0,
    0xC8, 0x04, 0xAD, 0x54, 0x10, 0xEE, 0x04, 0xCF, 0x42, 0x54, 0x8B, 0xA1, 0x8C, 0xA4, 0x55, 0x20,
    0x14, 0x1C, 0xB0, 0x72, 0xD2, 0x73, 0x68, 0x05, 0xDA, 0x26, 0xD6, 0x83, 0x3A, 0xD4, 0xA2, 0xF1,
    0x37, 0x63, 0x42, 0x0D, 0x15, 0x72, 0xBD, 0x41, 0x0D, 0x6F, 0x68, 0x0C, 0x2A, 0x27, 0x5F, 0xB1,
    0x9D, 0xC1, 0x0B, 0x8C, 0x71, 0xFA, 0x1F, 0x1D, 0x87, 0xF3, 0x6E, 0x5B, 0x9C, 0x6F, 0xB2, 0x36,
    0xCD, 0x49, 0xD0, 0x1F, 0x22, 0x08, 0xF3, 0xB0, 0xCD, 0x51, 0xC3, 0x09, 0x1A, 0xB9, 0xA0, 0x95,
    0x0A, 0x3A, 0xB1, 0xAC, 0x0F, 0x5E, 0x28, 0xD8, 0x8E, 0xE6, 0x41, 0xDF, 0xA9, 0xDE, 0x7C, 0xDE,
    0x2E, 0x0B, 0x46, 0x7F, 0xB0, 0xC2, 0xD8, 0x9D, 0xF7, 0xBE, 0x07, 0xBC, 0x30, 0x3F, 0xC3, 0xE5,
    0x9F, 0x98, 0xD7, 0xEB, 0xCB, 0xBC, 0xE2, 0xEB, 0x80, 0xAA, 0x20, 0xBA, 0x3D, 0xAF, 0xDF, 0xF3,
    0x37, 0xC5, 0xC7, 0x86, 0xCE, 0x26, 0x43, 0xC6, 0x55, 0xC6, 0xF7, 0x5E, 0x3C, 0xB2, 0xB6, 0xFB,
    0x3F, 0x92, 0x88, 0xB9, 0x4A, 0x0F, 0xFF, 0x05, 0x9E, 0x3F, 0xB7, 0x78, 0x67, 0xA1, 0x59, 0xDE,
    0x5E, 0xE0, 0xF1, 0x0A, 0xF2, 0x19, 0x94, 0xE2, 0x4D, 0xFC, 0xC5, 0xDD, 0xC4, 0x7D, 0x8D, 0x16,
    0x87, 0xCF, 0xDE, 0xCB, 0x03, 0xCF, 0x57, 0xEE, 0xAD, 0xE4, 0x5B, 0x3D, 0xCF, 0x4D, 0xDA, 0x56,
    0x62, 0x67, 0x9E, 0x55, 0x10, 0x5D, 0x02, 0x2B, 0x92, 0xCD, 0x56, 0xF7, 0xDF, 0x63, 0x5C, 0xEE,
    0x8D, 0xF0, 0x3E, 0x9F, 0x4A, 0xFB, 0x1A, 0x8C, 0xF4, 0x5F, 0xAC, 0x59, 0x50, 0x66, 0x68, 0xC7,
    0x0F, 0x8B, 0xD3, 0x72, 0x0C, 0xCF, 0x77, 0x9F, 0xBE, 0x43, 0x90, 0xE9, 0xD3, 0x79, 0x5A, 0xE2,
    0x6C, 0x76, 0x7E, 0x08, 0xC2, 0x20, 0x99, 0x5B, 0x24, 0x7A, 0x90, 0x3E, 0xC2, 0xB6, 0x22, 0x8B,
    0x0A, 0xCE, 0xBC, 0x31, 0xF1, 0x88, 0xD6, 0xC4, 0xF2, 0xE7, 0x1F, 0x64, 0x15, 0xD0, 0x74, 0x2C,
    0x54, 0x57, 0x9E, 0x55, 0xEE, 0x73, 0xAB, 0x34, 0xF8, 0xFC, 0x68, 0x99, 0x16, 0x79, 0xAC, 0x77,
    0x19, 0xA3, 0x6A, 0x27, 0x8C, 0xF6, 0x6E, 0x9F, 0xB1, 0x1D, 0xF9, 0x97, 0x52, 0xE6, 0x2E, 0x2C,
    0x60, 0xBE, 0xA0, 0x8C, 0x93, 0xA9, 0x36, 0x63, 0xA5, 0xFA, 0x01, 0xA9, 0xD2, 0x23, 0x6E, 0x68,
    0x65, 0xF0, 0xB4, 0x33, 0x9D, 0xA7, 0xF5, 0x1D, 0x1E, 0xFB, 0x48, 0x2F, 0xF1, 0xB0, 0x3E, 0x41,
    0xAF, 0xE6, 0x0D, 0xFF, 0x2D, 0x63, 0x68, 0x29, 0xCF, 0xE8, 0xAF, 0x97, 0x29, 0x21, 0x91, 0xF2,
    0x41, 0x8E, 0xEF, 0xBB, 0x0B, 0xEA, 0xBA, 0xAF, 0x9B, 0x5A, 0xE3, 0xDC, 0x8A, 0x60, 0xD0, 0x57,
    0x47, 0x98, 0xE4, 0xAD, 0x0A, 0xBB, 0x53, 0xD7, 0x82, 0x02, 0x70, 0xA9, 0x84, 0x89, 0x93, 0xE8,
    0xD8, 0x0E, 0xB7, 0x84, 0xFB, 0xF3, 0x44, 0x5A, 0x84, 0x19, 0xD5, 0x69, 0xC6, 0x8D, 0x3A, 0x3B,
    0x9F, 0xAA, 0xBC, 0x2E, 0x72, 0x56, 0x5E, 0xB7, 0x52, 0x8C, 0x93, 0xAC, 0x6E, 0x42, 0x3F, 0xF9,
    0x8B, 0xAC, 0xAE, 0x8A, 0x23, 0xEB, 0xBB, 0xFF, 0x53, 0x5A, 0x27, 0x2A, 0xE2, 0xA4, 0x56, 0x02,
    0xC6, 0xD5, 0xCD, 0xED, 0xB8, 0x4E, 0xBC, 0xA5, 0xD7, 0x83, 0x2A, 0xE5, 0x04, 0x75, 0xA8, 0x1B,
    0xE2, 0xBE, 0x7F, 0xFE, 0xB3, 0x8B, 0x74, 0xFF, 0x48, 0x7D, 0xFE, 0x3E, 0x2D, 0x5C, 0x66, 0x66,
    0x7C, 0xF6, 0x6E, 0x02, 0x4F, 0x6B, 0xEB, 0xFD, 0x24, 0x52, 0x75, 0x22, 0xFE, 0xB7, 0xE8, 0xB9,
    0x4F, 0x11, 0x3D, 0x3F, 0x29, 0xAE, 0xE4, 0x0D, 0xF6, 0xEB, 0xEC, 0xAB, 0xAF, 0x01, 0x2D, 0xED,
    0xE7, 0x09, 0x7D, 0x19, 0x90, 0xD5, 0x25, 0x89, 0x7A, 0x9C, 0x0D, 0x90, 0xC9, 0x34, 0xAF, 0xEE,
    0x24, 0x2A, 0x0D, 0x64, 0x7C, 0x8B, 0xC8, 0x6A, 0xAE, 0x6A, 0x91, 0x75, 0x8A, 0xD7, 0x64, 0xEA,
    0x08, 0x26, 0x75, 0xD3, 0xA5, 0xF8, 0xD6, 0xFB, 0xC4, 0x23, 0x61, 0x51, 0x3A, 0xBA, 0x18, 0x42,
    0xC3, 0x71, 0x95, 0x96, 0x57, 0x93, 0x15, 0x59, 0x24, 0x7F, 0xF1, 0xB8, 0x73, 0x69, 0x7C, 0xD5,
    0x4C, 0xA0, 0x1B, 0xD1, 0xA0, 0x9E, 0x5B, 0xBC, 0xBC, 0x18, 0xD6, 0x1C, 0x10, 0xB1, 0xAE, 0xAA,
    0x39, 0x20, 0x6A, 0x7D, 0x66, 0x9F, 0xFD, 0xB0, 0xC5, 0x18, 0x44, 0x8A, 0xD6, 0x74, 0x98, 0x1C,
    0x8D, 0xAC, 0x46, 0x43, 0xAA, 0xCC, 0xCD, 0xAC, 0xE6, 0x2A, 0xE3, 0x2E, 0x8D, 0x9A, 0x1A, 0x09,
    0x7F, 0x1F, 0x2C, 0x5A, 0x49, 0xCD, 0x8E, 0xED, 0x77, 0x4E, 0xBD, 0x10, 0xD3, 0xFD, 0xDC, 0x53,
    0xCF, 0x39, 0x74, 0xDF, 0xD4, 0x83, 0x81, 0x9D, 0x9E, 0x53, 0x77, 0x43, 0x5F, 0xD5, 0x8C, 0x0C,
    0xEE, 0x0E, 0x74, 0xBF, 0xFC, 0x8F, 0xDC, 0x10, 0x3C, 0x35, 0xDE, 0xE7, 0x02, 0xE1, 0x15, 0x36,
    0x82, 0xD4, 0xB4, 0x21, 0xBB, 0xC2, 0x96, 0x60, 0xD0, 0xD3, 0x58, 0xC8, 0x7A, 0xF6, 0x18, 0x2F,
    0x74, 0x87, 0x45, 0x46, 0x9F, 0xEE, 0xF3, 0x52, 0x36, 0x4D, 0xAF, 0xEB, 0x24, 0xB2, 0x0A, 0x52,
    0xDF, 0x85, 0x47, 0x16, 0x79, 0x48, 0x22, 0x52, 0xC2, 0xBE, 0xD7, 0x6C, 0x63, 0xAE, 0xFA, 0x09,
    0x0C, 0x60, 0x44, 0x3F, 0x8F, 0xC1, 0xE6, 0xEB, 0xA9, 0x67, 0xBA, 0xB4, 0xC8, 0xCE, 0x2D, 0x35,
    0x95, 0x77, 0x37, 0x82, 0x1C, 0xA4, 0xAC, 0x01, 0xCB, 0x43, 0x62, 0xC2, 0x0C, 0x88, 0xAB, 0xF9,
    0x6F, 0xB0, 0xBC, 0x46, 0x5D, 0xB8, 0x2D, 0x10, 0x8D, 0xD8, 0x0A, 0x57, 0xD0, 0xCC, 0xF9, 0x2C,
    0x8D, 0xF9, 0xDC, 0xBC, 0xDB, 0x82, 0x80, 0x50, 0x58, 0x1F, 0xF8, 0xCA, 0xBF, 0x7D, 0x26, 0x73,
    0x5E, 0xFB, 0x0A, 0x11, 0x66, 0x8B, 0xB8, 0xF5, 0x43, 0x36, 0x96, 0xF0, 0x79, 0x4F, 0xB5, 0xDF,
    0xA3, 0xF5, 0x7B, 0xD9, 0x53, 0x0D, 0x37, 0x09, 0x54, 0xE1, 0xA9, 0x59, 0xAB, 0xE8, 0xA9, 0x3F,
    0xC3, 0xC0, 0x25, 0xFE, 0x7D, 0x16, 0x18, 0x24, 0x7A, 0x8D, 0x94, 0x35, 0xDA, 0x93, 0x20, 0x8C,
    0x69, 0x5E, 0xD0, 0x3D, 0xA3, 0xCB, 0x5C, 0x89, 0x67, 0x88, 0x80, 0x7D, 0x44, 0x89, 0xEB, 0x24,
    0xAB, 0x5C, 0xB1, 0xC8, 0x99, 0x98, 0x96, 0x6E, 0x42, 0xCC, 0x6F, 0xDF, 0x29, 0xC3, 0xB6, 0xE8,
    0x4D, 0x97, 0xBE, 0xA0, 0x7B, 0xCC, 0x2C, 0x8A, 0xF3, 0x3D, 0xCB, 0xAB, 0x36, 0x33, 0x37, 0xD4,
    0x51, 0xDD, 0xA4, 0x9B, 0xB0, 0xC6, 0xAF, 0x8C, 0x10, 0x65, 0xE2, 0x2A, 0xF7, 0x12, 0xB8, 0xB8,
    0xA9, 0xC5, 0xA6, 0x70, 0x2A, 0x7E, 0x39, 0x80, 0x49, 0x84, 0x9A, 0xA3, 0x1C, 0x68, 0xDD, 0x63,
    0xA5, 0x14, 0x44, 0xE7, 0xCB, 0x3A, 0xDA, 0x4D, 0x55, 0xC1, 0x52, 0x54, 0x99, 0x5B, 0x19, 0xAB,
    0xC4, 0xEF, 0xB6, 0x9C, 0x04, 0x07, 0xE6, 0x07, 0x27, 0x7C, 0x89, 0x12, 0x78, 0xE7, 0xA1, 0x2E,
    0x1F, 0x38, 0xA7, 0xCC, 0x32, 0x41, 0xD4, 0x0D, 0x49, 0x32, 0x9F, 0xC5, 0x38, 0x68, 0x90, 0x50,
    0xCF, 0x07, 0xB5, 0xEA, 0xE0, 0xD1, 0xEA, 0x40, 0xED, 0x3D, 0x98, 0xCB, 0xF5, 0x81, 0x57, 0x1D,
    0xCC, 0xAC, 0x72, 0x75, 0x44, 0x86, 0x1B, 0x1E, 0xCC, 0xE8, 0x15, 0x80, 0x15, 0x4A, 0xF2, 0x59,
    0x7A, 0x53, 0xF4, 0x88, 0x4B, 0xE5, 0x7B, 0xB2, 0x50, 0x51, 0x67, 0xED, 0xC2, 0x04, 0xE0, 0xFE,
    0xAF, 0x29, 0xC2, 0x04, 0x38, 0xD0, 0xE0, 0x81, 0x07, 0x33, 0x6B, 0xBB, 0xFF, 0xED, 0xBD, 0x66,
    0x13, 0x97, 0x97, 0x1F, 0xF1, 0x7D, 0x40, 0x09, 0x84, 0x62, 0x3B, 0x95, 0x11, 0xAE, 0x72, 0x88,
    0xD7, 0x46, 0x6F, 0xA6, 0x48, 0xAE, 0xB0, 0x93, 0x7F, 0xCE, 0xE2, 0x34, 0x1D, 0x7C, 0xFE, 0x69,
    0x2C, 0xB6, 0x84, 0xCF, 0x3E, 0xCA, 0xC4, 0x67, 0xE9, 0xFD, 0x54, 0x7E, 0x61, 0x79, 0x07, 0x07,
    0xDE, 0x49, 0x30, 0xAE, 0xD4, 0x62, 0x0D, 0x4B, 0x1F, 0x7C, 0xAD, 0x72, 0x70, 0x52, 0x5F, 0x7A,
    0x30, 0xD7, 0x5C, 0x02, 0x63, 0x6E, 0xA5, 0x3A, 0xE2, 0x0A, 0x3E, 0x91, 0x7C, 0xA0, 0xDD, 0x6C,
    0xE9, 0xF3, 0x84, 0xCC, 0x22, 0xBB, 0x78, 0x98, 0xF0, 0xCA, 0x74, 0x49, 0x63, 0xB9, 0x05, 0x27,
    0x31, 0x9A, 0xF5, 0x2D, 0x33, 0x7B, 0x6A, 0x89, 0xB8, 0x0C, 0xC4, 0x25, 0x10, 0xD7, 0x91, 0xB5,
    0xDC, 0x98, 0xB9, 0x90, 0x96, 0xC7, 0xA3, 0x31, 0x6D, 0x1D, 0x95, 0x15, 0x8E, 0xAE, 0xA7, 0x59,
    0x32, 0xD5, 0xDC, 0x62, 0xD7, 0x65, 0x57, 0x5C, 0x39, 0x05, 0x55, 0x9B, 0x9D, 0x1E, 0x52, 0xD5,
    0x0D, 0x05, 0xCB, 0x98, 0x91, 0xB8, 0x01, 0x97, 0xB8, 0x2B, 0xAA, 0x4D, 0x8B, 0xCB, 0x59, 0x1F,
    0x34, 0xF8, 0xBB, 0xF3, 0xDA, 0xEF, 0xF1, 0x79, 0x9A, 0x25, 0x8C, 0x0D, 0x4F, 0xAE, 0xA7, 0x47,
    0xBA, 0xDB, 0x74, 0xFE, 0x82, 0xC7, 0x5A, 0xA6, 0xF4, 0x8F, 0x08, 0x9B, 0xCD, 0xB3, 0xA9, 0xD2,
    0xE7, 0xBF, 0x14, 0x61, 0x14, 0x15, 0x8C, 0x69, 0x96, 0xCC, 0x28, 0xA3, 0x39, 0xB6, 0x18, 0x1E,
    0x96, 0x81, 0x3B, 0xDD, 0x63, 0x6A, 0x48, 0x54, 0xC2, 0x44, 0x84, 0x92, 0x5F, 0xC2, 0x33, 0xA8,
    0x50, 0x33, 0x4B, 0xCA, 0xBD, 0x7C, 0x86, 0x39, 0xE0, 0x86, 0x50, 0x60, 0x43, 0xF4, 0x97, 0x9E,
    0xB5, 0xD3, 0x5C, 0xBA, 0xCC, 0xB3, 0x0F, 0x5A, 0x20, 0xAA, 0x3F, 0x14, 0x94, 0x44, 0x15, 0x07,
    0x4C, 0x8A, 0x2A, 0xA4, 0x19, 0x72, 0x04, 0xBF, 0x13, 0x95, 0xF0, 0x58, 0x5B, 0xD4, 0x4D, 0xA6,
    0x58, 0x5B, 0xC4, 0x0B, 0x3B, 0x48, 0xEE, 0x06, 0xA3, 0x75, 0xB7, 0xCE, 0xD7, 0xDB, 0xAF, 0x9D,
    0x40, 0x57, 0x85, 0xEE, 0xE2, 0x43, 0x58, 0x80, 0x95, 0x4F, 0xED, 0x0B, 0xC7, 0x79, 0xA2, 0x12,
    0xD4, 0x01, 0x86, 0xDA, 0xF4, 0xD4, 0x47, 0x69, 0xE1, 0x86, 0xCF, 0x78, 0xC6, 0x2F, 0xD3, 0x86,
    0x1D, 0xCF, 0x7A, 0xD6, 0x47, 0xE9, 0xD7, 0xA9, 0xC7, 0x3D, 0xEB, 0x66, 0xAA, 0xFE, 0x2B, 0x1A,
    0x8D, 0xCE, 0xC5, 0x54, 0x5D, 0xC8, 0x95, 0xE7, 0x51, 0xE5, 0x37, 0x5A, 0xCA, 0x9B, 0x01, 0x31,
    0x7A, 0x02, 0xFD, 0xD4, 0xC5, 0x8C, 0x3F, 0xB2, 0x8F, 0xE1, 0xA8, 0xAC, 0x6A, 0xDE, 0xB8, 0x35,
    0x0E, 0x2F, 0x49, 0xCB, 0xF0, 0x82, 0x5E, 0x95, 0xB3, 0x21, 0x0A, 0x0B, 0x45, 0x68, 0x46, 0x56,
    0x08, 0xF4, 0x12, 0x27, 0x07, 0x7D, 0x2D, 0x65, 0x55, 0x72, 0x72, 0x1E, 0xEC, 0x4C, 0x93, 0x88,
    0x6C, 0xD9, 0x7D, 0x59, 0x71, 0x0D, 0x5E, 0x6C, 0xA6, 0xC7, 0x1D, 0x80, 0xF3, 0x61, 0xE8, 0xD9,
    0x60, 0x84, 0x46, 0xF3, 0xCC, 0x4E, 0x93, 0xBD, 0x10, 0x8C, 0x5C, 0xEC, 0x7C, 0xAC, 0x06, 0x15,
    0x71, 0xA4, 0xA1, 0xBD, 0x32, 0x18, 0x3D, 0x84, 0x1F, 0x7E, 0x9F, 0xC8, 0x6F, 0x48, 0xD8, 0x62,
    0xF7, 0x12, 0x20, 0x48, 0x24, 0x21, 0xDB, 0xA5, 0x83, 0x66, 0xE1, 0x0F, 0x98, 0x70, 0xE5, 0x1E,
    0x13, 0xBB, 0x32, 0x9D, 0xDA, 0xCF, 0x70, 0xB5, 0x26, 0x7C, 0x1F, 0x2A, 0xEE, 0x84, 0xA3, 0x0B,
    0xB5, 0x15, 0x2F, 0xAE, 0x70, 0x59, 0x3C, 0xEC, 0xE2, 0x96, 0x16, 0xE0, 0x5A, 0xEA, 0x10, 0xFD,
    0x07, 0x24, 0x2A, 0x1F, 0x02, 0x07, 0xCA, 0xCF, 0x9D, 0xE8, 0x3B, 0xC4, 0x7C, 0xB3, 0x17, 0x4E,
    0x5B, 0xEC, 0xE3, 0x36, 0xDE, 0x83, 0xFE, 0xB0, 0x71, 0x82, 0x26, 0x83, 0x28, 0x2D, 0xBF, 0xA2,
    0x3D, 0xC3, 0x42, 0xCD, 0x1D, 0x25, 0x23, 0xDC, 0x6F, 0xF5, 0xFC, 0x8D, 0xF0, 0x7C, 0x87, 0xCD,
    0x25, 0x51, 0xF5, 0xDE, 0xC7, 0x2B, 0x97, 0xDC, 0x31, 0x45, 0xE6, 0x44, 0x88, 0x08, 0xBB, 0xBB,
    0xCC, 0x68, 0x37, 0x24, 0xDD, 0xDF, 0xA9, 0x07, 0x1B, 0x0C, 0xCD, 0x3B, 0xDD, 0xEF, 0x84, 0x36,
    0xFA, 0x9D, 0xD0, 0x8F, 0x10, 0x26, 0x02, 0x61, 0xC3, 0x18, 0x10, 0x35, 0x41, 0xBF, 0xD3, 0xFA,
    0xC9, 0x86, 0x02, 0x44, 0x60, 0x0D, 0x10, 0x92, 0xD1, 0xC5, 0x0C, 0x24, 0x2A, 0xF6, 0x35, 0x7E,
    0xCE, 0x4B, 0x85, 0xD6, 0xE6, 0xAF, 0x68, 0xAF, 0x0C, 0x4F, 0x6B, 0xF5, 0x7F, 0x34, 0xD2, 0xEA,
    0xD3, 0xF7, 0xEE, 0xAE, 0xF8, 0x54, 0xAE, 0x68, 0x85, 0x7A, 0x4F, 0x78, 0x65, 0x33, 0xAF, 0x6B,
    0x2D, 0xBE, 0x1F, 0x4A, 0xFF, 0x0B, 0x95, 0xED, 0x86, 0xAC, 0xC5, 0xC7, 0x8A, 0xD5, 0x8D, 0x68,
    0x11, 0x83, 0x94, 0x39, 0x20, 0xD1, 0x83, 0x39, 0x9E, 0x82, 0xFB, 0x5D, 0x3D, 0x9E, 0x1D, 0x9A,
    0xD4, 0xDE, 0x1F, 0xD0, 0xEF, 0xE1, 0xA8, 0xBF, 0xAB, 0x76, 0x8B, 0x5A, 0xFA, 0x95, 0x5B, 0x60,
    0xE8, 0x22, 0x90, 0x44, 0xE2, 0x22, 0x0A, 0x22, 0x00, 0xF0, 0x79, 0xA0, 0xE7, 0x4D, 0x97, 0x61,
    0x01, 0xEF, 0xAC, 0x20, 0x87, 0x44, 0xD4, 0x0D, 0x8F, 0x86, 0xC2, 0xF6, 0x1B, 0x6C, 0xAC, 0xB8,
    0xA2, 0xAD, 0x5C, 0x08, 0x33, 0x33, 0x78, 0x28, 0x43, 0x2F, 0xA3, 0x38, 0x14, 0x94, 0xEE, 0xC1,
    0x48, 0x6B, 0xE2, 0x9B, 0xC0, 0xE5, 0xE6, 0x39, 0xE0, 0x2F, 0x7E, 0x41, 0xDC, 0x36, 0xBE, 0xBF,
    0x9D, 0x36, 0xF8, 0xBC, 0x31, 0x28, 0x24, 0x74, 0xD4, 0xD3, 0x21, 0xA4, 0xDD, 0x01, 0xE3, 0xE3,
    0xB9, 0xF7, 0x2E, 0xCA, 0x97, 0x91, 0xC9, 0xD7, 0xA7, 0xAC, 0x6E, 0xC1, 0x42, 0x86, 0xA5, 0x6C,
    0xF8, 0xDC, 0x7B, 0x63, 0x1E, 0x81, 0x6A, 0x8F, 0xF2, 0xCB, 0x9B, 0x1C, 0x07, 0xD1, 0x5E, 0xED,
    0xC4, 0x30, 0x84, 0x30, 0x54, 0xDA, 0x91, 0x9D, 0xC6, 0x93, 0x76, 0x96, 0x8A, 0x9D, 0x91, 0xEF,
    0xD0, 0xE8, 0x73, 0x48, 0x2F, 0x3E, 0xB8, 0x13, 0x6B, 0x0F, 0x42, 0x31, 0x87, 0xF8, 0x32, 0x9D,
    0x65, 0x66, 0x15, 0xDA, 0x7E, 0xDF, 0x13, 0x09, 0x14, 0xD4, 0xB7, 0x37, 0xEE, 0xD9, 0xD9, 0x90,
    0x10, 0x16, 0xB0, 0x57, 0x99, 0x0C, 0x67, 0x31, 0x30, 0x79, 0xA1, 0x8E, 0xD1, 0xD4, 0xBE, 0xF2,
    0x60, 0x4B, 0x47, 0x03, 0x1E, 0xC4, 0xB2, 0x3D, 0xD2, 0xBA, 0x0C, 0x5D, 0xD2, 0xC7, 0xE9, 0xBC,
    0x16, 0x7A, 0x38, 0xB4, 0xC4, 0x8A, 0xEB, 0x18, 0xE2, 0x11, 0xB1, 0xEA, 0xEC, 0x79, 0x48, 0x48,
    0x1D, 0x17, 0x00, 0x11, 0xF0, 0x05, 0x54, 0xF0, 0x7C, 0x04, 0xB6, 0xCC, 0x9C, 0x11, 0x9E, 0x8F,
    0x40, 0xF7, 0xB5, 0x98, 0x11, 0x4E, 0x6F, 0x40, 0xD8, 0xC7, 0x80, 0x90, 0xB7, 0x70, 0x7D, 0xF9,
    0x1A, 0x97, 0xF7, 0x7B, 0xC4, 0xDD, 0xD0, 0x73, 0x88, 0x87, 0x6B, 0x43, 0x37, 0xEE, 0x49, 0x10,
    0xE2, 0xB0, 0x9D, 0x59, 0xAA, 0x9B, 0x96, 0xF9, 0x36, 0x1E, 0xB2, 0xC4, 0xED, 0xCC, 0xEA, 0x73,
    0x4F, 0x93, 0xC9, 0x40, 0xB7, 0x53, 0x5D, 0xB7, 0x53, 0x4B, 0x0B, 0x6F, 0x05, 0xEA, 0xFD, 0xA7,
    0xE3, 0x3E, 0x3B, 0xC5, 0x98, 0xB6, 0xC9, 0x38, 0x68, 0x9E, 0x1B, 0x12, 0x82, 0x3A, 0x19, 0xF2,
    0x1B, 0x6A, 0x35, 0xBE, 0x3C, 0x67, 0x73, 0xD4, 0x0F, 0xF7, 0x0B, 0x45, 0x1A, 0x7E, 0x2A, 0x5F,
    0x96, 0x0A, 0x37, 0xC7, 0xEF, 0xB1, 0xF9, 0xE0, 0xF3, 0xE2, 0xB0, 0x32, 0x3A, 0x3F, 0x46, 0x8F,
    0xC6, 0x42, 0xA2, 0x86, 0x21, 0xB3, 0xE7, 0x1F, 0x1C, 0x22, 0xC6, 0xA1, 0x60, 0xEC, 0xDC, 0x98,
    0xF3, 0x70, 0x3B, 0x4C, 0x18, 0x52, 0xB3, 0x51, 0x87, 0x9A, 0x30, 0x91, 0x09, 0x7A, 0x1A, 0x1F,
    0x11, 0x24, 0xBA, 0xC3, 0x48, 0xCF, 0x69, 0x20, 0x54, 0x84, 0xBE, 0x07, 0x5A, 0x5C, 0x05, 0xE9,
    0x5C, 0x9D, 0x11, 0x19, 0x4A, 0xB1, 0x1F, 0x12, 0xE3, 0xBF, 0xE4, 0x17, 0x76, 0x95, 0x98, 0x97,
    0x9D, 0x30, 0xC3, 0xCA, 0x75, 0xDA, 0x8E, 0x24, 0xA4, 0x14, 0xC8, 0x11, 0xAB, 0x6F, 0xA6, 0x30,
    0xE0, 0x5D, 0xB1, 0xDE, 0x4C, 0xDA, 0xAC, 0xC5, 0xBD, 0x99, 0xAC, 0xAC, 0xAF, 0x6D, 0x67, 0xD6,
    0xAD, 0xB8, 0xF5, 0x88, 0x15, 0x0F, 0xD1, 0x38, 0xF9, 0x17, 0x8C, 0xEA, 0xF1, 0x92, 0xF1, 0xF1,
    0x72, 0xC0, 0xD8, 0x1E, 0x84, 0x8C, 0x8D, 0x50, 0xC9, 0x79, 0x35, 0x8E, 0x6F, 0x6A, 0x7C, 0x07,
    0xF8, 0x9D, 0x29, 0x63, 0x26, 0x1A, 0x57, 0x6D, 0xB3, 0xC7, 0x6F, 0x4B, 0x0F, 0x80, 0x42, 0x86,
    0x91, 0x21, 0x63, 0x24, 0xA3, 0x7E, 0xEF, 0xB1, 0x15, 0xE2, 0xA7, 0xF7, 0x9A, 0x3B, 0xED, 0xE6,
    0x82, 0xFB, 0x66, 0x8E, 0xC5, 0x9C, 0xCA, 0xF4, 0xE0, 0xAA, 0x46, 0x53, 0xB3, 0x45, 0x13, 0x2E,
    0x54, 0x4F, 0xAA, 0x67, 0x0D, 0x35, 0xCD, 0x13, 0x72, 0x6A, 0x09, 0xFD, 0xF3, 0x4D, 0xEA, 0xA8,
    0xC1, 0x2A, 0xD3, 0x97, 0xD7, 0xF1, 0xEB, 0xF6, 0xE9, 0x7D, 0xC1, 0xFF, 0x73, 0x6B, 0x34, 0x21,
    0xE6, 0xD6, 0x98, 0xBB, 0x85, 0x89, 0x63, 0xF7, 0x32, 0x96, 0xBE, 0xCB, 0x07, 0x24, 0x09, 0x38,
    0x03, 0x82, 0xD4, 0x5E, 0xA7, 0xF1, 0xFA, 0xD5, 0x75, 0x34, 0xE3, 0xEE, 0x2A, 0x1A, 0xFD, 0x32,
    0x4E, 0xBE, 0x1E, 0x8E, 0x95, 0x33, 0x52, 0x41, 0x53, 0x27, 0x00, 0x60, 0x8A, 0xE0, 0x69, 0xFA,
    0xE3, 0x54, 0x21, 0xEB, 0x70, 0xB2, 0x19, 0x7E, 0x9E, 0xD5, 0xF5, 0xDF, 0xD4, 0xD3, 0x68, 0xAC,
    0xFE, 0xED, 0x83, 0xEA, 0xFF, 0x52, 0xA6, 0xEB, 0x5F, 0xB8, 0xD0, 0xC2, 0x52, 0xFD, 0x7D, 0xD8,
    0x21, 0x9F, 0x56, 0xC7, 0xA6, 0x87, 0x56, 0x6E, 0xEE, 0x58, 0xED, 0x86, 0xCA, 0xFE, 0x74, 0xA0,
    0x6D, 0x7F, 0x4C, 0xF4, 0xF5, 0xDE, 0x82, 0x6A, 0xBB, 0x32, 0xEF, 0x06, 0x3C, 0x93, 0x73, 0x6B,
    0x20, 0xAC, 0x8B, 0xA3, 0xD1, 0xFF, 0x7F, 0x69, 0x00, 0x11, 0xB6, 0xE7, 0x69, 0x24, 0x12, 0x3E,
    0x8D, 0xD0, 0x35, 0x93, 0xBD, 0x86, 0xDC, 0x58, 0xD0, 0x4E, 0x04, 0xAD, 0x4C, 0x50, 0x55, 0xA8,
    0xEE, 0x83, 0x9E, 0xF6, 0x7A, 0x72, 0xC1, 0x2F, 0x1C, 0x99, 0xD0, 0xF3, 0xB8, 0x9A, 0xC0, 0x54,
    0xE9, 0x12, 0x1A, 0x9A, 0xF0, 0x74, 0x59, 0x9D, 0x57, 0x50, 0x3B, 0x40, 0x86, 0xA3, 0x15, 0x7C,
    0x93, 0xB5, 0x8F, 0x2E, 0xD1, 0xAD, 0x82, 0xAD, 0xA0, 0x0D, 0x62, 0x33, 0x73, 0x75, 0x42, 0x3D,
    0x6A, 0xC4, 0x24, 0x50, 0x1A, 0x3A, 0x02, 0x42, 0x7B, 0x69, 0xE0, 0xFB, 0x3A, 0xE8, 0xA5, 0xD0,
    0x31, 0x7F, 0x84, 0x73, 0x98, 0xA7, 0x4B, 0xA3, 0x10, 0xA3, 0xAE, 0x66, 0xE8, 0x0A, 0x4D, 0xEF,
    0xF2, 0xBD, 0xA8, 0x9D, 0x9B, 0x63, 0x73, 0xB8, 0x8E, 0x80, 0x63, 0xC4, 0x14, 0xB6, 0xEF, 0x46,
    0x5C, 0xC4, 0x7F, 0x45, 0x70, 0x40, 0x7F, 0xA8, 0x27, 0x9D, 0x5C, 0x9E, 0xD3, 0xA5, 0xD1, 0xD9,
    0x2D, 0x11, 0x86, 0xE7, 0x46, 0x01, 0x3B, 0x3D, 0xB9, 0xD1, 0x54, 0x08, 0x62, 0x37, 0x13, 0x4E,
    0x98, 0x76, 0xF6, 0xF4, 0x7F, 0x4F, 0xFA, 0xDF, 0x14, 0xCF, 0xB4, 0x9C, 0xC6, 0x65, 0x1F, 0xFD,
    0xE4, 0xDE, 0x4A, 0xAC, 0x8C, 0x4E, 0x04, 0xCF, 0x67, 0x6E, 0x4C, 0x13, 0x65, 0xCB, 0xC8, 0x38,
    0x0E, 0xE8, 0x49, 0x45, 0x7F, 0xCD, 0xF0, 0xFE, 0xA1, 0x9F, 0xF7, 0xA1, 0x3F, 0x13, 0xBE, 0x82,
    0xBD, 0x3D, 0x1C, 0xE5, 0xD8, 0x88, 0x9E, 0xE4, 0xAB, 0xA7, 0x9A, 0xB7, 0xB1, 0x80, 0x71, 0xE8,
    0xBC, 0x04, 0xAA, 0x54, 0x3E, 0x9A, 0xCC, 0xDF, 0x2A, 0x0E, 0xA5, 0x6B, 0xE8, 0x81, 0xD8, 0x10,
    0xE7, 0xCE, 0xCE, 0x96, 0x76, 0x30, 0xD2, 0xC6, 0x89, 0xF3, 0xAB, 0x13, 0xF5, 0xD7, 0x5C, 0xCE,
    0xB8, 0xCB, 0xA7, 0xA1, 0xEB, 0x0F, 0xE5, 0x19, 0x5B, 0xEB, 0xDF, 0xCB, 0xEC, 0x14, 0x63, 0x24,
    0xCA, 0xD9, 0xFA, 0x40, 0xE3, 0xDF, 0x4A, 0x68, 0x25, 0x5C, 0xA6, 0xF9, 0x8F, 0xF1, 0xF8, 0xA8,
    0xC2, 0xE2, 0xC5, 0x11, 0xD5, 0x85, 0x30, 0x4A, 0x5E, 0xCA, 0x42, 0xAD, 0x51, 0x86, 0x26, 0x9E,
    0x0B, 0x7E, 0xBB, 0x8D, 0x44, 0x16, 0xB4, 0xAA, 0x9C, 0x2B, 0xC3, 0x36, 0xA8, 0x4B, 0x4E, 0x7F,
    0x23, 0x22, 0x9B, 0x57, 0xA7, 0x2B, 0xAF, 0x09, 0x7C, 0xBE, 0xCE, 0xFC, 0xC7, 0x09, 0x96, 0x20,
    0xF1, 0x52, 0x24, 0xF4, 0x30, 0xAF, 0x60, 0xC7, 0x18, 0xA8, 0x36, 0x3D, 0x55, 0xF8, 0x06, 0x53,
    0x84, 0x8C, 0xDC, 0xC8, 0x1A, 0xC2, 0xB3, 0x84, 0x5A, 0x43, 0x8F, 0xF5, 0x08, 0xEB, 0xFC, 0xD9,
    0x2F, 0xF3, 0x51, 0x3D, 0x2A, 0x0A, 0x6C, 0xB4, 0x39, 0x8F, 0xFB, 0xBA, 0x1E, 0xF7, 0xB0, 0xA4,
    0xC3, 0x5A, 0x49, 0xC8, 0xF4, 0x2F, 0xDB, 0x04, 0xA5, 0xC3, 0xB8, 0x37, 0x73, 0xAC, 0xFC, 0xA1,
    0xCF, 0x21, 0xE1, 0xF3, 0x74, 0x83, 0x88, 0xA4, 0xFB, 0x43, 0x17, 0x2A, 0xEE, 0xD0, 0x96, 0x50,
    0x32, 0xEF, 0x87, 0x32, 0x4E, 0x9D, 0x77, 0x99, 0xFF, 0xB7, 0x6F, 0x4A, 0x54, 0xB1, 0xAD, 0xE3,
    0xF9, 0xEC, 0x98, 0x7A, 0x32, 0xDB, 0x83, 0xAC, 0xAE, 0x3F, 0x00, 0xAB, 0xF3, 0x9D, 0xB5, 0x83,
    0xCF, 0x13, 0xBB, 0x36, 0x5E, 0x8E, 0x38, 0xAF, 0x2B, 0xE3, 0xCF, 0x81, 0xA6, 0x67, 0x3D, 0x62,
    0x74, 0xCB, 0x90, 0x17, 0xBB, 0xA9, 0x31, 0xBA, 0x57, 0x1B, 0x8D, 0x7B, 0x66, 0xBB, 0x06, 0x9D,
    0x6B, 0x01, 0xDD, 0xC1, 0xD2, 0xFD, 0xEE, 0x7C, 0xBA, 0xDB, 0xD9, 0xED, 0x76, 0xAE, 0xF8, 0xCF,
    0x53, 0xBF, 0x53, 0xC3, 0x6C, 0x81, 0xDE, 0x11, 0x4D, 0x7B, 0x7A, 0xEE, 0xDE, 0xD9, 0xE6, 0xD9,
    0x57, 0x47, 0xDA, 0x69, 0x0E, 0x25, 0xDA, 0x1C, 0xF1, 0x04, 0x93, 0xDA, 0xEB, 0xEA, 0xF7, 0xC6,
    0xC4, 0xF9, 0x7D, 0xD7, 0xE9, 0xF5, 0x7D, 0xA8, 0xF5, 0xF6, 0xF5, 0xDA, 0xBF, 0x17, 0xF7, 0xF3,
    0x6D, 0x9A, 0x57, 0x80, 0xE6, 0x93, 0xD3, 0xC3, 0x24, 0x8C, 0x36, 0x58, 0x15, 0x42, 0x4E, 0x27,
    0x81, 0x78, 0x85, 0xCA, 0xE9, 0xAC, 0xFA, 0x20, 0xD4, 0x39, 0x12, 0x7A, 0x8F, 0x7E, 0x37, 0x73,
    0x11, 0x6C, 0x51, 0x7F, 0x1F, 0xE3, 0x7D, 0x7B, 0xF7, 0xDA, 0xCA, 0xFA, 0xF6, 0x15, 0x37, 0x2E,
    0x54, 0x0F, 0xD6, 0x17, 0x12, 0x15, 0xA1, 0xCD, 0x5E, 0x56, 0x35, 0x17, 0x3E, 0xC0, 0x87, 0xF4,
    0x3C, 0xD6, 0xA1, 0xE3, 0xAB, 0x9A, 0x2F, 0x4B, 0x1C, 0x38, 0x05, 0x36, 0xCF, 0xEA, 0xF8, 0x4D,
    0x2B, 0x71, 0xFE, 0x0D, 0xEA, 0x75, 0x29, 0x71, 0x5E, 0xC1, 0xE9, 0xF7, 0x13, 0xC4, 0x9D, 0xC0,
    0x39, 0x45, 0x78, 0xDF, 0x71, 0xD4, 0xF2, 0xDC, 0x10, 0xA3, 0x09, 0xDF, 0xD7, 0x6D, 0xB1, 0x36,
    0x56, 0xDE, 0x6B, 0xB8, 0x0F, 0xDA, 0x8F, 0xCF, 0xB7, 0xC6, 0xB0, 0xFA, 0xBD, 0x2A, 0x87, 0xEB,
    0x36, 0x35, 0xD5, 0x7B, 0xF2, 0x60, 0xBA, 0x17, 0xCA, 0xBC, 0x1F, 0x1B, 0x07, 0x57, 0xF5, 0x38,
    0x28, 0xEC, 0x9F, 0xDF, 0x69, 0xEE, 0x6C, 0xD1, 0xBA, 0x77, 0x93, 0xA6, 0x02, 0x15, 0x08, 0x8C,
    0xDC, 0x4D, 0x64, 0x3C, 0x78, 0x18, 0x5C, 0x4F, 0x9B, 0xA9, 0xC9, 0x9C, 0x3F, 0xAD, 0x81, 0x2C,
    0xA0, 0x5A, 0xB1, 0x21, 0xA9, 0x0A, 0x04, 0x8F, 0xAF, 0xEF, 0xBE, 0x0E, 0x2B, 0x2F, 0xF5, 0xD7,
    0x0E, 0xF0, 0xF8, 0xFA, 0x36, 0x7F, 0x87, 0x3B, 0xCD, 0x6E, 0x67, 0x2D, 0x51, 0x7E, 0x26, 0xE5,
    0x83, 0x9E, 0xC1, 0xD9, 0x52, 0xBA, 0xF0, 0xCA, 0xA0, 0xF3, 0x9F, 0x7F, 0xF0, 0x2E, 0xD0, 0xFA,
    0xF8, 0xD6, 0xBD, 0x7B, 0x68, 0xCF, 0x5B, 0x31, 0xAC, 0x2D, 0x89, 0x77, 0x32, 0xFE, 0x13, 0x5C,
    0xD7, 0xB6, 0x62, 0x2E, 0xB7, 0xA9, 0xF1, 0x98, 0xC6, 0xC9, 0xE7, 0x2B, 0xFE, 0x9D, 0xEE, 0x6B,
    0x46, 0x24, 0xDA, 0x8C, 0x85, 0x51, 0x4F, 0xCE, 0xFF, 0x65, 0xAD, 0xD8, 0x80, 0x87, 0x09, 0xAC,
    0xF4, 0x42, 0x9B, 0x69, 0xF0, 0xB7, 0x68, 0xFE, 0x23, 0x93, 0x04, 0xAD, 0x77, 0xB0, 0x9B, 0x38,
    0x3F, 0x32, 0x3F, 0x78, 0x6E, 0x43, 0xFD, 0x1E, 0xAF, 0x36, 0x9B, 0x6A, 0x6A, 0xF1, 0x72, 0x08,
    0xA4, 0x31, 0xF3, 0x16, 0xE8, 0xCB, 0x91, 0xF5, 0xED, 0xBF, 0x58, 0xDF, 0x1E, 0x5C, 0x51, 0xFA,
    0x7C, 0x85, 0x2E, 0x74, 0x35, 0x84, 0x33, 0xEB, 0xDB, 0xFF, 0x91, 0x3E, 0xCF, 0x5E, 0x50, 0x55,
    0xFF, 0x06, 0x5A, 0x98, 0x07, 0x32, 0x1D, 0xF1, 0x53, 0xD1, 0x3A, 0x07, 0x88, 0xCC, 0xA6, 0x91,
    0x5A, 0x6E, 0x31, 0x1A, 0xE5, 0x2B, 0xD1, 0x4E, 0x73, 0x31, 0xB2, 0xDE, 0xF9, 0x61, 0xCA, 0x11,
    0x69, 0xA7, 0x5E, 0x4A, 0xF1, 0x7B, 0xE0, 0x46, 0x21, 0xB0, 0xC7, 0xD1, 0xAD, 0x4E, 0xF4, 0x47,
    0x12, 0xDD, 0xCA, 0x4B, 0xE3, 0x00, 0x21, 0xB5, 0xD4, 0xFF, 0x57, 0xE0, 0xE4, 0x3F, 0x4C, 0xF8,
    0x10, 0x62, 0xC9, 0x56, 0x4F, 0xBB, 0xCF, 0x41, 0xB9, 0xA9, 0x4E, 0xB8, 0x27, 0x3F, 0x42, 0x44,
    0xD7, 0x51, 0xF7, 0xE4, 0x4D, 0x56, 0x82, 0xB9, 0x2F, 0x30, 0x3A, 0xA7, 0x5E, 0x7C, 0x9E, 0xF1,
    0x95, 0x53, 0xCC, 0x0C, 0xDB, 0xAF, 0xFC, 0x27, 0x8C, 0xD6, 0xA9, 0xFF, 0x9C, 0x51, 0x5B, 0x03,
    0xF0, 0xDE, 0xEF, 0x55, 0x78, 0x8F, 0xD6, 0xF7, 0xE3, 0xDD, 0xED, 0x8B, 0x7C, 0x3E, 0x88, 0xA4,
    0x5C, 0x90, 0x08, 0xB6, 0x85, 0xA9, 0x56, 0x65, 0x8F, 0xD1, 0xB8, 0xBB, 0x64, 0xA2, 0xBC, 0xF5,
    0xCE, 0xA9, 0x8B, 0x6C, 0x7C, 0x7D, 0xE7, 0x05, 0xBE, 0x8F, 0x7B, 0xEA, 0x24, 0x5F, 0xEF, 0xD3,
    0xFD, 0x81, 0xCB, 0x1A, 0x5B, 0x1A, 0xFF, 0x48, 0xA3, 0x1A, 0x21, 0x91, 0xFB, 0xA5, 0x57, 0x09,
    0x65, 0xE0, 0x57, 0x38, 0xBE, 0xDA, 0x4F, 0x49, 0x5B, 0x9F, 0xC3, 0x32, 0x70, 0x66, 0x9D, 0xD9,
    0x76, 0xAC, 0xAB, 0xBB, 0x70, 0xF9, 0x1F, 0xAC, 0x15, 0x6A, 0x3C, 0x9A, 0x07, 0xCE, 0x3F, 0xDF,
    0x52, 0x6C, 0x59, 0x91, 0x48, 0xC4, 0x4C, 0x52, 0xD4, 0x78, 0x31, 0x56, 0x5A, 0x5A, 0xD6, 0xBA,
    0x4C, 0xA5, 0x8C, 0x4A, 0x0B, 0x73, 0xE7, 0x4F, 0x4A, 0x11, 0x1D, 0x9D, 0x5C, 0xE4, 0xD5, 0x6E,
    0x88, 0x5B, 0x28, 0xCE, 0xBA, 0x44, 0x25, 0xBA, 0xB7, 0xBF, 0xB9, 0x8E, 0xEE, 0xD6, 0xCB, 0x3D,
    0x61, 0x77, 0x95, 0x06, 0xDF, 0xCC, 0x02, 0xBF, 0x3C, 0xC9, 0x71, 0x84, 0xB3, 0x53, 0x88, 0xC1,
    0xF0, 0xD8, 0x61, 0x95, 0xB8, 0x0C, 0x38, 0x39, 0xD3, 0x82, 0xE3, 0xC1, 0x10, 0x65, 0xF4, 0xD1,
    0xF8, 0x39, 0xFE, 0xF7, 0xF0, 0x25, 0x10, 0x1B, 0x78, 0x18, 0x88, 0xAD, 0x3D, 0x3A, 0x04, 0xB3,
    0x23, 0x8B, 0x72, 0xBE, 0x5E, 0xE5, 0xA7, 0xC2, 0x09, 0x09, 0x6C, 0x0F, 0xFF, 0x51, 0xA5, 0xBC,
    0xA8, 0xE4, 0x49, 0x43, 0xE4, 0xA7, 0x70, 0x58, 0x8E, 0xBF, 0x9F, 0x1E, 0xC9, 0x5B, 0xD5, 0xF7,
    0x09, 0x79, 0x6B, 0x2C, 0xA4, 0x7B, 0x20, 0x31, 0xAE, 0x54, 0xE1, 0x59, 0xAD, 0xCB, 0x63, 0x7D,
    0x4B, 0x7F, 0xEA, 0x5C, 0xA1, 0xCD, 0x95, 0x3C, 0xDF, 0xB6, 0xBB, 0x85, 0x21, 0x7E, 0xBD, 0x22,
    0x98, 0x13, 0x53, 0x60, 0x43, 0x86, 0xED, 0xCF, 0x7D, 0x73, 0x4D, 0xE4, 0x00, 0x96, 0xB7, 0xCB,
    0xC1, 0xDA, 0x1D, 0xE5, 0xA4, 0x86, 0x24, 0xB7, 0xA1, 0xF6, 0x29, 0x60, 0x35, 0x83, 0x83, 0xA5,
    0x95, 0x40, 0x57, 0xD6, 0x8E, 0xAC, 0xC4, 0xEE, 0x41, 0x6F, 0x88, 0x3C, 0x2A, 0x51, 0x90, 0xCE,
    0xAC, 0x13, 0x51, 0xC9, 0x8E, 0x12, 0x9B, 0x1F, 0xB3, 0x26, 0xD4, 0x7C, 0xFD, 0x3E, 0xFA, 0xCB,
    0x3D, 0x38, 0xA9, 0xC7, 0xB9, 0x5F, 0xB9, 0x8E, 0xD6, 0x93, 0x55, 0x56, 0xCF, 0x9D, 0x66, 0x93,
    0xFE, 0x3F, 0x47, 0xAB, 0x83, 0xCD, 0xF9, 0xB5, 0x0A, 0xD4, 0x97, 0x56, 0xDD, 0x02, 0x1D, 0x45,
    0x84, 0xE2, 0xDB, 0x5E, 0x6A, 0x74, 0x43, 0x93, 0x27, 0x21, 0x0F, 0xAC, 0xF2, 0x8B, 0x32, 0x7A,
    0x56, 0x87, 0xE8, 0x81, 0x41, 0xA2, 0xB3, 0x18, 0x4B, 0xF0, 0x26, 0x9D, 0x3A, 0x97, 0x29, 0x47,
    0x8F, 0x0B, 0x8C, 0xC7, 0xED, 0x66, 0x5B, 0x3D, 0x72, 0x99, 0x23, 0x17, 0xC1, 0xB0, 0xBA, 0xE1,
    0xC2, 0x14, 0x87, 0xC9, 0x3C, 0xCF, 0x61, 0x72, 0x91, 0x1B, 0xB6, 0x23, 0x65, 0x22, 0x95, 0x0D,
    0x0D, 0x35, 0x0F, 0x76, 0x37, 0xE4, 0xE5, 0x89, 0xE6, 0x11, 0x71, 0x18, 0x3F, 0xA9, 0xA0, 0xD1,
    0x82, 0x28, 0x32, 0xA5, 0x75, 0x58, 0x7A, 0x18, 0x98, 0xE9, 0x79, 0xAC, 0x1F, 0x1E, 0x8B, 0xAE,
    0x7D, 0xA0, 0x8F, 0x08, 0x5C, 0x8F, 0xF3, 0xCF, 0xE4, 0x40, 0x13, 0xA9, 0x93, 0xA0, 0x0D, 0x06,
    0xBF, 0x03, 0x0C, 0x60, 0xEC, 0xC2, 0xEC, 0xEA, 0x09, 0xC2, 0x8D, 0x9E, 0x90, 0xBA, 0x68, 0x95,
    0xF0, 0x43, 0xE4, 0x13, 0xA2, 0x17, 0xF9, 0xF9, 0x40, 0x94, 0xB8, 0x58, 0x78, 0xF1, 0xDC, 0x81,
    0x38, 0xC9, 0xD0, 0xBB, 0x75, 0x31, 0x50, 0xBA, 0xDB, 0x62, 0x7D, 0xA2, 0x71, 0x94, 0x60, 0x7E,
    0xFC, 0x93, 0xA5, 0xBE, 0xAE, 0x7F, 0xC2, 0xF5, 0x5F, 0x2A, 0x8C, 0xE6, 0x7A, 0x4E, 0xE2, 0xEC,
    0x28, 0xC8, 0x6E, 0xBB, 0xB9, 0x14, 0xCE, 0x34, 0x75, 0x34, 0x96, 0xB9, 0xEA, 0x86, 0x57, 0xD8,
    0x42, 0xE2, 0x3E, 0xD7, 0xE7, 0x69, 0xE5, 0x86, 0x34, 0xF8, 0x1D, 0xCC, 0x70, 0x1A, 0x6A, 0xED,
    0xE4, 0xC8, 0x7A, 0x48, 0x3F, 0xCE, 0x73, 0xC4, 0x25, 0x18, 0xC2, 0x99, 0x57, 0xD5, 0x48, 0x6E,
    0x18, 0x21, 0x7B, 0xC1, 0xF8, 0xFB, 0xF1, 0x41, 0xE5, 0xEE, 0x89, 0xBC, 0x52, 0x9D, 0x57, 0xC8,
    0x50, 0xC0, 0x91, 0xDE, 0x7E, 0x64, 0x24, 0x1C, 0x57, 0xC9, 0x2A, 0x4D, 0xE5, 0xDD, 0xEB, 0x74,
    0x65, 0xFD, 0x28, 0x0B, 0xE8, 0xB7, 0x56, 0x3A, 0x65, 0xC4, 0x0A, 0xC8, 0xC7, 0x0B, 0x36, 0xF3,
    0x18, 0xC8, 0x19, 0x55, 0x28, 0xA3, 0x3D, 0x58, 0x83, 0x5C, 0xE0, 0x54, 0x7A, 0x95, 0xC1, 0x1B,
    0xE7, 0x74, 0x76, 0x06, 0x24, 0x75, 0x43, 0x3F, 0x39, 0xF1, 0x05, 0xAE, 0xAF, 0x13, 0xE3, 0x86,
    0xDD, 0xD0, 0x89, 0x69, 0xC8, 0x38, 0xEC, 0xD5, 0x53, 0x52, 0xD5, 0xA7, 0xD7, 0xA9, 0x77, 0xD2,
    0xAF, 0xD0, 0x4C, 0x89, 0xC4, 0x7A, 0xB7, 0xD7, 0x6A, 0x8F, 0x77, 0x49, 0xC5, 0x19, 0x1D, 0xE2,
    0x1F, 0xF4, 0x36, 0xD6, 0x1D, 0x5A, 0xBF, 0x39, 0xF8, 0x92, 0xF8, 0xA6, 0xCB, 0xCD, 0xD3, 0x6E,
    0x67, 0xFD, 0xEA, 0x0A, 0xF8, 0x9C, 0xC8, 0x53, 0xE6, 0xBB, 0x71, 0xAB, 0x1B, 0xD7, 0x95, 0x99,
    0x5C, 0xBF, 0xF0, 0x2F, 0xB3, 0x16, 0x2D, 0x97, 0x4F, 0x5E, 0x98, 0x2D, 0x72, 0x9E, 0x17, 0x71,
    0x90, 0xAA, 0x7F, 0xF0, 0xD3, 0xCB, 0x3F, 0x09, 0x89, 0xFE, 0x58, 0x37, 0xD3, 0xEB, 0x98, 0xAA,
    0x56, 0xF4, 0xFD, 0xCC, 0x1C, 0xD0, 0x3C, 0xDD, 0xFE, 0xD7, 0xBB, 0x7E, 0xDA, 0x4E, 0x50, 0x8F,
    0x15, 0xBC, 0x1D, 0x09, 0x9B, 0x34, 0xED, 0x7F, 0x0C, 0xD3, 0x33, 0xEB, 0xDF, 0xA6, 0x07, 0xCD,
    0x76, 0x2A, 0xF3, 0x7E, 0x80, 0xF6, 0xF0, 0x3B, 0x65, 0xC2, 0xF2, 0xCD, 0xE3, 0x3B, 0xDC, 0x1E,
    0xD3, 0x65, 0xD8, 0x5C, 0xEB, 0x29, 0x53, 0xE4, 0x40, 0x98, 0x92, 0xBF, 0xB8, 0x43, 0x55, 0x35,
    0x4F, 0xF3, 0x7C, 0x0F, 0x79, 0xBE, 0x63, 0x9C, 0x78, 0x34, 0xDF, 0x69, 0x8E, 0x10, 0xB5, 0xA0,
    0x71, 0x5A, 0x86, 0x7E, 0x3E, 0x75, 0x8E, 0x06, 0x4E, 0x46, 0x9D, 0x4F, 0xF3, 0xDC, 0x88, 0x87,
    0xF5, 0xB7, 0xC2, 0xBD, 0xDA, 0xC8, 0xA1, 0x77, 0x39, 0x7B, 0xD5, 0x64, 0xDA, 0x02, 0x09, 0x95,
    0x1D, 0x7B, 0xAB, 0x54, 0xE9, 0xE7, 0xCC, 0xEC, 0x61, 0xE1, 0x17, 0x13, 0x8F, 0x2D, 0x93, 0x6E,
    0x1C, 0x08, 0x4F, 0x6C, 0xDC, 0xD0, 0x6A, 0x29, 0xF1, 0x81, 0x6C, 0x97, 0x1C, 0xAB, 0xA2, 0xFE,
    0x10, 0xF7, 0xDD, 0x94, 0xE5, 0x81, 0x71, 0x45, 0xEE, 0x63, 0xE8, 0xFB, 0xC1, 0xF6, 0xC2, 0x3C,
    0xD5, 0xA7, 0xD4, 0xDF, 0x7C, 0x9D, 0x60, 0xB0, 0x2B, 0xE5, 0x8F, 0x8D, 0x7B, 0x12, 0xED, 0xC1,
    0x25, 0xB9, 0xCF, 0xBA, 0x94, 0xEF, 0x96, 0x3B, 0x6D, 0xF6, 0x72, 0xDD, 0xE1, 0xAE, 0xE8, 0x7D,
    0x5B, 0x44, 0x9A, 0xD3, 0x68, 0x9A, 0xA3, 0xBA, 0x9E, 0xBE, 0xAE, 0x67, 0x43, 0x6B, 0xEF, 0xEA,
    0x5A, 0x86, 0xDC, 0x1C, 0x57, 0x93, 0x16, 0x3C, 0x74, 0x69, 0x72, 0x3F, 0x6C, 0xB2, 0xFD, 0x8C,
    0x38, 0xA8, 0x3B, 0xCD, 0xB3, 0x29, 0xD5, 0x13, 0xDE, 0x5F, 0x24, 0xD2, 0x21, 0x91, 0x9A, 0x95,
    0x76, 0xCB, 0x3C, 0x10, 0xFB, 0x5F, 0x7A, 0x02, 0xF8, 0x87, 0x74, 0xF6, 0xC7, 0x90, 0x21, 0x7D,
    0x04, 0xD8, 0xB0, 0xA0, 0x47, 0xB7, 0xB6, 0x38, 0xBD, 0x9E, 0x1B, 0x13, 0x5F, 0x96, 0x1A, 0xA1,
    0x45, 0x5D, 0xE3, 0x7E, 0x4A, 0xC3, 0xB0, 0x67, 0x25, 0x5C, 0xCF, 0x15, 0x2B, 0xE6, 0x7A, 0x9E,
    0xB0, 0xE2, 0x63, 0x23, 0xD5, 0xE5, 0x18, 0x62, 0x9C, 0x3F, 0x1E, 0x03, 0x8D, 0xA5, 0x92, 0x5D,
    0xD8, 0xA8, 0x9E, 0x21, 0x07, 0xD6, 0xDD, 0x91, 0x4A, 0x1C, 0x93, 0xB9, 0xAB, 0x05, 0x56, 0xED,
    0xFD, 0xF2, 0xCD, 0x31, 0x75, 0xFC, 0xB4, 0x9A, 0xEC, 0x5F, 0x4E, 0xCF, 0x48, 0x8D, 0x21, 0x58,
    0x57, 0xE7, 0x07, 0x1D, 0x91, 0x05, 0x10, 0x63, 0x07, 0x59, 0x30, 0x67, 0xA7, 0xA3, 0x47, 0x55,
    0xCE, 0x79, 0x3C, 0x02, 0x42, 0x92, 0xE7, 0xC2, 0x65, 0xF6, 0x92, 0xF2, 0x8D, 0x02, 0x92, 0x3C,
    0x5D, 0x9C, 0x11, 0x6E, 0xAF, 0x76, 0x4B, 0xA2, 0x86, 0x5E, 0x99, 0xFE, 0xA9, 0x1B, 0x99, 0xBD,
    0xB9, 0x73, 0x68, 0x64, 0x0B, 0x8E, 0x33, 0xF0, 0xF2, 0x1C, 0x80, 0x69, 0xCD, 0xA7, 0xAC, 0x12,
    0x22, 0xE9, 0x87, 0x5B, 0xD6, 0x3B, 0x11, 0x8C, 0x8C, 0x7D, 0xFB, 0xAD, 0xB8, 0x41, 0x9D, 0x14,
    0x3A, 0xB7, 0x48, 0x56, 0x6C, 0xAF, 0x2A, 0xF7, 0xA5, 0xBC, 0x50, 0xCF, 0x80, 0x23, 0xD9, 0x02,
    0xC3, 0x30, 0x2D, 0x5E, 0xB7, 0x46, 0x37, 0x60, 0xAF, 0xDB, 0xA5, 0xC1, 0x32, 0xE6, 0x91, 0x53,
    0xAE, 0x6E, 0x1A, 0xF4, 0xBE, 0x24, 0x34, 0x17, 0x4E, 0x36, 0x50, 0x2B, 0xD4, 0x9A, 0xED, 0x38,
    0x48, 0x66, 0x95, 0xF3, 0x51, 0xC9, 0xF3, 0xC9, 0xB9, 0x99, 0xF3, 0xDB, 0x1B, 0x61, 0x54, 0x85,
    0x60, 0x57, 0xF5, 0xDF, 0xD0, 0xF5, 0x1F, 0x4F, 0xB9, 0xE8, 0x0F, 0x53, 0x2C, 0x1E, 0xE7, 0x54,
    0x4F, 0x9B, 0x3C, 0xDE, 0x61, 0xAC, 0x04, 0x16, 0x66, 0xF6, 0x10, 0x9F, 0xA7, 0xFE, 0xD7, 0x32,
    0x8F, 0x64, 0x4A, 0xF0, 0x60, 0x29, 0x2C, 0xD0, 0x7F, 0xB9, 0xC6, 0x94, 0xF1, 0x29, 0x27, 0x66,
    0x44, 0xF2, 0x02, 0xC6, 0xBA, 0xC6, 0x42, 0xD0, 0xCA, 0xA6, 0x19, 0x9D, 0x4F, 0x4B, 0xC6, 0xA0,
    0xDC, 0xE5, 0x14, 0x43, 0xC1, 0x8E, 0xA4, 0x1A, 0x7A, 0x0A, 0xA6, 0xC1, 0xFE, 0x59, 0x1D, 0x17,
    0xAE, 0xF3, 0xA0, 0x15, 0x58, 0xC7, 0x69, 0xDD, 0x23, 0x0E, 0xC1, 0xE8, 0x96, 0xC0, 0x5A, 0x1B,
    0x29, 0x72, 0x0A, 0xD5, 0x62, 0x57, 0x94, 0x4D, 0xB5, 0x39, 0x2B, 0x6B, 0x85, 0x4E, 0xF2, 0xA8,
    0xE5, 0xF5, 0x29, 0xE2, 0x4B, 0x66, 0x26, 0xBC, 0xCF, 0xBC, 0x09, 0xEF, 0xAD, 0x9A, 0xC6, 0x0D,
    0x8D, 0x99, 0x0E, 0xB2, 0x4A, 0x1F, 0x45, 0x7B, 0xAC, 0x5A, 0x71, 0x83, 0x53, 0xFA, 0xB8, 0x61,
    0x6B, 0xA5, 0x33, 0x58, 0xA3, 0x71, 0x9F, 0xB7, 0x44, 0x8F, 0x9B, 0x91, 0x60, 0x07, 0x8C, 0x19,
    0x9F, 0x82, 0xE9, 0x06, 0x2C, 0x2A, 0x09, 0x7C, 0x16, 0x58, 0xD4, 0x96, 0x6A, 0xD9, 0x03, 0x13,
    0x21, 0x73, 0x2D, 0xE7, 0x2E, 0x2D, 0x96, 0xE9, 0xA1, 0x96, 0xFB, 0xCA, 0xCD, 0xD4, 0xFD, 0x59,
    0xBF, 0xE5, 0xDB, 0xEF, 0xA5, 0x41, 0x59, 0xB4, 0x1A, 0xE6, 0x2F, 0x53, 0xAA, 0x77, 0xAB, 0xA7,
    0x76, 0x53, 0x1A, 0xBF, 0x2B, 0x05, 0x9C, 0x1B, 0x90, 0xD4, 0x4E, 0xFD, 0xFB, 0xC0, 0x16, 0xF2,
    0xD5, 0x29, 0x63, 0xAB, 0xC5, 0xF6, 0xEC, 0xEE, 0x80, 0x91, 0xEA, 0x2D, 0xB8, 0xAA, 0x18, 0x67,
    0xD9, 0x7F, 0x98, 0xF5, 0xC8, 0x2D, 0xB6, 0x3F, 0x43, 0x58, 0x1B, 0xB7, 0x3F, 0x9B, 0x6A, 0xB8,
    0x4A, 0xD8, 0xB7, 0xC4, 0x76, 0x62, 0xDF, 0x14, 0xCF, 0x48, 0x3B, 0xF6, 0x59, 0xF7, 0x63, 0xC7,
    0xD3, 0x3C, 0xEF, 0x79, 0xB6, 0x21, 0xFD, 0xE7, 0xDF, 0x74, 0x49, 0xF8, 0xF9, 0x3D, 0x9A, 0x6A,
    0x25, 0xCD, 0x57, 0x9F, 0xFA, 0xE5, 0x55, 0x38, 0x1B, 0x7A, 0x9F, 0xC2, 0xF2, 0x44, 0xB2, 0x88,
    0xC5, 0x5E, 0x2E, 0xB9, 0x46, 0xA2, 0xED, 0xE9, 0xF4, 0x8F, 0x9F, 0x7A, 0x91, 0xA8, 0xC2, 0x17,
    0xF4, 0xA3, 0x17, 0x12, 0x29, 0x1A, 0xAC, 0x72, 0x18, 0xF1, 0x0E, 0x8F, 0xB1, 0xE0, 0xDF, 0x66,
    0x2A, 0x34, 0xB3, 0xA9, 0x59, 0x95, 0x19, 0x39, 0xF5, 0x3B, 0x4D, 0x2C, 0x2B, 0x0B, 0xA0, 0x54,
    0x2A, 0x88, 0x9A, 0x20, 0xA6, 0x6E, 0x33, 0x10, 0x17, 0x8A, 0x65, 0xCD, 0x82, 0xB2, 0x11, 0x73,
    0x1A, 0xC9, 0x3A, 0x41, 0xEF, 0x79, 0x09, 0xA4, 0xFA, 0xC3, 0xFE, 0xF1, 0x6C, 0x30, 0x08, 0x8D,
    0xF2, 0xE5, 0xA4, 0x46, 0xFD, 0xBE, 0xD4, 0xB3, 0xF2, 0x16, 0xB1, 0x06, 0xE5, 0xAA, 0xC1, 0xF6,
    0x88, 0x67, 0xB9, 0xE9, 0x64, 0xB0, 0x8F, 0x78, 0x58, 0x2B, 0x9A, 0xA4, 0xEF, 0x7B, 0xBD, 0x07,
    0x69, 0x76, 0x29, 0x84, 0xC6, 0x2C, 0xD3, 0x88, 0xA0, 0x9E, 0x54, 0x3D, 0x41, 0x56, 0xD5, 0x10,
    0xDA, 0x89, 0xFB, 0x23, 0xA0, 0x1B, 0x79, 0x8C, 0xBE, 0xD1, 0xE6, 0xDF, 0x89, 0x8B, 0xD7, 0x98,
    0x33, 0xFE, 0xA1, 0x9D, 0xD0, 0x7D, 0x90, 0x37, 0x23, 0x92, 0xFB, 0x36, 0xB4, 0x97, 0x61, 0x4F,
    0xEE, 0x4F, 0xF4, 0x9D, 0xCB, 0x11, 0xDD, 0xFB, 0x1E, 0x90, 0x06, 0x95, 0xE0, 0x6E, 0xC8, 0xBF,
    0x1F, 0x53, 0xFA, 0xF9, 0xFB, 0xF0, 0x08, 0x97, 0xA3, 0xCE, 0x58, 0x67, 0x6F, 0xEE, 0x72, 0xB0,
    0xC4, 0xDE, 0xDD, 0x3B, 0x72, 0xFF, 0x6F, 0xF3, 0x48, 0xD6, 0xE5, 0x87, 0x31, 0x42, 0x7B, 0xBD,
    0x6F, 0x25, 0xFC, 0x29, 0x12, 0x79, 0xDD, 0xD3, 0xEA, 0xC2, 0x06, 0x02, 0xA6, 0x3A, 0xDC, 0xEF,
    0xAC, 0x77, 0x22, 0x62, 0x4D, 0x72, 0x5C, 0x48, 0x94, 0xC3, 0x81, 0x8B, 0xB6, 0x95, 0x1E, 0xF6,
    0x7B, 0x1C, 0x6A, 0x10, 0x6C, 0x35, 0x0C, 0x38, 0x49, 0xAD, 0x14, 0xEE, 0x25, 0x34, 0x57, 0x71,
    0xC5, 0xBE, 0x8B, 0x0C, 0x39, 0x19, 0xC7, 0x63, 0x13, 0xDD, 0x63, 0xEF, 0xA1, 0x3F, 0xA4, 0xFB,
    0x3B, 0x6C, 0x13, 0xA7, 0xFB, 0xBE, 0xC5, 0x6B, 0x9F, 0xDD, 0xA7, 0x8E, 0xA3, 0xFB, 0x51, 0xA7,
    0x04, 0x50, 0x81, 0x95, 0xCF, 0x29, 0xBB, 0xE7, 0xFE, 0x5F, 0x83, 0x67, 0x48, 0xAC, 0xF9, 0x3E,
    0x32, 0x7A, 0x20, 0xD5, 0x59, 0x7B, 0x57, 0x6C, 0xD8, 0xC7, 0x24, 0x08, 0x6A, 0xE8, 0x36, 0x3E,
    0xFA, 0x9C, 0xE3, 0x50, 0x70, 0x1A, 0x54, 0x3C, 0xCA, 0x89, 0xEE, 0xC3, 0xFC, 0x2A, 0xA9, 0xB1,
    0xBA, 0xB9, 0xC4, 0x41, 0xDA, 0x55, 0x06, 0x9A, 0x8A, 0xF5, 0x9E, 0xDA, 0x4F, 0xEF, 0x5D, 0x5E,
    0xCF, 0x43, 0x09, 0x73, 0x2F, 0xB5, 0xFE, 0x68, 0x4B, 0x16, 0x3D, 0x43, 0xA7, 0x2D, 0xB3, 0x61,
    0x5B, 0xF9, 0x0A, 0x7B, 0xC1, 0x21, 0x4D, 0x29, 0x44, 0x31, 0xD0, 0x3B, 0xE8, 0x21, 0x7D, 0x03,
    0x3C, 0xF6, 0x2A, 0x3D, 0x3F, 0x37, 0xCA, 0xD7, 0xFA, 0xF0, 0x75, 0xF0, 0x7A, 0x06, 0xD1, 0x2B,
    0xF7, 0x26, 0xDC, 0x94, 0x89, 0x8D, 0x47, 0x4E, 0x18, 0x6A, 0xA8, 0x65, 0xF6, 0x92, 0x7A, 0xA2,
    0x0A, 0x1E, 0xB4, 0xB2, 0xC7, 0x7C, 0x4E, 0xA9, 0x78, 0x97, 0xA3, 0x14, 0x88, 0x4E, 0xEE, 0xF0,
    0x9A, 0xDF, 0xFE, 0x3B, 0xE1, 0xB9, 0x8E, 0xED, 0xF3, 0x58, 0xD0, 0x38, 0x3D, 0x60, 0x84, 0x37,
    0x1D, 0xA7, 0x02, 0xD3, 0x29, 0xC1, 0xDA, 0xAB, 0x06, 0x24, 0xA6, 0x6B, 0xB3, 0xA2, 0x31, 0xEF,
    0x29, 0xD1, 0xA0, 0x8F, 0xA2, 0x88, 0xCC, 0x70, 0x6F, 0x82, 0x22, 0xC8, 0x90, 0xBE, 0x6E, 0x07,
    0x76, 0xF5, 0x09, 0x67, 0x48, 0x22, 0xB9, 0x86, 0x84, 0x33, 0xCC, 0x38, 0x2F, 0x6B, 0x2C, 0x4C,
    0x9D, 0x12, 0x99, 0xD9, 0x57, 0xE1, 0x6B, 0xA0, 0xB7, 0x7D, 0xB3, 0xCD, 0xBF, 0xF3, 0x7C, 0x45,
    0x0A, 0xD5, 0xB2, 0x60, 0x6F, 0xEB, 0x87, 0xAD, 0x4C, 0xBC, 0xAE, 0xDD, 0x78, 0x8A, 0xF9, 0x0B,
    0x3F, 0xDC, 0x93, 0xD9, 0xC1, 0x28, 0x44, 0x68, 0xB6, 0xBF, 0x10, 0x27, 0x28, 0xAA, 0xFC, 0x45,
    0xD6, 0x47, 0x0F, 0x42, 0xB6, 0x52, 0x3F, 0xCC, 0xC6, 0x16, 0x1E, 0xAF, 0x13, 0xF8, 0xF8, 0x7B,
    0x8C, 0xDF, 0x2D, 0x19, 0xFD, 0x72, 0xF0, 0x3C, 0xB2, 0x9B, 0xF8, 0xBB, 0xAC, 0x2F, 0xC8, 0x1E,
    0x93, 0xC0, 0xCE, 0x4C, 0x69, 0x6B, 0x37, 0x1E, 0xB5, 0x3A, 0x6E, 0x77, 0xFF, 0xBA, 0xF0, 0xB1,
    0xC3, 0xF4, 0xCE, 0x0D, 0x9D, 0xDE, 0xB9, 0xA5, 0xD3, 0xA9, 0x60, 0xC9, 0x6F, 0x4B, 0x1B, 0xAF,
    0xD0, 0x98, 0x45, 0x99, 0x9E, 0x4D, 0x34, 0x2C, 0xF9, 0x16, 0x4D, 0x51, 0xF8, 0xCD, 0xF5, 0x5C,
    0x92, 0x0B, 0x95, 0x6B, 0xE4, 0x24, 0x2D, 0xF9, 0x49, 0xC3, 0xFA, 0x90, 0x3A, 0xC0, 0xCE, 0xBB,
    0xE5, 0xAD, 0xCF, 0xCB, 0xF2, 0x1E, 0xE1, 0x4B, 0xEF, 0xC3, 0xDF, 0xE5, 0x4F, 0x03, 0x98, 0x3A,
    0x17, 0x46, 0x99, 0x2C, 0x8A, 0x3D, 0xC9, 0x56, 0x94, 0xF3, 0xEE, 0x75, 0xF1, 0x6F, 0x90, 0x54,
    0x8A, 0xA0, 0xDB, 0xDC, 0x44, 0x44, 0xB7, 0x99, 0xEF, 0x3A, 0x36, 0xC6, 0xC6, 0x15, 0x30, 0x3B,
    0x19, 0x1B, 0x26, 0xEC, 0x22, 0xCA, 0xEF, 0x11, 0xA5, 0xDA, 0xC4, 0x3A, 0xCF, 0x1C, 0x1A, 0x0D,
    0x71, 0xDF, 0x38, 0x5F, 0x86, 0x2B, 0x21, 0x4B, 0x12, 0xF1, 0x2C, 0xB8, 0x9C, 0xD7, 0x79, 0x5D,
    0xBC, 0x33, 0x96, 0xE3, 0x25, 0x1C, 0xA6, 0x02, 0x9A, 0xD2, 0xF6, 0x88, 0x31, 0xFE, 0xAE, 0xA5,
    0xA7, 0x06, 0xCB, 0xA9, 0x75, 0x6E, 0xBF, 0x14, 0xF1, 0xD5, 0x77, 0x90, 0x12, 0x2B, 0x87, 0x7A,
    0xC2, 0xA3, 0x4E, 0x39, 0x1C, 0xE4, 0x6C, 0x9F, 0x0E, 0x68, 0xC1, 0x81, 0x0B, 0xD2, 0x4A, 0x11,
    0x58, 0x78, 0x78, 0xEF, 0x0A, 0xD2, 0xB4, 0x74, 0x91, 0x72, 0x91, 0xA6, 0x4F, 0x9B, 0x46, 0x3B,
    0x02, 0x1A, 0x9F, 0x82, 0xAC, 0x27, 0xF3, 0xDD, 0x28, 0x7F, 0xD8, 0x87, 0xAD, 0x9D, 0xE8, 0x45,
    0x37, 0x35, 0x72, 0x78, 0xC6, 0x3C, 0xDE, 0xB3, 0xD2, 0xFF, 0x02, 0x2D, 0x72, 0xDD, 0x2D, 0x7B,
    0xB6, 0xC8, 0xC9, 0x9F, 0x08, 0x7E, 0x82, 0xF8, 0xE7, 0xC5, 0xE8, 0x98, 0xB8, 0xB0, 0x47, 0x6A,
    0x88, 0x53, 0x82, 0xD3, 0x25, 0x23, 0xD1, 0x7B, 0x46, 0xE2, 0x8F, 0xEC, 0xED, 0xCE, 0x7A, 0x44,
    0xED, 0xC6, 0xD7, 0x1F, 0xE3, 0x78, 0xE9, 0xF5, 0xB1, 0xEB, 0xA0, 0x9C, 0x33, 0xC6, 0x72, 0xAB,
    0x84, 0xE2, 0x97, 0xE7, 0x88, 0x13, 0x2E, 0xF8, 0x9C, 0x4A, 0x0D, 0xCC, 0x99, 0xA1, 0xB9, 0xFE,
    0x4C, 0x9F, 0xAC, 0x6D, 0xC9, 0xE9, 0x41, 0x6C, 0x29, 0x46, 0xD8, 0x43, 0x70, 0xAF, 0xC1, 0xBC,
    0x5F, 0x91, 0x64, 0xAF, 0x2B, 0xC8, 0xA1, 0x14, 0xF9, 0xC6, 0x0E, 0xB7, 0x3B, 0xD5, 0x7F, 0x89,
    0xD6, 0x7F, 0x42, 0x62, 0x84, 0xAE, 0xDB, 0xF1, 0x53, 0x08, 0xF2, 0xBB, 0x0E, 0xEF, 0x7B, 0x25,
    0xD8, 0x12, 0x84, 0x48, 0x0C, 0xB4, 0xD2, 0xAF, 0x7A, 0x61, 0x61, 0xC7, 0x44, 0xEF, 0x3D, 0xF1,
    0xEF, 0xD9, 0x11, 0xFC, 0x3B, 0xE9, 0x9E, 0x63, 0x63, 0xFE, 0x11, 0x7A, 0xC6, 0x08, 0x1A, 0xDD,
    0x45, 0x04, 0xC1, 0x10, 0x9F, 0xB3, 0x28, 0xB9, 0x14, 0x56, 0xF1, 0xFB, 0x06, 0xF8, 0x43, 0x62,
    0x82, 0xF2, 0x59, 0xD1, 0xD0, 0x66, 0x3A, 0xC0, 0x39, 0xDE, 0x47, 0xEF, 0xA9, 0xFE, 0x1C, 0x41,
    0xE9, 0xEA, 0x94, 0xC3, 0x5E, 0x24, 0xFE, 0x0E, 0xBE, 0x8E, 0x8B, 0x6E, 0x68, 0x5E, 0x67, 0x93,
    0xE5, 0x83, 0x82, 0x86, 0x3C, 0xA3, 0x95, 0x3D, 0xCA, 0xF9, 0x24, 0x6C, 0x12, 0xB6, 0xA0, 0xCF,
    0x74, 0xA3, 0x1B, 0xD4, 0xB5, 0x34, 0x22, 0xA6, 0x90, 0x91, 0x67, 0x13, 0xFD, 0x6F, 0x62, 0x7C,
    0x50, 0xFF, 0x3B, 0x08, 0x89, 0xA4, 0xFA, 0xFB, 0xDB, 0x9C, 0xAA, 0x5D, 0x89, 0x7D, 0x84, 0x8A,
    0xFC, 0xDD, 0x02, 0xF5, 0x3E, 0x3D, 0xEB, 0xEA, 0x4C, 0x94, 0xDA, 0xE9, 0x77, 0x54, 0x4E, 0xDD,
    0xE3, 0x82, 0x95, 0x74, 0xE0, 0xDD, 0xFA, 0xEF, 0x54, 0x06, 0xFC, 0x04, 0x66, 0x88, 0x08, 0xF5,
    0x37, 0x33, 0xEE, 0x3E, 0x9A, 0x9E, 0x8C, 0x8F, 0x59, 0xA9, 0x13, 0xCD, 0xD2, 0xAA, 0x61, 0xC7,
    0x4E, 0xD4, 0x9A, 0x2E, 0x89, 0x39, 0x20, 0x6C, 0x0F, 0xC2, 0x20, 0x74, 0xA2, 0x0B, 0x44, 0xF7,
    0x10, 0x75, 0xB0, 0xF1, 0x04, 0x32, 0xFC, 0x38, 0x58, 0xEF, 0x1D, 0xA4, 0x21, 0x4A, 0xD5, 0x78,
    0xDF, 0x6B, 0x97, 0x27, 0x89, 0x38, 0x09, 0x9F, 0x64, 0x03, 0x95, 0xAF, 0x6A, 0x87, 0x5D, 0xF6,
    0xCC, 0xAE, 0xD5, 0x5C, 0xE6, 0xCB, 0x08, 0x89, 0x91, 0x27, 0x1E, 0xF2, 0xA8, 0xCB, 0x4A, 0xDE,
    0x9A, 0xEB, 0x3A, 0x21, 0xAD, 0x77, 0x84, 0x2E, 0xE2, 0x65, 0x6B, 0xCE, 0xA9, 0xAF, 0x43, 0xF7,
    0x5A, 0xC3, 0xF5, 0xBE, 0x91, 0xD7, 0x9A, 0x8B, 0x97, 0x17, 0xA8, 0xFE, 0x35, 0x89, 0x52, 0x8C,
    0x19, 0x9F, 0x42, 0xBA, 0x15, 0xF0, 0x27, 0x01, 0x71, 0x90, 0x60, 0x3B, 0xE0, 0xA3, 0x4C, 0xE3,
    0x8A, 0xEA, 0x5F, 0x33, 0x3F, 0x58, 0x26, 0xF2, 0x7B, 0xA8, 0x66, 0xBD, 0xE3, 0x86, 0xEE, 0xA7,
    0xFD, 0x9A, 0x7B, 0x0A, 0x51, 0x1D, 0x45, 0xCD, 0x77, 0xCD, 0x8C, 0xFA, 0xBF, 0xB6, 0xE9, 0x2A,
    0xAC, 0xF7, 0xB5, 0xEB, 0x2E, 0xCF, 0xDB, 0xDA, 0x13, 0xAE, 0xB6, 0xAC, 0x00, 0x8D, 0x2D, 0x46,
    0xA2, 0xFB, 0x35, 0xCC, 0x65, 0xEA, 0x7F, 0x24, 0xE0, 0x59, 0xA0, 0xFE, 0x67, 0x7E, 0x7C, 0x56,
    0x34, 0x62, 0x05, 0xE7, 0x20, 0x8F, 0x65, 0x5D, 0x67, 0x84, 0xFF, 0x5E, 0x6C, 0xB0, 0xED, 0xCE,
    0x8A, 0x39, 0x55, 0x25, 0x91, 0xDC, 0x4F, 0x63, 0xA4, 0x58, 0xE5, 0x75, 0x8F, 0x4D, 0xCB, 0x6D,
    0x22, 0xB2, 0x0F, 0xD1, 0x79, 0x09, 0x21, 0xB4, 0xDE, 0x84, 0x1A, 0x99, 0xDE, 0xF5, 0x2D, 0xB0,
    0xAD, 0x45, 0x67, 0xED, 0xEE, 0xF6, 0xB5, 0x36, 0x07, 0x27, 0x40, 0x87, 0xFD, 0x2E, 0xA7, 0x9A,
    0xFC, 0x06, 0xF8, 0x45, 0x9D, 0x23, 0x03, 0x62, 0x08, 0x07, 0xBE, 0xCB, 0x1A, 0xE5, 0x70, 0xCA,
    0xC8, 0x54, 0x44, 0x7E, 0xE7, 0xD3, 0x2F, 0x4A, 0xA8, 0x3E, 0x88, 0xE9, 0xBB, 0x87, 0xA0, 0x2C,
    0xE2, 0xEB, 0x9E, 0x03, 0x1E, 0xE3, 0x78, 0xF6, 0x73, 0xB1, 0x56, 0xAD, 0x30, 0x22, 0xE7, 0x0D,
    0x8D, 0x73, 0x0E, 0xDE, 0x32, 0x58, 0x6F, 0x8F, 0xA8, 0xE3, 0x55, 0x41, 0x49, 0x50, 0x15, 0xCF,
    0x8E, 0x95, 0xD7, 0x59, 0x29, 0x15, 0xEB, 0xE1, 0xA7, 0x35, 0x97, 0x23, 0xEE, 0x4D, 0xE2, 0xBD,
    0x2C, 0xDC, 0x8F, 0xF8, 0x3F, 0xD6, 0x35, 0x6E, 0x8A, 0x6D, 0x06, 0x74, 0x1E, 0xE7, 0x4D, 0xE2,
    0xB0, 0x25, 0xCA, 0xAF, 0x75, 0x9E, 0xEA, 0x95, 0xBA, 0x51, 0xC1, 0x29, 0xA9, 0x3D, 0x23, 0x83,
    0xDD, 0x25, 0x05, 0x5D, 0x53, 0x87, 0x2D, 0x7A, 0x0F, 0x12, 0x52, 0x5B, 0x34, 0xBF, 0x89, 0x8F,
    0x2D, 0x5A, 0x2E, 0xF3, 0xC7, 0x41, 0xCB, 0xC1, 0x7C, 0x79, 0xF6, 0x61, 0x09, 0xDA, 0x87, 0x3F,
    0xBA, 0xB2, 0xDE, 0xDD, 0x80, 0x8A, 0x9F, 0xC6, 0x77, 0xA1, 0x12, 0xA4, 0xBB, 0x2D, 0x57, 0x9B,
    0xCD, 0x7E, 0x73, 0x21, 0x58, 0x65, 0x3A, 0x9D, 0x1F, 0x13, 0xCD, 0x4F, 0x06, 0xAA, 0xCC, 0xDE,
    0x04, 0x06, 0xD1, 0xF4, 0x9B, 0x10, 0xD7, 0x89, 0x8F, 0x78, 0x39, 0xE1, 0x9C, 0x12, 0x6D, 0xB3,
    0xC0, 0x7C, 0x30, 0x7B, 0xAA, 0x0D, 0x5A, 0xE5, 0xA5, 0xBC, 0x48, 0x43, 0x29, 0x86, 0x15, 0xCB,
    0xD0, 0xAB, 0x15, 0x33, 0x43, 0xB3, 0xE8, 0xEF, 0x63, 0x0F, 0x4B, 0xBD, 0x97, 0x03, 0xA9, 0xF7,
    0xA6, 0x1B, 0x4A, 0xE2, 0x3A, 0x34, 0x4F, 0x0B, 0x81, 0x12, 0x09, 0xE6, 0xB6, 0x95, 0x82, 0x07,
    0xC8, 0x98, 0x5E, 0x92, 0x44, 0xF2, 0xA8, 0x44, 0x4D, 0xC7, 0x0D, 0xFF, 0x36, 0x8D, 0x63, 0x1A,
    0xD7, 0x41, 0xCC, 0x96, 0xEE, 0xBC, 0x04, 0xB6, 0xCB, 0x5F, 0x6A, 0xBC, 0xF9, 0xE9, 0xED, 0xC5,
    0xDB, 0x21, 0xF5, 0xF7, 0xCB, 0xBC, 0x3E, 0xF8, 0xDC, 0xBF, 0x09, 0xDD, 0x17, 0xF9, 0x33, 0xB8,
    0xBF, 0x81, 0x34, 0xAE, 0x19, 0xDD, 0x9F, 0xF5, 0x18, 0x03, 0xE1, 0x07, 0x20, 0xC7, 0x30, 0x52,
    0x7F, 0x3B, 0xF4, 0x1C, 0xD1, 0x07, 0x8B, 0x8D, 0x42, 0xD0, 0xE8, 0x32, 0x52, 0x7F, 0x3B, 0xF2,
    0x3C, 0x36, 0x7D, 0xF5, 0xA8, 0xBF, 0x19, 0x67, 0x71, 0x9D, 0x38, 0x58, 0xEC, 0xF5, 0xB3, 0xE1,
    0xC4, 0x0F, 0x5F, 0x05, 0x41, 0x9E, 0xFA, 0x26, 0x98, 0x4D, 0x1F, 0xED, 0xBA, 0x8B, 0x7E, 0xD9,
    0x7D, 0x63, 0xD5, 0xC0, 0xFA, 0xFB, 0xA8, 0x15, 0x73, 0x00, 0xDB, 0x09, 0x33, 0x41, 0xDE, 0x23,
    0xE5, 0x19, 0x29, 0x7C, 0xBA, 0x0E, 0xBB, 0xCF, 0x65, 0x75, 0xC8, 0x2D, 0x33, 0x2A, 0x04, 0xFF,
    0xBA, 0x29, 0xD1, 0x72, 0x46, 0xC1, 0x88, 0xAE, 0xC9, 0x59, 0x64, 0xE4, 0xF8, 0x41, 0xE2, 0x5F,
    0x5F, 0x6A, 0xDE, 0xC3, 0x82, 0x1E, 0xE8, 0x74, 0x1B, 0x9B, 0x82, 0x86, 0x6C, 0xAF, 0x40, 0x73,
    0xE7, 0x51, 0xEE, 0x46, 0xF7, 0x6E, 0x0F, 0xAA, 0xB1, 0xB0, 0x5D, 0x16, 0x28, 0x80, 0xFE, 0x73,
    0xE0, 0x55, 0x7D, 0x8C, 0x53, 0x8F, 0xF1, 0x8A, 0xE3, 0x2D, 0x33, 0xA1, 0x7D, 0xBA, 0xE1, 0x3F,
    0x0F, 0x76, 0xA6, 0x7F, 0xC3, 0x21, 0xC1, 0x69, 0xBA, 0xFC, 0xA4, 0x80, 0xBF, 0x66, 0x77, 0x87,
    0xD8, 0x0C, 0xEA, 0xE1, 0x6E, 0xE8, 0x26, 0x1E, 0xF1, 0x54, 0xF4, 0xC0, 0x17, 0xCA, 0xE7, 0x58,
    0x01, 0x81, 0xD4, 0x65, 0x84, 0x87, 0xA6, 0x78, 0x27, 0x89, 0xEA, 0xF3, 0x88, 0x1E, 0xDF, 0x50,
    0xE9, 0x8E, 0xD3, 0xF1, 0xBA, 0x9A, 0x6B, 0xDE, 0xA0, 0xF7, 0x15, 0x79, 0x3D, 0x85, 0x9C, 0x05,
    0x3F, 0x4A, 0x0E, 0x4D, 0x56, 0x90, 0x37, 0xFF, 0x88, 0xD1, 0x8E, 0x37, 0x19, 0xDD, 0x30, 0x6F,
    0xE0, 0xBC, 0x6F, 0x72, 0xE0, 0x0F, 0xE4, 0x56, 0xA1, 0x2B, 0xDA, 0x05, 0xF1, 0x1B, 0xBE, 0xF6,
    0x57, 0xAC, 0xAB, 0x15, 0xF6, 0x5E, 0xDF, 0xE0, 0x79, 0x0D, 0x97, 0xC0, 0xF6, 0xED, 0x3B, 0x77,
    0x32, 0x2B, 0x99, 0xFD, 0xAB, 0x38, 0x49, 0x33, 0xF7, 0x6E, 0xC6, 0x48, 0x72, 0x9F, 0xE0, 0x27,
    0xEA, 0x73, 0x20, 0xD5, 0xFF, 0xB3, 0x4F, 0xBF, 0xD8, 0xC5, 0xB8, 0xFD, 0x4C, 0xB2, 0xCB, 0xFD,
    0xEA, 0xB3, 0x77, 0x3F, 0x4C, 0x33, 0xB5, 0xF4, 0xF9, 0xC7, 0x38, 0xEF, 0x94, 0x27, 0xDF, 0x07,
    0x76, 0x53, 0xE7, 0x16, 0x70, 0x59, 0xB9, 0x27, 0x81, 0xB3, 0xCA, 0xB3, 0xE2, 0xE4, 0x0E, 0xE2,
    0x27, 0xAC, 0x78, 0xF5, 0x5F, 0xA4, 0x7A, 0x3D, 0x1F, 0xC9, 0x6F, 0x53, 0xE2, 0x9F, 0xCC, 0x74,
    0x2E, 0x1D, 0x9F, 0xEF, 0xA6, 0xA4, 0xC2, 0xAD, 0x99, 0xBA, 0xBF, 0xCC, 0x3B, 0x9C, 0x56, 0x25,
    0x67, 0x1F, 0x9E, 0x0D, 0x33, 0xFD, 0x7D, 0x46, 0x2B, 0xFE, 0xC9, 0xBF, 0x90, 0xCB, 0x73, 0x77,
    0x09, 0xF3, 0xDD, 0xCC, 0x5C, 0x4E, 0x1E, 0x8E, 0xC0, 0x00, 0x1E, 0x87, 0x51, 0x1D, 0xF4, 0xF6,
    0x1B, 0x8B, 0xBC, 0x82, 0xA3, 0xFE, 0xBD, 0xA9, 0x25, 0x6A, 0xD7, 0x0D, 0xB3, 0x47, 0x84, 0x84,
    0xDA, 0xD3, 0xEA, 0x79, 0xF0, 0x23, 0x4F, 0x16, 0x37, 0x3D, 0xB4, 0xE3, 0xDD, 0xB2, 0x06, 0x0C,
    0xCA, 0xFF, 0x53, 0xF0, 0x13, 0x55, 0xF3, 0x9A, 0x67, 0x30, 0xEE, 0x6B, 0x9E, 0xF8, 0x73, 0xD5,
    0x50, 0x9E, 0x1E, 0xCD, 0xE7, 0x95, 0xD7, 0x63, 0xB4, 0xCB, 0x55, 0xC6, 0x36, 0xAD, 0x3B, 0xC0,
    0x46, 0x28, 0xE5, 0x67, 0xC7, 0xAF, 0x13, 0xFF, 0xA3, 0x27, 0x67, 0x94, 0x31, 0xA6, 0xB8, 0xBA,
    0x5E, 0x45, 0x1A, 0xE4, 0xD5, 0x81, 0x16, 0xF6, 0x86, 0x52, 0x1F, 0x38, 0x01, 0x8E, 0xF8, 0x87,
    0xD6, 0x36, 0x9F, 0x6B, 0x37, 0x43, 0x16, 0xF5, 0xDB, 0x9C, 0xC4, 0xE0, 0x79, 0x7D, 0x00, 0x45,
    0x3C, 0xB2, 0x4D, 0xAB, 0x06, 0xEF, 0x54, 0x40, 0x07, 0x87, 0xAA, 0x03, 0x55, 0x1D, 0x1C, 0x59,
    0xDB, 0xBD, 0xC6, 0x07, 0x3E, 0xC7, 0x9F, 0x8F, 0xFF, 0x82, 0x32, 0x9D, 0xEE, 0xDA, 0x8E, 0xF8,
    0xD8, 0xB3, 0x26, 0xFA, 0x62, 0x7A, 0x9D, 0x25, 0x07, 0x1C, 0xF0, 0x52, 0xC8, 0x07, 0x50, 0xDE,
    0xF2, 0x01, 0x94, 0x58, 0x7C, 0x50, 0xE4, 0x72, 0xC0, 0x41, 0xE5, 0x38, 0xB0, 0x32, 0xC4, 0x90,
    0x5E, 0xFC, 0x30, 0xB7, 0x91, 0x03, 0xDC, 0xB9, 0x5B, 0xE6, 0xEC, 0x12, 0xE5, 0x94, 0xBB, 0x39,
    0xF1, 0x60, 0xA9, 0x9A, 0x7E, 0x55, 0x5D, 0xDF, 0x12, 0xEB, 0x99, 0xFA, 0xFD, 0x9E, 0x5E, 0x6F,
    0x50, 0xD9, 0x13, 0x6A, 0x18, 0x54, 0x3E, 0x99, 0x81, 0xB4, 0xCA, 0x4C, 0x5A, 0xD7, 0xC2, 0xDE,
    0x08, 0xB1, 0x16, 0x32, 0x26, 0x8C, 0xCF, 0x5A, 0xB7, 0x90, 0xF1, 0xB4, 0xBE, 0x6C, 0xBF, 0x1D,
    0x17, 0x84, 0x9E, 0x73, 0x2B, 0xCD, 0x09, 0x9D, 0x77, 0xA2, 0x7B, 0x19, 0xA1, 0x75, 0x37, 0x5C,
    0x01, 0xD2, 0x53, 0xFD, 0x14, 0x48, 0xEC, 0x60, 0x0C, 0xC4, 0x9E, 0x1D, 0xC0, 0x76, 0xE4, 0xCA,
    0xF9, 0xD8, 0xC5, 0xF5, 0xC6, 0x2F, 0xB3, 0x79, 0xDC, 0xD7, 0x4A, 0xF3, 0x56, 0x83, 0xD0, 0x8E,
    0xAF, 0x17, 0x2E, 0xA1, 0x1B, 0xFD, 0x7E, 0xE6, 0x9C, 0x0A, 0xEB, 0x74, 0x59, 0x6A, 0xD0, 0xF7,
    0x4D, 0x4E, 0x40, 0x12, 0xD6, 0xAF, 0x4B, 0x6A, 0xF1, 0x3A, 0xB3, 0xEB, 0xEE, 0xDE, 0xF7, 0xED,
    0x96, 0x82, 0xED, 0x01, 0xE7, 0xBC, 0x51, 0xC7, 0x5F, 0x9D, 0x8C, 0xDA, 0x8B, 0x2A, 0xD4, 0xF5,
    0x8D, 0xF4, 0xF5, 0x84, 0x8F, 0x90, 0xE8, 0x03, 0x6C, 0x87, 0x01, 0x52, 0x8A, 0x53, 0xF3, 0x71,
    0x2A, 0x71, 0xF6, 0x23, 0xD6, 0x19, 0x1B, 0x9D, 0x9E, 0x4E, 0x61, 0x52, 0x86, 0xDA, 0xC7, 0x59,
    0x1D, 0xFA, 0x2D, 0xFD, 0xC3, 0x27, 0xEC, 0x5A, 0x49, 0x85, 0xBF, 0x83, 0x5F, 0x39, 0x47, 0x0E,
    0xCC, 0xEC, 0x4D, 0xB1, 0x9F, 0xD0, 0x62, 0x42, 0xFF, 0x9D, 0x4B, 0x1C, 0x62, 0x06, 0xE9, 0xDF,
    0xFD, 0xB1, 0x2A, 0x57, 0x5D, 0x37, 0xF2, 0x1F, 0xAE, 0x94, 0x41, 0x7B, 0xEC, 0x98, 0x07, 0x6C,
    0x49, 0xF3, 0xA5, 0x29, 0xF3, 0xF7, 0x47, 0x5B, 0x7B, 0x09, 0xD6, 0x64, 0xF6, 0x9F, 0x82, 0x67,
    0x37, 0x67, 0x23, 0x8F, 0x45, 0x87, 0x81, 0xE5, 0x9B, 0x26, 0xC4, 0xDC, 0x77, 0x7B, 0xD4, 0xEE,
    0xEB, 0x12, 0x1C, 0x8C, 0xBF, 0x6F, 0x2C, 0xC5, 0x56, 0xF9, 0xC6, 0x82, 0xD2, 0x01, 0xD9, 0xE0,
    0x5D, 0x4D, 0x5D, 0x5F, 0xAB, 0x4A, 0xC1, 0x9D, 0xD8, 0x5C, 0xA3, 0x7D, 0x58, 0x9D, 0x1F, 0xBD,
    0xEF, 0xD0, 0xC3, 0x23, 0x1C, 0x65, 0x35, 0x4B, 0xFD, 0x51, 0x52, 0xCF, 0xFB, 0x64, 0x33, 0xD3,
    0x39, 0x12, 0x2B, 0x3F, 0xBF, 0x2A, 0x6B, 0xD9, 0x78, 0x96, 0xB3, 0xCA, 0xA7, 0xDA, 0xBC, 0x4F,
    0xD6, 0x32, 0xF3, 0x3E, 0x59, 0xCF, 0xC6, 0xAE, 0x1B, 0xF3, 0xB7, 0xEF, 0xE8, 0x1C, 0xC6, 0x5A,
    0x40, 0xA6, 0x36, 0x7A, 0x24, 0x94, 0x36, 0xF2, 0xB5, 0xE0, 0xCC, 0x8E, 0x5F, 0x37, 0x78, 0x5D,
    0x33, 0x9A, 0xCB, 0xCD, 0x33, 0xF7, 0x9A, 0xA1, 0xB3, 0xDF, 0x0F, 0x7C, 0x6F, 0xFF, 0x54, 0x76,
    0xE5, 0x3D, 0x7E, 0x73, 0xFD, 0x07, 0xF5, 0xDF, 0xB8, 0xDF, 0xF6, 0x9E, 0xF6, 0xA3, 0x71, 0xB7,
    0x8E, 0x75, 0xAF, 0xF2, 0x97, 0xA3, 0xEF, 0xA5, 0x24, 0xA3, 0x54, 0x37, 0x74, 0x22, 0x54, 0xED,
    0x9F, 0x66, 0x65, 0x7E, 0xA4, 0xB3, 0xFC, 0xE4, 0xDA, 0x4F, 0x6D, 0x10, 0x32, 0x5F, 0xA7, 0xDA,
    0x30, 0xBA, 0xAC, 0x72, 0xB2, 0xC4, 0x80, 0xB3, 0xF7, 0x2C, 0xED, 0xCF, 0xEA, 0xA3, 0x75, 0xB2,
    0x9F, 0x40, 0x7D, 0x70, 0xDA, 0x01, 0xF3, 0x41, 0x5D, 0xDA, 0xB7, 0xE0, 0x0B, 0x47, 0x64, 0xBC,
    0xCF, 0xDB, 0x7B, 0x20, 0x77, 0x96, 0x01, 0xAF, 0x11, 0x05, 0xDB, 0x75, 0xEE, 0x72, 0x30, 0x66,
    0x7D, 0xEA, 0xCE, 0x99, 0x57, 0x99, 0xB9, 0xBD, 0x8B, 0x8A, 0xFA, 0xD5, 0xC1, 0xD4, 0xB9, 0xDB,
    0x2B, 0xEC, 0xE9, 0xC6, 0x99, 0xB5, 0x84, 0x49, 0x89, 0xE4, 0xC0, 0x58, 0xBC, 0xBC, 0xCC, 0x07,
    0x78, 0xC4, 0x0C, 0x48, 0x39, 0x0E, 0x5C, 0xF1, 0xA3, 0x52, 0x8A, 0x7F, 0x61, 0x05, 0x06, 0x5F,
    0xB5, 0x59, 0x1D, 0x50, 0xBD, 0xC5, 0x1D, 0x15, 0x03, 0x17, 0x07, 0xF6, 0xA0, 0xD9, 0x3E, 0xBE,
    0xB6, 0xDB, 0x81, 0x06, 0xC5, 0x67, 0xF5, 0x59, 0xD0, 0xD2, 0x07, 0x47, 0x6B, 0xDA, 0x81, 0xFE,
    0x50, 0x75, 0xA0, 0x86, 0x07, 0xF5, 0x66, 0x5B, 0x0E, 0x02, 0x7D, 0x1F, 0x85, 0xA8, 0x25, 0x5D,
    0x46, 0x3F, 0xEB, 0xC9, 0xE1, 0x96, 0x0C, 0x12, 0x41, 0x30, 0xF5, 0xDD, 0xB2, 0x68, 0x9E, 0x46,
    0x7F, 0x0D, 0x16, 0xCA, 0xDD, 0x32, 0x9B, 0xFB, 0xC7, 0x49, 0xD8, 0xD9, 0x59, 0xCB, 0xEC, 0xE7,
    0x93, 0x4C, 0x5D, 0x50, 0x99, 0x75, 0xF1, 0xDD, 0x94, 0xF1, 0xE6, 0xFB, 0x31, 0xD0, 0xBC, 0xF8,
    0xD3, 0xE8, 0xC7, 0x3F, 0x48, 0xA0, 0x4F, 0xED, 0xFD, 0xF8, 0x42, 0xCA, 0x78, 0xE1, 0x42, 0x96,
    0x81, 0x1B, 0xAB, 0xD1, 0x01, 0xDC, 0x1B, 0x4E, 0x5C, 0xA8, 0x65, 0xEA, 0x5F, 0xFF, 0x2C, 0x39,
    0x7A, 0xA1, 0x9E, 0x99, 0xBF, 0x7C, 0xAF, 0x78, 0xE4, 0xC2, 0x63, 0x99, 0x7B, 0x33, 0x59, 0xC6,
    0xF5, 0x6D, 0x33, 0x79, 0x14, 0xD8, 0xC2, 0x4B, 0x14, 0x66, 0xD6, 0x80, 0x0F, 0x53, 0xE1, 0x60,
    0x3F, 0x99, 0xC2, 0x2D, 0xFC, 0xCC, 0x3D, 0x73, 0x7B, 0xC3, 0xDF, 0x58, 0xCE, 0x1E, 0x31, 0xE3,
    0x0B, 0x9B, 0x3F, 0xC8, 0x81, 0x3F, 0xC8, 0xFE, 0xEB, 0x84, 0xCF, 0x47, 0x17, 0x42, 0x46, 0x5C,
    0x8F, 0xF3, 0xE3, 0x88, 0xEB, 0x18, 0xF5, 0x79, 0xB7, 0xD3, 0x29, 0x8E, 0x14, 0xDF, 0xCD, 0x88,
    0x9D, 0xBB, 0xE0, 0x65, 0x41, 0xFA, 0x30, 0x7B, 0x5A, 0x3C, 0x15, 0x8E, 0x45, 0x49, 0xD7, 0x27,
    0x3C, 0xAC, 0xEA, 0xAC, 0x4C, 0xE5, 0x48, 0x46, 0xED, 0xBF, 0xBE, 0x9B, 0xCB, 0x79, 0x4E, 0xFC,
    0x48, 0xC8, 0x11, 0x25, 0xAA, 0x6E, 0x88, 0xB9, 0xAB, 0x0E, 0x8F, 0x82, 0xC9, 0x2D, 0x58, 0xC4,
    0xA2, 0x2E, 0x89, 0x76, 0x64, 0xBC, 0xDB, 0x5A, 0xC9, 0xEE, 0xEF, 0xB2, 0xDA, 0xB0, 0x52, 0x23,
    0xB6, 0x4B, 0x66, 0xBF, 0x9D, 0xF2, 0x94, 0x64, 0xE0, 0xCC, 0x7D, 0x1D, 0xB4, 0xD2, 0xD0, 0xB9,
    0x7C, 0xDB, 0x9A, 0xBC, 0x0F, 0xD7, 0x87, 0xBD, 0xE6, 0x39, 0x35, 0x39, 0xA3, 0x86, 0x14, 0xC8,
    0x13, 0x77, 0x56, 0x56, 0x05, 0x54, 0x56, 0x19, 0xED, 0x49, 0x57, 0xE1, 0xB4, 0x46, 0xF6, 0xA4,
    0xDA, 0xE0, 0x7A, 0xF3, 0x6B, 0xF5, 0xB4, 0xFD, 0x3C, 0xC7, 0x7C, 0xEF, 0x37, 0x97, 0x12, 0x29,
    0x27, 0xF5, 0xDE, 0x30, 0xA4, 0x26, 0x1B, 0xB6, 0xF8, 0x6D, 0xF6, 0x97, 0x6E, 0x1F, 0x38, 0xCF,
    0xDB, 0xF2, 0xB6, 0xE6, 0x40, 0xBF, 0x94, 0xDE, 0xB0, 0xAB, 0xE4, 0xF8, 0x19, 0x69, 0xB0, 0x9C,
    0xA6, 0x2C, 0xCC, 0xF3, 0x39, 0x4D, 0x61, 0x11, 0x1A, 0x83, 0x50, 0xF0, 0xB0, 0xD2, 0x42, 0xA4,
    0xAA, 0x9A, 0xB3, 0xC2, 0xFB, 0xFD, 0x93, 0xFB, 0x8C, 0xCA, 0x55, 0xDF, 0xAF, 0xEC, 0x89, 0x8F,
    0x99, 0x7C, 0x4F, 0x7A, 0xFF, 0xA5, 0xCB, 0xB2, 0x55, 0x4E, 0xA5, 0x49, 0x0D, 0x0E, 0xDA, 0xEC,
    0xCE, 0x9E, 0xA0, 0x8B, 0xB2, 0xEE, 0x2D, 0xC6, 0xCE, 0xFF, 0x1F, 0xFE, 0x7B, 0x87, 0xDE, 0x27,
    0x9E, 0x0E, 0xA7, 0x5F, 0x9C, 0xF4, 0x1B, 0x75, 0x87, 0x28, 0xFB, 0x63, 0x8C, 0x50, 0x84, 0x74,
    0xB7, 0x0A, 0x5D, 0xD1, 0xBB, 0x0D, 0x89, 0x73, 0xF9, 0x54, 0x73, 0xF1, 0x34, 0xE7, 0x1E, 0xA1,
    0x91, 0x00, 0xBA, 0xF7, 0x8E, 0x46, 0xFA, 0x45, 0x1D, 0x75, 0xEC, 0x93, 0x93, 0xF8, 0x66, 0x24,
    0x78, 0x2B, 0x11, 0xC4, 0x2E, 0x50, 0x7C, 0x3E, 0xD7, 0xB8, 0xA9, 0xB1, 0xAE, 0xB1, 0xA1, 0x71,
    0xFE, 0xE0, 0xFB, 0xFD, 0x5A, 0x38, 0x65, 0x7C, 0x37, 0x3E, 0xD2, 0x85, 0x6D, 0x9D, 0x18, 0xC3,
    0x01, 0x58, 0x82, 0x39, 0x35, 0x73, 0xB5, 0xD2, 0x04, 0x3F, 0x0A, 0x78, 0x24, 0xE4, 0x58, 0x23,
    0x2F, 0xF2, 0xB0, 0x33, 0x44, 0xA0, 0x1C, 0x10, 0xFB, 0x1B, 0xEC, 0x89, 0x6C, 0x14, 0xB4, 0xAE,
    0xB0, 0x03, 0x8D, 0xEA, 0x99, 0x9C, 0x3E, 0xEE, 0xFB, 0x26, 0x76, 0x40, 0x9A, 0x41, 0xD4, 0xCE,
    0x35, 0xF1, 0xFA, 0xEA, 0x8B, 0x2F, 0xE6, 0x8D, 0x8A, 0x2A, 0x4C, 0xC0, 0x58, 0x92, 0xE9, 0xBE,
    0x78, 0x71, 0x2E, 0xFF, 0x5A, 0x25, 0x0F, 0x2C, 0x32, 0x09, 0x66, 0x87, 0x4B, 0x9A, 0xDA, 0x21,
    0xAE, 0xB3, 0xBA, 0x27, 0xE1, 0xBB, 0x3F, 0x44, 0x43, 0xE3, 0x12, 0xD2, 0x96, 0x85, 0xFE, 0xE3,
    0x65, 0xC4, 0x58, 0x7E, 0x22, 0xBF, 0x17, 0x93, 0xE5, 0xD5, 0xAA, 0xFA, 0x6A, 0x09, 0x04, 0xA1,
    0xC2, 0xF5, 0x59, 0xB0, 0xE3, 0xE2, 0x5A, 0x5A, 0x30, 0x5D, 0x2C, 0xFE, 0xF1, 0x30, 0x15, 0xE0,
    0x8C, 0xCE, 0xCA, 0xE8, 0x69, 0x86, 0xC3, 0xD3, 0x8C, 0x88, 0xA7, 0xDB, 0x78, 0x88, 0x3A, 0x6D,
    0xF7, 0xB0, 0xDC, 0xE4, 0xF9, 0x0A, 0xAB, 0xF3, 0x0F, 0x2A, 0x47, 0x6F, 0x70, 0x56, 0xD0, 0xD6,
    0x81, 0xAD, 0x66, 0x15, 0xDF, 0x58, 0x67, 0xB3, 0x0B, 0x94, 0x4D, 0xB0, 0x4A, 0xFC, 0x30, 0x44,
    0x68, 0xCF, 0xEE, 0xFA, 0xCB, 0x88, 0xED, 0x22, 0x11, 0xF1, 0x52, 0x52, 0x47, 0x10, 0xB7, 0x7B,
    0x31, 0xAB, 0xDB, 0x09, 0x61, 0x94, 0xD7, 0x9D, 0x18, 0xD8, 0xAB, 0xC3, 0xEB, 0xD0, 0x8D, 0x5A,
    0x75, 0x9F, 0x37, 0x64, 0x7C, 0xA2, 0xFE, 0x10, 0xEF, 0xD0, 0xC8, 0xA1, 0x27, 0xBB, 0xEB, 0xAF,
    0xB0, 0xC1, 0x3D, 0x75, 0x2B, 0x94, 0xDF, 0x81, 0xF5, 0x03, 0x50, 0x94, 0xF9, 0x58, 0xD1, 0xB9,
    0x9C, 0x75, 0x67, 0x91, 0x5D, 0x62, 0xAC, 0xC4, 0x15, 0x8C, 0xE5, 0x7A, 0x46, 0xEC, 0x81, 0xA7,
    0xD1, 0xA9, 0x30, 0x12, 0xE4, 0x30, 0xB7, 0xBA, 0x24, 0xE4, 0x04, 0xFA, 0xE6, 0x3A, 0x7B, 0x84,
    0x34, 0x2C, 0x31, 0x92, 0x1D, 0x32, 0xAF, 0x4A, 0x06, 0xCE, 0x8A, 0x45, 0x37, 0x51, 0x71, 0x4F,
    0xA4, 0xCE, 0x70, 0x83, 0x0F, 0x76, 0xD7, 0xC3, 0x82, 0x0F, 0xA0, 0x66, 0xD0, 0x07, 0xCF, 0x65,
    0xFA, 0xE0, 0xF9, 0xEA, 0xE0, 0xE4, 0x2E, 0xEC, 0x4E, 0x38, 0x90, 0x7D, 0x2C, 0x4B, 0xDE, 0x1D,
    0x8D, 0x0F, 0x4E, 0x71, 0xC2, 0x56, 0xF3, 0xCE, 0xE2, 0xA9, 0x50, 0x17, 0x5E, 0x52, 0xFA, 0xE0,
    0x86, 0xE4, 0x50, 0x49, 0xDD, 0xFF, 0x58, 0x27, 0x53, 0xD1, 0x89, 0xF9, 0x47, 0x07, 0x65, 0x79,
    0x52, 0xC2, 0xFE, 0x87, 0x07, 0x77, 0x16, 0x9F, 0x6B, 0x2E, 0x21, 0x23, 0x6E, 0x5C, 0x95, 0xA9,
    0x0E, 0xEC, 0x7D, 0x07, 0xD8, 0x8E, 0x81, 0x0F, 0xDC, 0xE1, 0x41, 0xA8, 0x0F, 0xA8, 0x49, 0xBE,
    0x09, 0x29, 0x47, 0xF9, 0x76, 0xB9, 0xC8, 0x5C, 0x7C, 0xDD, 0x1A, 0x1C, 0xE1, 0x70, 0x95, 0x43,
    0xC6, 0xC2, 0x84, 0xDE, 0xFD, 0xA8, 0x5E, 0xEE, 0x02, 0x8D, 0x2B, 0x33, 0x8A, 0xA7, 0x45, 0x0F,
    0xC3, 0xDD, 0x0F, 0xCD, 0xDC, 0x89, 0xFD, 0x69, 0x92, 0x37, 0x52, 0xE2, 0x1F, 0xBB, 0x05, 0x89,
    0x0A, 0x5F, 0xCD, 0x11, 0x3B, 0x1C, 0xB0, 0x3F, 0x15, 0x96, 0xA1, 0xED, 0x1B, 0xBE, 0xD8, 0x70,
    0x68, 0x70, 0x20, 0xEE, 0x98, 0xEF, 0xB3, 0xA1, 0x11, 0x4A, 0xB6, 0xCC, 0xDB, 0x5E, 0x43, 0xAA,
    0x23, 0xF0, 0x14, 0x99, 0x83, 0x14, 0xD2, 0xD4, 0x13, 0x4E, 0xA4, 0xB2, 0x39, 0xAE, 0x86, 0x91,
    0xF9, 0x12, 0xAC, 0x94, 0xE1, 0xB9, 0x82, 0x5E, 0x8C, 0xF3, 0xBE, 0x51, 0x0A, 0x2E, 0xED, 0x48,
    0x39, 0x92, 0x05, 0xF9, 0x7C, 0x52, 0x95, 0x67, 0x9F, 0x76, 0xE0, 0x33, 0x1A, 0x6B, 0x1A, 0x5B,
    0xFA, 0xBE, 0x1B, 0x4E, 0xB4, 0x86, 0x58, 0x92, 0xDC, 0x89, 0x4A, 0xEC, 0xA1, 0x97, 0x4E, 0x87,
    0xFF, 0x24, 0x54, 0xB2, 0x35, 0x19, 0x73, 0x6E, 0xC8, 0x92, 0x26, 0x7E, 0x63, 0x03, 0xED, 0x2F,
    0x32, 0xCF, 0xBA, 0x62, 0xA4, 0x54, 0x90, 0x61, 0x38, 0x0F, 0x92, 0xDF, 0x1F, 0x43, 0x88, 0x06,
    0xD7, 0xF8, 0x3C, 0xAD, 0x8B, 0x7C, 0x1D, 0x33, 0xC3, 0x03, 0xEF, 0x49, 0x23, 0x2B, 0xE8, 0x7A,
    0xAF, 0x6E, 0xA6, 0x05, 0x12, 0x30, 0x78, 0x27, 0x13, 0x46, 0xE7, 0xAD, 0x98, 0xD1, 0x2A, 0x23,
    0x46, 0x12, 0xD1, 0xB9, 0x1C, 0xC9, 0x0F, 0x05, 0xAE, 0xE3, 0xE0, 0x12, 0xA0, 0x3E, 0x6F, 0x7C,
    0x9E, 0x14, 0x36, 0xCA, 0x7F, 0x94, 0x15, 0x76, 0x34, 0xEF, 0xB9, 0x71, 0xCE, 0x18, 0xA8, 0xCD,
    0xC2, 0x21, 0x5C, 0x56, 0x4F, 0x90, 0x04, 0x3F, 0xEF, 0x3D, 0x09, 0x4F, 0x04, 0x42, 0x08, 0x23,
    0xAE, 0x9A, 0x07, 0x81, 0x29, 0x7C, 0x42, 0xDE, 0xBE, 0xC6, 0x1E, 0x30, 0xD6, 0x2C, 0x66, 0x5E,
    0x0A, 0xDD, 0xF1, 0xDF, 0xAE, 0xF4, 0x30, 0x26, 0x0D, 0x69, 0xD9, 0x2B, 0xA0, 0x50, 0x48, 0x95,
    0x66, 0x6D, 0x6F, 0x08, 0xC6, 0x60, 0x52, 0xEF, 0xB4, 0x08, 0xCF, 0xDC, 0x3B, 0x99, 0xD4, 0x08,
    0xBB, 0xE5, 0xFB, 0x7B, 0x90, 0xCE, 0x13, 0xF2, 0x75, 0x63, 0x78, 0x7B, 0x43, 0xB0, 0x3A, 0x1F,
    0xFF, 0xA0, 0x2C, 0x3F, 0x1B, 0xC7, 0x0B, 0x6B, 0xDB, 0xFF, 0x33, 0xA3, 0x15, 0xCB, 0x75, 0x36,
    0x90, 0x44, 0x0E, 0xE7, 0x9F, 0x03, 0x6F, 0x6F, 0xB8, 0x2F, 0x02, 0xA3, 0x0B, 0xAE, 0x7D, 0x89,
    0x30, 0xBC, 0x70, 0xD4, 0xBA, 0x95, 0xD4, 0x9C, 0xF0, 0xC2, 0x09, 0xC2, 0x16, 0x61, 0xCD, 0x7E,
    0xFF, 0x83, 0x9E, 0xAB, 0xE8, 0x3D, 0x3E, 0xFE, 0x19, 0xAD, 0x90, 0x17, 0xCA, 0xDD, 0xCF, 0x90,
    0xEC, 0xF2, 0xC2, 0x4F, 0x14, 0xE1, 0x51, 0xC4, 0x21, 0x9E, 0x4C, 0xD4, 0x09, 0x97, 0x3B, 0x51,
    0xD5, 0x5C, 0xC9, 0x0C, 0x73, 0x08, 0x6E, 0xC1, 0x3A, 0xB3, 0xD5, 0x77, 0xD4, 0x55, 0x35, 0xCD,
    0x09, 0xFC, 0xC0, 0x37, 0xF5, 0x04, 0xB7, 0x37, 0x05, 0xA3, 0xDA, 0xF1, 0x41, 0x67, 0x70, 0x85,
    0x90, 0xFD, 0xE6, 0xF0, 0x7D, 0xAB, 0xB3, 0x8B, 0xEF, 0xD5, 0xF9, 0xBD, 0xD7, 0x55, 0x78, 0xBB,
    0xC5, 0x59, 0x31, 0xE9, 0x7C, 0x85, 0xC2, 0x62, 0x6A, 0x74, 0x46, 0xC8, 0xFA, 0x57, 0xA7, 0xEC,
    0x0D, 0x11, 0x7A, 0x15, 0xE7, 0x72, 0x8B, 0xD1, 0x0D, 0x6B, 0x82, 0xAA, 0x66, 0x6D, 0x77, 0xD6,
    0x19, 0x39, 0xDF, 0x01, 0xE1, 0xED, 0xE6, 0x22, 0x91, 0x17, 0x39, 0x3F, 0xAF, 0xB1, 0xAE, 0xB1,
    0xA6, 0xCB, 0x6D, 0x06, 0x72, 0xDF, 0x0D, 0x5F, 0xBC, 0xBD, 0x66, 0xA7, 0x50, 0xEB, 0xA9, 0x89,
    0x94, 0xE2, 0xF2, 0xD7, 0x1B, 0xB2, 0x69, 0x73, 0xCD, 0x15, 0x62, 0x9E, 0x99, 0xEE, 0xF6, 0xE5,
    0x2F, 0xDB, 0x1C, 0xEB, 0xF7, 0xF9, 0xBB, 0x3C, 0x5E, 0x92, 0x33, 0xA4, 0x2F, 0xDF, 0xAF, 0xFC,
    0x78, 0x49, 0x0E, 0x65, 0xBD, 0x71, 0xBF, 0x92, 0x72, 0x76, 0xFF, 0x3B, 0x70, 0xF0, 0xCA, 0x93,
    0x63, 0xD9, 0x45, 0xB5, 0x5D, 0xBA, 0xD2, 0x13, 0x0C, 0xF7, 0xD4, 0xD4, 0xCC, 0x7B, 0x5B, 0xA2,
    0x21, 0x49, 0xA8, 0x90, 0xB8, 0xF7, 0x8C, 0x55, 0x1C, 0xEC, 0x73, 0x8B, 0xEC, 0x40, 0x6D, 0xAA,
    0xED, 0xB9, 0x5C, 0xC7, 0xEB, 0x0D, 0x04, 0x77, 0xBB, 0xA1, 0xFA, 0xBB, 0xD3, 0x95, 0xB3, 0x05,
    0x91, 0x0E, 0xF3, 0xFE, 0x5B, 0x7B, 0xE9, 0x2D, 0x0D, 0x8D, 0x3D, 0x59, 0xA8, 0x07, 0xBF, 0xF3,
    0xD6, 0x60, 0x55, 0x56, 0xBC, 0x31, 0xB7, 0xF5, 0x89, 0xB0, 0xF3, 0x60, 0x14, 0x50, 0x9C, 0x69,
    0x6B, 0x54, 0x2E, 0xFE, 0xF9, 0x1C, 0xE7, 0xCF, 0xB1, 0x5A, 0xB2, 0x53, 0x45, 0x20, 0xEE, 0xB9,
    0xAC, 0x66, 0x77, 0x06, 0xBC, 0x29, 0x85, 0x7E, 0xDE, 0x40, 0xB5, 0xB7, 0xB0, 0x45, 0xEF, 0x96,
    0x7A, 0x12, 0x2E, 0xAF, 0x20, 0x6C, 0x0F, 0xC2, 0x15, 0x29, 0x2F, 0x0E, 0xE3, 0x83, 0x11, 0xB6,
    0x34, 0x6B, 0xDF, 0xD2, 0x96, 0xFB, 0xD6, 0x9E, 0xAC, 0x01, 0x2D, 0x8D, 0x9B, 0x1A, 0x7B, 0xE2,
    0x67, 0x80, 0x5C, 0xBA, 0xA8, 0xE2, 0x3F, 0xC8, 0x74, 0x47, 0x62, 0xF7, 0x95, 0xB1, 0x1D, 0x98,
    0xF4, 0x0D, 0x8A, 0x83, 0x50, 0xF4, 0x2B, 0xFB, 0xE5, 0xA3, 0x6A, 0x8F, 0x86, 0xFB, 0x5D, 0x37,
    0x11, 0x0C, 0xA0, 0xF5, 0x2C, 0xCE, 0x50, 0xDF, 0x02, 0x31, 0x7E, 0xF9, 0xEF, 0x05, 0x8D, 0xA6,
    0xA8, 0x20, 0x2C, 0x16, 0x14, 0x81, 0x9F, 0xFC, 0xFA, 0x1B, 0x3A, 0x62, 0xA9, 0xDC, 0xDC, 0x8F,
    0x70, 0xE2, 0x83, 0x5F, 0xE3, 0x28, 0xDE, 0x40, 0xBE, 0x1F, 0x50, 0xFE, 0x69, 0xC1, 0xD3, 0x41,
    0x28, 0x4A, 0x1B, 0xB7, 0x4A, 0x44, 0x9C, 0xEF, 0xD9, 0xA4, 0x44, 0xC1, 0x47, 0xB3, 0xDA, 0xD4,
    0x25, 0xA9, 0x70, 0x6A, 0x49, 0x2B, 0x52, 0x7F, 0xA7, 0xAC, 0x1A, 0xE3, 0xA8, 0xC7, 0x49, 0x85,
    0xCC, 0x77, 0xBC, 0xA1, 0x1E, 0xDC, 0xCF, 0x82, 0xBA, 0x9E, 0x57, 0xF6, 0xC7, 0x31, 0xDE, 0xEF,
    0xBA, 0xC3, 0x9E, 0x4E, 0x2A, 0x3F, 0xCC, 0xD3, 0x50, 0xD5, 0x3F, 0x1B, 0x85, 0x47, 0x72, 0x79,
    0x6E, 0x87, 0xA4, 0x45, 0xBD, 0xF6, 0x34, 0xFD, 0xD8, 0x42, 0x2E, 0x31, 0x5A, 0xFB, 0x5B, 0xBC,
    0x5B, 0xA6, 0x95, 0x4A, 0xCA, 0x2C, 0x2B, 0x69, 0xE9, 0x54, 0x72, 0x9C, 0xFC, 0x27, 0x71, 0x81,
    0x87, 0xAC, 0xD4, 0x83, 0xF1, 0xD4, 0x79, 0x3E, 0x0B, 0xD8, 0x21, 0xE7, 0xA5, 0x7C, 0x85, 0x31,
    0x2C, 0x5A, 0x82, 0x9F, 0x20, 0xA9, 0x4A, 0xB3, 0xAD, 0x25, 0xE4, 0x81, 0x1E, 0x71, 0xB9, 0x9E,
    0x2B, 0x07, 0x20, 0xB2, 0xB6, 0xAF, 0x0D, 0x26, 0xB2, 0xB8, 0xB3, 0xA3, 0xC7, 0x64, 0xF9, 0xA7,
    0x74, 0x96, 0xBE, 0x63, 0x3A, 0x9C, 0xEF, 0x86, 0xF6, 0xBF, 0xE9, 0x09, 0x5A, 0x70, 0x61, 0xB0,
    0x39, 0xB5, 0xD2, 0x26, 0x2C, 0xDD, 0x44, 0xEF, 0x36, 0xE1, 0x78, 0x88, 0xC4, 0x53, 0x58, 0x0B,
    0x89, 0xCB, 0xDE, 0xEC, 0x22, 0xD1, 0x61, 0xA4, 0x10, 0x98, 0x80, 0x8C, 0x5D, 0xEC, 0xFE, 0x72,
    0x2A, 0x62, 0x35, 0xFB, 0x57, 0xDC, 0xA8, 0x2B, 0xD9, 0x05, 0x5E, 0x12, 0xBA, 0xEB, 0x46, 0x91,
    0x46, 0xDC, 0xFF, 0x82, 0xC6, 0x96, 0xC6, 0x4D, 0x8D, 0x1C, 0xBD, 0xBC, 0xD5, 0x3C, 0xC3, 0xF1,
    0x5C, 0x01, 0x67, 0x45, 0x8B, 0x24, 0x23, 0xF0, 0x30, 0xFE, 0xA8, 0xA5, 0xB9, 0xC0, 0xBD, 0x38,
    0x31, 0xAE, 0xF3, 0xAA, 0xBF, 0xC7, 0xCA, 0xCD, 0x6A, 0x6C, 0x68, 0x4D, 0xCB, 0x9E, 0xEC, 0xF8,
    0x55, 0xDC, 0xCD, 0x68, 0x5E, 0x70, 0x7C, 0xC2, 0xD5, 0x91, 0xC3, 0x9C, 0x3F, 0x91, 0xBE, 0x44,
    0x8F, 0xFE, 0x2A, 0x91, 0x8E, 0xAB, 0x31, 0x40, 0x02, 0x90, 0x15, 0xDE, 0x92, 0x15, 0x6D, 0xED,
    0xDC, 0x13, 0x6C, 0xBF, 0xAB, 0xD1, 0x10, 0x3C, 0xAC, 0x51, 0x0D, 0xB1, 0x4A, 0xC8, 0x53, 0x61,
    0xF5, 0xFB, 0x15, 0x9D, 0x50, 0x6B, 0x73, 0x7F, 0x2E, 0x87, 0x11, 0xFD, 0x1A, 0xD3, 0xC3, 0x57,
    0xF9, 0x3D, 0x26, 0xCB, 0x9F, 0xE6, 0xFF, 0x8D, 0x8A, 0x5A, 0xF4, 0x99, 0xF2, 0x42, 0x1B, 0x24,
    0xE8, 0x64, 0xCB, 0x4D, 0xDE, 0xC9, 0x0B, 0x03, 0xD5, 0xD3, 0x0D, 0xEB, 0xC1, 0x7D, 0x84, 0x31,
    0x48, 0x04, 0xA9, 0x73, 0xE5, 0x7C, 0x57, 0x47, 0x3A, 0xCF, 0x10, 0xB2, 0x9F, 0xF9, 0x13, 0x2D,
    0x1E, 0x08, 0xC8, 0x81, 0x34, 0x07, 0xDE, 0x28, 0xD7, 0x29, 0x7B, 0x78, 0x02, 0x2C, 0x90, 0xB4,
    0xDF, 0x12, 0x2F, 0x1B, 0xA6, 0xE0, 0x9B, 0x86, 0x50, 0xF0, 0x82, 0x96, 0x53, 0x1A, 0xE0, 0x67,
    0x72, 0x1A, 0x5E, 0xEC, 0xBF, 0xE9, 0x84, 0x92, 0x5F, 0xC0, 0x18, 0x0F, 0xB0, 0x2C, 0xC6, 0xF3,
    0x6F, 0xAC, 0x20, 0x62, 0xE8, 0x00, 0xFB, 0xC3, 0xDE, 0x72, 0x3C, 0xBE, 0xBF, 0x0D, 0x77, 0xD7,
    0xC3, 0x24, 0x35, 0x85, 0xB4, 0x6C, 0xAF, 0x28, 0xF3, 0x63, 0xEC, 0xA1, 0x44, 0xEB, 0x38, 0x76,
    0x2F, 0x0F, 0x52, 0x58, 0x2B, 0x39, 0x7F, 0x0E, 0x44, 0x48, 0xB8, 0x0A, 0x93, 0x90, 0xAA, 0xFC,
    0xF7, 0x3F, 0x84, 0xAA, 0xE1, 0x6A, 0xC3, 0xFC, 0xA5, 0xDC, 0xD7, 0xF8, 0x05, 0xBE, 0x5F, 0x01,
    0x33, 0xCF, 0x13, 0xDF, 0xE1, 0xD8, 0x31, 0x8E, 0x37, 0x82, 0x77, 0xB9, 0xEA, 0xD3, 0x50, 0x45,
    0xDC, 0x43, 0x56, 0x28, 0x7F, 0x1E, 0x66, 0x8E, 0x5C, 0x05, 0xEC, 0x26, 0x91, 0xAB, 0x1B, 0xB4,
    0x32, 0xCF, 0xAA, 0x9C, 0xE3, 0xFC, 0x79, 0x37, 0x2F, 0x38, 0x3A, 0x1A, 0x19, 0xD1, 0x51, 0x24,
    0x60, 0xCA, 0x60, 0x28, 0x89, 0xCD, 0xF5, 0xF7, 0x60, 0x28, 0xC9, 0xAD, 0xF2, 0x12, 0xBC, 0x32,
    0x32, 0xE3, 0x74, 0xE5, 0xEC, 0x59, 0xD3, 0xDE, 0xAB, 0x15, 0x2E, 0x4B, 0x4A, 0x97, 0x7D, 0xF5,
    0x5E, 0xD6, 0x84, 0x68, 0xA2, 0x3C, 0x74, 0x16, 0x4F, 0x69, 0x55, 0x53, 0x43, 0x33, 0x67, 0x0D,
    0x6D, 0x1F, 0x6D, 0xF0, 0xB2, 0xFB, 0x37, 0xCD, 0x36, 0xF3, 0x68, 0x3F, 0x63, 0x7E, 0xE1, 0xC6,
    0xB9, 0xBF, 0x25, 0x52, 0x71, 0x55, 0xE5, 0xB6, 0x38, 0xCA, 0x65, 0x43, 0x71, 0x9B, 0x7D, 0x3E,
    0xD8, 0xDF, 0x9D, 0x7D, 0xA3, 0x7D, 0x03, 0x7E, 0x60, 0x88, 0xE3, 0x66, 0x7A, 0x5F, 0x6C, 0x9A,
    0x88, 0x23, 0x35, 0x4A, 0x4E, 0x49, 0x8A, 0x38, 0x54, 0x41, 0xA7, 0xAF, 0xBF, 0x97, 0x17, 0x19,
    0xBB, 0xDE, 0x47, 0x88, 0x1F, 0xB5, 0x7B, 0x16, 0x1A, 0x36, 0xF1, 0x53, 0xF5, 0x1E, 0xFB, 0xB9,
    0xF3, 0x0E, 0xF0, 0x56, 0x72, 0x88, 0x47, 0xBA, 0xC1, 0xFB, 0x2C, 0x29, 0xAD, 0xD6, 0xAD, 0xE8,
    0xD9, 0xDE, 0x79, 0xBD, 0xA5, 0xE7, 0xF5, 0x78, 0x39, 0x71, 0xEB, 0x9F, 0x5A, 0xEF, 0xA9, 0xA9,
    0x66, 0x67, 0xA4, 0xD5, 0x79, 0x1D, 0x9B, 0x8F, 0xBC, 0x71, 0x5A, 0x7B, 0x02, 0x3E, 0xCD, 0xE3,
    0x15, 0x0A, 0x27, 0x54, 0xA4, 0x07, 0x0F, 0x02, 0x8E, 0xA7, 0x76, 0x23, 0xF6, 0x33, 0x24, 0x3E,
    0x0A, 0x1D, 0xEC, 0x86, 0xD3, 0x9C, 0xF0, 0x06, 0x49, 0xA6, 0xC6, 0xF2, 0x11, 0x4C, 0xB4, 0x3B,
    0xF1, 0x57, 0x67, 0xCA, 0x01, 0xF3, 0x57, 0xB6, 0xE6, 0x36, 0xFC, 0xB7, 0xDF, 0x96, 0x38, 0x7D,
    0x07, 0xEE, 0xE4, 0xEA, 0x71, 0x12, 0x70, 0xDB, 0xF0, 0x05, 0x86, 0x22, 0xB0, 0x8F, 0x68, 0x42,
    0x27, 0x36, 0xCA, 0xBC, 0xCD, 0xFB, 0x6A, 0x7A, 0xF9, 0x09, 0xB9, 0xEF, 0x95, 0xA1, 0x5F, 0x47,
    0xE5, 0xBD, 0x39, 0x86, 0x56, 0x36, 0xCC, 0x12, 0x3A, 0xB2, 0x27, 0x4E, 0x96, 0xA3, 0xA9, 0x05,
    0x11, 0xAC, 0xCA, 0x37, 0x75, 0x5F, 0x7B, 0x28, 0xBC, 0x52, 0x9B, 0x84, 0x68, 0x98, 0x01, 0xF0,
    0x32, 0x91, 0x29, 0x47, 0xE2, 0x58, 0xE7, 0xF5, 0x78, 0x99, 0xD7, 0xF1, 0xD1, 0x5B, 0x7A, 0x41,
    0x1F, 0xEC, 0xE7, 0x77, 0x24, 0x3F, 0xC5, 0x95, 0xD1, 0x0E, 0x88, 0x55, 0xBE, 0xA3, 0x4C, 0x24,
    0xC0, 0x7D, 0xA8, 0xF3, 0x23, 0x1D, 0x5C, 0xFE, 0xCA, 0x83, 0xD6, 0xE9, 0xB1, 0xFE, 0x1E, 0x95,
    0x5B, 0xC5, 0x34, 0x8A, 0x0E, 0x23, 0xE1, 0x29, 0xF6, 0xC5, 0x92, 0xF5, 0xB8, 0xE4, 0x38, 0xE0,
    0x90, 0x78, 0x72, 0xF1, 0x67, 0x36, 0x63, 0xFA, 0x72, 0x83, 0x09, 0x74, 0xC2, 0x3A, 0x55, 0xEF,
    0xBD, 0xC2, 0x81, 0x3B, 0x58, 0xA0, 0xBA, 0x98, 0x79, 0xE9, 0x43, 0x1C, 0x8F, 0x87, 0x34, 0x56,
    0xFE, 0x80, 0x33, 0x5B, 0x4E, 0x97, 0x4B, 0x6C, 0xC0, 0xEA, 0xE6, 0x36, 0x8C, 0x56, 0xF8, 0x75,
    0xA9, 0xA7, 0x0C, 0x0F, 0xDB, 0x0C, 0x16, 0xCA, 0xFE, 0x67, 0x5D, 0xBE, 0xAF, 0x1B, 0x6F, 0x61,
    0xF7, 0x16, 0x78, 0xB1, 0xF3, 0x78, 0xBA, 0x21, 0x68, 0x14, 0x82, 0xBC, 0x6C, 0x22, 0xD9, 0x42,
    0xC2, 0x16, 0x0A, 0x28, 0xAF, 0x19, 0x1F, 0x19, 0x66, 0x08, 0xC0, 0x72, 0x7B, 0xE4, 0x80, 0x7A,
    0x6F, 0x4D, 0xD4, 0x7B, 0x30, 0x59, 0xEF, 0x0D, 0xCD, 0x7F, 0x6E, 0xF0, 0x64, 0xE6, 0x59, 0xD1,
    0x96, 0x76, 0xED, 0xF7, 0xE4, 0xFB, 0x7A, 0xA6, 0xED, 0x01, 0xD1, 0xD0, 0x1E, 0x00, 0x3B, 0xC0,
    0xB9, 0x03, 0xE9, 0x25, 0xAC, 0xE0, 0x3C, 0xBC, 0x07, 0x5A, 0xFF, 0x2F, 0xF6, 0x8F, 0xB6, 0xF0,
    0xB1, 0x7E, 0x89, 0x8E, 0xBA, 0xA1, 0xDA, 0xFF, 0x36, 0xE3, 0x39, 0xF6, 0x0D, 0x53, 0x50, 0x04,
    0x9C, 0xFE, 0x18, 0x56, 0xBF, 0x57, 0x78, 0x8F, 0x35, 0xAE, 0xA3, 0xF3, 0xBB, 0xAC, 0xAB, 0x95,
    0x75, 0x6C, 0x2C, 0x6E, 0xDE, 0xC8, 0xB4, 0x1F, 0x98, 0xE0, 0xE4, 0x38, 0x87, 0xD1, 0xF3, 0xEC,
    0x1D, 0xE2, 0x1F, 0x8D, 0x4C, 0x1C, 0x8D, 0x8C, 0x2B, 0x0D, 0xCD, 0xD9, 0xB2, 0x3D, 0x40, 0xEF,
    0xC9, 0x15, 0x77, 0x87, 0xF6, 0xD0, 0xCA, 0x9C, 0x53, 0x30, 0xA3, 0x66, 0x74, 0x77, 0x4B, 0x49,
    0x89, 0x47, 0x95, 0xC5, 0x63, 0x5F, 0x45, 0x32, 0x38, 0xAE, 0xE7, 0x2A, 0x96, 0x74, 0xA3, 0x3B,
    0xE8, 0x96, 0x55, 0x1C, 0xF1, 0x76, 0x4F, 0xCD, 0xBC, 0xBE, 0x30, 0x26, 0x13, 0x3D, 0xA4, 0xED,
    0xE1, 0x05, 0x07, 0x01, 0x60, 0x37, 0x22, 0x8B, 0xC3, 0xC4, 0x0A, 0x8E, 0xE4, 0x42, 0x67, 0x0F,
    0xCF, 0xDF, 0x21, 0x2A, 0x7A, 0x66, 0xEC, 0x7C, 0x85, 0xA3, 0xEB, 0x79, 0x37, 0x23, 0x79, 0xF7,
    0xAB, 0xF7, 0x1B, 0xEF, 0x63, 0x7C, 0xC7, 0x96, 0xE6, 0xC7, 0xAB, 0x72, 0x4F, 0x6A, 0xED, 0xCA,
    0x8C, 0xA8, 0xA1, 0x49, 0x62, 0xE7, 0x34, 0x5F, 0xC8, 0x08, 0xA7, 0x04, 0xB1, 0x8B, 0x08, 0xB0,
    0xAD, 0xB1, 0x77, 0x88, 0x7F, 0x37, 0x72, 0x56, 0x8F, 0x7A, 0x56, 0x46, 0x17, 0x10, 0xC2, 0x39,
    0x00, 0x68, 0x63, 0x1F, 0x66, 0x94, 0x1B, 0x3A, 0x0C, 0xAA, 0x74, 0x22, 0xBF, 0xD4, 0x58, 0x16,
    0xF6, 0xC2, 0x62, 0x2F, 0x0F, 0x46, 0x75, 0x7F, 0x9C, 0xDB, 0x39, 0x7B, 0x67, 0xF1, 0xF2, 0xCA,
    0xFE, 0xBD, 0xDB, 0x1E, 0x40, 0xCF, 0xE7, 0x9A, 0xC4, 0xED, 0xED, 0xFC, 0x67, 0x0B, 0x72, 0xFE,
    0x84, 0x94, 0xEB, 0x69, 0xD9, 0xBB, 0x66, 0xC7, 0x33, 0x62, 0xE0, 0x29, 0xDC, 0x21, 0xC6, 0x92,
    0x5B, 0x07, 0x49, 0x07, 0xA0, 0xAE, 0xB5, 0xFF, 0xA2, 0xD3, 0x39, 0x61, 0x86, 0xAE, 0xFD, 0x72,
    0x59, 0x7E, 0xCF, 0x89, 0xDD, 0xF2, 0x65, 0xD8, 0x2F, 0x22, 0xC6, 0xA3, 0x2E, 0x7E, 0x5F, 0xDB,
    0xF6, 0xA0, 0xB3, 0xA6, 0xF3, 0x8B, 0xD8, 0x4F, 0xFE, 0xE5, 0xD0, 0x39, 0x55, 0xA7, 0x6A, 0x02,
    0x37, 0x35, 0x12, 0xDB, 0xE9, 0xD0, 0xF9, 0x17, 0x89, 0xDD, 0x74, 0x5E, 0x5C, 0xDB, 0xB6, 0x53,
    0xE5, 0xBA, 0x2F, 0x9E, 0x84, 0x1B, 0x9D, 0xEB, 0x3A, 0x27, 0x63, 0x37, 0x99, 0x25, 0x2C, 0xCB,
    0x6E, 0xFA, 0xF4, 0x51, 0x8F, 0xB0, 0x9F, 0x3D, 0x7D, 0x62, 0xDE, 0x09, 0xAD, 0x7C, 0xB3, 0x56,
    0xAB, 0xD9, 0x34, 0xD7, 0x83, 0x8D, 0xEB, 0x9C, 0xF7, 0xC9, 0xCB, 0x67, 0x0F, 0x41, 0x51, 0x8F,
    0xDE, 0xDE, 0xDB, 0xCF, 0xFB, 0xE5, 0xCC, 0xD6, 0xB4, 0x3E, 0xEF, 0xC6, 0x1B, 0x9C, 0x27, 0xEC,
    0x2C, 0xFC, 0xED, 0xB4, 0x3F, 0x43, 0x66, 0x6D, 0x0B, 0xA1, 0xB5, 0x62, 0xEC, 0xAF, 0xC0, 0x3E,
    0xAC, 0x82, 0x6F, 0xB3, 0xDD, 0x27, 0xB1, 0xFE, 0x76, 0x7D, 0xFB, 0x9F, 0x77, 0xB7, 0x57, 0xAD,
    0xD8, 0xE5, 0x88, 0x12, 0x2B, 0x0E, 0x06, 0xAA, 0xDC, 0x24, 0xFC, 0xEC, 0xED, 0x17, 0xDE, 0xF6,
    0x94, 0xF5, 0xD6, 0xFB, 0x6F, 0x7A, 0x8E, 0x9D, 0x5A, 0x1F, 0x58, 0x71, 0xCD, 0x51, 0xD7, 0xAD,
    0xBF, 0x16, 0x5F, 0x51, 0xFB, 0x6F, 0xE5, 0xBE, 0xF6, 0xDB, 0xF2, 0x1C, 0xFB, 0xCD, 0x33, 0x98,
    0xB0, 0x0B, 0x4E, 0x24, 0xF2, 0xA3, 0xCB, 0x69, 0x33, 0x07, 0x34, 0xD6, 0x78, 0x20, 0x50, 0xFB,
    0x62, 0x16, 0xD1, 0x58, 0x0B, 0x7E, 0xC6, 0xD8, 0x98, 0x87, 0x5B, 0xE2, 0x12, 0xDC, 0x20, 0xF9,
    0x3C, 0xE1, 0x36, 0xE8, 0xE1, 0x21, 0x76, 0x2B, 0x99, 0x52, 0xEA, 0x80, 0x8C, 0x1B, 0x97, 0x45,
    0x2F, 0x3A, 0xDC, 0x31, 0x56, 0x6F, 0x85, 0xBE, 0xA7, 0x9C, 0xCE, 0x4B, 0x94, 0x0D, 0x31, 0xC5,
    0x70, 0xB7, 0x12, 0xC6, 0x29, 0x98, 0x0B, 0x8C, 0xC5, 0xB2, 0x7C, 0x39, 0x32, 0x91, 0xFA, 0x95,
    0xC4, 0x3E, 0xF3, 0xC3, 0xED, 0x45, 0x7A, 0x20, 0x72, 0xC3, 0xB2, 0xE7, 0x2B, 0xF2, 0x1E, 0x72,
    0x7C, 0x66, 0xCA, 0xB7, 0x8A, 0xC6, 0xA4, 0xE2, 0x27, 0xA1, 0xA6, 0x23, 0xAC, 0xB1, 0x27, 0xC1,
    0x7B, 0x09, 0x61, 0x83, 0x30, 0x23, 0x44, 0xDE, 0xB9, 0x9C, 0x10, 0x5B, 0x87, 0x6C, 0xD6, 0xAC,
    0x77, 0xE1, 0x59, 0x5B, 0xAF, 0x59, 0x48, 0x2F, 0x12, 0x11, 0xFE, 0x94, 0x63, 0x84, 0xF8, 0x3A,
    0xA2, 0x0C, 0xCB, 0x9C, 0xA8, 0x5A, 0x3A, 0x30, 0x6B, 0x69, 0x3C, 0x54, 0xB9, 0xE5, 0xE9, 0xEC,
    0xDD, 0xDA, 0x0E, 0x99, 0x4A, 0x5E, 0x00, 0xF8, 0xF5, 0xB2, 0xC5, 0x2E, 0x92, 0x1C, 0xF2, 0x54,
    0x25, 0x3B, 0xA6, 0x06, 0x5B, 0xC7, 0x3A, 0x42, 0x45, 0xFF, 0x1A, 0xFE, 0x48, 0xA2, 0xC7, 0x69,
    0xF4, 0x05, 0x7B, 0xC1, 0xA7, 0xB1, 0x38, 0x81, 0xF3, 0x38, 0xF1, 0x12, 0x85, 0xF8, 0xA6, 0x1C,
    0xBB, 0x03, 0x11, 0x2D, 0x5F, 0xA8, 0xC2, 0xD2, 0x9E, 0xA8, 0xF4, 0x3F, 0xFC, 0x9C, 0xB1, 0xDD,
    0x13, 0x78, 0xB7, 0x82, 0x65, 0xF1, 0x4F, 0x95, 0x39, 0x27, 0xC8, 0x5B, 0xB2, 0xDF, 0x18, 0x95,
    0xC3, 0x96, 0xF4, 0x3F, 0xBA, 0x26, 0xFC, 0x8D, 0xA7, 0xF9, 0x1C, 0x51, 0x7D, 0x39, 0x31, 0x2D,
    0x8A, 0x5A, 0x3E, 0x0E, 0x05, 0xD7, 0xD3, 0x23, 0xAF, 0xF3, 0x2E, 0x36, 0x95, 0x06, 0x64, 0x64,
    0xB8, 0x45, 0xA2, 0xEE, 0x78, 0x2F, 0xE2, 0x05, 0xE9, 0xBA, 0x7F, 0xB3, 0xBE, 0x7D, 0x0D, 0xF8,
    0x36, 0x8C, 0x1A, 0x53, 0xE7, 0x6E, 0x87, 0x4E, 0xD4, 0x92, 0x28, 0x85, 0xB0, 0x46, 0xF8, 0xE6,
    0xC5, 0x57, 0x80, 0x8F, 0x97, 0x3F, 0xC5, 0xDE, 0x66, 0x7E, 0x39, 0x08, 0xBB, 0xF4, 0x1D, 0xB5,
    0x0F, 0x52, 0xB6, 0xCF, 0xA8, 0xAD, 0x5E, 0xFD, 0x51, 0x42, 0x33, 0xAF, 0xCF, 0x7F, 0x0D, 0x06,
    0x8A, 0xE4, 0x21, 0xAF, 0x45, 0xF2, 0x26, 0x12, 0x2B, 0x17, 0xD6, 0x00, 0x42, 0xA9, 0x99, 0x0E,
    0xF5, 0x60, 0x93, 0x79, 0xEF, 0x36, 0xF4, 0x4E, 0xB4, 0x1B, 0x7A, 0xA7, 0xEC, 0x0A, 0xB7, 0xF4,
    0x8E, 0xD9, 0xA3, 0xFC, 0x77, 0x4E, 0x3C, 0xAF, 0xF5, 0x68, 0x81, 0xF6, 0xCF, 0x15, 0x0F, 0x01,
    0xE7, 0xF6, 0x99, 0xB2, 0xD2, 0x0F, 0x26, 0xC0, 0xCE, 0xEB, 0x67, 0xAB, 0xF8, 0x92, 0x44, 0xFB,
    0xDE, 0x29, 0xBD, 0x2B, 0x0D, 0x76, 0xAC, 0x71, 0x2A, 0xE4, 0x16, 0x98, 0x87, 0xDE, 0x6F, 0x84,
    0x41, 0xD9, 0x1F, 0x22, 0xCE, 0xD7, 0xBE, 0x7E, 0x82, 0xCB, 0xD7, 0xBE, 0x36, 0x44, 0xF6, 0x02,
    0x39, 0x00, 0xD9, 0xAF, 0x95, 0x10, 0x23, 0x2E, 0xAF, 0xB0, 0xB1, 0x75, 0x03, 0xFB, 0x84, 0xD0,
    0x7A, 0xDE, 0xAF, 0x53, 0x9F, 0xD3, 0xF7, 0x37, 0xEA, 0xC4, 0xD3, 0xE6, 0xB5, 0x13, 0x8A, 0x18,
    0x73, 0x95, 0x1F, 0x3E, 0x71, 0xAC, 0x6E, 0xFD, 0x8C, 0x84, 0x91, 0x13, 0xCF, 0xD6, 0x9D, 0x5B,
    0x19, 0x61, 0xAD, 0xEE, 0x85, 0x05, 0xE1, 0x89, 0xFA, 0x8A, 0x6A, 0x11, 0xCE, 0x37, 0x7A, 0xEA,
    0xE9, 0xDC, 0x68, 0x97, 0x75, 0x1A, 0x4B, 0x79, 0xB7, 0xBC, 0x0B, 0x56, 0x31, 0x6F, 0x5F, 0x75,
    0x20, 0x97, 0x11, 0x47, 0x6D, 0xD7, 0x89, 0xD9, 0x93, 0x45, 0x5D, 0x84, 0xD9, 0xA7, 0x78, 0x37,
    0x83, 0xC7, 0x86, 0xF5, 0x9E, 0x62, 0xFD, 0xA2, 0xEC, 0x1E, 0x50, 0x68, 0x84, 0xDB, 0xE5, 0x09,
    0x6C, 0x7A, 0x72, 0xBC, 0xFB, 0xC6, 0x09, 0xF6, 0x15, 0x2F, 0x07, 0x27, 0x50, 0x8F, 0xC6, 0x8F,
    0x7E, 0x74, 0x62, 0xEE, 0x46, 0x33, 0xAC, 0x7D, 0xFD, 0x28, 0x2A, 0x90, 0x00, 0x1B, 0x24, 0x37,
    0x00, 0x6B, 0xCA, 0xDC, 0x83, 0xD5, 0xEF, 0x55, 0x39, 0xFC, 0x8E, 0xFB, 0x8C, 0x63, 0x7D, 0xE5,
    0x34, 0x9F, 0x7F, 0x9A, 0x9E, 0xC7, 0x39, 0x5F, 0xE6, 0x1F, 0x95, 0xED, 0x5B, 0xE7, 0x6B, 0x1A,
    0x4F, 0xD4, 0xBE, 0xEE, 0xBE, 0x48, 0x78, 0xB4, 0x56, 0x77, 0x5F, 0x8C, 0xE8, 0xED, 0x2E, 0xD4,
    0xDC, 0x93, 0xF1, 0x11, 0x6C, 0xD9, 0xE4, 0x3E, 0x9F, 0x76, 0x07, 0x2F, 0x66, 0xB9, 0x1B, 0x66,
    0x2B, 0xA1, 0xF1, 0xCB, 0xCC, 0x0D, 0x37, 0x90, 0x05, 0x9A, 0x16, 0x3A, 0xB6, 0xD0, 0xBC, 0xB4,
    0x88, 0xE9, 0x65, 0x84, 0x96, 0x0E, 0x9F, 0x36, 0xF6, 0xEC, 0xDF, 0x71, 0x5D, 0xFF, 0xA8, 0xE5,
    0x7F, 0x5B, 0xC7, 0x7D, 0x79, 0xB1, 0x60, 0x1B, 0xA4, 0xBC, 0x79, 0xBA, 0x3A, 0x5D, 0x85, 0xF0,
    0xF9, 0xBC, 0x95, 0x00, 0xDC, 0x97, 0x2B, 0x77, 0x86, 0x49, 0x3D, 0x02, 0xFB, 0x21, 0x0F, 0xB0,
    0x98, 0x30, 0x61, 0x0D, 0x90, 0x42, 0x76, 0xF0, 0x86, 0x62, 0x57, 0xAF, 0x4D, 0x1D, 0xCA, 0xBA,
    0xA9, 0xBC, 0x4F, 0x05, 0x83, 0x97, 0x05, 0x1F, 0x71, 0x04, 0xD5, 0xDF, 0x0B, 0xF6, 0x18, 0x1D,
    0x2C, 0x4F, 0x18, 0xA5, 0xBC, 0x99, 0x4D, 0xA4, 0xCC, 0x37, 0xC2, 0xFB, 0xEA, 0x9D, 0x1F, 0xE8,
    0x97, 0xF6, 0x1B, 0xE6, 0x73, 0xDB, 0xBF, 0x1B, 0x83, 0x31, 0xC8, 0x74, 0x43, 0x17, 0x92, 0x97,
    0x25, 0x66, 0xA5, 0x91, 0x81, 0xDD, 0xD6, 0x68, 0xC2, 0x7A, 0x39, 0x87, 0x1A, 0x62, 0x88, 0xBA,
    0x6F, 0x67, 0xC4, 0xB5, 0xEB, 0xB8, 0x2C, 0xA2, 0xE5, 0xE8, 0x83, 0xC7, 0xC0, 0xE3, 0x74, 0xAB,
    0x1D, 0x45, 0xC1, 0x18, 0x66, 0xD3, 0x39, 0x72, 0xC9, 0x18, 0xF7, 0xBA, 0x05, 0x42, 0xB3, 0x2C,
    0x0E, 0x82, 0xEC, 0x21, 0xC0, 0x8C, 0x9D, 0x2F, 0xAC, 0x4F, 0xC4, 0xBD, 0xA7, 0x52, 0x40, 0x3C,
    0x5A, 0x79, 0x19, 0xD7, 0xAB, 0x03, 0x7F, 0x98, 0xF3, 0x3C, 0xD2, 0x07, 0x20, 0x78, 0xF3, 0xE2,
    0xC8, 0x26, 0x62, 0x13, 0x51, 0x33, 0x57, 0xB3, 0xD1, 0x03, 0xF7, 0xF2, 0x0A, 0xEB, 0x71, 0x5B,
    0x30, 0xB2, 0x0C, 0x0F, 0x40, 0x48, 0x73, 0x1C, 0xB0, 0xD4, 0xAF, 0x0F, 0xAC, 0x77, 0x71, 0x80,
    0x3B, 0x5F, 0x7A, 0x47, 0x7B, 0x13, 0x9E, 0x7A, 0x45, 0x0E, 0xDA, 0x03, 0xF7, 0x86, 0xEC, 0xE5,
    0x5C, 0xB8, 0xCB, 0x9C, 0x9F, 0xA9, 0xEC, 0xB9, 0x1E, 0xAF, 0x2D, 0x1F, 0xAC, 0xB8, 0x6C, 0xB4,
    0x0E, 0x4E, 0xB9, 0x8B, 0x88, 0x36, 0x57, 0x5F, 0x77, 0x1D, 0x8F, 0x37, 0x45, 0x39, 0xE4, 0x1A,
    0xF3, 0xEC, 0x65, 0xAC, 0x5C, 0x6A, 0xAC, 0x2D, 0xF1, 0x2C, 0xA9, 0x73, 0x18, 0xBD, 0xC2, 0x06,
    0xB7, 0x1C, 0xC0, 0xE2, 0xD2, 0xBB, 0xB0, 0x3C, 0xE0, 0x1A, 0xB9, 0xBD, 0xC3, 0x59, 0xB4, 0xAD,
    0xAC, 0x9D, 0xC0, 0x61, 0xCF, 0x75, 0xDE, 0x2A, 0xA9, 0x61, 0xF0, 0xCB, 0xA5, 0x9C, 0x35, 0xE6,
    0x33, 0x2C, 0xA2, 0x1F, 0x52, 0x7A, 0x3F, 0x52, 0x8D, 0x57, 0x04, 0x3F, 0x2C, 0xD4, 0x34, 0xF1,
    0x76, 0x97, 0xD2, 0x15, 0x1E, 0x16, 0xB7, 0x52, 0x3F, 0xC2, 0xF7, 0x8B, 0xA9, 0xC3, 0xB9, 0xC4,
    0xCC, 0xD4, 0x8A, 0x05, 0xE5, 0x3A, 0xBD, 0x71, 0xDF, 0x3E, 0xB3, 0x05, 0x31, 0x24, 0x0B, 0xD0,
    0x10, 0x56, 0x6A, 0x0F, 0x95, 0x41, 0x0E, 0x0F, 0x78, 0x57, 0x16, 0x90, 0x61, 0x9A, 0xB7, 0xCC,
    0xA4, 0x64, 0xD8, 0x05, 0x00, 0xCA, 0xE8, 0x02, 0xFC, 0x60, 0x6C, 0xF2, 0x76, 0xB8, 0xC1, 0x7F,
    0xE8, 0xC4, 0xCB, 0x34, 0x50, 0x06, 0xC1, 0x62, 0x18, 0x20, 0x1D, 0xA4, 0xDB, 0x87, 0xEB, 0x69,
    0x7B, 0x60, 0xF6, 0x60, 0xD1, 0x39, 0x31, 0x4F, 0x13, 0xB4, 0xAD, 0x9E, 0x45, 0x1A, 0xC8, 0x37,
    0x4B, 0x5A, 0x6F, 0x1A, 0xF6, 0xC9, 0xB7, 0x88, 0xFA, 0x62, 0x97, 0x02, 0xEF, 0xA7, 0xE9, 0x05,
    0xD5, 0xDD, 0x51, 0xDD, 0x93, 0x44, 0x26, 0x57, 0x42, 0xAB, 0x87, 0x9C, 0xE1, 0xB3, 0x78, 0xDD,
    0x20, 0x11, 0x3F, 0x6B, 0x43, 0xE9, 0xDD, 0xE4, 0x86, 0xF8, 0x88, 0x46, 0x2F, 0x16, 0xB4, 0xB3,
    0x1C, 0x69, 0x49, 0x17, 0x54, 0x91, 0xCB, 0xF0, 0x7D, 0x22, 0x1F, 0xED, 0xB9, 0x9D, 0x6B, 0xA5,
    0x71, 0xAE, 0xF3, 0xD3, 0xF3, 0x3E, 0x4D, 0x82, 0x7E, 0x2E, 0xD8, 0x0D, 0x59, 0x42, 0x4B, 0x8E,
    0xC9, 0x6E, 0xA3, 0xA9, 0xDE, 0x7D, 0x94, 0xEA, 0x7F, 0xD5, 0x19, 0x4F, 0x2B, 0x3B, 0x27, 0x69,
    0x65, 0x17, 0xDA, 0xFB, 0xD2, 0xD0, 0x9A, 0xF4, 0xF2, 0x53, 0x9C, 0xBF, 0xAD, 0x05, 0x52, 0x63,
    0x92, 0xD4, 0x03, 0x39, 0xB0, 0x4B, 0xD3, 0xE3, 0x83, 0x94, 0x78, 0x89, 0x8C, 0x37, 0x55, 0x08,
    0xFE, 0x12, 0xAA, 0x30, 0x9E, 0x16, 0xC6, 0x8F, 0x51, 0x3D, 0xF3, 0x57, 0xC4, 0x0B, 0x0E, 0xA0,
    0x7C, 0x43, 0x30, 0x31, 0xF1, 0xC3, 0x88, 0x43, 0xB6, 0x33, 0x1D, 0x36, 0x3C, 0x0B, 0x82, 0x38,
    0xCC, 0xB1, 0x61, 0x76, 0x44, 0x9F, 0xFC, 0x67, 0x96, 0x76, 0x18, 0xD9, 0x24, 0x6E, 0x95, 0xB7,
    0x71, 0xAE, 0x53, 0x0F, 0x67, 0x60, 0x03, 0x7D, 0x3E, 0x70, 0x69, 0xB0, 0x9E, 0xBC, 0xDD, 0xE4,
    0x03, 0xE7, 0x92, 0xD8, 0x99, 0x32, 0x83, 0x44, 0xA2, 0x4C, 0xE4, 0x3E, 0x2E, 0xCC, 0xB9, 0xC6,
    0x38, 0x1C, 0xEB, 0xCD, 0x0E, 0x1D, 0xE3, 0x3E, 0xFF, 0x01, 0x1C, 0x17, 0x70, 0xE7, 0xA3, 0xEB,
    0x72, 0xD0, 0x00, 0xE9, 0xE6, 0x55, 0x3E, 0x77, 0x4F, 0xBE, 0x19, 0x1D, 0xC6, 0x66, 0x0A, 0xEE,
    0xC9, 0x5B, 0xC9, 0x26, 0x5C, 0x51, 0xE8, 0x97, 0xCF, 0x49, 0x90, 0xBB, 0x41, 0xA7, 0xE2, 0x36,
    0x71, 0x0F, 0x75, 0x14, 0xA6, 0xA1, 0xF1, 0xB5, 0xFA, 0x93, 0x74, 0xE0, 0xB2, 0x9C, 0xE0, 0x9E,
    0xFC, 0xDB, 0xF7, 0x79, 0xBB, 0x11, 0xF7, 0x85, 0xF2, 0x43, 0xDE, 0x28, 0xCF, 0x3D, 0x35, 0x90,
    0x14, 0xBF, 0xEE, 0xA9, 0x55, 0x58, 0x30, 0xEA, 0x95, 0xC1, 0xAF, 0x2E, 0xB3, 0x81, 0x0E, 0xAC,
    0xAC, 0xBB, 0x8A, 0xB6, 0xAC, 0xCB, 0xB8, 0xC3, 0x2F, 0x2C, 0xCD, 0x8F, 0xFC, 0x3F, 0x26, 0xA8,
    0x15, 0x49, 0xED, 0x6B, 0xDB, 0xEB, 0xDC, 0x3A, 0xEC, 0x61, 0xA1, 0xEE, 0x87, 0xA6, 0x94, 0x0B,
    0x87, 0x5E, 0xCC, 0xBB, 0xEB, 0xBB, 0xDD, 0xED, 0x75, 0xE2, 0xF1, 0xE1, 0x87, 0xE1, 0x8C, 0x21,
    0xDC, 0x31, 0x80, 0xB0, 0xE4, 0x02, 0x91, 0xC6, 0x11, 0x78, 0x43, 0xF0, 0x66, 0x01, 0x8A, 0x13,
    0x5B, 0x77, 0x53, 0xB0, 0x21, 0xB1, 0xF5, 0x01, 0xD5, 0xA1, 0xB9, 0x18, 0x5B, 0x7F, 0x2D, 0x04,
    0xD5, 0x8A, 0x1F, 0x80, 0x7B, 0xBD, 0xA8, 0x63, 0xEB, 0x8E, 0x64, 0x5B, 0xAF, 0xCE, 0x8B, 0x81,
    0x7B, 0x2A, 0x3C, 0x22, 0xDA, 0xA5, 0x2B, 0x95, 0xD5, 0xE4, 0x08, 0x31, 0x51, 0xC4, 0x46, 0x5D,
    0xD1, 0x6E, 0x33, 0xAA, 0x42, 0xA3, 0x09, 0xEF, 0xBB, 0x66, 0x38, 0xF4, 0x26, 0xDF, 0x46, 0xB9,
    0xF5, 0xC8, 0x4A, 0x70, 0xDE, 0xBD, 0x3F, 0xEE, 0xF3, 0x3E, 0xD7, 0xC6, 0x95, 0xA1, 0xB1, 0xC5,
    0x4E, 0x0E, 0xF6, 0x12, 0xDC, 0x92, 0x2C, 0x9E, 0xA0, 0xA7, 0x37, 0xA4, 0x38, 0xAF, 0xBC, 0x24,
    0x14, 0x71, 0x94, 0x9E, 0x57, 0xEE, 0x30, 0x91, 0x03, 0x13, 0x5D, 0xC9, 0xB7, 0x3B, 0xF2, 0xFD,
    0x5C, 0xF9, 0x89, 0xFA, 0x87, 0x25, 0xFD, 0x59, 0x2A, 0x57, 0xC5, 0x31, 0xAB, 0x1B, 0x3F, 0x1C,
    0x6A, 0x77, 0xE4, 0x3D, 0x6E, 0x89, 0xF9, 0x08, 0xA1, 0x56, 0x3B, 0x93, 0xEB, 0xD4, 0x9E, 0x7B,
    0x70, 0x2A, 0x14, 0x14, 0x6D, 0xE2, 0x97, 0x60, 0xB8, 0x17, 0xBD, 0x0A, 0xF5, 0x7D, 0x7C, 0x8D,
    0x81, 0xC6, 0xC6, 0x86, 0xE0, 0x32, 0x63, 0x5D, 0x6D, 0x6E, 0x48, 0xD3, 0x14, 0x1B, 0xDA, 0x18,
    0xB7, 0xC1, 0x11, 0x20, 0x76, 0xBA, 0x21, 0x84, 0x24, 0x16, 0xEC, 0xCA, 0xF6, 0x97, 0x4E, 0x0F,
    0x98, 0x21, 0x4B, 0xFB, 0x56, 0xF3, 0x5C, 0xE6, 0x8B, 0xC1, 0x35, 0xE1, 0x0D, 0xE4, 0x69, 0xA6,
    0x3F, 0x3C, 0xBE, 0x27, 0x99, 0xCE, 0x66, 0xC7, 0xE4, 0x46, 0xF6, 0xA4, 0x89, 0xC7, 0x11, 0xD9,
    0x95, 0xE6, 0x16, 0x2F, 0x9F, 0xE4, 0x8D, 0xBA, 0xB0, 0x47, 0xE8, 0x61, 0xDE, 0x78, 0xEA, 0x56,
    0xDC, 0x72, 0xE4, 0xFC, 0xAF, 0x81, 0xBC, 0xC7, 0x28, 0x61, 0x57, 0x5F, 0x87, 0x3D, 0x46, 0xF9,
    0xBC, 0x87, 0x20, 0x4C, 0x8D, 0xD8, 0x8C, 0xCB, 0xA7, 0x21, 0x38, 0xC0, 0xB6, 0x6B, 0x99, 0x11,
    0x96, 0xB4, 0xE4, 0x34, 0x0A, 0xD9, 0xED, 0xBE, 0xB5, 0xA2, 0xAC, 0xBB, 0xA0, 0x42, 0x7E, 0xE8,
    0xBC, 0xC3, 0xFE, 0x29, 0xB1, 0xFB, 0x8A, 0x7A, 0x16, 0x59, 0xDE, 0x03, 0xB8, 0x34, 0xA4, 0x86,
    0xEA, 0x11, 0x12, 0x8D, 0xB4, 0x72, 0x57, 0x5D, 0x20, 0x02, 0xE8, 0x13, 0x57, 0xB7, 0xB1, 0x85,
    0x9C, 0x0C, 0x6E, 0x99, 0xC1, 0xB3, 0x85, 0x26, 0x4A, 0x32, 0x4A, 0xE7, 0x55, 0x7D, 0x9E, 0xD4,
    0x5B, 0x51, 0xD6, 0xB8, 0x4B, 0xE9, 0x16, 0x6C, 0x9E, 0x00, 0x6E, 0x21, 0x0B, 0x3B, 0x82, 0x59,
    0x4B, 0x6C, 0xA5, 0x51, 0x83, 0x42, 0x13, 0xDF, 0xAD, 0xEC, 0x5B, 0x7C, 0xDE, 0x4E, 0x78, 0xEB,
    0x16, 0x7A, 0x64, 0x9B, 0xD1, 0x0F, 0xBD, 0x08, 0xF8, 0x08, 0xD4, 0x50, 0x53, 0x60, 0x7D, 0x79,
    0x08, 0x1F, 0x96, 0x47, 0x9E, 0x97, 0x64, 0xE3, 0xA2, 0x65, 0x4B, 0x14, 0xC7, 0x96, 0xAD, 0x25,
    0x7A, 0x47, 0x10, 0xC6, 0x79, 0x8D, 0xC1, 0x7D, 0xB0, 0xA1, 0xB1, 0x9D, 0x09, 0xF6, 0x33, 0x9E,
    0xAC, 0xD6, 0x3D, 0x99, 0x28, 0xC8, 0x51, 0x6F, 0x11, 0x77, 0x54, 0x3E, 0xC7, 0xF4, 0x75, 0x09,
    0x01, 0x7B, 0x76, 0xBC, 0x54, 0x4A, 0x16, 0x43, 0x2C, 0xEA, 0x20, 0x60, 0x8F, 0xED, 0xD3, 0xEB,
    0x0E, 0x73, 0xBB, 0x87, 0xC3, 0x5D, 0x48, 0x73, 0xCD, 0xB6, 0xB1, 0x51, 0x7B, 0x07, 0x4A, 0x2E,
    0xB6, 0x06, 0x72, 0x75, 0x88, 0x56, 0xF2, 0x3A, 0x84, 0xE4, 0x7C, 0xD1, 0x50, 0x7A, 0xAF, 0xAC,
    0xC0, 0xBC, 0x75, 0x17, 0xB2, 0x09, 0x3E, 0xE2, 0x0B, 0xAA, 0x7D, 0xA8, 0xBD, 0x1D, 0x86, 0x08,
    0xED, 0xC7, 0xD2, 0xE8, 0x7C, 0x63, 0x3F, 0x66, 0x92, 0x76, 0x41, 0xEF, 0x6D, 0xAC, 0x71, 0x53,
    0x9F, 0xEF, 0x09, 0x1A, 0xB9, 0xA0, 0x95, 0x09, 0x22, 0x91, 0x01, 0xD0, 0x8B, 0x39, 0x35, 0x93,
    0xE2, 0x14, 0x4D, 0xED, 0xBE, 0xE8, 0x29, 0x8E, 0x8F, 0x39, 0x6F, 0x7E, 0x63, 0x94, 0xCD, 0x95,
    0xA5, 0x9A, 0x16, 0xD7, 0x1C, 0x7B, 0xB8, 0x46, 0xA5, 0x64, 0xB1, 0x8D, 0xB1, 0x77, 0x26, 0xEF,
    0x22, 0x90, 0x63, 0xCF, 0x4D, 0xEC, 0x0F, 0x8A, 0xC4, 0x47, 0xF3, 0xC4, 0xC6, 0x98, 0xA9, 0xD7,
    0xD9, 0xBA, 0x0A, 0xD7, 0xC6, 0x00, 0x12, 0x3B, 0x51, 0xB5, 0xEE, 0xFF, 0x71, 0x67, 0xA3, 0x4B,
    0x2C, 0xFB, 0x3F, 0x7C, 0x29, 0xFD, 0x01, 0xC2, 0x1C, 0xED, 0x97, 0xD2, 0x0B, 0xAB, 0x34, 0x8C,
    0x81, 0x58, 0xC9, 0xEC, 0xED, 0xDD, 0x0D, 0x04, 0x5D, 0x23, 0x93, 0x98, 0x47, 0xFD, 0x68, 0x53,
    0x79, 0x64, 0xCB, 0xC5, 0xF9, 0x40, 0xE3, 0x26, 0xCE, 0x13, 0xE6, 0x82, 0x1B, 0x3F, 0xC6, 0x0C,
    0x64, 0x95, 0x22, 0xE1, 0xA7, 0xBB, 0x05, 0x67, 0x43, 0x7F, 0x2E, 0xBD, 0xC0, 0x68, 0x10, 0xEB,
    0x42, 0xF7, 0x61, 0xA4, 0xF3, 0x47, 0x35, 0xD6, 0x35, 0xB6, 0x8C, 0x6D, 0xBE, 0x6E, 0x03, 0xC9,
    0x0D, 0x2C, 0x58, 0xA5, 0xA6, 0xC2, 0xE1, 0xBE, 0x7C, 0x15, 0x73, 0xEB, 0x8F, 0x61, 0x4B, 0x23,
    0x67, 0xD0, 0x64, 0x8C, 0x25, 0x83, 0x84, 0xCB, 0x16, 0x7D, 0xD4, 0x1F, 0x7B, 0xB7, 0x21, 0xC2,
    0x82, 0xA5, 0xE3, 0xED, 0xAD, 0x2B, 0xBB, 0xEB, 0x6B, 0x10, 0x5D, 0xF2, 0xEC, 0xA8, 0x89, 0xFA,
    0x33, 0xFA, 0x17, 0x93, 0xEB, 0x40, 0x7B, 0x12, 0x3F, 0xDD, 0xE5, 0xF3, 0xB6, 0x2E, 0x6F, 0xFF,
    0xF7, 0x54, 0xDE, 0xB7, 0xF8, 0x3C, 0xEE, 0x57, 0xA1, 0x43, 0x88, 0xE7, 0x51, 0x7D, 0x79, 0x2B,
    0x5F, 0xB6, 0x7D, 0xFB, 0xAE, 0x72, 0xA8, 0x3C, 0x52, 0x5A, 0xBA, 0x26, 0xCE, 0xD3, 0x5A, 0xC9,
    0x48, 0x6F, 0xC5, 0x78, 0x0E, 0xB7, 0xBC, 0xFE, 0x4D, 0x6A, 0xC7, 0xBA, 0x99, 0xFC, 0xAB, 0xB2,
    0xDC, 0x2D, 0x5A, 0xE6, 0xCF, 0x3E, 0x1F, 0xBC, 0xAA, 0x5A, 0x1B, 0xC6, 0xBF, 0xC0, 0xE8, 0xAD,
    0xE9, 0x34, 0x50, 0xB3, 0x63, 0x13, 0xA0, 0xDA, 0x89, 0xD6, 0x9F, 0xD8, 0xA5, 0xC3, 0x1A, 0xDB,
    0x66, 0x5A, 0xDD, 0x7F, 0xB7, 0x83, 0xFD, 0x9B, 0x16, 0x33, 0xF7, 0xE6, 0x0D, 0xF7, 0x60, 0xFB,
    0xDD, 0xCA, 0x0D, 0xA3, 0x8B, 0x26, 0xA2, 0x8F, 0xFC, 0x4A, 0xB2, 0xB9, 0x1F, 0x4E, 0x5E, 0xA7,
    0x6B, 0x72, 0x64, 0x4C, 0x89, 0x93, 0x6B, 0xA1, 0x36, 0xE7, 0x24, 0x9D, 0x82, 0x88, 0x28, 0xC8,
    0xF5, 0x7E, 0x4A, 0xB9, 0xF6, 0xF9, 0x60, 0x7A, 0x90, 0x1E, 0x9C, 0x9D, 0x45, 0xE3, 0xF1, 0x8E,
    0x60, 0xBB, 0x7C, 0x5E, 0x6B, 0x81, 0x9F, 0xD7, 0x69, 0x3A, 0x9F, 0xE3, 0x2C, 0x2D, 0x2C, 0x99,
    0xE7, 0xDA, 0xDA, 0xF4, 0x5B, 0xE1, 0x73, 0x91, 0xE0, 0x8B, 0x12, 0xA6, 0xEC, 0x76, 0xE5, 0xBB,
    0xD7, 0x97, 0xF3, 0xBE, 0x70, 0xDA, 0xD8, 0x29, 0x84, 0x71, 0x59, 0xBF, 0xDF, 0x13, 0x63, 0xEF,
    0x39, 0x26, 0xCD, 0x1B, 0x93, 0x2E, 0x2D, 0x7D, 0x89, 0xB3, 0xA0, 0xFA, 0xEB, 0xF7, 0x8E, 0x89,
    0xD1, 0xBE, 0x7D, 0x9A, 0x55, 0x5B, 0x90, 0x4F, 0x8D, 0x83, 0xE5, 0xD6, 0xE3, 0x70, 0x84, 0x26,
    0x6C, 0x83, 0x75, 0x19, 0x43, 0x4E, 0xC8, 0xF1, 0xBB, 0xE1, 0xAC, 0x46, 0x09, 0xFA, 0x77, 0x5E,
    0xD6, 0x58, 0x4A, 0xB2, 0x43, 0x77, 0x20, 0xE5, 0x20, 0x4E, 0x00, 0xA1, 0xC1, 0xC2, 0xC8, 0xAD,
    0x4B, 0x24, 0x37, 0x46, 0x78, 0x5B, 0x3B, 0x43, 0xCD, 0x2D, 0x0C, 0x0D, 0x2F, 0xDC, 0xDF, 0x8C,
    0x7D, 0x8D, 0x81, 0xCE, 0x1E, 0xE0, 0xEA, 0xDC, 0x33, 0x56, 0x65, 0xA1, 0x4B, 0x86, 0x39, 0x94,
    0x0E, 0x42, 0xD4, 0x1B, 0xC3, 0x09, 0xF5, 0x1D, 0x62, 0xAE, 0xA3, 0x93, 0x8B, 0x09, 0xEC, 0x09,
    0xDA, 0x1A, 0xD9, 0xEE, 0x84, 0xC8, 0xF9, 0xD7, 0x34, 0x9E, 0x0A, 0x25, 0x2B, 0x93, 0xCB, 0xE9,
    0x36, 0xC2, 0x00, 0x52, 0xB5, 0x7B, 0x31, 0x5E, 0xE6, 0xAC, 0xE5, 0xAF, 0x25, 0x3D, 0xF0, 0x3D,
    0x6E, 0x69, 0x20, 0xFF, 0x06, 0x14, 0x80, 0x19, 0x34, 0x28, 0xB4, 0xBA, 0x27, 0x58, 0x81, 0xDA,
    0xA8, 0x01, 0xBD, 0xFC, 0xB3, 0x6C, 0x5A, 0xAF, 0x32, 0x05, 0xE4, 0x7A, 0x8E, 0x8F, 0xE6, 0x79,
    0xE5, 0x23, 0x55, 0xB0, 0xC1, 0x34, 0x54, 0x5B, 0x3A, 0x9F, 0xAA, 0x1F, 0x09, 0x3A, 0x7A, 0xC3,
    0x90, 0xE1, 0xC6, 0x21, 0xE1, 0x41, 0x0A, 0xED, 0xE8, 0xB8, 0x56, 0x60, 0x4B, 0xDB, 0x8E, 0x90,
    0xC6, 0x29, 0x76, 0x9F, 0x02, 0x7A, 0x92, 0x35, 0x38, 0xF4, 0xAA, 0xEF, 0xFA, 0xBC, 0xC7, 0x19,
    0x65, 0x19, 0xAB, 0x3D, 0x79, 0xEE, 0x8B, 0x0B, 0x34, 0xCE, 0x65, 0xBF, 0x2F, 0x97, 0xB3, 0xA0,
    0x6C, 0x52, 0x7F, 0x7B, 0x8C, 0x7E, 0x26, 0x79, 0xDB, 0x82, 0xC8, 0x5D, 0xC5, 0x76, 0x11, 0xCB,
    0x3A, 0x0B, 0xCA, 0x13, 0xA2, 0xFD, 0xDE, 0x67, 0xB5, 0x65, 0xAD, 0x78, 0x86, 0x7A, 0x33, 0x62,
    0xA3, 0x20, 0x96, 0xC2, 0x3C, 0x28, 0xD6, 0x79, 0x03, 0x35, 0x41, 0x33, 0xB6, 0x52, 0xE9, 0x60,
    0x2B, 0x11, 0x74, 0x62, 0x41, 0x2F, 0x22, 0x3C, 0xFF, 0x06, 0x87, 0x22, 0xE5, 0xDD, 0x01, 0x72,
    0x40, 0x95, 0x45, 0x77, 0xC0, 0xB1, 0x46, 0x0B, 0xAA, 0xA1, 0x17, 0x93, 0x86, 0xDE, 0xF8, 0xAD,
    0xA1, 0x44, 0x1B, 0x24, 0x08, 0x4F, 0x82, 0x79, 0x26, 0x3E, 0xE0, 0x7B, 0x51, 0xA8, 0xA1, 0xB5,
    0xB3, 0x58, 0xDF, 0x0D, 0xDE, 0xA1, 0xC6, 0xE4, 0x4D, 0xAD, 0x1A, 0x53, 0xEA, 0x06, 0xC6, 0x6F,
    0xC3, 0x57, 0x01, 0x54, 0xDE, 0x0D, 0xE2, 0x29, 0x38, 0x5B, 0x6B, 0xC1, 0x53, 0x5C, 0xB5, 0x13,
    0x83, 0xF9, 0xA6, 0x01, 0x7D, 0xF5, 0xE0, 0x59, 0x4D, 0xCC, 0x1C, 0xD2, 0xFF, 0x2D, 0x58, 0x3B,
    0x30, 0xB9, 0x2B, 0x89, 0x94, 0x1F, 0x66, 0x0B, 0xA8, 0x96, 0x38, 0x92, 0x05, 0xD8, 0x1B, 0x92,
    0x64, 0x03, 0x61, 0xE4, 0xDB, 0x1A, 0xBD, 0x58, 0xF3, 0x5E, 0xD1, 0xA4, 0xC7, 0xE1, 0x1E, 0x3C,
    0xFE, 0x86, 0x60, 0xBB, 0x44, 0xEA, 0xE4, 0x11, 0xCA, 0x36, 0x99, 0xC4, 0x2F, 0x00, 0xDB, 0x9C,
    0x25, 0x62, 0x84, 0xD5, 0xF9, 0x5F, 0x0B, 0xBF, 0xA2, 0xB1, 0xAD, 0xB1, 0x2F, 0x18, 0x64, 0x82,
    0xED, 0x48, 0x70, 0x60, 0x0B, 0x5D, 0xCA, 0x35, 0xCE, 0x82, 0x5D, 0x6F, 0x9E, 0x36, 0x99, 0x6D,
    0x6F, 0x86, 0x4E, 0xC2, 0x12, 0x54, 0x6A, 0xE5, 0x82, 0x98, 0xDF, 0x12, 0x68, 0x18, 0xEA, 0x48,
    0xC8, 0xF0, 0x3A, 0xD2, 0xCA, 0x50, 0x17, 0x6D, 0x58, 0xA9, 0xA4, 0x3A, 0xB7, 0x52, 0x09, 0x6F,
    0xC1, 0xDE, 0x52, 0xE7, 0xAF, 0x61, 0xC7, 0x3B, 0x1F, 0x8E, 0x3C, 0xBE, 0x95, 0xD6, 0x81, 0x9E,
    0x95, 0xF2, 0x9E, 0xD4, 0x2E, 0x7B, 0xB2, 0xD5, 0xD5, 0xC3, 0x56, 0xFA, 0x6D, 0xA6, 0x2F, 0x12,
    0xD2, 0xA8, 0x03, 0x73, 0xEA, 0x3A, 0x4D, 0xFA, 0x10, 0xAB, 0xF3, 0x93, 0xA8, 0xB3, 0x7F, 0xD4,
    0x65, 0x9F, 0x7A, 0xD5, 0xE8, 0xEB, 0xF7, 0xCB, 0x05, 0xDB, 0xB1, 0x0E, 0xB9, 0xD4, 0xE5, 0x73,
    0x8D, 0xE1, 0x7E, 0xFF, 0xC6, 0x89, 0xFE, 0x45, 0x58, 0x4C, 0x68, 0x48, 0xE2, 0x5F, 0xD0, 0x03,
    0x41, 0x2F, 0x96, 0x79, 0x67, 0x47, 0x9E, 0x9E, 0xBF, 0x07, 0x22, 0xF5, 0xAF, 0x27, 0xF3, 0x78,
    0x2F, 0xCA, 0xF6, 0xA6, 0x82, 0xA1, 0x46, 0xA1, 0x17, 0x43, 0xBC, 0xAF, 0xD7, 0xE2, 0x02, 0x16,
    0x1D, 0x96, 0xE6, 0x90, 0x62, 0x6B, 0xC6, 0x14, 0xC7, 0x80, 0x40, 0xB6, 0x93, 0xF0, 0xFB, 0x92,
    0x56, 0x2C, 0x00, 0x43, 0x49, 0x03, 0xBE, 0x1D, 0x05, 0x4C, 0xC0, 0x07, 0x20, 0x6A, 0x54, 0x24,
    0x37, 0x38, 0x13, 0x2C, 0xF5, 0x6F, 0xA6, 0x7D, 0xB6, 0x66, 0x65, 0x0F, 0x0A, 0x1E, 0xC7, 0xA1,
    0x95, 0x32, 0xC7, 0x9D, 0x1A, 0x3D, 0x41, 0xD5, 0x96, 0xD4, 0xC4, 0x3C, 0x9E, 0x81, 0xB6, 0x46,
    0x03, 0x81, 0xE9, 0x17, 0x53, 0x61, 0xE4, 0x6F, 0xA6, 0xB2, 0x51, 0xD9, 0xF3, 0x29, 0x8F, 0x67,
    0xCE, 0x9E, 0xB8, 0x17, 0x61, 0xE8, 0x2B, 0xFB, 0x7B, 0x70, 0x5E, 0xD5, 0x7F, 0x23, 0xF4, 0x3B,
    0x37, 0x80, 0x86, 0xBE, 0x7E, 0xDE, 0xEF, 0x5C, 0x03, 0x0E, 0xE6, 0xF9, 0xFE, 0x7E, 0x7E, 0x94,
    0x31, 0xD0, 0xEF, 0xB7, 0xA5, 0x9F, 0xCB, 0x71, 0x99, 0x54, 0x8F, 0x59, 0x25, 0x6B, 0x1B, 0xFF,
    0xAC, 0xBD, 0x3B, 0xE7, 0x0F, 0x49, 0x0B, 0xF8, 0x0D, 0xB1, 0x3F, 0xF9, 0xD4, 0x15, 0xD0, 0xE8,
    0xFA, 0xC8, 0x36, 0x05, 0x53, 0x13, 0xB6, 0x7D, 0xE1, 0x4D, 0xC0, 0x52, 0xCE, 0xF6, 0xE6, 0x0D,
    0xE3, 0x02, 0x7B, 0x23, 0xA4, 0xF9, 0xB1, 0xD4, 0x3C, 0xCD, 0xF5, 0xF6, 0x38, 0xA1, 0x00, 0xF3,
    0x14, 0x15, 0x8E, 0x3C, 0x60, 0x88, 0xBC, 0x9C, 0xD2, 0xF8, 0x0A, 0xAB, 0x77, 0xD7, 0xB6, 0x4F,
    0x31, 0x5A, 0xBC, 0x15, 0xC1, 0x38, 0xDA, 0x13, 0x08, 0xF3, 0x20, 0x63, 0x3A, 0xAB, 0xE6, 0x1F,
    0xB1, 0xDE, 0xFD, 0xEF, 0xB2, 0x9A, 0x9A, 0x6F, 0x5B, 0xE5, 0x7B, 0x84, 0x41, 0x7F, 0xA9, 0x5C,
    0xCD, 0x09, 0x3F, 0x2E, 0x3F, 0x51, 0xBD, 0x0B, 0xAA, 0x44, 0x4D, 0xBA, 0xB9, 0x78, 0x22, 0x06,
    0x99, 0xF4, 0x6E, 0xE5, 0x79, 0x2E, 0xD9, 0x3E, 0xB8, 0xE7, 0x63, 0x41, 0x2B, 0x9B, 0x5C, 0xAF,
    0x43, 0xEC, 0x72, 0x04, 0x4F, 0x86, 0x2E, 0x0B, 0x92, 0x76, 0x24, 0xDF, 0xEF, 0xB3, 0x4E, 0x13,
    0xDD, 0x66, 0xEC, 0x0E, 0x64, 0x7E, 0xB6, 0x35, 0x0A, 0xBD, 0xAE, 0x76, 0x08, 0x3B, 0x08, 0x2D,
    0x5D, 0xAE, 0x42, 0xD0, 0x99, 0x9D, 0x05, 0x48, 0xA1, 0xBA, 0x1C, 0x8D, 0x5F, 0xE0, 0x43, 0x76,
    0xCA, 0x58, 0xA7, 0xCE, 0x28, 0x78, 0x1F, 0xE0, 0x1E, 0x23, 0x96, 0xA6, 0x82, 0xE7, 0xF5, 0x33,
    0xC0, 0x81, 0x4E, 0xA5, 0x0B, 0x45, 0xE5, 0xA7, 0x39, 0xC2, 0xDE, 0xB4, 0x71, 0x09, 0x96, 0xCC,
    0x70, 0x98, 0x9A, 0x95, 0xE7, 0xF5, 0x91, 0x32, 0xA2, 0x9B, 0x4E, 0xAD, 0x97, 0x83, 0xD0, 0x24,
    0x21, 0x0A, 0x8A, 0x49, 0xD5, 0x35, 0x06, 0xFF, 0x8B, 0x96, 0x3F, 0xB9, 0x7E, 0x8E, 0xFA, 0x52,
    0xFE, 0xE4, 0xFC, 0x35, 0xC9, 0x8A, 0xD2, 0xED, 0xCB, 0xFB, 0x77, 0xFB, 0xA6, 0xA6, 0x57, 0xBA,
    0xDC, 0x83, 0xF1, 0x38, 0x5D, 0x8F, 0x40, 0x30, 0xD9, 0x53, 0xBC, 0xAE, 0x1A, 0x1D, 0x58, 0x75,
    0xEB, 0x12, 0x3A, 0xA6, 0xEA, 0xBF, 0xA7, 0x71, 0x45, 0x30, 0xE8, 0x69, 0x4C, 0x05, 0xBB, 0x11,
    0x23, 0x12, 0xCD, 0xF3, 0xF5, 0x99, 0xC6, 0x10, 0x9A, 0xA4, 0x73, 0x92, 0x9D, 0x54, 0x1C, 0xC0,
    0x24, 0xC8, 0x20, 0x11, 0x39, 0xC3, 0xD2, 0xE4, 0x50, 0xF5, 0xB5, 0xD7, 0x71, 0x10, 0x8A, 0x3C,
    0x22, 0xD9, 0x3A, 0xE9, 0x2C, 0x3B, 0x7A, 0x61, 0xD6, 0x20, 0x5C, 0x22, 0xD7, 0x79, 0x93, 0xF5,
    0x48, 0x51, 0xD9, 0xF9, 0x37, 0xDC, 0x3B, 0xCD, 0xA6, 0x91, 0x51, 0x7F, 0x53, 0xF3, 0x01, 0x4D,
    0xBF, 0xB3, 0x65, 0x64, 0xBC, 0x0E, 0xCF, 0x1F, 0x88, 0x74, 0xDE, 0x94, 0x2C, 0x9D, 0x03, 0xC6,
    0xF9, 0xE6, 0xF7, 0x4C, 0x7D, 0x9E, 0x77, 0xF1, 0x22, 0xB4, 0xC6, 0xF0, 0xEB, 0x54, 0x0E, 0xB8,
    0x05, 0x4C, 0x68, 0x7D, 0x9E, 0x67, 0x4D, 0x6E, 0x80, 0x30, 0x27, 0x9A, 0x10, 0xA5, 0x66, 0x1D,
    0x7A, 0x9A, 0x6F, 0xBA, 0xC2, 0x14, 0x48, 0x3A, 0xB8, 0xAB, 0xDD, 0xCA, 0x8E, 0x8C, 0x11, 0x72,
    0xE8, 0x44, 0x75, 0xE2, 0x15, 0xD4, 0x00, 0xB3, 0x83, 0xD5, 0x5C, 0x5B, 0x9A, 0x93, 0x0B, 0x9E,
    0x17, 0xAF, 0x18, 0xF7, 0x96, 0xAC, 0xDB, 0xD6, 0x45, 0x98, 0x71, 0xAF, 0x8E, 0x6F, 0xB7, 0x16,
    0x0C, 0xED, 0x69, 0xB3, 0x44, 0xE4, 0xC0, 0x86, 0x22, 0xA5, 0x1B, 0xB2, 0x8D, 0x20, 0xA5, 0x9B,
    0xF2, 0xFF, 0x06, 0xD6, 0x13, 0x57, 0x92, 0x7B, 0x0A, 0x82, 0xDF, 0x54, 0xA7, 0xD5, 0x0D, 0x83,
    0x13, 0xA4, 0x5B, 0x60, 0x40, 0x5C, 0x04, 0x75, 0xB8, 0x08, 0xFF, 0x51, 0xDD, 0x10, 0x4A, 0x0E,
    0xB0, 0xAB, 0xAC, 0xD8, 0xF1, 0x53, 0x84, 0x7F, 0xB8, 0x66, 0xC9, 0x26, 0x3D, 0x97, 0x28, 0x16,
    0x68, 0x8F, 0x3B, 0xC5, 0xD9, 0x58, 0x95, 0xBB, 0xC4, 0xE4, 0x0B, 0xFC, 0x78, 0xFB, 0x7D, 0xA4,
    0x79, 0xCF, 0xED, 0x01, 0x88, 0x54, 0x10, 0xD3, 0x24, 0xF7, 0x12, 0xB5, 0xE5, 0x94, 0xF0, 0x41,
    0x55, 0xCF, 0xC0, 0xB4, 0x8C, 0xAE, 0x36, 0x27, 0x59, 0x34, 0xA2, 0x5C, 0x33, 0xA1, 0x19, 0x8B,
    0xB7, 0x80, 0x95, 0x89, 0xBE, 0x03, 0x86, 0x2D, 0xDE, 0x96, 0x33, 0x08, 0xC5, 0x2F, 0xDB, 0x45,
    0x90, 0x3F, 0x22, 0x91, 0xA2, 0xF3, 0x34, 0x90, 0xAF, 0x68, 0xBB, 0x77, 0xA6, 0xC4, 0xFF, 0xEB,
    0x4A, 0x25, 0x87, 0x61, 0xBE, 0x4B, 0x96, 0xCC, 0xBD, 0x48, 0xB7, 0x3C, 0xD2, 0xC1, 0x78, 0xF6,
    0x59, 0x22, 0x8C, 0xC7, 0xBE, 0x57, 0xE7, 0xEF, 0x83, 0x92, 0x65, 0x93, 0x68, 0xAD, 0xC8, 0xBD,
    0xFE, 0xB4, 0xFE, 0x3E, 0xAF, 0xCF, 0x0F, 0x34, 0x16, 0x5A, 0x7E, 0x4C, 0xB4, 0x1C, 0x36, 0xDC,
    0x15, 0xEE, 0x4B, 0xE5, 0x30, 0x53, 0x34, 0xBF, 0xA9, 0xCD, 0xBB, 0xED, 0x96, 0x99, 0x59, 0x18,
    0xD8, 0x48, 0x77, 0x01, 0xFD, 0xEF, 0xEB, 0x60, 0x9C, 0x86, 0x0E, 0x62, 0xA9, 0x0B, 0x8B, 0x59,
    0x65, 0xB7, 0xA8, 0xAC, 0x89, 0xCD, 0x7E, 0x73, 0x19, 0xFC, 0x8B, 0x42, 0xD6, 0xA9, 0x2E, 0x8B,
    0x83, 0x35, 0xD5, 0xEE, 0x2B, 0x49, 0x00, 0x55, 0xC7, 0xBC, 0x02, 0xFF, 0xE2, 0x69, 0xFE, 0xC4,
    0x1B, 0xF2, 0x29, 0x93, 0xB9, 0x06, 0x34, 0x76, 0x75, 0x76, 0xC8, 0x0A, 0x65, 0x0B, 0x92, 0x21,
    0x7A, 0x82, 0x8D, 0xAE, 0x60, 0x50, 0x08, 0xB6, 0x13, 0xC1, 0x52, 0x5F, 0x77, 0x41, 0xE3, 0x2C,
    0xE6, 0xE9, 0x62, 0x24, 0xDE, 0x7F, 0xA3, 0x6C, 0xBC, 0x44, 0xE7, 0xD8, 0xBC, 0x63, 0x6B, 0xBA,
    0x40, 0x43, 0x4C, 0xE8, 0x43, 0x1B, 0xD5, 0x85, 0x3E, 0x34, 0x16, 0x74, 0x22, 0x41, 0x43, 0xFF,
    0xCE, 0xFB, 0xFC, 0xAC, 0x57, 0x06, 0xD3, 0x98, 0xFA, 0x1B, 0x2A, 0xFA, 0xB0, 0x9A, 0x5A, 0xED,
    0xC1, 0x30, 0x56, 0x5E, 0xA2, 0x80, 0x1A, 0xFC, 0x1E, 0xE9, 0x18, 0xAA, 0x49, 0x07, 0x74, 0xC9,
    0x0E, 0x6A, 0x40, 0x11, 0x77, 0x7A, 0x44, 0xEF, 0xCD, 0xCE, 0x3A, 0xFA, 0xB9, 0xA1, 0xC4, 0xDB,
    0xB9, 0xF1, 0x88, 0x72, 0xA1, 0x67, 0x6F, 0x74, 0x95, 0x0F, 0x4D, 0x09, 0xF1, 0xE5, 0x5B, 0x88,
    0x0B, 0x69, 0x27, 0x66, 0x01, 0x21, 0xBA, 0xE4, 0xFD, 0x56, 0x42, 0x75, 0x61, 0x1A, 0x56, 0xD5,
    0x02, 0x3B, 0x6C, 0x2B, 0xF6, 0x97, 0x1E, 0xF2, 0xE5, 0x33, 0x70, 0x67, 0x33, 0xD8, 0x4B, 0xAE,
    0x07, 0x3A, 0xE7, 0x22, 0xF5, 0x20, 0xD1, 0x39, 0xD9, 0x8D, 0x2D, 0x40, 0x32, 0x74, 0xCC, 0xA3,
    0xD8, 0xC8, 0x39, 0xDF, 0x47, 0xDC, 0xBC, 0xBD, 0x78, 0x5B, 0xF7, 0x77, 0x59, 0xD9, 0x91, 0x75,
    0xB0, 0xA1, 0x87, 0x71, 0xCE, 0x48, 0xE3, 0x9B, 0xB1, 0xAD, 0x91, 0xEE, 0x3E, 0x89, 0x5A, 0xCF,
    0x38, 0xC4, 0xE6, 0xCE, 0x52, 0x93, 0x07, 0x17, 0x07, 0xE8, 0x22, 0xE2, 0x7A, 0x0F, 0x9A, 0xB2,
    0x2B, 0x96, 0xEF, 0x59, 0xBC, 0x15, 0xAB, 0xDF, 0x7D, 0x21, 0x61, 0xEC, 0x61, 0x3F, 0x91, 0xEF,
    0x13, 0x7D, 0xF7, 0x98, 0x23, 0x2F, 0xC3, 0x36, 0x38, 0x78, 0xE2, 0xC3, 0xE0, 0x4F, 0xBC, 0xA1,
    0xAE, 0x78, 0xBC, 0xBD, 0x35, 0x67, 0x6E, 0x60, 0x82, 0x70, 0x68, 0x34, 0xC6, 0x33, 0x49, 0xF6,
    0x62, 0x0A, 0x95, 0x16, 0x33, 0x67, 0x4F, 0x67, 0xC5, 0x0B, 0x94, 0x78, 0x99, 0x57, 0x59, 0x2A,
    0xED, 0x70, 0x0E, 0x59, 0x5F, 0xF4, 0xC6, 0x1A, 0xE8, 0x67, 0xE4, 0x1B, 0x09, 0xAB, 0xFB, 0x60,
    0x7E, 0xF3, 0xFE, 0xA7, 0xA5, 0xF0, 0x37, 0xDD, 0xD2, 0x94, 0xAC, 0xB7, 0x23, 0xFE, 0x93, 0x77,
    0x33, 0xD6, 0xD9, 0x7D, 0x39, 0xCB, 0x2F, 0xEF, 0x8A, 0xEC, 0xEB, 0x6C, 0x1A, 0x23, 0x1C, 0xCF,
    0x02, 0x3C, 0xF6, 0xBB, 0xA1, 0xF1, 0x68, 0x83, 0x77, 0x4F, 0xF6, 0xBB, 0xFA, 0x7C, 0xD1, 0xE0,
    0xFB, 0x04, 0x89, 0x9C, 0xEF, 0xEA, 0xF2, 0x98, 0x74, 0x33, 0xEB, 0x98, 0xDF, 0x88, 0xAB, 0x17,
    0xF7, 0xFB, 0xE9, 0x57, 0xF7, 0xD5, 0xDB, 0xCE, 0x04, 0x0D, 0x89, 0x3E, 0xA0, 0xF9, 0xC2, 0x6E,
    0x66, 0xF1, 0xA8, 0xDE, 0xD1, 0x30, 0x87, 0xAB, 0x20, 0xAF, 0xD7, 0xA9, 0x0E, 0xB3, 0xA0, 0x75,
    0xCD, 0xE0, 0xEC, 0x84, 0x3C, 0xCE, 0x67, 0xAD, 0xB8, 0x0B, 0x47, 0xB5, 0x0D, 0xF6, 0xB2, 0xB1,
    0xB1, 0x91, 0x3D, 0xF8, 0xB8, 0x1B, 0x1B, 0x0E, 0xF8, 0xB7, 0xEC, 0xEB, 0x1B, 0xAC, 0xD5, 0xDB,
    0xD2, 0xD9, 0xCD, 0xBD, 0x58, 0xD0, 0x8A, 0x39, 0x6F, 0x98, 0xD1, 0xBC, 0x0C, 0x33, 0xED, 0xBC,
    0xCE, 0x6E, 0x27, 0x98, 0xAB, 0xF9, 0x87, 0xC4, 0xD2, 0x34, 0x5F, 0x53, 0xEE, 0x4D, 0xEE, 0x6F,
    0x15, 0x9C, 0x4A, 0x98, 0x45, 0xEB, 0x63, 0x28, 0x07, 0xB1, 0x5D, 0x80, 0xA8, 0x6D, 0x21, 0x8B,
    0x06, 0xD1, 0xF5, 0x1C, 0x7B, 0x92, 0xD2, 0x28, 0x5E, 0xB0, 0x35, 0x95, 0x63, 0x97, 0xF1, 0x27,
    0xC6, 0x92, 0xFB, 0xF0, 0xFC, 0xB3, 0x32, 0xC9, 0x0A, 0x4A, 0xF5, 0xDE, 0xE5, 0xA8, 0xFC, 0x40,
    0x09, 0x47, 0xE7, 0xC6, 0x99, 0x01, 0x81, 0xDB, 0x8E, 0x04, 0x69, 0x5C, 0x9F, 0xB9, 0xF7, 0x1C,
    0x63, 0x59, 0xBE, 0x3B, 0xFC, 0x8E, 0x71, 0x8E, 0xF3, 0x54, 0xDF, 0x3D, 0x48, 0xF3, 0xF5, 0x97,
    0x65, 0xF9, 0x8B, 0x71, 0x94, 0xFB, 0x8E, 0x61, 0xB3, 0xF9, 0x1C, 0x23, 0x6F, 0x7B, 0xDB, 0x30,
    0xD2, 0x7B, 0x67, 0x81, 0x66, 0x9A, 0x59, 0x8C, 0x89, 0xA0, 0xA5, 0xF1, 0xCF, 0xE3, 0xDD, 0xB5,
    0x37, 0x41, 0x8D, 0x62, 0x2E, 0x1F, 0xDC, 0x8D, 0xEE, 0xE1, 0xFA, 0xF6, 0x2B, 0x21, 0x6B, 0x84,
    0xFA, 0xA2, 0x40, 0x34, 0x32, 0xB8, 0x96, 0xAE, 0xA5, 0x0A, 0x0E, 0x33, 0x46, 0x95, 0xFE, 0xE4,
    0x8D, 0xA1, 0x2D, 0x69, 0x5A, 0x27, 0xB9, 0x40, 0xE2, 0x9D, 0xEF, 0xBB, 0x66, 0x82, 0x2D, 0xEF,
    0x2E, 0xB8, 0xD8, 0x20, 0xC5, 0x8D, 0x38, 0xDB, 0xE8, 0x0D, 0x3B, 0x99, 0x87, 0x0B, 0x67, 0xDD,
    0xCA, 0x3C, 0x97, 0x88, 0xFA, 0x21, 0x23, 0x45, 0xB6, 0x51, 0xBE, 0xEC, 0x94, 0xA8, 0x40, 0xA6,
    0x68, 0x6D, 0x3D, 0x7F, 0x45, 0xEE, 0xD3, 0xCD, 0x8F, 0x5F, 0x41, 0x9C, 0x62, 0x3B, 0x6F, 0xE7,
    0x3C, 0x5F, 0xF2, 0xB9, 0xBC, 0xD9, 0xBE, 0xBD, 0x40, 0x44, 0x3E, 0xE7, 0x7C, 0x26, 0x40, 0xB1,
    0xB2, 0xE7, 0x46, 0xB9, 0xC9, 0x68, 0xBD, 0xC3, 0x91, 0x4E, 0xB9, 0xF3, 0x8A, 0xCB, 0xE8, 0xBA,
    0x9C, 0x5D, 0x28, 0x6F, 0xB8, 0x90, 0xAF, 0x54, 0xDE, 0x73, 0x0D, 0xA4, 0x3C, 0xCC, 0x73, 0x57,
    0x25, 0xEA, 0x5E, 0x9C, 0x2F, 0xE0, 0xF1, 0x65, 0x92, 0x73, 0xC4, 0x44, 0xF9, 0x52, 0x1F, 0x68,
    0xF4, 0xDD, 0x32, 0x9A, 0x62, 0xE7, 0x9C, 0x17, 0x76, 0x42, 0x75, 0xD8, 0x8C, 0xB7, 0x40, 0x40,
    0x7B, 0x30, 0x14, 0x3C, 0x5E, 0xE9, 0x7F, 0x25, 0xAB, 0x87, 0xEC, 0x8F, 0x15, 0x09, 0x3A, 0x90,
    0xC0, 0xB0, 0x3B, 0x70, 0xA1, 0xF9, 0xEC, 0x2D, 0x8D, 0xD8, 0xE3, 0x92, 0xF5, 0x2D, 0x52, 0x0E,
    0xD7, 0x71, 0xD6, 0x5D, 0x1E, 0xE0, 0xD9, 0x30, 0x8E, 0x0F, 0x89, 0x9C, 0x6C, 0x24, 0x2A, 0xEB,
    0x4B, 0x96, 0xE3, 0x76, 0xDF, 0xB8, 0x77, 0xEE, 0xCE, 0x39, 0x28, 0xF4, 0x33, 0x16, 0x38, 0x46,
    0xB8, 0xBB, 0xB6, 0x0B, 0x7E, 0x54, 0xCA, 0xB1, 0x9C, 0x9D, 0x68, 0x79, 0x9B, 0xD1, 0x14, 0x43,
    0xD3, 0x10, 0xAB, 0xDF, 0x0F, 0x69, 0x6C, 0x9D, 0x5F, 0xDB, 0x26, 0xBA, 0x12, 0x14, 0x72, 0x7D,
    0x90, 0x8A, 0xD7, 0x75, 0x37, 0xE4, 0xF3, 0xF0, 0x1C, 0x60, 0x94, 0x78, 0xB9, 0x9E, 0x12, 0x7F,
    0xC0, 0xDE, 0x8C, 0x4E, 0x60, 0xE5, 0x96, 0x9C, 0x0D, 0x38, 0x73, 0x3B, 0x1A, 0xD5, 0x06, 0xBB,
    0x3F, 0x60, 0xD7, 0x56, 0x3B, 0x93, 0xDD, 0x5B, 0x99, 0x4D, 0x22, 0x1C, 0xC8, 0x6E, 0xAE, 0xCE,
    0x00, 0x21, 0x30, 0xE5, 0x4E, 0xF7, 0x35, 0x2A, 0xE1, 0x96, 0x5F, 0x90, 0x20, 0xEC, 0xC7, 0x6E,
    0x73, 0x27, 0xB1, 0x93, 0x01, 0x97, 0x73, 0x7F, 0x9E, 0x33, 0x62, 0xA7, 0x10, 0x42, 0xA3, 0x18,
    0x5C, 0xE7, 0xEB, 0xD2, 0x8D, 0x0B, 0xC0, 0x2E, 0x27, 0xA2, 0x2D, 0x77, 0x49, 0xC0, 0x00, 0xA9,
    0x29, 0x52, 0xAB, 0x37, 0xAF, 0xDC, 0x66, 0xA1, 0xDC, 0x9E, 0xC7, 0xD7, 0x05, 0x75, 0x44, 0x3B,
    0x6F, 0xD0, 0x69, 0x27, 0x3E, 0xAA, 0x36, 0xEC, 0xAC, 0x6E, 0x25, 0x84, 0x7E, 0x4C, 0x63, 0x6D,
    0x5E, 0xFD, 0xA4, 0x24, 0x6A, 0x5D, 0xD4, 0xD5, 0x5F, 0x15, 0x44, 0xBD, 0xE9, 0x4E, 0x1B, 0x50,
    0x43, 0x3D, 0xD3, 0xA2, 0xF2, 0xE0, 0x37, 0x37, 0x82, 0xDC, 0x40, 0x77, 0x5C, 0x0F, 0x32, 0x1E,
    0xD5, 0xB3, 0x73, 0xC3, 0x51, 0xAD, 0xEE, 0x13, 0x3D, 0xDB, 0xF9, 0x91, 0x1A, 0xCB, 0x3D, 0xEC,
    0x6A, 0x51, 0x3C, 0x90, 0xD8, 0x03, 0x63, 0xA0, 0xCD, 0xD1, 0xDA, 0xEB, 0x32, 0x18, 0x80, 0x9C,
    0xF5, 0xD5, 0x57, 0x36, 0x14, 0x6F, 0x05, 0x01, 0xAF, 0xC4, 0x48, 0xD0, 0xE7, 0x4E, 0xDB, 0xEA,
    0x94, 0xEC, 0x2D, 0x5F, 0x79, 0x61, 0xCF, 0xB5, 0xEF, 0x70, 0x12, 0x50, 0x13, 0x63, 0xED, 0x82,
    0x52, 0x4B, 0xE9, 0x0A, 0xD2, 0xAF, 0x3F, 0x3E, 0x20, 0x8E, 0x88, 0x56, 0x5A, 0x37, 0x31, 0xCA,
    0x0F, 0x4B, 0xAC, 0x32, 0xDE, 0x87, 0xEC, 0xCC, 0x48, 0xEC, 0x69, 0x89, 0x17, 0x68, 0x7F, 0x62,
    0xF7, 0x89, 0x31, 0x26, 0x26, 0xD4, 0xDF, 0x82, 0xD7, 0xF7, 0xAA, 0xD9, 0xF7, 0xC4, 0x70, 0x97,
    0x7A, 0x78, 0x23, 0x3A, 0x41, 0xAB, 0x65, 0x68, 0xD0, 0x12, 0x15, 0x10, 0xB3, 0xEA, 0x70, 0xC2,
    0x6A, 0x3B, 0xB3, 0x22, 0xC4, 0xDD, 0x43, 0x2A, 0x33, 0x2B, 0x6B, 0x84, 0x4E, 0x59, 0xE3, 0xE8,
    0x7A, 0x7B, 0xFB, 0xA3, 0x87, 0x53, 0x1D, 0x3D, 0xAC, 0xF5, 0xC6, 0xF6, 0x78, 0xF4, 0x70, 0x10,
    0x0A, 0x7F, 0xDE, 0x17, 0x91, 0xD2, 0xEE, 0x37, 0x9B, 0x03, 0x22, 0xBB, 0x9E, 0xF6, 0x56, 0xF1,
    0x17, 0x05, 0x1F, 0xAA, 0x76, 0x5E, 0x1E, 0xE1, 0x74, 0x24, 0x68, 0xC7, 0x82, 0xCE, 0x04, 0xBA,
    0x15, 0xEA, 0x72, 0xF4, 0x18, 0x46, 0x5F, 0x5F, 0xDF, 0xD0, 0xD8, 0x3B, 0xC4, 0x0C, 0xA7, 0x59,
    0x68, 0xE7, 0xCE, 0xD4, 0xE3, 0x59, 0xDB, 0x8D, 0x78, 0xB3, 0x25, 0x28, 0x15, 0xE9, 0x87, 0xC7,
    0x39, 0x71, 0x72, 0x19, 0x79, 0xEC, 0x1B, 0xE0, 0xC5, 0x53, 0x3A, 0x1B, 0xDD, 0xA4, 0xB6, 0xDF,
    0x94, 0xDD, 0xBE, 0x86, 0x7E, 0x1B, 0xFB, 0x76, 0xFB, 0x9A, 0x83, 0x97, 0xED, 0xE9, 0x51, 0xFF,
    0x4D, 0xEC, 0xF6, 0x75, 0x9F, 0x68, 0xA2, 0x7C, 0x9F, 0xBD, 0x67, 0x9F, 0xDF, 0xC1, 0xD0, 0xCF,
    0xC0, 0x89, 0x0F, 0x46, 0x37, 0xDE, 0xEB, 0x67, 0x20, 0x7E, 0x05, 0x4F, 0xA9, 0xF6, 0x53, 0x2C,
    0x7C, 0x99, 0x3D, 0xC9, 0x74, 0xE8, 0x67, 0xBC, 0x2B, 0x01, 0xC4, 0x11, 0x7F, 0x20, 0x89, 0xA3,
    0x8D, 0x6E, 0xEA, 0x8A, 0x43, 0x5E, 0xAA, 0x39, 0xD3, 0xA8, 0xD2, 0x42, 0x4C, 0xD1, 0xDA, 0x05,
    0x99, 0x0C, 0x19, 0x36, 0xF4, 0xE6, 0x8A, 0x6C, 0x6E, 0x76, 0x95, 0xA4, 0x63, 0x03, 0xB2, 0xBA,
    0x9E, 0xD6, 0x0E, 0xCE, 0x10, 0x46, 0xE8, 0x69, 0xA4, 0x57, 0xE1, 0xDF, 0x6B, 0x1A, 0x37, 0xD1,
    0x59, 0x84, 0x3D, 0x75, 0x14, 0xF8, 0x19, 0x36, 0x96, 0x20, 0xFC, 0xBC, 0xCF, 0xCA, 0xC5, 0x37,
    0x3F, 0xFB, 0x00, 0x09, 0x9F, 0xAD, 0x37, 0x7F, 0x01, 0xC7, 0x34, 0xD7, 0x7E, 0x33, 0x73, 0xA2,
    0x0D, 0x46, 0x3B, 0xCE, 0x18, 0xAD, 0x0F, 0xE1, 0x9D, 0xFF, 0x52, 0x66, 0x7C, 0x06, 0xEF, 0xFC,
    0x97, 0x32, 0xF5, 0x05, 0xBC, 0xF3, 0x9F, 0x4B, 0x39, 0xF0, 0xC3, 0xD3, 0x43, 0x92, 0xD6, 0x6D,
    0xB6, 0x81, 0xD4, 0xA9, 0xC1, 0xD0, 0xA7, 0x3D, 0x37, 0x32, 0x7F, 0x59, 0xD0, 0x8A, 0x65, 0x27,
    0x4E, 0xB2, 0xC5, 0x99, 0x86, 0xDA, 0xA1, 0x1F, 0xD3, 0xB0, 0xFC, 0x15, 0xB1, 0x9C, 0x44, 0x07,
    0xD4, 0x3F, 0xCE, 0x74, 0xFC, 0x58, 0xA8, 0x75, 0x6C, 0x0B, 0xE2, 0xCD, 0x4D, 0xA3, 0xC6, 0x40,
    0x7D, 0x25, 0xD1, 0x6F, 0x67, 0x9D, 0x37, 0xD2, 0x75, 0x89, 0x70, 0x23, 0xEB, 0xB7, 0xE0, 0x0D,
    0x44, 0x07, 0x20, 0xBE, 0x4F, 0x90, 0x08, 0x1E, 0xA3, 0x17, 0x0B, 0x12, 0x9B, 0xC0, 0xD8, 0xD3,
    0xF8, 0x84, 0x46, 0xC5, 0xC8, 0xF2, 0xFB, 0x18, 0xCE, 0xED, 0xAC, 0x10, 0xDD, 0xE4, 0xEB, 0x75,
    0x39, 0xB7, 0xC2, 0x50, 0x10, 0x92, 0xE1, 0x51, 0x42, 0x6C, 0xFA, 0x78, 0xC2, 0xE1, 0xDD, 0x78,
    0x20, 0xDA, 0x70, 0x8A, 0xF1, 0x7A, 0xCA, 0xBB, 0xA7, 0xAB, 0x0D, 0x2C, 0x84, 0x54, 0xF7, 0xAC,
    0xA5, 0xF2, 0x87, 0x69, 0xB1, 0x49, 0x7C, 0xB5, 0xD3, 0x77, 0x13, 0x6C, 0x31, 0x5D, 0x12, 0x03,
    0x13, 0x28, 0xFB, 0x12, 0x0D, 0xFB, 0xE2, 0x82, 0x32, 0xC0, 0xAD, 0x3F, 0x31, 0x54, 0x36, 0x4D,
    0xEB, 0x4D, 0x13, 0x9C, 0x6A, 0xB7, 0x4B, 0x24, 0xB2, 0xE6, 0xED, 0x6D, 0x78, 0xAB, 0x9A, 0xB9,
    0x45, 0xEC, 0x1A, 0xB5, 0x33, 0x16, 0x45, 0x44, 0xF3, 0x60, 0x8D, 0xBD, 0x7D, 0xC5, 0x3E, 0x80,
    0x71, 0xC7, 0xFC, 0x3B, 0x7E, 0xCF, 0xB4, 0x7D, 0x3E, 0x93, 0xBD, 0x96, 0xC6, 0x93, 0x10, 0xE8,
    0xEC, 0x62, 0x23, 0xD4, 0xE3, 0xDA, 0xC7, 0x7B, 0xE8, 0x28, 0xBC, 0x83, 0xD1, 0xAD, 0x30, 0x12,
    0xF4, 0x75, 0x79, 0x1A, 0xDF, 0x57, 0xC7, 0xC7, 0x77, 0x3A, 0x3E, 0xBE, 0xA7, 0xAB, 0xF1, 0x2D,
    0x89, 0x10, 0xD3, 0xA9, 0xD1, 0xEE, 0x00, 0xBC, 0x0F, 0x8A, 0xA9, 0xBD, 0xE9, 0x5D, 0xBD, 0x7F,
    0xE4, 0xB4, 0x38, 0xBC, 0x93, 0x74, 0x92, 0x4A, 0x7A, 0x37, 0x64, 0x5C, 0x61, 0x85, 0xDF, 0x0B,
    0x99, 0xC3, 0x9E, 0x5B, 0xD4, 0x92, 0x29, 0xF3, 0x40, 0xCA, 0xCF, 0x89, 0xB7, 0x87, 0xE9, 0x65,
    0x05, 0x8F, 0x28, 0x8C, 0x82, 0x43, 0x58, 0x43, 0x37, 0x25, 0x0E, 0x31, 0x48, 0x8C, 0x6E, 0xA4,
    0xBA, 0xE9, 0x31, 0xA4, 0xDD, 0xC3, 0xDE, 0x72, 0xF2, 0xB8, 0x55, 0x69, 0x8F, 0xD3, 0x7A, 0x5E,
    0x17, 0x23, 0x1C, 0xE9, 0xDD, 0xEC, 0x58, 0xD0, 0x89, 0xF7, 0xE8, 0xD7, 0x94, 0xA7, 0xCF, 0x07,
    0x8C, 0x24, 0x87, 0x36, 0xC2, 0xAB, 0xAC, 0x29, 0x6A, 0x33, 0xCD, 0xF2, 0x93, 0xE9, 0x52, 0x76,
    0x03, 0xC3, 0x76, 0x20, 0x8F, 0x4B, 0x80, 0x57, 0x16, 0xC8, 0xBC, 0x4E, 0x1E, 0xDB, 0xB3, 0x85,
    0x1D, 0xBD, 0xEF, 0x5F, 0x66, 0x6A, 0x06, 0x79, 0xAC, 0x30, 0xA7, 0x10, 0x67, 0xF1, 0xC5, 0xEE,
    0x15, 0x7F, 0x7D, 0x1B, 0x59, 0x46, 0xE1, 0xCB, 0x16, 0x7B, 0xC4, 0xF2, 0x15, 0xF4, 0xFB, 0x0C,
    0xF5, 0xED, 0x9F, 0x11, 0x92, 0xF0, 0x71, 0x8D, 0x7A, 0x16, 0xD1, 0x69, 0x3D, 0xEE, 0xB8, 0xD6,
    0x3C, 0x5D, 0x8B, 0xA4, 0xBE, 0xC4, 0x50, 0xBF, 0x0B, 0x9B, 0xF0, 0xFC, 0x63, 0xF6, 0x9B, 0xE9,
    0xB3, 0xC4, 0x27, 0x0D, 0xBC, 0xE7, 0xEE, 0xB5, 0xBC, 0xB8, 0xBB, 0x3A, 0x50, 0x65, 0xBE, 0x42,
    0x43, 0xEC, 0x8A, 0x9A, 0x5B, 0x98, 0x9D, 0xD2, 0xE3, 0xE0, 0x20, 0x7B, 0xB4, 0xD8, 0xAB, 0x8D,
    0x50, 0x50, 0xC6, 0xD3, 0x18, 0x46, 0x7A, 0xF7, 0x62, 0x8D, 0x9E, 0x2E, 0x17, 0x9C, 0x60, 0xFE,
    0xC9, 0xE8, 0xB7, 0xB9, 0xDF, 0xBD, 0x1C, 0x19, 0xC4, 0xA9, 0xFE, 0x31, 0x84, 0xFE, 0x69, 0x89,
    0x50, 0x8B, 0x2D, 0x56, 0x39, 0x79, 0x91, 0x24, 0xA9, 0x31, 0x1F, 0x9C, 0x4D, 0x63, 0xBF, 0x97,
    0xB2, 0xFB, 0x80, 0xEC, 0x1B, 0xEE, 0xC1, 0x5E, 0xCB, 0x13, 0xD7, 0xCD, 0x84, 0x82, 0xBC, 0xD7,
    0xF5, 0x38, 0x86, 0x0E, 0x47, 0xC3, 0x78, 0x3C, 0xF3, 0x40, 0xC3, 0xE4, 0x7B, 0xA0, 0xCF, 0xB7,
    0xF5, 0x06, 0xB8, 0x83, 0x8C, 0xD1, 0xC8, 0x7B, 0x92, 0xAD, 0x35, 0x6B, 0xBF, 0xC8, 0xC1, 0x16,
    0x89, 0xC7, 0x6C, 0x87, 0x47, 0x35, 0xBD, 0x23, 0xC9, 0x3A, 0x78, 0x97, 0xB3, 0x65, 0x0C, 0x49,
    0xEA, 0xA7, 0xC3, 0x7B, 0xB6, 0xB3, 0xD3, 0x07, 0x53, 0x32, 0x23, 0x39, 0xF6, 0x4D, 0x76, 0x77,
    0xE2, 0x03, 0x79, 0x01, 0x35, 0x76, 0xA0, 0xAF, 0xFA, 0xD2, 0x03, 0x31, 0x83, 0x18, 0x72, 0xF0,
    0x32, 0xEE, 0x33, 0xD5, 0xBC, 0xD1, 0x7C, 0x51, 0xEE, 0xDC, 0xD2, 0xBD, 0xC7, 0x07, 0xE8, 0x80,
    0x44, 0x1F, 0xC0, 0x96, 0xA4, 0x0F, 0x56, 0x3A, 0x72, 0x90, 0xB4, 0xCB, 0x17, 0x23, 0x24, 0x87,
    0x4F, 0xF8, 0x17, 0xB7, 0x2A, 0x03, 0x67, 0x9E, 0xEA, 0xA0, 0x40, 0xF2, 0x75, 0xCC, 0x91, 0x1E,
    0xF6, 0x78, 0xE2, 0xDD, 0xEE, 0x37, 0x65, 0xFB, 0x0A, 0xE7, 0x95, 0x1E, 0xA8, 0x36, 0x35, 0xE8,
    0x0B, 0x3A, 0x9D, 0xA3, 0xFB, 0x1C, 0xF2, 0x95, 0x22, 0x59, 0x95, 0xE6, 0x36, 0x30, 0xC7, 0xCE,
    0xF3, 0xAA, 0xFC, 0xD0, 0x78, 0x10, 0xE2, 0xF0, 0x80, 0xB7, 0x75, 0xC4, 0x81, 0x30, 0xF8, 0xF8,
    0x65, 0xAB, 0x03, 0xBF, 0x70, 0xBA, 0xA2, 0xC6, 0x3B, 0x90, 0x94, 0x88, 0x7D, 0xDF, 0x14, 0x82,
    0xB5, 0x01, 0xD5, 0xBD, 0xC1, 0x12, 0x07, 0x07, 0x75, 0x2B, 0xD1, 0x7B, 0xCB, 0x1E, 0xB9, 0xB9,
    0x9A, 0xE9, 0xEC, 0x76, 0xBC, 0x97, 0xD6, 0xA4, 0x59, 0xBA, 0x58, 0x8A, 0x66, 0x3A, 0x83, 0x4E,
    0xA1, 0x9A, 0xD2, 0x05, 0x0B, 0x55, 0x5F, 0x1C, 0x81, 0xB3, 0xA8, 0x49, 0x42, 0x07, 0xBC, 0x7F,
    0xA8, 0xEE, 0x74, 0x00, 0xBF, 0x0E, 0x2B, 0x19, 0xBC, 0xC1, 0xB1, 0xCA, 0x56, 0x52, 0x0E, 0xF4,
    0x41, 0xF5, 0x4B, 0x9A, 0x4B, 0x18, 0xB3, 0x95, 0x55, 0x07, 0xB9, 0xBE, 0xCA, 0xEE, 0xE9, 0xFB,
    0x60, 0x59, 0xE7, 0x3B, 0x3B, 0xAF, 0xE9, 0x7E, 0x1F, 0x36, 0x8B, 0x67, 0xEC, 0x6D, 0x96, 0x01,
    0xB8, 0x4E, 0x69, 0x96, 0x91, 0xAA, 0x42, 0x7C, 0xD1, 0xAB, 0x83, 0x9F, 0xC6, 0xFA, 0xE0, 0xBD,
    0x4C, 0x1F, 0x20, 0x5E, 0x0A, 0x8D, 0x64, 0x25, 0xB5, 0xEA, 0x60, 0x56, 0x19, 0xCD, 0x7B, 0xA7,
    0xDB, 0xD5, 0xD0, 0x19, 0x1E, 0xB4, 0xC4, 0xDB, 0x5B, 0x1F, 0x4C, 0x35, 0xEF, 0x35, 0x5B, 0x46,
    0xFA, 0x24, 0xCF, 0xFF, 0x96, 0x41, 0xBC, 0x01, 0xBD, 0xC4, 0x80, 0x0E, 0x36, 0x38, 0x6E, 0xB5,
    0xA5, 0xB2, 0x4C, 0x1F, 0x90, 0x2C, 0x6B, 0x26, 0x38, 0xF8, 0x3C, 0xD1, 0x07, 0xD8, 0x8E, 0x34,
    0xD9, 0xBA, 0xD6, 0xFA, 0x5A, 0x17, 0x3B, 0x7A, 0x74, 0xFB, 0xCB, 0xBD, 0xB6, 0xE2, 0x5F, 0xDA,
    0xF9, 0xF2, 0x0C, 0xB5, 0xC6, 0x86, 0x2A, 0xC3, 0xBE, 0x8B, 0x03, 0xB3, 0xB0, 0x06, 0x74, 0x50,
    0x6C, 0xA8, 0xC4, 0xFD, 0xC0, 0x25, 0xA6, 0x93, 0xEE, 0xDE, 0x76, 0xFE, 0x1F, 0x65, 0xAF, 0x13,
    0x27, 0xD0, 0xB3, 0xA8, 0x4F, 0x4F, 0x15, 0x50, 0x35, 0x5F, 0x51, 0xEE, 0xC9, 0x41, 0xA8, 0x64,
    0x17, 0xA8, 0xAE, 0x34, 0x4B, 0x43, 0x76, 0xD0, 0x1C, 0x20, 0x5A, 0xFC, 0x48, 0xA5, 0x63, 0xD4,
    0x9F, 0x8A, 0x78, 0xEB, 0x10, 0xD9, 0x21, 0xB6, 0xB4, 0xE6, 0xF0, 0xD7, 0xC5, 0xE5, 0xA6, 0x84,
    0xC8, 0x4E, 0xDE, 0x67, 0x72, 0x9F, 0x3F, 0x23, 0xDC, 0xB3, 0x0B, 0x39, 0x67, 0x0F, 0x11, 0xE2,
    0x61, 0xB3, 0x32, 0x06, 0x7B, 0x37, 0x72, 0xC8, 0x73, 0x64, 0x0B, 0xD1, 0xD0, 0xE7, 0x83, 0x54,
    0x70, 0x2B, 0x17, 0x2C, 0xFA, 0x62, 0x0E, 0xCC, 0x82, 0x1F, 0xC6, 0x92, 0x3B, 0x4E, 0x64, 0x95,
    0xD8, 0x2C, 0xEF, 0x84, 0xCC, 0xA3, 0x33, 0xD1, 0xA8, 0x6B, 0xA2, 0x51, 0x8D, 0x83, 0x99, 0x8E,
    0x28, 0x9C, 0x88, 0x3A, 0x5C, 0x62, 0x26, 0xA5, 0xB3, 0x2E, 0xA8, 0x9C, 0x4B, 0x92, 0x94, 0xF2,
    0x01, 0x48, 0xE5, 0x77, 0xE9, 0x1E, 0xFA, 0xFA, 0x68, 0x66, 0x7D, 0xFB, 0xE4, 0x2E, 0x9C, 0x21,
    0x90, 0xA0, 0x8B, 0x8D, 0xB2, 0x7B, 0xD1, 0x1D, 0xE2, 0xF6, 0x25, 0x41, 0xDE, 0xE7, 0x9B, 0xBF,
    0xDF, 0x69, 0x2E, 0xF2, 0x79, 0xDE, 0xAA, 0x79, 0x0C, 0xF9, 0x39, 0x23, 0x3C, 0x29, 0x78, 0xF7,
    0x7D, 0xC6, 0xA5, 0x92, 0x71, 0xA9, 0xFC, 0x84, 0xCF, 0x77, 0x77, 0x58, 0x8B, 0xD4, 0xFB, 0x81,
    0x68, 0x93, 0x78, 0xD7, 0x61, 0x74, 0x28, 0xD5, 0xF3, 0x8F, 0xA1, 0x84, 0x75, 0x99, 0x80, 0x95,
    0x60, 0xF6, 0x5E, 0x46, 0xE8, 0x1E, 0xD5, 0xE3, 0x65, 0xBC, 0xDC, 0x41, 0x78, 0xBB, 0x79, 0x8E,
    0xB1, 0x2A, 0xCF, 0x88, 0xF8, 0x44, 0x3A, 0x4F, 0xF5, 0x7C, 0x31, 0x92, 0x38, 0x38, 0xA7, 0xC2,
    0x58, 0x23, 0x97, 0x1B, 0xE2, 0xF6, 0xCB, 0x50, 0x46, 0x51, 0x3D, 0xDF, 0x26, 0x5E, 0x77, 0x81,
    0xBE, 0xBF, 0x18, 0xB5, 0x8C, 0x1C, 0xE7, 0xA3, 0x9A, 0x93, 0x31, 0xCE, 0x07, 0x11, 0x23, 0x71,
    0x30, 0x8C, 0x4E, 0x0A, 0x7C, 0x11, 0xF1, 0x8D, 0x54, 0xCF, 0xB7, 0x23, 0x33, 0x47, 0x3D, 0xDF,
    0x8E, 0x48, 0xC2, 0x5A, 0x2A, 0x0B, 0xE7, 0xA5, 0x8D, 0x20, 0xA4, 0x7A, 0xBA, 0x65, 0xCF, 0x4B,
    0x7F, 0x80, 0x65, 0x76, 0x95, 0xDD, 0x6D, 0x90, 0xA8, 0xEA, 0xC7, 0x6A, 0x5C, 0x1B, 0x59, 0xE9,
    0xB9, 0xE9, 0x0D, 0xA7, 0x68, 0x4C, 0xD7, 0x79, 0x6B, 0x9A, 0xC1, 0x5E, 0x54, 0xF3, 0xB3, 0x84,
    0xAB, 0x84, 0x39, 0x21, 0x52, 0xC1, 0xB5, 0xEA, 0xCE, 0x45, 0x12, 0xF2, 0xE7, 0x1B, 0x75, 0xE7,
    0x52, 0x8A, 0xD4, 0x70, 0x75, 0xE7, 0x87, 0xD4, 0x0E, 0xF3, 0xEE, 0xB2, 0xF3, 0x0A, 0xB5, 0xDF,
    0xC0, 0xB9, 0xE1, 0xAC, 0xF3, 0x56, 0x8E, 0x7D, 0x48, 0x94, 0x24, 0x1D, 0xD4, 0x9D, 0x7F, 0xC6,
    0x0A, 0x1C, 0x7E, 0x8E, 0x46, 0x97, 0x11, 0x4C, 0xFC, 0x40, 0x2D, 0x63, 0xFF, 0x59, 0x77, 0x60,
    0xF6, 0x89, 0x61, 0x73, 0xDD, 0xD3, 0x5E, 0xDF, 0x79, 0x25, 0xA1, 0xF3, 0x65, 0xCB, 0xB9, 0x44,
    0x4C, 0x31, 0x11, 0x7C, 0xEC, 0xC4, 0xED, 0xAA, 0x74, 0x13, 0x3B, 0x71, 0xBB, 0xC8, 0xFB, 0x87,
    0xEB, 0x0D, 0xD9, 0x4A, 0xC7, 0x2D, 0x9F, 0x27, 0x29, 0xE1, 0x09, 0xB7, 0x5B, 0x12, 0x77, 0x8F,
    0x3C, 0x69, 0xAB, 0xD8, 0x22, 0xA7, 0xC6, 0xFB, 0x41, 0x3B, 0x71, 0x6B, 0x16, 0x92, 0xB2, 0x0D,
    0xEE, 0x0A, 0xB9, 0x14, 0x78, 0x41, 0x8A, 0xEE, 0xE3, 0xF5, 0x5A, 0x49, 0xB5, 0xBE, 0x1E, 0xF8,
    0x5D, 0x76, 0xD2, 0x75, 0x75, 0x44, 0x13, 0x02, 0x58, 0x17, 0x63, 0x31, 0x10, 0x3B, 0xE3, 0xB8,
    0x2D, 0x3A, 0xF8, 0xF1, 0x72, 0xE7, 0x26, 0xCB, 0xDD, 0x4C, 0xA5, 0xDC, 0x5B, 0xA9, 0x94, 0x7B,
    0x27, 0x96, 0x72, 0xA5, 0x3E, 0xDF, 0xD7, 0x98, 0x63, 0x0B, 0x74, 0x7A, 0x4E, 0xA2, 0x97, 0xAB,
    0x78, 0x88, 0xFC, 0x82, 0x9F, 0x0A, 0x76, 0x5F, 0x14, 0x8A, 0x50, 0xE8, 0xA0, 0x47, 0x61, 0x0F,
    0x9C, 0xBE, 0x38, 0xA7, 0x11, 0xC3, 0x0A, 0x5C, 0x92, 0xD4, 0xEB, 0x1E, 0x3B, 0xFD, 0x46, 0x0A,
    0x4E, 0xBF, 0xA0, 0xC6, 0x60, 0x02, 0x9B, 0x7B, 0xD2, 0x34, 0x56, 0x42, 0xFD, 0x70, 0x0F, 0xD0,
    0x78, 0xAF, 0x0F, 0x64, 0xA0, 0xC6, 0xB6, 0x76, 0x8E, 0x2B, 0x9C, 0x3B, 0xB3, 0xD3, 0x64, 0xE5,
    0x72, 0xE5, 0x1A, 0x49, 0x52, 0xD5, 0xAA, 0xDC, 0x46, 0x8C, 0x96, 0x3A, 0xDD, 0xB5, 0x5A, 0xD1,
    0xD8, 0x13, 0xB4, 0x58, 0xF9, 0x71, 0x75, 0x18, 0x1A, 0x6F, 0x8E, 0x64, 0xDF, 0x07, 0xE5, 0xB4,
    0xB2, 0x52, 0x75, 0x40, 0x8A, 0x80, 0x26, 0x74, 0x55, 0x2C, 0x7C, 0xFF, 0x5A, 0xD7, 0x0F, 0x7D,
    0x47, 0x1E, 0xD1, 0xEE, 0x9E, 0x55, 0x4A, 0x94, 0xCA, 0xF1, 0xB5, 0x51, 0x39, 0xF9, 0x20, 0x64,
    0x15, 0x5B, 0x82, 0x08, 0x56, 0x4B, 0x7E, 0xB5, 0x75, 0x8E, 0xD2, 0x4A, 0x6C, 0xF3, 0xE3, 0x44,
    0x92, 0x89, 0xBF, 0x9F, 0x60, 0x39, 0xEB, 0x59, 0xB7, 0x38, 0x74, 0xAF, 0x47, 0xD4, 0xEF, 0x08,
    0x62, 0x72, 0x5D, 0x50, 0xB3, 0x90, 0x79, 0xDD, 0xC8, 0x17, 0x26, 0x11, 0x9B, 0xE2, 0xAA, 0x23,
    0x67, 0xEF, 0x84, 0x01, 0x68, 0x2B, 0x9D, 0xE7, 0xAD, 0x28, 0x08, 0x3B, 0xD8, 0xF4, 0x98, 0xA9,
    0x14, 0x76, 0x8F, 0xBD, 0x73, 0x85, 0xA3, 0x19, 0xB0, 0xBF, 0xBA, 0xEC, 0x47, 0xB5, 0xFA, 0x7B,
    0x56, 0xC6, 0x7E, 0x45, 0xC1, 0x2B, 0xB1, 0xFA, 0x06, 0xEE, 0x5B, 0x72, 0x0E, 0x74, 0xDE, 0x6A,
    0x50, 0xF6, 0x9D, 0x8C, 0x05, 0x9D, 0x5C, 0xED, 0xD1, 0xDC, 0xA1, 0x42, 0xD8, 0x10, 0x0E, 0xB2,
    0xED, 0xFC, 0x84, 0xAB, 0x6B, 0x43, 0xB6, 0x10, 0xA3, 0xBA, 0xEB, 0x2D, 0xC9, 0x4A, 0xDE, 0xBF,
    0x49, 0xF0, 0x86, 0x9A, 0xDB, 0x69, 0xF2, 0x56, 0xCB, 0xCC, 0xEE, 0xD9, 0xDA, 0x21, 0x10, 0x41,
    0xB7, 0x1F, 0x27, 0x6C, 0xD8, 0x43, 0x98, 0x34, 0x7C, 0xE9, 0xED, 0x5B, 0x24, 0x2F, 0x7D, 0xDA,
    0x07, 0xD5, 0x37, 0xCA, 0xB0, 0x9B, 0x50, 0xBD, 0x7D, 0xE2, 0x29, 0x0B, 0xAA, 0xF7, 0x6B, 0x31,
    0x32, 0xD9, 0x96, 0xE5, 0xDF, 0xE0, 0x05, 0x50, 0x6F, 0xE9, 0x0D, 0xF6, 0x52, 0x4A, 0xC6, 0x50,
    0xA2, 0x21, 0xAD, 0x3B, 0xAC, 0x0B, 0xA3, 0x7A, 0xB3, 0x22, 0xB3, 0xAD, 0x33, 0xBA, 0xA2, 0xDE,
    0xC0, 0xA7, 0x38, 0xFE, 0x5A, 0xD7, 0x77, 0x2F, 0x22, 0x6B, 0x02, 0x0D, 0xAC, 0x44, 0xB6, 0x82,
    0xC2, 0x77, 0x30, 0x73, 0xC6, 0x84, 0x8F, 0x3F, 0xB1, 0x71, 0xC2, 0x8D, 0x10, 0x12, 0xF3, 0x84,
    0xD4, 0xFA, 0xCF, 0x67, 0x92, 0xBA, 0xED, 0x66, 0xE6, 0x87, 0xD3, 0x34, 0xED, 0x2F, 0x72, 0xCE,
    0x61, 0x9C, 0x87, 0xC0, 0x56, 0xE3, 0x7E, 0x46, 0x90, 0x09, 0x8C, 0x62, 0xC3, 0x14, 0x0D, 0x6B,
    0x1D, 0x3D, 0x90, 0xB5, 0x73, 0xA4, 0x8D, 0x5A, 0x9A, 0x32, 0x8D, 0x32, 0x5B, 0x2C, 0xF4, 0xB9,
    0x1B, 0x69, 0x14, 0x8B, 0x25, 0xF2, 0xC1, 0xC2, 0x40, 0x51, 0x34, 0xA0, 0x32, 0x09, 0xD5, 0x66,
    0x4B, 0x59, 0xF7, 0x16, 0x2F, 0x87, 0xAD, 0x9E, 0xC4, 0xAD, 0x2F, 0x67, 0x3C, 0x2F, 0x52, 0x89,
    0xCD, 0x0B, 0xC5, 0x41, 0xC6, 0x15, 0xEF, 0x7A, 0xE2, 0x65, 0x4F, 0xFB, 0xE1, 0x33, 0xC6, 0x99,
    0xF5, 0x32, 0xEF, 0x4A, 0x1E, 0xC9, 0xD7, 0xCB, 0xB8, 0xE6, 0x0F, 0x5E, 0x0B, 0xED, 0xCF, 0x79,
    0xD3, 0xA5, 0xD0, 0xBB, 0x89, 0x78, 0x10, 0x37, 0x6C, 0xB3, 0x16, 0xDC, 0xFD, 0xFF, 0x9A, 0xBB,
    0x7E, 0xD8, 0x38, 0xCE, 0xEC, 0xFE, 0xCD, 0x8E, 0xA8, 0xF1, 0x71, 0x63, 0x8F, 0x0B, 0xAD, 0x71,
    0x96, 0x6D, 0x4D, 0xE3, 0x42, 0xC7, 0xB3, 0x39, 0x8D, 0x0A, 0x15, 0x3B, 0x3B, 0x63, 0x39, 0x89,
    0x82, 0xA8, 0x10, 0x0B, 0xAD, 0x18, 0x58, 0x05, 0xAF, 0x48, 0x91, 0xC8, 0x48, 0xEC, 0xC2, 0x48,
    0x45, 0xEE, 0xAE, 0x6C, 0x20, 0x2A, 0x5C, 0x98, 0x85, 0x99, 0x26, 0x0D, 0x0B, 0x1D, 0x60, 0x93,
    0x06, 0xE8, 0x00, 0xC2, 0x41, 0x41, 0x48, 0xEE, 0x5A, 0x2E, 0x0C, 0xE4, 0x0A, 0xAD, 0x0D, 0x08,
    0x29, 0x0E, 0x41, 0x26, 0x77, 0x96, 0x73, 0xA7, 0x0B, 0xA0, 0xD1, 0x79, 0x25, 0x0F, 0xA9, 0xD9,
    0x9D, 0xBC, 0xDF, 0x7B, 0x6F, 0xF6, 0x9F, 0x48, 0x3B, 0x42, 0x9A, 0x48, 0xC5, 0x6F, 0xB8, 0x33,
    0xFB, 0xE7, 0x9B, 0xF9, 0xBE, 0xF7, 0xBD, 0xF7, 0x7D, 0xBF, 0xF7, 0x7B, 0xD1, 0x36, 0x27, 0xF9,
    0x1D, 0x95, 0x3C, 0x46, 0x56, 0x55, 0x38, 0x29, 0xFD, 0x3B, 0x08, 0xE5, 0x9E, 0x05, 0x65, 0x16,
    0x74, 0x32, 0x01, 0xB9, 0x52, 0x79, 0xFE, 0x27, 0xF5, 0x46, 0xFD, 0x43, 0x42, 0x2C, 0xC7, 0x65,
    0xF4, 0xDC, 0xA5, 0x24, 0xE2, 0x14, 0x21, 0xC2, 0xFE, 0x2A, 0xB6, 0xE8, 0xBA, 0xC8, 0xBE, 0x89,
    0xD2, 0xE5, 0x79, 0xEC, 0x28, 0xBA, 0x67, 0xC8, 0xDF, 0x08, 0x4A, 0x31, 0x4A, 0x9A, 0x03, 0xC3,
    0xCD, 0xFD, 0xB3, 0x8C, 0x79, 0x7E, 0xF5, 0x6E, 0x7B, 0x33, 0x9E, 0x5B, 0x7C, 0x70, 0x96, 0xC7,
    0x11, 0x9D, 0xBF, 0xDD, 0x58, 0x64, 0xC4, 0xF9, 0x11, 0xDE, 0xB9, 0xCA, 0x78, 0x29, 0xFF, 0x42,
    0xC7, 0xDD, 0x55, 0x60, 0xFB, 0x11, 0xAE, 0xBF, 0x18, 0xFF, 0xF5, 0x63, 0xD7, 0x1F, 0x84, 0x3F,
    0x55, 0x0C, 0xE9, 0xA1, 0x2C, 0x94, 0x5A, 0xC7, 0x9E, 0x1F, 0xEF, 0xEF, 0xB6, 0x92, 0x10, 0x6D,
    0xED, 0xEF, 0xD0, 0x27, 0x42, 0x7F, 0x7F, 0x6F, 0x1C, 0xA9, 0xDD, 0x36, 0xFB, 0x27, 0xF2, 0x28,
    0x5A, 0x45, 0x70, 0xC0, 0xFD, 0xDD, 0x70, 0x7F, 0xE7, 0xFE, 0xE5, 0xC8, 0x38, 0x4F, 0xA9, 0xBF,
    0x3F, 0xF7, 0xA0, 0xBE, 0xB4, 0xEA, 0xAA, 0x4A, 0x01, 0x3D, 0xEF, 0x33, 0xB1, 0xD4, 0xD5, 0x04,
    0xEB, 0x39, 0xA2, 0xFE, 0x5E, 0x62, 0xFF, 0x4C, 0xCF, 0x3F, 0x8E, 0xDF, 0xBC, 0xCB, 0xE7, 0x2F,
    0xE5, 0x37, 0xA5, 0x84, 0xD2, 0xE0, 0x5D, 0xBC, 0xDE, 0x7C, 0x24, 0xE7, 0x7F, 0x82, 0xEB, 0xAC,
    0xA5, 0xFF, 0xA6, 0xEB, 0xDF, 0xCC, 0xC5, 0xCB, 0xA6, 0x9F, 0x7A, 0xEF, 0x43, 0xC2, 0xCB, 0x17,
    0xE4, 0x73, 0xA4, 0x8F, 0x14, 0x68, 0xB5, 0x38, 0xD2, 0x1C, 0x76, 0x77, 0x94, 0x3F, 0x7F, 0x47,
    0x04, 0x63, 0x2C, 0xDD, 0x80, 0x67, 0x6A, 0x2C, 0xF3, 0x68, 0x31, 0xAE, 0x32, 0x13, 0x82, 0x7B,
    0x96, 0x67, 0x56, 0x66, 0xF7, 0xCC, 0x73, 0x0F, 0x2E, 0x94, 0x29, 0xFA, 0x89, 0x4A, 0x5D, 0x2C,
    0xA9, 0x79, 0x3D, 0x5B, 0xD2, 0xC2, 0x32, 0xFB, 0x97, 0x67, 0x7E, 0x43, 0xF0, 0x8E, 0xF3, 0x3E,
    0x58, 0x86, 0xF4, 0xCD, 0xE7, 0xE4, 0x2B, 0xDC, 0x72, 0x34, 0xB7, 0xB1, 0x6A, 0xC5, 0x27, 0xCA,
    0xD4, 0xE4, 0xFF, 0xFC, 0x32, 0x0E, 0xB7, 0x7E, 0x1B, 0x2C, 0xFE, 0x9A, 0x30, 0xCF, 0xAA, 0x25,
    0xC2, 0xB9, 0xAD, 0xDF, 0x32, 0x1A, 0x9C, 0x9F, 0x44, 0x7D, 0xFD, 0x13, 0xC1, 0xB7, 0xE4, 0xFA,
    0x66, 0xFE, 0x35, 0x9F, 0x6F, 0xDE, 0x8B, 0x6A, 0x9B, 0x84, 0x2F, 0x0F, 0xAF, 0x23, 0x8C, 0xAD,
    0x03, 0xF1, 0xA7, 0xDD, 0x4D, 0xC6, 0xB0, 0xD3, 0xEE, 0x98, 0xA3, 0xD1, 0xCB, 0x15, 0x24, 0xDA,
    0x44, 0x4C, 0xB1, 0x15, 0x36, 0x89, 0x2C, 0xDB, 0xA6, 0x45, 0x1C, 0xBE, 0x5B, 0x1C, 0xD0, 0xB8,
    0xD2, 0x08, 0xBC, 0xAB, 0x07, 0xF6, 0x57, 0x05, 0xA5, 0xBF, 0x34, 0xE4, 0xF6, 0x63, 0xF5, 0x36,
    0x2D, 0x3C, 0x85, 0xB4, 0xD0, 0xF2, 0x4F, 0x29, 0xB8, 0xE2, 0xD9, 0x03, 0xE1, 0x96, 0xEC, 0x21,
    0xD3, 0x64, 0x2B, 0x29, 0xAA, 0xEC, 0xED, 0xD4, 0x78, 0xBE, 0x70, 0xA5, 0x08, 0x19, 0x1F, 0x6C,
    0x17, 0x07, 0x29, 0x9B, 0x14, 0xB7, 0x90, 0x6F, 0x72, 0x39, 0x45, 0x85, 0x0F, 0x5C, 0xA1, 0x3E,
    0xBA, 0xCC, 0xD5, 0xC4, 0x5A, 0x2B, 0x99, 0xF0, 0x0A, 0xBB, 0x1D, 0x0E, 0x6A, 0x4F, 0x83, 0xE8,
    0x76, 0xA5, 0x63, 0xC2, 0xC1, 0x18, 0x63, 0xCA, 0x79, 0x38, 0x28, 0x26, 0xEE, 0x70, 0x2F, 0x9A,
    0xA9, 0x6F, 0xD2, 0x7B, 0x25, 0x11, 0x1B, 0xF2, 0xCB, 0x6F, 0x71, 0x1C, 0x73, 0x84, 0x03, 0x97,
    0x91, 0x58, 0x03, 0xEB, 0x80, 0xB2, 0x77, 0xA2, 0x94, 0x76, 0x7C, 0x3B, 0x7B, 0x0F, 0xE9, 0x54,
    0x32, 0x78, 0x6D, 0x06, 0xCD, 0x5F, 0x30, 0xAF, 0xBA, 0x3A, 0x4F, 0xBB, 0xC3, 0xF9, 0xBA, 0x28,
    0x68, 0x50, 0x70, 0x6F, 0xE0, 0x30, 0x80, 0x5B, 0x87, 0x04, 0x6B, 0x70, 0x0F, 0xB0, 0x16, 0x07,
    0xE4, 0x02, 0xC6, 0x10, 0xDB, 0x0A, 0x05, 0xB1, 0x46, 0xC6, 0xB9, 0x3C, 0x0E, 0xAF, 0x19, 0x3A,
    0xB1, 0xC5, 0x95, 0x37, 0xE8, 0xD5, 0x5D, 0x16, 0xC7, 0xE3, 0xC5, 0xDB, 0x1A, 0xB8, 0xC5, 0xF4,
    0x58, 0x6A, 0x2C, 0xB5, 0x9B, 0x98, 0x1A, 0xDC, 0x14, 0x8B, 0xE6, 0x96, 0x2B, 0xD2, 0x06, 0x6D,
    0xBD, 0xD7, 0x19, 0x48, 0x65, 0x06, 0x7A, 0x08, 0x1B, 0x1B, 0x79, 0xB6, 0xAC, 0xCF, 0xED, 0x65,
    0x63, 0x9E, 0x23, 0xF3, 0x3F, 0xA5, 0x47, 0xFD, 0x94, 0x16, 0x4E, 0xCB, 0x99, 0x3A, 0xF6, 0x26,
    0xEA, 0x35, 0xC5, 0x65, 0xE6, 0x94, 0x95, 0x52, 0x27, 0xDF, 0x44, 0x7B, 0x77, 0x2D, 0x89, 0xBB,
    0x42, 0x8D, 0xBF, 0x9E, 0x7A, 0xBC, 0xEE, 0xFA, 0x24, 0xCE, 0xE8, 0x62, 0x3F, 0x2F, 0x66, 0xA5,
    0xCD, 0x41, 0x81, 0x72, 0xBE, 0xD2, 0xD0, 0xEB, 0xE6, 0xFF, 0x8F, 0xD8, 0x16, 0xB4, 0x73, 0xA1,
    0x75, 0xBA, 0x5F, 0xF6, 0xD5, 0x39, 0x0B, 0xF7, 0x7F, 0xBE, 0xB1, 0x99, 0xAD, 0x08, 0xC7, 0xF1,
    0xE0, 0x76, 0x53, 0x47, 0x72, 0xD4, 0x01, 0x72, 0x25, 0xF6, 0x13, 0xAF, 0x0D, 0x3D, 0x2D, 0x53,
    0x6C, 0x2A, 0x7A, 0xE7, 0x65, 0xED, 0xEA, 0x47, 0xAE, 0xAE, 0x61, 0xCD, 0xC0, 0xC1, 0x5A, 0x38,
    0xC0, 0x91, 0x7A, 0x1B, 0x48, 0x9D, 0x8A, 0x1D, 0xBB, 0xE6, 0x40, 0x1C, 0x3D, 0x42, 0x9F, 0xEB,
    0xAE, 0xCC, 0xAB, 0x23, 0x48, 0x66, 0x37, 0x11, 0xB4, 0x14, 0x4D, 0x4B, 0xD1, 0x1C, 0x82, 0x73,
    0x9B, 0x22, 0xB5, 0x82, 0xEE, 0x8E, 0xFD, 0x19, 0x7F, 0x9F, 0xFA, 0xE2, 0xA3, 0x9E, 0x2A, 0x28,
    0x20, 0x43, 0xDF, 0xBA, 0xD0, 0xD6, 0xFB, 0x5D, 0x95, 0xE7, 0x8D, 0x35, 0x2E, 0xAB, 0x5E, 0x1F,
    0x55, 0xF8, 0x2E, 0x8B, 0x26, 0x56, 0xE4, 0x75, 0x05, 0x9D, 0xD4, 0x88, 0xBB, 0xDA, 0x9E, 0xCA,
    0xF0, 0x99, 0x99, 0x0E, 0x86, 0x26, 0x16, 0x29, 0xB3, 0xCA, 0x05, 0x5F, 0x39, 0x83, 0x72, 0xAB,
    0xDA, 0x7D, 0x4D, 0x4A, 0x0D, 0xB4, 0x42, 0x27, 0xB9, 0x4D, 0xAC, 0xDD, 0x12, 0xA0, 0xBD, 0x9C,
    0x53, 0x2C, 0x7B, 0x2E, 0x28, 0x8D, 0x25, 0xA9, 0xC5, 0x4C, 0x70, 0x27, 0x4C, 0x67, 0x2E, 0xB7,
    0xC1, 0xB0, 0xD6, 0x3D, 0x5A, 0xC2, 0xFD, 0x7F, 0xC4, 0x9E, 0x2C, 0xF9, 0x43, 0xE8, 0xDF, 0xC2,
    0xEC, 0xB5, 0xD4, 0xD5, 0x2F, 0x3F, 0x4A, 0xB5, 0xBD, 0xED, 0x0F, 0xA9, 0x17, 0xFD, 0x55, 0x5B,
    0x02, 0x81, 0xAC, 0xCA, 0xD1, 0x39, 0x57, 0xBC, 0x34, 0xA3, 0x35, 0xF5, 0x17, 0x22, 0x8C, 0xE7,
    0x8B, 0x6D, 0x2E, 0x43, 0x4A, 0x33, 0xCF, 0x1E, 0xD8, 0x08, 0xE1, 0xFE, 0x87, 0xBC, 0xE7, 0x16,
    0x68, 0x47, 0x99, 0x2C, 0x02, 0x76, 0xE4, 0x50, 0xD6, 0x53, 0xA8, 0x76, 0x2F, 0xD4, 0x7E, 0xBC,
    0xC2, 0x94, 0xA6, 0x81, 0xA8, 0x74, 0xCE, 0xED, 0x0A, 0x9A, 0x79, 0x51, 0xEB, 0x1C, 0xC3, 0x54,
    0x51, 0x56, 0xD1, 0xE7, 0x2D, 0xC5, 0x52, 0x22, 0x68, 0xC7, 0x82, 0xE5, 0xAE, 0xA0, 0xCB, 0x82,
    0x38, 0x26, 0x3F, 0x27, 0xD4, 0x6C, 0xB8, 0x77, 0xA8, 0xD2, 0xFB, 0x65, 0x31, 0x9E, 0xB1, 0xBB,
    0x80, 0xF6, 0x4A, 0xBF, 0x3E, 0xC6, 0xFD, 0xFA, 0xE3, 0xA9, 0xF1, 0x6C, 0xC9, 0x6A, 0xEE, 0x73,
    0x79, 0x87, 0x62, 0xB7, 0x4D, 0xCE, 0x15, 0x43, 0x1D, 0xB6, 0xC1, 0x87, 0x30, 0xF6, 0x7B, 0x0B,
    0xC2, 0x9D, 0xEC, 0x69, 0xFB, 0x7B, 0x6A, 0x02, 0x8A, 0x45, 0xD0, 0x3D, 0xED, 0x2F, 0x45, 0xE5,
    0xA8, 0x42, 0x31, 0x98, 0x17, 0x96, 0xE7, 0x3E, 0x92, 0x0D, 0x8D, 0x66, 0xDF, 0x4A, 0x50, 0x36,
    0x94, 0xF0, 0x0F, 0x29, 0xAF, 0xB9, 0x97, 0x92, 0x36, 0x3F, 0x67, 0x3B, 0xF6, 0x7E, 0xD5, 0x65,
    0x84, 0xFA, 0xA9, 0x09, 0x9C, 0x2E, 0xF3, 0x1D, 0x51, 0xD4, 0x00, 0xCF, 0x30, 0x70, 0x5B, 0xEE,
    0xA3, 0x84, 0x75, 0xEB, 0x9B, 0xEF, 0x52, 0xCF, 0x09, 0x1A, 0x4E, 0x1F, 0x92, 0xD1, 0xC1, 0xB2,
    0x9F, 0xC0, 0xD4, 0xED, 0x1C, 0x81, 0x0C, 0x90, 0x71, 0x34, 0x4D, 0xC3, 0xFB, 0xFD, 0x9E, 0x84,
    0x76, 0xBC, 0x04, 0xD5, 0x26, 0x3B, 0xF6, 0x82, 0x56, 0xCC, 0x34, 0x6F, 0x4C, 0x8C, 0xE7, 0x62,
    0x62, 0x2F, 0x15, 0x79, 0x62, 0xA5, 0x54, 0x59, 0x3F, 0x66, 0x57, 0xE9, 0x5A, 0xC6, 0x7F, 0x4F,
    0xE7, 0x2E, 0x90, 0xB2, 0x76, 0xD4, 0x02, 0x0C, 0x85, 0x7A, 0x4B, 0xC5, 0x0D, 0x70, 0x8A, 0x75,
    0xCF, 0x82, 0x72, 0x4C, 0xEE, 0x62, 0x64, 0x78, 0x5A, 0x6B, 0xFF, 0x06, 0x75, 0xF1, 0x50, 0x64,
    0xFE, 0xD7, 0xD8, 0xBA, 0xC8, 0x4D, 0xF9, 0xDB, 0x98, 0xF5, 0x00, 0x8D, 0xFF, 0x79, 0xCC, 0xE9,
    0x45, 0xA6, 0x6D, 0xC7, 0x78, 0x9F, 0x6B, 0x67, 0x74, 0x07, 0x30, 0x2F, 0x78, 0xB1, 0xCD, 0xA9,
    0x06, 0x2E, 0xAB, 0x48, 0x9D, 0xC6, 0xDC, 0xA5, 0x96, 0xC2, 0x35, 0x3F, 0x7C, 0xE0, 0x6B, 0x25,
    0x43, 0x4C, 0x6B, 0xDC, 0xB6, 0x27, 0x9E, 0xD6, 0x46, 0xFE, 0xFD, 0x28, 0x6E, 0xF5, 0x75, 0xA4,
    0x7B, 0x3A, 0xD5, 0x39, 0xC5, 0x34, 0x97, 0xE9, 0x9E, 0x6A, 0x43, 0xF1, 0xE4, 0x1C, 0xDC, 0xF9,
    0x6B, 0x23, 0xCE, 0x91, 0xA5, 0x91, 0x53, 0x59, 0x52, 0xAC, 0xA0, 0x28, 0x47, 0xDD, 0xB4, 0x72,
    0xC1, 0xB0, 0x9A, 0x5F, 0xB3, 0x8F, 0x2A, 0xD8, 0x06, 0xE8, 0xA4, 0x52, 0x78, 0x52, 0x04, 0x03,
    0x02, 0x2D, 0xA5, 0x13, 0xF0, 0x8E, 0xB2, 0x91, 0xC8, 0x85, 0xB1, 0x94, 0xF9, 0x6C, 0x26, 0xBC,
    0x04, 0xD1, 0x59, 0x40, 0x86, 0x0D, 0xD1, 0x59, 0x80, 0xBD, 0x67, 0x72, 0xB4, 0xE0, 0xB1, 0x72,
    0x75, 0xEA, 0xA7, 0x79, 0x8B, 0xA2, 0xA4, 0x66, 0xC0, 0x95, 0x3C, 0x75, 0xBA, 0x02, 0xC2, 0x7C,
    0x5B, 0x59, 0x43, 0xCC, 0x40, 0x7A, 0x52, 0xEE, 0xC0, 0xFA, 0xF8, 0x58, 0x88, 0x28, 0xD2, 0x29,
    0x47, 0x42, 0x41, 0x77, 0xBB, 0x82, 0xA0, 0x10, 0x33, 0x25, 0xBD, 0xAF, 0x18, 0x2A, 0xBA, 0xE7,
    0x24, 0x65, 0xE0, 0x48, 0xB9, 0x30, 0xF3, 0x8B, 0x77, 0xC4, 0xCC, 0xCB, 0xF9, 0x29, 0xA4, 0xE1,
    0x3F, 0x81, 0x95, 0xC6, 0xEC, 0xE6, 0x5D, 0xDC, 0xAF, 0x79, 0x75, 0x07, 0x86, 0x28, 0xEB, 0x78,
    0x62, 0xFE, 0x05, 0x5B, 0x82, 0xBE, 0x11, 0x6C, 0x28, 0x66, 0x8C, 0x35, 0xFE, 0x85, 0xD4, 0xE1,
    0xCE, 0x74, 0x45, 0xCF, 0x24, 0xE6, 0x3A, 0x97, 0x9E, 0x4E, 0x6F, 0x4D, 0x90, 0x25, 0xA8, 0xDD,
    0x63, 0xD3, 0xDB, 0xF1, 0xAD, 0xFD, 0x89, 0x82, 0x2B, 0x2A, 0xA8, 0x23, 0x66, 0xDE, 0x9F, 0x36,
    0xF7, 0xF9, 0x94, 0xB9, 0xFF, 0xD1, 0xF4, 0x3B, 0x2B, 0xE3, 0xE6, 0xBE, 0xA7, 0xE6, 0xBE, 0xD7,
    0xC6, 0xFD, 0xF2, 0xD9, 0xDC, 0x33, 0xC2, 0xDC, 0x77, 0x04, 0x1D, 0xC5, 0xB2, 0xA2, 0xDB, 0x52,
    0x8C, 0x7C, 0x2E, 0xA8, 0xEC, 0xD3, 0xFF, 0xEB, 0x28, 0x18, 0x2A, 0x48, 0xBE, 0x8D, 0x4F, 0x26,
    0x27, 0xA0, 0x87, 0xEE, 0xFD, 0x43, 0xC2, 0xCF, 0xD9, 0xA5, 0xFB, 0x5D, 0x3B, 0x81, 0x6D, 0xAA,
    0xC7, 0xCD, 0x7D, 0x4B, 0xCC, 0x7D, 0xF1, 0x9C, 0xD5, 0xDC, 0xF7, 0xC6, 0x87, 0xFF, 0x4F, 0x8A,
    0x29, 0x38, 0x54, 0xF1, 0x73, 0xAD, 0xB6, 0xBE, 0x53, 0x82, 0x8A, 0x20, 0x75, 0xE1, 0xD0, 0x2E,
    0x86, 0xFF, 0xCD, 0x4D, 0x91, 0x73, 0x74, 0x3A, 0xBA, 0x4A, 0x43, 0xCE, 0x4D, 0xF7, 0x64, 0xB1,
    0xDC, 0xB3, 0x52, 0xB8, 0x6F, 0x2B, 0xC5, 0x80, 0xC1, 0x01, 0x0D, 0xFF, 0x5D, 0x8A, 0x75, 0x17,
    0x30, 0xFC, 0xA5, 0x6F, 0x1C, 0xDF, 0x52, 0xBE, 0x28, 0x93, 0xA2, 0x56, 0x8A, 0xD2, 0x45, 0x87,
    0x1D, 0x90, 0x39, 0xDA, 0xC5, 0x97, 0x8A, 0x58, 0x5F, 0x7F, 0xFC, 0xE0, 0xF0, 0x77, 0x21, 0xC2,
    0x5D, 0xD1, 0xE1, 0xCF, 0x07, 0x3C, 0xFC, 0x57, 0x78, 0xD5, 0x72, 0x7A, 0xF8, 0x3F, 0x73, 0xE0,
    0xF0, 0x47, 0xB6, 0x00, 0xB8, 0x1A, 0xCE, 0xCD, 0x2E, 0x7B, 0xA4, 0x0E, 0x54, 0x31, 0x30, 0xE4,
    0x3B, 0xBB, 0xEC, 0xED, 0x38, 0x98, 0x23, 0x40, 0x7A, 0xE9, 0x90, 0x0F, 0xD8, 0x98, 0x81, 0x72,
    0x0A, 0xB5, 0xD1, 0x93, 0x6E, 0x7B, 0xA4, 0xA8, 0x7B, 0xC3, 0x24, 0x3F, 0xB9, 0x1B, 0x59, 0xC1,
    0x6D, 0x91, 0x21, 0xFC, 0xE8, 0x3F, 0x10, 0x24, 0x99, 0xD2, 0x77, 0x5F, 0xC0, 0x34, 0x1A, 0xE7,
    0xDF, 0x6E, 0xCA, 0x4E, 0xF4, 0xD5, 0x0E, 0x4B, 0x7A, 0xFA, 0x4E, 0x87, 0x8B, 0x9C, 0x34, 0x1C,
    0x29, 0x24, 0x9C, 0x39, 0x1D, 0x9A, 0xE9, 0x7C, 0x72, 0x72, 0x71, 0xEF, 0x7D, 0xB7, 0xCB, 0x54,
    0x30, 0xDF, 0x6F, 0x91, 0xF7, 0x46, 0xE7, 0x9F, 0x11, 0xAF, 0xCE, 0x37, 0x13, 0xDE, 0x26, 0xF8,
    0x36, 0xCC, 0xAC, 0xF8, 0x66, 0xA0, 0x75, 0xC6, 0x26, 0xBB, 0xFF, 0xF4, 0x2C, 0x68, 0x71, 0xA2,
    0xFA, 0x05, 0xE6, 0x1A, 0xB3, 0xFE, 0x7C, 0x82, 0x32, 0x75, 0x3B, 0xA8, 0x51, 0x20, 0x9A, 0x8B,
    0xBB, 0x8A, 0x7E, 0xB4, 0xC7, 0x9B, 0x0D, 0x4F, 0x0F, 0x19, 0xD3, 0x7C, 0x9D, 0xD1, 0x6D, 0xE4,
    0x69, 0xA4, 0x61, 0xCE, 0xD7, 0x15, 0x48, 0x13, 0x61, 0xCA, 0x77, 0x98, 0x66, 0xF9, 0xA3, 0x98,
    0x2E, 0x08, 0xDD, 0x6E, 0x93, 0xFF, 0x2E, 0xED, 0xF7, 0x65, 0xF6, 0x6F, 0xC7, 0x82, 0x1E, 0x67,
    0xC2, 0xA4, 0x96, 0xCD, 0xF5, 0x0F, 0xF7, 0xDA, 0x11, 0xCE, 0x97, 0xE8, 0x71, 0x51, 0x48, 0x33,
    0x6F, 0x8B, 0xF0, 0x66, 0xC8, 0x1C, 0xFF, 0xA8, 0xA4, 0xA4, 0x41, 0xF7, 0xA1, 0x7A, 0xB3, 0x51,
    0x73, 0x7F, 0xED, 0xF2, 0xC6, 0xE1, 0xC3, 0x9D, 0xD5, 0x0B, 0x9F, 0x11, 0x4F, 0x96, 0x65, 0xF9,
    0x4A, 0x10, 0xED, 0xE3, 0x91, 0x80, 0xD2, 0x51, 0x92, 0x2D, 0x17, 0x49, 0xB6, 0x15, 0xBE, 0x27,
    0xD6, 0x32, 0xC5, 0x1B, 0x6C, 0xAC, 0x8C, 0x65, 0x0D, 0x83, 0x3A, 0x59, 0xBC, 0x99, 0xDE, 0xFE,
    0x93, 0xD9, 0x4F, 0x14, 0x31, 0x73, 0x3D, 0x98, 0xDD, 0x62, 0xFA, 0xE9, 0xC7, 0x45, 0x47, 0x86,
    0xCC, 0xF7, 0xD1, 0xE2, 0x15, 0x23, 0x99, 0xAD, 0x5C, 0x9B, 0x6B, 0x50, 0xF0, 0x1D, 0xEF, 0xB5,
    0xE4, 0xC0, 0x3F, 0xA7, 0xE5, 0xBB, 0x1A, 0x9C, 0xB2, 0xE4, 0xE2, 0xB9, 0xB4, 0xF9, 0xC0, 0x4D,
    0x94, 0x11, 0xD7, 0x96, 0x6C, 0x53, 0xFF, 0x8C, 0x88, 0xA8, 0x5A, 0x79, 0xDC, 0xE5, 0x15, 0x6A,
    0xE7, 0x61, 0xB1, 0x55, 0xD7, 0x69, 0xFE, 0x4E, 0xBA, 0xBF, 0xAA, 0x6C, 0x99, 0x97, 0x64, 0x31,
    0x56, 0xBA, 0xFF, 0xB0, 0x98, 0x18, 0xD6, 0x79, 0x78, 0x61, 0xFF, 0x12, 0xCA, 0x98, 0x52, 0x6C,
    0x43, 0x51, 0x8D, 0x8B, 0xA5, 0xB5, 0x3D, 0x9A, 0x12, 0x7A, 0xA5, 0x9F, 0xF3, 0xA6, 0x48, 0xA6,
    0x93, 0x5A, 0x43, 0xF1, 0xC7, 0x8A, 0xEA, 0x4C, 0x8F, 0x98, 0x08, 0x15, 0x2C, 0xAA, 0x5E, 0x28,
    0x3C, 0x87, 0x76, 0x36, 0x89, 0x74, 0x9B, 0x71, 0xDE, 0x88, 0x1E, 0x06, 0x39, 0x4D, 0x55, 0x74,
    0xA7, 0x2D, 0x60, 0x8F, 0xC3, 0xC2, 0x1F, 0xC6, 0xE2, 0x7D, 0x82, 0xAA, 0x82, 0x36, 0xEC, 0x0E,
    0xDF, 0x8C, 0xBA, 0xC3, 0x01, 0xC1, 0xCD, 0xEA, 0x01, 0xA9, 0xF1, 0xCB, 0x58, 0xE8, 0x38, 0xC2,
    0x2D, 0xCB, 0xB8, 0x2A, 0x3B, 0x3A, 0x01, 0xF3, 0xCF, 0x24, 0x8B, 0x82, 0x9D, 0x74, 0x2B, 0xAB,
    0x2C, 0xA2, 0xDC, 0xF7, 0x68, 0xD6, 0xF7, 0x87, 0xC1, 0xEC, 0x28, 0xA8, 0xB3, 0xB8, 0xD5, 0xBC,
    0x5D, 0xA3, 0xD8, 0xEC, 0x4F, 0x22, 0x39, 0x7D, 0xD3, 0x78, 0xE7, 0xD2, 0xED, 0x4B, 0x9D, 0x09,
    0xE7, 0x5E, 0x89, 0x98, 0xBC, 0xB9, 0x10, 0x28, 0xA7, 0x2D, 0x50, 0xA3, 0x1D, 0xA8, 0x37, 0x16,
    0x68, 0xEF, 0x09, 0x38, 0x66, 0xA6, 0x1B, 0x7C, 0x85, 0x3D, 0x50, 0x27, 0xEF, 0xA5, 0xEA, 0xFC,
    0x7F, 0x8D, 0xD9, 0xA0, 0x39, 0x9C, 0x0D, 0x4C, 0x7B, 0x9A, 0x28, 0x86, 0x89, 0x80, 0x26, 0xB5,
    0x13, 0x40, 0x08, 0x9D, 0xD8, 0x52, 0xBC, 0xA4, 0xC6, 0x6B, 0xD2, 0xA9, 0x69, 0x30, 0x91, 0xB3,
    0xAF, 0xF5, 0x09, 0x43, 0x25, 0x88, 0xBE, 0x28, 0x31, 0xD9, 0x68, 0xB1, 0xDE, 0x8E, 0x26, 0x63,
    0xBB, 0x19, 0x3C, 0xDF, 0x05, 0x55, 0x24, 0x48, 0xC3, 0x7E, 0x81, 0x4A, 0x8C, 0x47, 0x22, 0x85,
    0xA0, 0x10, 0xE3, 0x03, 0x51, 0x06, 0xE7, 0x59, 0xD1, 0xD3, 0x59, 0xD1, 0xA3, 0x07, 0x82, 0x20,
    0x08, 0x04, 0xF9, 0x00, 0xA9, 0xBA, 0xC0, 0x32, 0x99, 0x87, 0xB5, 0x54, 0x67, 0x41, 0x9A, 0x15,
    0x9F, 0x31, 0xBC, 0x78, 0xDC, 0xEC, 0xA8, 0x8A, 0xBE, 0xCC, 0x82, 0x5E, 0xAC, 0xED, 0x8E, 0x84,
    0x30, 0xFB, 0xAA, 0x06, 0x3D, 0xDC, 0xE1, 0x87, 0xC6, 0x6F, 0x86, 0x27, 0xF3, 0x99, 0x37, 0xD1,
    0xDF, 0x1D, 0x2E, 0x7F, 0xEE, 0xC6, 0x14, 0xC4, 0x77, 0x65, 0x48, 0xB2, 0x1E, 0x4A, 0x5F, 0x31,
    0x94, 0xDF, 0x6F, 0x5E, 0xF4, 0x87, 0xE3, 0xBF, 0xD9, 0x57, 0xC1, 0xE3, 0x7B, 0x32, 0x01, 0xFF,
    0xD7, 0x2F, 0xF9, 0x09, 0x34, 0x5F, 0xFF, 0x8C, 0x19, 0x94, 0x99, 0xDD, 0x69, 0xB6, 0xC2, 0x7E,
    0x18, 0xDB, 0x9D, 0x72, 0x16, 0xF6, 0x6B, 0x6B, 0xF5, 0x7A, 0x84, 0x59, 0x5D, 0x62, 0x85, 0xC0,
    0x6C, 0xEC, 0x6F, 0xB1, 0x4A, 0xB9, 0x95, 0xB8, 0x6B, 0x91, 0xDC, 0x0F, 0xB2, 0xDD, 0xB8, 0x1F,
    0xB3, 0x9B, 0x5D, 0xBE, 0x0F, 0xC2, 0xED, 0xF4, 0x5A, 0xAC, 0xC0, 0x81, 0xF0, 0x1A, 0x44, 0x5D,
    0x27, 0x33, 0x15, 0x0F, 0x89, 0x23, 0x31, 0xDB, 0x97, 0xE6, 0xBF, 0x92, 0x79, 0xF9, 0xE8, 0x09,
    0xDB, 0x3D, 0xDA, 0xB5, 0x29, 0xE9, 0x6E, 0x0D, 0xDC, 0x7C, 0xAC, 0xF4, 0x42, 0xD1, 0x0E, 0x2A,
    0xD0, 0xE4, 0xF5, 0x38, 0x09, 0xC4, 0x1B, 0xFC, 0x96, 0xC7, 0x72, 0x9E, 0x0E, 0xBD, 0x62, 0xF7,
    0x79, 0xCB, 0xC8, 0xB0, 0x9D, 0x6E, 0x62, 0x33, 0x8A, 0xAE, 0x6C, 0x78, 0x4C, 0x18, 0x37, 0xC7,
    0x8E, 0x6F, 0xDD, 0x5D, 0x87, 0x77, 0xCB, 0xCE, 0x2E, 0xEE, 0xCD, 0x38, 0x6A, 0xA2, 0x4C, 0x32,
    0xC2, 0xE2, 0x75, 0xF3, 0x6C, 0xB9, 0xF3, 0x2C, 0x70, 0xB9, 0xFC, 0x19, 0x07, 0xBD, 0x69, 0xB9,
    0xB3, 0xC3, 0x41, 0x12, 0xBB, 0x47, 0x01, 0xD4, 0x86, 0x69, 0x14, 0x06, 0x5E, 0xAB, 0xDC, 0x71,
    0x62, 0x10, 0xF2, 0x28, 0x3C, 0x22, 0xEF, 0xE7, 0x29, 0xC4, 0x4C, 0x91, 0x05, 0x6E, 0xCE, 0x13,
    0x78, 0x3F, 0x47, 0xB8, 0x30, 0xF0, 0x66, 0xE4, 0x09, 0xF5, 0xB2, 0x23, 0xB5, 0x48, 0xDA, 0xF0,
    0x72, 0x4B, 0x2D, 0x24, 0x66, 0xD1, 0x0C, 0xB8, 0x87, 0x5D, 0x4E, 0x6A, 0x7B, 0x7B, 0x30, 0x6E,
    0x95, 0xE9, 0x7D, 0xF9, 0xDD, 0x55, 0x4D, 0x20, 0xC0, 0xC8, 0x20, 0x67, 0x77, 0x31, 0x16, 0xE7,
    0xD6, 0x8E, 0xEB, 0x75, 0xC1, 0xF6, 0xC0, 0xDE, 0xDF, 0xDC, 0xDF, 0x04, 0xCA, 0x75, 0x34, 0x8A,
    0xF0, 0x3A, 0x88, 0xF1, 0x53, 0x58, 0x9C, 0xFF, 0xA1, 0xEB, 0x08, 0x17, 0xBB, 0xA6, 0x41, 0xF8,
    0x55, 0x4E, 0x81, 0xE1, 0x57, 0xAB, 0x56, 0x6B, 0xC3, 0xB8, 0x5F, 0xA5, 0x85, 0x7D, 0xBB, 0x53,
    0xAF, 0xBF, 0xF1, 0xC9, 0x8A, 0x32, 0xEE, 0x28, 0x66, 0x82, 0xDD, 0x9E, 0x10, 0x9A, 0x74, 0x54,
    0x6F, 0x02, 0xC8, 0x6E, 0x0D, 0x3F, 0xEF, 0x59, 0xD4, 0xCF, 0x59, 0xB7, 0x7B, 0xEA, 0xBE, 0xF4,
    0x8F, 0x4B, 0x22, 0x5C, 0xB1, 0x68, 0x75, 0xA2, 0xB0, 0x67, 0x25, 0xBC, 0xDE, 0xD2, 0x76, 0xC3,
    0x9E, 0x89, 0x9D, 0x32, 0x90, 0x16, 0x73, 0x3A, 0xCD, 0x7C, 0x12, 0xC9, 0x7A, 0xDC, 0xE6, 0xF3,
    0xBE, 0x5E, 0xEF, 0x97, 0x36, 0xDA, 0xFB, 0x92, 0x18, 0xC6, 0xEE, 0x90, 0xAF, 0xF9, 0x7B, 0xE4,
    0xCB, 0x7F, 0x77, 0x8B, 0xDD, 0x20, 0xF7, 0x8B, 0x9B, 0x19, 0x13, 0xF0, 0x1C, 0x28, 0x1F, 0xF9,
    0xA5, 0x0C, 0x0A, 0xAD, 0xE4, 0x56, 0xC5, 0x0E, 0x2C, 0x8B, 0xEF, 0x82, 0xBC, 0xC0, 0x5E, 0x2E,
    0x2F, 0x3A, 0xD2, 0x73, 0xB6, 0xB8, 0x5B, 0x36, 0xEF, 0x44, 0xF5, 0x8B, 0x1F, 0x89, 0x42, 0xE0,
    0x30, 0x9A, 0xF9, 0x7A, 0xAC, 0xD9, 0xC7, 0x6C, 0x69, 0x77, 0xCD, 0x96, 0x76, 0xAF, 0xB0, 0x5B,
    0x14, 0x1B, 0xE8, 0xE1, 0x60, 0x7C, 0xCB, 0xEF, 0xEB, 0x97, 0x94, 0xB0, 0x4E, 0xED, 0x82, 0x9D,
    0xFB, 0x23, 0x57, 0x45, 0xCB, 0xC0, 0xB0, 0x17, 0x1B, 0x61, 0x2B, 0x23, 0x77, 0x11, 0x8B, 0x98,
    0xC3, 0xF9, 0x4D, 0x17, 0xE9, 0x74, 0x8E, 0x2D, 0x90, 0xFA, 0xAF, 0x44, 0x0D, 0x81, 0x26, 0x08,
    0x05, 0x48, 0xD4, 0xC0, 0xA2, 0x8D, 0x26, 0x10, 0x1D, 0x8E, 0xC2, 0x62, 0x1C, 0xBD, 0x4F, 0xB0,
    0x1D, 0xE9, 0x62, 0xA5, 0x2E, 0x5E, 0x7D, 0x99, 0xAF, 0x99, 0xCA, 0xC5, 0x4F, 0x42, 0x5D, 0x5C,
    0x7A, 0x65, 0xDA, 0xBB, 0x1F, 0xFD, 0x7B, 0x15, 0x2A, 0x15, 0x33, 0x9A, 0x3A, 0xEE, 0x23, 0xEB,
    0x1C, 0x2E, 0x4F, 0x57, 0x58, 0x04, 0x76, 0x72, 0x7C, 0x93, 0x1E, 0xEC, 0x35, 0x93, 0xA9, 0x3D,
    0x6B, 0xE8, 0xF3, 0x3F, 0x39, 0xB6, 0x99, 0xAD, 0xE9, 0xB4, 0x6D, 0x91, 0x59, 0x2E, 0x88, 0x6C,
    0xCC, 0x0A, 0x26, 0xB7, 0x8E, 0x7D, 0xB3, 0x02, 0x45, 0xA0, 0x61, 0x80, 0xC3, 0x01, 0xEB, 0xFE,
    0xCF, 0xEB, 0xEB, 0x23, 0xDC, 0x43, 0x39, 0x13, 0xC2, 0xE2, 0xBA, 0x07, 0xFA, 0xF7, 0xF4, 0x75,
    0x5A, 0xFE, 0x44, 0xF0, 0xF1, 0xE8, 0xA6, 0xF9, 0x3B, 0xEA, 0xEF, 0x37, 0xC6, 0x9E, 0x3B, 0xF5,
    0xF7, 0xFD, 0xF5, 0xC9, 0xA6, 0xFF, 0x0D, 0xDB, 0xE5, 0x37, 0xA8, 0xA3, 0x1D, 0xE5, 0xC5, 0xE6,
    0x55, 0x24, 0x63, 0xDE, 0x5D, 0xA3, 0xD1, 0x4F, 0xF6, 0x2D, 0x3A, 0x8E, 0x96, 0xE5, 0xA5, 0xC4,
    0xE5, 0x04, 0xFA, 0x56, 0xAF, 0x8C, 0x82, 0x32, 0xB3, 0x66, 0xD9, 0xF9, 0x4C, 0xEA, 0x5F, 0xD8,
    0x9F, 0xC7, 0xB2, 0xDB, 0xC3, 0xFB, 0x20, 0xA6, 0x81, 0xE7, 0x89, 0xA8, 0x9D, 0x85, 0xAF, 0xFA,
    0xCE, 0x3E, 0xDD, 0xA7, 0x88, 0xE6, 0x33, 0x21, 0xC9, 0x04, 0xEA, 0x86, 0x07, 0x33, 0xE3, 0x76,
    0x8E, 0xE6, 0x27, 0xBD, 0x9F, 0x81, 0x8E, 0xA3, 0x00, 0x9B, 0x4A, 0xD8, 0xC3, 0x3B, 0x14, 0xC5,
    0x8F, 0xA9, 0x09, 0x3E, 0x71, 0x54, 0x37, 0x2E, 0x40, 0x24, 0xB5, 0x59, 0x3C, 0x4C, 0xC8, 0xCF,
    0xC0, 0xCC, 0x73, 0xFE, 0x9F, 0xF8, 0x2B, 0x8E, 0x50, 0x0B, 0xC1, 0x35, 0x36, 0x9F, 0x9E, 0x96,
    0x8D, 0x0C, 0x2E, 0xB0, 0x72, 0x72, 0x44, 0x3E, 0x78, 0xB0, 0xC3, 0xE4, 0x83, 0xD7, 0x92, 0xD3,
    0x3C, 0x62, 0xCE, 0x76, 0x79, 0xD3, 0xC0, 0x6D, 0x46, 0x2F, 0x20, 0x81, 0xC4, 0xFD, 0x0B, 0x8C,
    0xFD, 0x76, 0x5F, 0xAE, 0xAF, 0xAC, 0x80, 0x94, 0xB0, 0x49, 0xF6, 0x99, 0x8B, 0x69, 0x77, 0x54,
    0xB8, 0xA1, 0x03, 0x41, 0x07, 0x72, 0x70, 0x65, 0x1F, 0x16, 0x1F, 0x13, 0x54, 0x64, 0x11, 0x38,
    0xD0, 0xF1, 0x13, 0x54, 0x56, 0x28, 0x7E, 0xBA, 0xC0, 0xF3, 0xBB, 0x2D, 0xAB, 0x1A, 0x1D, 0x41,
    0x9B, 0x99, 0xE1, 0xD4, 0xEF, 0x6F, 0x62, 0xCC, 0xA3, 0x72, 0xCA, 0x20, 0x7A, 0x82, 0x7E, 0x5F,
    0x48, 0x2A, 0xAE, 0x8C, 0x64, 0x71, 0xB9, 0x5E, 0x04, 0xDD, 0x5B, 0x4E, 0xF8, 0xBD, 0xD7, 0x35,
    0xA8, 0x2C, 0xE2, 0x7E, 0xDE, 0x43, 0x1D, 0x40, 0x1A, 0x1D, 0x03, 0xEC, 0xB5, 0x92, 0xEF, 0x1F,
    0xB6, 0x12, 0xB7, 0x45, 0x5E, 0xB6, 0x1B, 0x27, 0x6E, 0x54, 0x8E, 0x13, 0xBB, 0x97, 0xF8, 0xF4,
    0xE2, 0xB6, 0x49, 0x92, 0x80, 0x3E, 0x2D, 0x64, 0x32, 0x34, 0xAA, 0xA8, 0x9A, 0x24, 0x95, 0x55,
    0xDF, 0x44, 0x2B, 0xFF, 0x24, 0x21, 0x96, 0x90, 0x07, 0x28, 0x75, 0xC2, 0x35, 0xEE, 0xE8, 0xF3,
    0x2C, 0x14, 0x5B, 0x4A, 0x54, 0xB2, 0x22, 0xE1, 0x10, 0x62, 0x1B, 0x42, 0x5F, 0xCC, 0x00, 0x48,
    0x98, 0xFC, 0x16, 0xF3, 0xDF, 0x55, 0x7A, 0x38, 0x38, 0x1F, 0x92, 0x85, 0xBA, 0x7F, 0x29, 0x66,
    0x21, 0x9E, 0x3F, 0x60, 0x2F, 0x9B, 0x7E, 0xF7, 0xFD, 0x81, 0xFC, 0xFE, 0x44, 0xD7, 0xA2, 0x12,
    0xE5, 0x58, 0x30, 0x3A, 0x91, 0x49, 0x1E, 0x13, 0xD1, 0x1E, 0xD5, 0xE5, 0x19, 0x86, 0x24, 0xA9,
    0xB4, 0x1F, 0x6B, 0xC8, 0xD4, 0x7E, 0xF4, 0x9E, 0x6E, 0x02, 0x57, 0x03, 0x48, 0xBF, 0xE1, 0x67,
    0x74, 0xC3, 0x12, 0xCE, 0x8D, 0xA8, 0x71, 0xA9, 0x96, 0x6D, 0x6A, 0x2A, 0xF6, 0x95, 0x41, 0x50,
    0x4C, 0x58, 0x68, 0x85, 0x7E, 0x2F, 0xC2, 0x3F, 0xFA, 0x40, 0x6A, 0xBF, 0x79, 0x1E, 0xBF, 0xFB,
    0x06, 0x87, 0x0F, 0x49, 0xB2, 0xAD, 0xA8, 0xD9, 0x82, 0x89, 0x5A, 0x8E, 0x44, 0x3D, 0x61, 0xFA,
    0x7C, 0xF0, 0xC1, 0x23, 0x6A, 0x27, 0x13, 0x03, 0x80, 0x77, 0x37, 0xB6, 0x5A, 0x09, 0x5F, 0xE1,
    0x8E, 0xB0, 0x24, 0x78, 0xFF, 0x92, 0x20, 0xB5, 0x5F, 0xFE, 0x1E, 0x18, 0xE7, 0x76, 0x7D, 0xA9,
    0x95, 0x88, 0xFC, 0xC2, 0x04, 0xCA, 0xFB, 0x65, 0x6B, 0x7E, 0x7D, 0x22, 0x0B, 0xB8, 0x27, 0x65,
    0x0E, 0x70, 0x90, 0x49, 0xA4, 0xDA, 0xB3, 0x7A, 0x5C, 0x71, 0x3D, 0xCF, 0x1F, 0x25, 0x7B, 0xF5,
    0x1D, 0x9E, 0xCA, 0xBA, 0x5C, 0x67, 0xC3, 0xF4, 0xDC, 0x4E, 0x2A, 0x15, 0xA6, 0x7D, 0x54, 0x29,
    0xC7, 0xC1, 0x8A, 0x91, 0x3A, 0x3B, 0x3D, 0x8A, 0x80, 0x1D, 0xA9, 0x26, 0x94, 0xA6, 0x08, 0xC8,
    0xF9, 0x00, 0xB2, 0x3B, 0xF5, 0xE6, 0xDA, 0x42, 0x5A, 0x93, 0xA5, 0x61, 0x16, 0x8D, 0x15, 0xF5,
    0x58, 0xB4, 0xDE, 0x7B, 0x50, 0x8F, 0xF8, 0xED, 0xD4, 0x3B, 0x3B, 0x29, 0x32, 0xB8, 0x06, 0x34,
    0x3A, 0xF0, 0x5D, 0x34, 0xFB, 0xD9, 0x1D, 0x24, 0x0B, 0xF9, 0xCB, 0x7C, 0x10, 0x98, 0x23, 0x58,
    0x09, 0x4A, 0x45, 0xDC, 0x3A, 0x1F, 0x3F, 0x08, 0x10, 0x16, 0xE1, 0x9A, 0x1D, 0x3D, 0x90, 0x44,
    0x31, 0x3A, 0x80, 0xE3, 0x55, 0xC3, 0x07, 0x56, 0x4C, 0x71, 0xB1, 0xD1, 0x57, 0x64, 0xDD, 0xD2,
    0x96, 0x83, 0x63, 0x7A, 0x43, 0xB4, 0x9A, 0xCB, 0x58, 0xD5, 0x9B, 0xCD, 0x7D, 0xC9, 0x77, 0x3F,
    0x4C, 0x57, 0xD4, 0xE9, 0x7A, 0xC5, 0x64, 0x3F, 0xA6, 0xA3, 0x49, 0x41, 0x4A, 0x17, 0xDA, 0xC0,
    0xA2, 0x27, 0x0A, 0x2C, 0x2B, 0xA2, 0xBA, 0x2B, 0xD0, 0x8F, 0x04, 0xDB, 0xC6, 0xBD, 0xBD, 0xD4,
    0xB2, 0x7F, 0xC5, 0x74, 0x04, 0x7A, 0x7F, 0xD7, 0x58, 0xF4, 0xC4, 0xED, 0x7F, 0x97, 0xBD, 0x4F,
    0x5B, 0x79, 0x87, 0x8F, 0x7D, 0xFE, 0x6D, 0xA9, 0x32, 0x33, 0x3C, 0x5F, 0xE0, 0x1D, 0x7D, 0x7D,
    0xFA, 0x7A, 0x3D, 0x2F, 0xBA, 0x2D, 0xB3, 0x11, 0xDA, 0x09, 0x55, 0x7B, 0xB4, 0x13, 0xCC, 0xD5,
    0xB9, 0xAD, 0xDD, 0x8F, 0x51, 0xF4, 0xD8, 0xBC, 0xF4, 0xAA, 0x8C, 0x85, 0x29, 0x9C, 0xDD, 0xDA,
    0x65, 0x8E, 0xAE, 0xA7, 0x14, 0x5D, 0x6F, 0x6B, 0x17, 0xE4, 0x9C, 0xE4, 0xC4, 0xD3, 0x27, 0xAB,
    0xD3, 0x88, 0xCF, 0x19, 0xE2, 0x8B, 0x84, 0xF5, 0x8B, 0xC9, 0x89, 0x57, 0x08, 0x71, 0xFE, 0xF4,
    0xFC, 0x36, 0xE1, 0xBA, 0x97, 0x94, 0x33, 0x4F, 0xF8, 0x5F, 0x55, 0x4F, 0xBC, 0xA7, 0xAA, 0x54,
    0xBA, 0x55, 0x44, 0x85, 0x6D, 0xE0, 0xC6, 0x06, 0xF0, 0x59, 0x3D, 0x5F, 0x9D, 0xC2, 0x65, 0xBD,
    0x4E, 0x30, 0x62, 0xB2, 0x47, 0x95, 0x0C, 0x2A, 0xC4, 0x4E, 0xAA, 0x74, 0x3F, 0xB9, 0xBA, 0x3D,
    0xD6, 0xAB, 0xA8, 0xBD, 0xD7, 0x2E, 0x53, 0x18, 0x4B, 0xC3, 0x2F, 0xA5, 0x9E, 0xD6, 0x9D, 0xDB,
    0xDD, 0xBD, 0xF6, 0xCF, 0x75, 0x72, 0x13, 0x4F, 0xBF, 0x63, 0x38, 0x25, 0x6C, 0x0C, 0x71, 0x1E,
    0x45, 0x5F, 0x80, 0xD0, 0xD5, 0xBB, 0x21, 0xFC, 0x16, 0xC6, 0xEA, 0xE9, 0xB7, 0xAF, 0x17, 0x88,
    0xF3, 0xE3, 0x78, 0x8C, 0x2C, 0x5C, 0xF5, 0xD4, 0xDB, 0xD7, 0x03, 0x72, 0x81, 0xAB, 0xEF, 0xBC,
    0x7D, 0xBD, 0x0A, 0x4C, 0x1A, 0xBD, 0x9D, 0xB7, 0xD6, 0x16, 0xC2, 0xAE, 0xCF, 0xF9, 0x93, 0xB5,
    0xC8, 0xFC, 0x62, 0x7F, 0x6B, 0x63, 0x9D, 0x6E, 0xD6, 0xBF, 0x74, 0x5D, 0x59, 0xC3, 0x6E, 0xB9,
    0xDC, 0x35, 0x1F, 0x30, 0xFB, 0x84, 0xBE, 0x07, 0xD4, 0x24, 0x3A, 0x7F, 0xBD, 0x40, 0xB8, 0xD4,
    0x05, 0x86, 0x5C, 0x3A, 0x45, 0xB0, 0xBE, 0x54, 0xBF, 0x40, 0xEF, 0xFF, 0x4E, 0xF6, 0xA8, 0xCC,
    0x2F, 0x80, 0x23, 0xDE, 0xB9, 0x66, 0x14, 0xBD, 0xC1, 0xF3, 0x22, 0x28, 0x0E, 0xE7, 0x98, 0x27,
    0xBF, 0x85, 0x54, 0x03, 0x24, 0xF8, 0x45, 0xC8, 0x14, 0xEC, 0xFC, 0xD8, 0x3D, 0x43, 0xDF, 0xE1,
    0xB5, 0x5E, 0x75, 0x5F, 0xEF, 0xA0, 0x7C, 0xAD, 0xEB, 0x9E, 0x6D, 0xB9, 0x9F, 0x81, 0xD6, 0x7D,
    0xDE, 0xD8, 0x8F, 0x62, 0x63, 0xDF, 0xFA, 0x5B, 0xAE, 0x38, 0x67, 0xB9, 0x7F, 0x4C, 0x26, 0xBB,
    0x25, 0xCC, 0x98, 0x47, 0x4C, 0x8D, 0xFA, 0xFB, 0xFC, 0xB5, 0x1C, 0xF7, 0x13, 0xA2, 0x04, 0x90,
    0x78, 0xF6, 0xA3, 0x93, 0xA8, 0x0A, 0xA9, 0xD4, 0xA0, 0xA6, 0x14, 0x06, 0x33, 0xF9, 0x4E, 0x09,
    0x55, 0xAB, 0xAC, 0x7B, 0x4B, 0x28, 0x89, 0xDC, 0xB5, 0x6F, 0x9D, 0xBB, 0xB9, 0xB1, 0xBB, 0xD1,
    0x2A, 0x7F, 0xF0, 0xBA, 0x14, 0x7B, 0x76, 0xA5, 0xF0, 0x54, 0x4D, 0x31, 0x63, 0x36, 0x47, 0x9E,
    0xBE, 0xA3, 0xF8, 0xAC, 0x1B, 0xCD, 0xD4, 0x1B, 0xE4, 0x46, 0xEA, 0xF9, 0x43, 0x71, 0x36, 0x1A,
    0xCD, 0x64, 0x33, 0xB0, 0x6F, 0x33, 0x6F, 0xB4, 0xA9, 0xAB, 0x4A, 0x51, 0x37, 0xF2, 0x04, 0xF2,
    0xFD, 0xAD, 0xEE, 0xE1, 0xAA, 0xE7, 0xE3, 0xF9, 0x60, 0x93, 0x79, 0x06, 0x07, 0x56, 0x37, 0xF8,
    0x9E, 0xAA, 0x06, 0xD3, 0xE7, 0x77, 0xB0, 0x95, 0xBF, 0x3D, 0x3A, 0x3F, 0x95, 0x97, 0xA6, 0x79,
    0x6C, 0x43, 0xFB, 0x51, 0xE4, 0xB9, 0x4D, 0xFF, 0x8E, 0x8A, 0x5C, 0x57, 0x54, 0x79, 0x49, 0x0B,
    0x3B, 0x35, 0xCA, 0x53, 0xC3, 0x9F, 0x7A, 0xCF, 0xCD, 0xD8, 0xDF, 0xE1, 0xA8, 0x48, 0x9B, 0xBC,
    0x5E, 0x17, 0xD9, 0x92, 0x70, 0x32, 0xFD, 0xAD, 0xA8, 0x5A, 0xFA, 0xD8, 0xE7, 0x4F, 0x57, 0xA7,
    0xE1, 0xF6, 0xEE, 0x68, 0xFB, 0x82, 0xD1, 0xDF, 0xC5, 0xF9, 0xE2, 0xF5, 0x02, 0x0F, 0xC9, 0xC7,
    0x2B, 0x74, 0x4B, 0x0B, 0x9C, 0x6E, 0xEF, 0x63, 0xD5, 0x6C, 0x4E, 0xAB, 0xA7, 0xB2, 0xAC, 0x74,
    0xC1, 0x54, 0x35, 0x14, 0x7A, 0x82, 0xB6, 0x68, 0x9E, 0x99, 0xB2, 0x22, 0xF3, 0x4A, 0x6B, 0xB2,
    0xC5, 0x0E, 0xDC, 0x56, 0x3C, 0xA5, 0xE8, 0xE0, 0x3B, 0x05, 0xA5, 0x8A, 0x02, 0xB3, 0x87, 0xA0,
    0x3B, 0x18, 0xCD, 0x31, 0x05, 0x0B, 0xFD, 0xAA, 0xA6, 0xFD, 0x8B, 0xB0, 0xB2, 0xB4, 0x16, 0x15,
    0xF3, 0xCD, 0x38, 0x4E, 0x5F, 0x77, 0x38, 0xBE, 0xD6, 0x15, 0x5C, 0x8A, 0x05, 0xA5, 0x58, 0x3A,
    0xEB, 0x76, 0xD4, 0x8C, 0x14, 0x51, 0xAA, 0x8D, 0xD1, 0x21, 0x0B, 0xCF, 0xEC, 0x65, 0xDD, 0x5D,
    0xDB, 0x56, 0x4C, 0x05, 0xB9, 0xDD, 0x55, 0x6D, 0x77, 0x55, 0xDB, 0x5D, 0xD5, 0x76, 0x57, 0xD9,
    0xF9, 0x61, 0x5D, 0xBA, 0x6D, 0xC5, 0x53, 0xF0, 0x53, 0x77, 0x2F, 0xC2, 0xAD, 0x80, 0xA4, 0xEE,
    0x10, 0xA5, 0x40, 0x31, 0xD0, 0x1C, 0x88, 0x95, 0xB7, 0xD6, 0xCE, 0x03, 0xA9, 0xBD, 0xB7, 0x68,
    0xDC, 0x32, 0x8A, 0xFD, 0x50, 0xDD, 0xBB, 0xC9, 0xEB, 0xD7, 0x79, 0x77, 0xA1, 0xAA, 0xBB, 0x0C,
    0x8C, 0x56, 0x47, 0x70, 0x49, 0xD0, 0xE3, 0x25, 0x48, 0x21, 0xAA, 0x54, 0x55, 0x2F, 0x12, 0x78,
    0x7A, 0x6C, 0x17, 0xF1, 0xE4, 0xB8, 0x7B, 0xFA, 0x97, 0x05, 0xEB, 0xA5, 0x47, 0xAE, 0x97, 0x2B,
    0x9B, 0xC5, 0x3D, 0xA9, 0xC9, 0x0E, 0x61, 0x2F, 0xE6, 0x30, 0xE4, 0x19, 0x7B, 0xC9, 0xA8, 0xE1,
    0xEC, 0xF3, 0x01, 0x16, 0xAA, 0xF9, 0x56, 0xF9, 0x58, 0x7F, 0x57, 0x9D, 0x0D, 0x9A, 0x7E, 0xE8,
    0xE8, 0x45, 0x5E, 0x6A, 0x64, 0xCF, 0x08, 0xEB, 0xD8, 0x7A, 0xE0, 0x5E, 0x61, 0x71, 0x02, 0x27,
    0x97, 0x09, 0x6E, 0xDE, 0xCE, 0x5D, 0x39, 0x40, 0x43, 0x12, 0x73, 0xC0, 0x81, 0x97, 0xF7, 0x47,
    0x07, 0xC7, 0x37, 0xF7, 0x3F, 0xE6, 0x53, 0xBE, 0xC6, 0x6A, 0xEE, 0xF1, 0x0D, 0x7D, 0xE5, 0x90,
    0xB7, 0x9B, 0xF9, 0x57, 0x5C, 0x71, 0x48, 0xFD, 0x2C, 0x64, 0xF1, 0x75, 0x13, 0xDE, 0x97, 0xB2,
    0x28, 0xA6, 0x79, 0x35, 0xA1, 0xA0, 0xED, 0x32, 0x79, 0x4B, 0xE5, 0x8E, 0xE4, 0x04, 0x7D, 0x6A,
    0x47, 0x14, 0xAE, 0x1F, 0x50, 0x15, 0x6E, 0xAC, 0x7F, 0x1C, 0xE5, 0xFB, 0xDF, 0xE3, 0x12, 0xD2,
    0x48, 0x51, 0x2C, 0x77, 0xAA, 0xA5, 0x84, 0xFA, 0xC7, 0x7B, 0x71, 0xD5, 0xEE, 0xD2, 0xC7, 0x5C,
    0x49, 0xAA, 0x6E, 0xCB, 0x5B, 0xAB, 0x9B, 0xB4, 0xEA, 0xF1, 0xEA, 0xEF, 0xF5, 0xEA, 0x4B, 0x32,
    0x2E, 0xAA, 0x3C, 0x2E, 0x66, 0xB0, 0x03, 0x85, 0x7E, 0xC1, 0xD5, 0x89, 0x14, 0xF1, 0x5C, 0x59,
    0x69, 0xF2, 0x00, 0x84, 0x9E, 0x02, 0xFA, 0x87, 0xE6, 0x5F, 0xDD, 0xC2, 0xDF, 0x84, 0x1F, 0x1C,
    0x76, 0xFD, 0x5D, 0xE8, 0x2F, 0x8C, 0xF5, 0x9B, 0x35, 0xA4, 0xCE, 0xB8, 0x8E, 0x9E, 0x6F, 0x9E,
    0x67, 0xF4, 0x06, 0xF2, 0x77, 0x18, 0x0B, 0x36, 0x59, 0x09, 0x3B, 0xA6, 0x1F, 0xE8, 0x46, 0xB2,
    0x43, 0x3B, 0x3B, 0x4C, 0x8D, 0x2E, 0xDA, 0xBF, 0xAD, 0xED, 0xDF, 0xE6, 0x54, 0x46, 0x37, 0xDA,
    0xB6, 0x21, 0x69, 0xE2, 0x40, 0xD7, 0xDA, 0x46, 0x35, 0x84, 0x6D, 0x17, 0xDB, 0x58, 0x9F, 0x25,
    0xDB, 0xF3, 0xBC, 0x9C, 0x93, 0x6E, 0x57, 0xB9, 0xFD, 0x3F, 0xDB, 0x7E, 0x79, 0x58, 0xA8, 0xF3,
    0x94, 0x64, 0x60, 0x76, 0xA8, 0xDD, 0x43, 0x44, 0xAA, 0x01, 0xF2, 0xC3, 0x38, 0x95, 0x00, 0x78,
    0xE3, 0x71, 0xAC, 0xBC, 0x55, 0x3F, 0x07, 0xF4, 0x91, 0x82, 0x30, 0x86, 0x13, 0xD7, 0xA5, 0x8A,
    0x3D, 0xC1, 0x2B, 0x89, 0xE0, 0x7B, 0x8C, 0xA5, 0x3F, 0x3D, 0xDB, 0xC5, 0xEE, 0xAB, 0xDF, 0xF2,
    0x6E, 0xB5, 0x58, 0xCF, 0xA7, 0x0D, 0x6A, 0x7A, 0x98, 0x38, 0x19, 0x06, 0x07, 0x78, 0xBD, 0xE0,
    0x16, 0x73, 0x1A, 0x3F, 0x93, 0x09, 0x17, 0x98, 0x53, 0xFC, 0xFC, 0x90, 0x4A, 0x6C, 0xE9, 0xF2,
    0xA0, 0x20, 0xF3, 0xDD, 0x2C, 0xA8, 0x5E, 0xA0, 0x0E, 0x07, 0x9E, 0x3F, 0x63, 0xB9, 0x2B, 0xAF,
    0x7B, 0x2D, 0xC1, 0x50, 0x33, 0xC7, 0x5F, 0x52, 0x2C, 0x71, 0x5A, 0x0B, 0xDB, 0x65, 0x46, 0x5E,
    0xD3, 0x70, 0x79, 0xCD, 0x73, 0x06, 0xFA, 0x6D, 0x90, 0x99, 0x97, 0xED, 0x2E, 0xC1, 0x99, 0xA5,
    0xDB, 0xE7, 0xA3, 0x79, 0x0E, 0xDE, 0x3F, 0x88, 0x02, 0x0E, 0x62, 0xCF, 0x47, 0xE0, 0xBB, 0x40,
    0x36, 0xBF, 0xDD, 0x11, 0x7C, 0x98, 0x30, 0x9E, 0x49, 0x32, 0xC6, 0xB3, 0xDD, 0x1A, 0xE3, 0x52,
    0xCB, 0x03, 0x9E, 0x6F, 0x9B, 0x32, 0xE1, 0xFB, 0xB7, 0xFE, 0x8C, 0x17, 0xAF, 0xF3, 0x5B, 0x3C,
    0x93, 0xBB, 0x7D, 0x99, 0xD1, 0x43, 0x72, 0x9F, 0xCD, 0xE5, 0x6D, 0xF3, 0x12, 0xAB, 0xC5, 0x65,
    0x32, 0xC3, 0x57, 0x16, 0xF0, 0xBC, 0x79, 0x05, 0x68, 0x5B, 0xB1, 0x27, 0x58, 0x4A, 0x04, 0xA9,
    0xBD, 0x7F, 0x8E, 0x2A, 0xEF, 0xF4, 0x10, 0xB9, 0x5F, 0x52, 0x7F, 0x9F, 0xC5, 0xDF, 0x0D, 0x89,
    0x2B, 0xF9, 0x79, 0x03, 0x4F, 0x29, 0x62, 0x1E, 0x50, 0x14, 0xFB, 0xCF, 0x45, 0xDD, 0x18, 0x2B,
    0xBC, 0xCD, 0xE7, 0x99, 0x89, 0xB5, 0x1D, 0x7A, 0xDE, 0xAF, 0xF3, 0xB2, 0x86, 0xA6, 0xD6, 0x84,
    0x4A, 0x61, 0x65, 0xFD, 0xF4, 0x29, 0x44, 0xEA, 0x0C, 0x50, 0xF4, 0x10, 0x0D, 0xAA, 0xC0, 0x13,
    0x3A, 0x7A, 0xBE, 0x29, 0xE8, 0xF7, 0x05, 0xC3, 0x58, 0xAE, 0x6B, 0xEB, 0xF5, 0xA7, 0x84, 0x2A,
    0x2B, 0x9B, 0xAC, 0x33, 0x63, 0x7C, 0xEA, 0xD3, 0xA2, 0x6E, 0x22, 0x33, 0x21, 0xBB, 0xF5, 0xA9,
    0xC9, 0x1F, 0x2C, 0xDE, 0x86, 0x14, 0xBF, 0x95, 0x3F, 0x64, 0xB1, 0xD1, 0x3C, 0xBB, 0x78, 0x7F,
    0xF1, 0x0E, 0xEE, 0x46, 0x56, 0xEA, 0xDA, 0x9D, 0x4F, 0x79, 0x69, 0xBC, 0x83, 0x03, 0x48, 0x13,
    0x5C, 0x65, 0xA1, 0x70, 0x90, 0x46, 0x74, 0x6B, 0xEB, 0x04, 0x1B, 0x44, 0x07, 0x89, 0x48, 0xB8,
    0x86, 0xDE, 0xB5, 0xB3, 0xC0, 0x26, 0x72, 0x5E, 0x3F, 0x10, 0x07, 0xF7, 0x37, 0xEF, 0xAE, 0xF3,
    0x82, 0x93, 0xC8, 0x9E, 0x17, 0x07, 0xB3, 0xED, 0x8F, 0x28, 0xFC, 0x26, 0x0B, 0x4A, 0x66, 0xF0,
    0x9F, 0xBE, 0xC5, 0x01, 0xBD, 0x72, 0x3F, 0xE6, 0x2D, 0xAB, 0x79, 0xF3, 0x77, 0x5D, 0xBD, 0x38,
    0xEC, 0xE8, 0x2B, 0xE1, 0x2F, 0xD9, 0x1D, 0xA0, 0x91, 0xF8, 0xBE, 0x1E, 0x68, 0xF0, 0x32, 0xFF,
    0x8A, 0x27, 0x17, 0xFB, 0xFD, 0xB0, 0x27, 0x3B, 0x08, 0xC9, 0x8D, 0x5D, 0x6E, 0x69, 0xF3, 0xDD,
    0xC4, 0x7F, 0xC0, 0xD1, 0x63, 0xB9, 0x5B, 0x62, 0x7B, 0x88, 0xD4, 0xD8, 0x17, 0xD8, 0x1E, 0x16,
    0x5C, 0xB2, 0x53, 0xC3, 0x4D, 0xA9, 0x59, 0x2E, 0x93, 0x99, 0x8A, 0x9D, 0xC1, 0x8E, 0x14, 0xEC,
    0x92, 0x9D, 0x0F, 0xA0, 0x2A, 0x92, 0x94, 0x15, 0x59, 0x2A, 0x9E, 0xB0, 0x69, 0xC4, 0x3E, 0x8D,
    0xCF, 0x93, 0x4C, 0xB1, 0xCE, 0x33, 0x17, 0xCF, 0xDC, 0x41, 0x78, 0xE1, 0x89, 0x8E, 0x4D, 0x81,
    0x34, 0x1E, 0x50, 0x7D, 0xC9, 0xD3, 0xEA, 0x4B, 0x8C, 0xD4, 0x2F, 0xF8, 0x7C, 0x98, 0x0F, 0x0A,
    0xF4, 0xF5, 0xFA, 0x79, 0xC5, 0x1A, 0x2F, 0x5B, 0xD3, 0x98, 0x51, 0xAC, 0x72, 0x2A, 0xDC, 0x3C,
    0x4A, 0x42, 0x01, 0x4F, 0xDC, 0x60, 0xF4, 0xF3, 0x9E, 0xE0, 0x5E, 0xC2, 0x18, 0x7E, 0x9E, 0x50,
    0x40, 0x1C, 0x9B, 0x81, 0xD3, 0xE5, 0xF7, 0x7D, 0x6A, 0x77, 0xF6, 0xEA, 0x8B, 0xB1, 0x04, 0xF0,
    0xD6, 0xEA, 0xC4, 0x34, 0x79, 0x5D, 0x8B, 0x1A, 0x71, 0x9C, 0x4E, 0xF7, 0x61, 0x77, 0x63, 0x15,
    0x96, 0x95, 0xAB, 0xDA, 0xE5, 0x03, 0xDC, 0x97, 0x55, 0x6A, 0x3F, 0xDD, 0xA2, 0x2A, 0xDB, 0x41,
    0xD0, 0xE4, 0x1A, 0x46, 0xE8, 0x63, 0x28, 0x50, 0x4E, 0xE3, 0xE4, 0xDA, 0x29, 0xE5, 0xA0, 0x95,
    0xF3, 0x0C, 0x2E, 0xE0, 0xB5, 0xB2, 0x4E, 0x49, 0x34, 0x91, 0x1E, 0x65, 0x01, 0x7D, 0x5F, 0xAB,
    0x6D, 0x21, 0x3F, 0x18, 0xDD, 0x4F, 0xB1, 0xD2, 0xAC, 0x97, 0xC9, 0xBE, 0x63, 0xD1, 0x8C, 0xCF,
    0x03, 0xC7, 0xCF, 0x8F, 0xBF, 0x4F, 0xD1, 0x78, 0xE8, 0x12, 0xBE, 0x45, 0x93, 0x2D, 0xD0, 0xC3,
    0xCA, 0x3D, 0x13, 0xA0, 0x56, 0xEC, 0xEE, 0x49, 0xE8, 0x5B, 0x65, 0xC8, 0x72, 0x6C, 0x77, 0x9C,
    0x04, 0xD8, 0xB7, 0xDA, 0x5D, 0x7B, 0x3F, 0x33, 0x6F, 0x97, 0x06, 0x52, 0xBB, 0x05, 0x5A, 0x19,
    0x95, 0x68, 0xC8, 0xC9, 0x2A, 0x69, 0x6A, 0x2C, 0x8B, 0x3C, 0x29, 0x62, 0x5B, 0x82, 0xC5, 0x91,
    0x23, 0xA9, 0xDA, 0xDA, 0x97, 0xEB, 0x3C, 0xA9, 0xE2, 0xCA, 0x32, 0x14, 0xD8, 0x44, 0xEA, 0xCB,
    0xFB, 0x9B, 0xB1, 0xE0, 0xFC, 0x98, 0x08, 0xD2, 0x10, 0xA7, 0xE3, 0x84, 0xB9, 0xCD, 0x7D, 0xF0,
    0x3C, 0xD6, 0x59, 0x92, 0x47, 0xAF, 0xCB, 0x14, 0x57, 0x14, 0x43, 0x45, 0x91, 0x06, 0x4D, 0x44,
    0xE2, 0x18, 0x19, 0x51, 0xA9, 0x7E, 0xEE, 0x40, 0x91, 0xCB, 0xC0, 0x24, 0x47, 0x13, 0xA4, 0xAC,
    0xDB, 0x0F, 0x61, 0x8C, 0xB9, 0x3A, 0xD2, 0x2A, 0xEC, 0x9E, 0x0B, 0xEE, 0xA5, 0x93, 0x68, 0x19,
    0x8E, 0xA9, 0x0D, 0xA9, 0xA2, 0x7A, 0x84, 0xC7, 0xF1, 0xFC, 0xC7, 0x65, 0xA6, 0xC7, 0xF7, 0xED,
    0x64, 0x8E, 0x2B, 0x7F, 0xEA, 0x76, 0x67, 0x43, 0x80, 0xCB, 0xA6, 0x05, 0xB2, 0x38, 0xFA, 0xFF,
    0x0E, 0x9C, 0xDF, 0xF7, 0x53, 0xD9, 0x8C, 0xBC, 0xC6, 0xA5, 0x6E, 0x17, 0x8A, 0x22, 0x50, 0xE5,
    0xCE, 0x2C, 0x57, 0xD7, 0xB5, 0x13, 0x57, 0x38, 0x83, 0x99, 0x62, 0x43, 0xB9, 0xE1, 0x7E, 0xA1,
    0xFF, 0xCC, 0x69, 0x1B, 0xAD, 0x63, 0x25, 0xCC, 0x13, 0x2E, 0xEA, 0xDD, 0xE1, 0xC5, 0x16, 0x17,
    0x87, 0x14, 0xF4, 0x8D, 0x60, 0xA8, 0x18, 0x28, 0xEE, 0x2A, 0xE6, 0x72, 0x3D, 0xF8, 0x20, 0x40,
    0xFB, 0xDB, 0x94, 0xD1, 0x85, 0x3A, 0x0E, 0xA1, 0xDF, 0x0A, 0x23, 0x20, 0x39, 0x24, 0x5D, 0x42,
    0xAB, 0x6F, 0xE8, 0x37, 0xB5, 0x96, 0x69, 0x6A, 0xB6, 0x32, 0x42, 0x6C, 0x26, 0xEF, 0x10, 0x62,
    0xF6, 0x3A, 0x4D, 0x78, 0x44, 0x7E, 0xDF, 0xB2, 0xF9, 0x1E, 0x6C, 0xE7, 0xD1, 0xB2, 0xE4, 0x79,
    0x89, 0xCB, 0x3B, 0x77, 0x6D, 0x58, 0xFC, 0xAA, 0xD8, 0x52, 0x28, 0xC7, 0xDC, 0xDE, 0xA8, 0xD4,
    0x13, 0x94, 0x87, 0xAA, 0xA9, 0x2D, 0xC0, 0x67, 0xE1, 0x2E, 0xBB, 0xD1, 0x31, 0xE5, 0x43, 0x05,
    0x07, 0xE0, 0x0A, 0x90, 0xDF, 0x3E, 0x86, 0x33, 0xF5, 0xC5, 0x41, 0x9D, 0xCF, 0x93, 0xB7, 0xC1,
    0xE8, 0x29, 0x86, 0x2B, 0x82, 0x99, 0xBC, 0xDF, 0x49, 0x04, 0xBD, 0x8E, 0x60, 0x5B, 0x3E, 0xD7,
    0x49, 0x05, 0xC3, 0x58, 0xD0, 0xD7, 0xEF, 0x3B, 0xA2, 0xDF, 0x67, 0xCC, 0x86, 0x7E, 0x1E, 0x07,
    0x55, 0xC8, 0x75, 0x5E, 0x2D, 0x88, 0xB0, 0x6E, 0xAE, 0x3F, 0x7F, 0x20, 0x21, 0xBB, 0xB5, 0x50,
    0xE4, 0x47, 0x06, 0x05, 0x73, 0x8C, 0x27, 0x61, 0xA9, 0xC8, 0x96, 0x09, 0x8F, 0x6A, 0x59, 0x9A,
    0xBE, 0x2C, 0x96, 0x7E, 0x59, 0x5C, 0xC0, 0xE5, 0x74, 0x0A, 0x38, 0x55, 0x9C, 0xE6, 0x41, 0x81,
    0x07, 0xF5, 0x15, 0x00, 0xBC, 0xA3, 0x27, 0x82, 0xE9, 0x4F, 0xB9, 0x20, 0xE7, 0xF8, 0x1B, 0xD6,
    0x0F, 0xFA, 0xDA, 0x21, 0x58, 0x79, 0xC6, 0x7F, 0xE5, 0x3D, 0x0E, 0x9D, 0xEB, 0x91, 0x5D, 0x3C,
    0xD0, 0xC3, 0x3A, 0x72, 0x4D, 0x77, 0x96, 0x99, 0xD1, 0x8F, 0xE4, 0x4A, 0xC1, 0x93, 0xBA, 0xE3,
    0x5C, 0xE5, 0x4C, 0x59, 0xA4, 0xA5, 0x72, 0x86, 0x5B, 0xAB, 0xEA, 0x28, 0xB2, 0x4B, 0xF2, 0xFD,
    0x18, 0x01, 0x4B, 0x5C, 0xDC, 0x9D, 0x3E, 0x47, 0xF1, 0x7F, 0xF1, 0x3E, 0xC6, 0xD9, 0x8D, 0x2D,
    0xB2, 0x28, 0xAD, 0x2A, 0x57, 0x25, 0xE5, 0xBF, 0x37, 0xF8, 0xEF, 0xE2, 0x77, 0x69, 0x37, 0xAD,
    0x4A, 0x47, 0x16, 0x0C, 0x8B, 0x8E, 0xBC, 0x60, 0xFE, 0x07, 0xDD, 0x7D, 0x4F, 0x8C, 0x1C, 0x57,
    0x7A, 0xDF, 0xAB, 0x2A, 0xCE, 0x94, 0xC4, 0xF2, 0xAA, 0x18, 0x80, 0x63, 0x6B, 0x49, 0xED, 0x94,
    0x10, 0x6C, 0x00, 0x69, 0x40, 0x4E, 0xF9, 0xA0, 0x83, 0x02, 0x74, 0x77, 0x95, 0x64, 0xD8, 0x3A,
    0x2C, 0x02, 0x8D, 0x93, 0x69, 0xD1, 0x36, 0x0F, 0xD4, 0x41, 0x87, 0xF5, 0x6C, 0xE2, 0xD9, 0xC3,
    0x1E, 0x06, 0x49, 0xCF, 0x74, 0x69, 0x37, 0xC0, 0x02, 0xD9, 0x83, 0x08, 0x64, 0xE5, 0x43, 0x0C,
    0x6C, 0x98, 0x84, 0x1B, 0x48, 0x3D, 0x40, 0x86, 0x07, 0x22, 0x99, 0x0D, 0x7A, 0xA6, 0x8B, 0x12,
    0x62, 0x01, 0xD1, 0x41, 0xB5, 0x2B, 0xCB, 0x06, 0x1C, 0x24, 0xAA, 0xF5, 0x4A, 0x58, 0x2F, 0xD7,
    0x0E, 0x4B, 0x54, 0xD3, 0xAA, 0x21, 0xAB, 0xBB, 0xF2, 0xFD, 0xBE, 0xEF, 0x55, 0xFF, 0x99, 0x3F,
    0x24, 0x45, 0x71, 0x03, 0x24, 0x33, 0x5D, 0xEF, 0xEB, 0xAE, 0x7A, 0xF5, 0xEA, 0xFD, 0xF9, 0xDE,
    0xF7, 0xFF, 0xBD, 0x3A, 0xA6, 0xF8, 0xAF, 0x2E, 0xC0, 0x0F, 0xDB, 0x65, 0x59, 0x0E, 0x9C, 0x84,
    0x81, 0x95, 0xE1, 0xDC, 0xBA, 0xCA, 0x24, 0x47, 0xC8, 0x60, 0x59, 0xF2, 0xE7, 0x1A, 0x18, 0xCD,
    0x66, 0x93, 0x80, 0x49, 0xF9, 0x01, 0x6E, 0x77, 0x7A, 0x00, 0xA9, 0xF2, 0x8E, 0x04, 0x3A, 0xA7,
    0x06, 0x77, 0xCB, 0xF9, 0x71, 0x73, 0x75, 0x9C, 0xD3, 0xE8, 0x74, 0x3A, 0xE3, 0xC7, 0x1E, 0x04,
    0xFE, 0x80, 0x81, 0x57, 0x5C, 0x06, 0x98, 0x59, 0x3A, 0x76, 0xCF, 0x86, 0xD5, 0x55, 0xAA, 0x73,
    0x5C, 0x51, 0x0D, 0x55, 0x5F, 0x52, 0x39, 0xB5, 0xB5, 0xDE, 0xA7, 0x13, 0x39, 0x80, 0x6F, 0x66,
    0x00, 0x8F, 0x59, 0x09, 0x01, 0x87, 0x6E, 0x8B, 0xC7, 0x20, 0x52, 0x8E, 0x00, 0xFB, 0x20, 0x98,
    0xCA, 0xA9, 0xBC, 0x17, 0x62, 0x94, 0xE2, 0xD9, 0x0C, 0x16, 0x05, 0xD4, 0x05, 0x74, 0xED, 0xF8,
    0xD9, 0x7A, 0xDF, 0xC8, 0xED, 0xB8, 0x46, 0x37, 0xA4, 0xD6, 0xC7, 0xDD, 0x7A, 0xBF, 0x1D, 0x59,
    0x65, 0xBF, 0xDE, 0xA7, 0x4A, 0xAD, 0x5C, 0xA4, 0x2C, 0xF4, 0x17, 0x14, 0x0C, 0xFC, 0x5C, 0x1A,
    0x16, 0xAA, 0x89, 0x3F, 0x3B, 0x51, 0x6A, 0xA1, 0x73, 0x49, 0xB9, 0xB1, 0x52, 0xED, 0xB2, 0x50,
    0x2E, 0xFD, 0x6E, 0x6F, 0x52, 0xDD, 0xA9, 0x81, 0x2D, 0xAA, 0xFF, 0x06, 0xF5, 0x49, 0xCB, 0x4A,
    0x55, 0xB1, 0x4E, 0xD0, 0x8E, 0xCD, 0xBE, 0x1F, 0xAA, 0x96, 0x1B, 0xD9, 0x29, 0x65, 0x6C, 0x79,
    0xCA, 0x8B, 0xAD, 0xBE, 0x6A, 0x35, 0x54, 0x5B, 0xA9, 0xA1, 0x6A, 0xD5, 0xCC, 0x01, 0x3D, 0x2D,
    0x6E, 0x6D, 0x38, 0xF4, 0x40, 0x37, 0x6B, 0xA1, 0xEA, 0xCA, 0x8C, 0x5B, 0xF6, 0x35, 0x3B, 0xA6,
    0x0A, 0xB7, 0xAC, 0x4C, 0xA0, 0xA1, 0xA1, 0xEA, 0x6B, 0x98, 0xEF, 0x83, 0xFA, 0xFC, 0x9F, 0x64,
    0x0E, 0xC3, 0x5E, 0x2A, 0x70, 0x23, 0xA4, 0x27, 0xE3, 0xBA, 0x72, 0x43, 0x81, 0x9E, 0x86, 0x81,
    0x12, 0xB8, 0xA1, 0x61, 0x21, 0x90, 0x2A, 0xC7, 0xD0, 0x49, 0x01, 0x9F, 0x52, 0x2A, 0x52, 0x66,
    0x84, 0x66, 0x5B, 0x11, 0xFD, 0x5A, 0xE8, 0x48, 0x69, 0x41, 0x49, 0xCF, 0x21, 0xD8, 0xD8, 0x4C,
    0x5D, 0x6A, 0x9D, 0xAA, 0x59, 0xB1, 0xA7, 0x00, 0xED, 0xB8, 0xC1, 0xD0, 0x89, 0x5A, 0x0C, 0x5D,
    0x55, 0xCC, 0x35, 0x77, 0x96, 0x6A, 0x9E, 0x51, 0xF4, 0xCA, 0x32, 0xAB, 0x2D, 0x5A, 0x02, 0x6B,
    0x4E, 0xC1, 0xD7, 0x6B, 0x9E, 0xC0, 0xC5, 0x40, 0xE7, 0x6F, 0xB5, 0x8E, 0xF1, 0xFD, 0xFF, 0xB2,
    0xB5, 0x28, 0xE5, 0x52, 0x97, 0x01, 0x26, 0xD4, 0x85, 0x04, 0xCD, 0x94, 0xBA, 0x54, 0xA0, 0x95,
    0x0A, 0x34, 0x32, 0xB9, 0xAE, 0xFA, 0x04, 0xB7, 0xE8, 0xE2, 0x45, 0x82, 0x3D, 0xFD, 0xFC, 0x93,
    0x4A, 0xA0, 0xBA, 0x0F, 0xD8, 0x2B, 0x04, 0xB6, 0xFB, 0x68, 0xF7, 0x49, 0xB5, 0x30, 0x35, 0xEC,
    0xCA, 0x20, 0xCC, 0x5D, 0xE9, 0x44, 0x8A, 0x86, 0x96, 0xC6, 0x3D, 0xA3, 0xD1, 0xA2, 0xCE, 0xDB,
    0x4C, 0x95, 0x8F, 0x16, 0x58, 0xB1, 0xDA, 0x09, 0x08, 0x3A, 0x34, 0xDE, 0x1E, 0xF5, 0x8C, 0x1B,
    0x3A, 0x89, 0xDD, 0xC7, 0x78, 0x07, 0x91, 0x41, 0xE3, 0xBC, 0x68, 0x60, 0x9C, 0x93, 0x56, 0xCD,
    0x95, 0x71, 0x5E, 0x73, 0x69, 0x6A, 0xBD, 0x99, 0xB4, 0x5A, 0x86, 0x5F, 0x96, 0xB9, 0x6A, 0xF9,
    0x6A, 0xE6, 0xDC, 0xC7, 0xCB, 0xB8, 0x8F, 0xCB, 0xA7, 0x46, 0x0A, 0xA4, 0x89, 0xC0, 0x90, 0xE6,
    0xE5, 0xB9, 0x5B, 0xCD, 0xA5, 0x96, 0xF9, 0x4B, 0xC2, 0xF1, 0x32, 0xD3, 0x10, 0x9D, 0x20, 0xD7,
    0xCF, 0x23, 0xDF, 0x09, 0xD5, 0x2A, 0xE3, 0x45, 0xEB, 0xA7, 0x99, 0x6A, 0xBD, 0xA9, 0xD6, 0xAD,
    0xB4, 0x8B, 0xC6, 0xE5, 0x56, 0x1A, 0x10, 0x34, 0x33, 0x2B, 0x45, 0x0F, 0xDA, 0xA9, 0x95, 0xA2,
    0x07, 0xDD, 0xD8, 0x4A, 0x2D, 0xEA, 0x39, 0x8F, 0xEE, 0x33, 0xA8, 0x27, 0xD5, 0xEC, 0x66, 0xC2,
    0x9D, 0x61, 0x95, 0x84, 0x81, 0x5F, 0xA5, 0xE6, 0xBE, 0xA9, 0xA6, 0xFF, 0xA8, 0x89, 0x18, 0x7F,
    0x9A, 0x85, 0x0A, 0xE3, 0xAF, 0x3C, 0x7A, 0x2E, 0x8D, 0xBF, 0x0A, 0xA8, 0x45, 0xD4, 0xFF, 0xAA,
    0xDB, 0x55, 0x18, 0x7F, 0xA3, 0x4F, 0xFD, 0x40, 0xE3, 0x4F, 0xF8, 0x1E, 0xD3, 0x78, 0x86, 0x8C,
    0xEF, 0x35, 0x0F, 0xF8, 0x3E, 0x50, 0xB5, 0xB3, 0x26, 0xF5, 0x56, 0x10, 0xD5, 0x6A, 0xEE, 0xB0,
    0xD3, 0xF9, 0xB7, 0xFD, 0x5A, 0xDD, 0x7F, 0xAD, 0x2C, 0x7F, 0x92, 0xD5, 0xBC, 0xC7, 0x8E, 0x77,
    0x3A, 0xD1, 0xCB, 0x74, 0x1F, 0x3F, 0xAB, 0x86, 0x87, 0x29, 0x29, 0xD7, 0x0E, 0x9D, 0xB0, 0x66,
    0xA4, 0x7D, 0x3B, 0x72, 0x09, 0x66, 0xDB, 0x40, 0x35, 0x82, 0x94, 0xA5, 0x81, 0xF1, 0xAF, 0x5B,
    0x49, 0x4D, 0xD5, 0xCE, 0xA7, 0x8B, 0x66, 0xBA, 0x4D, 0xE3, 0x1E, 0x7B, 0x46, 0x9A, 0xA9, 0xDA,
    0x1F, 0x2A, 0xD7, 0xF8, 0x69, 0x8A, 0xF1, 0x74, 0x15, 0x95, 0x51, 0xE3, 0x89, 0x1B, 0x0B, 0xA4,
    0x3E, 0x66, 0x48, 0x18, 0x5B, 0x53, 0x2E, 0xF7, 0xE7, 0x18, 0xCA, 0xDF, 0x53, 0xEA, 0x90, 0xBF,
    0xAB, 0x68, 0x3F, 0xC1, 0x3E, 0xC6, 0x9F, 0xEA, 0x87, 0xF1, 0xDF, 0xFA, 0x1B, 0xEA, 0x59, 0xEA,
    0x37, 0x77, 0xD5, 0xE6, 0x71, 0x71, 0xDD, 0xEF, 0xF2, 0xB8, 0x78, 0x56, 0x8C, 0xA6, 0xB4, 0xA8,
    0x56, 0xF4, 0x18, 0xD5, 0xAA, 0xAB, 0x24, 0x00, 0xAC, 0xE1, 0xDE, 0x32, 0x6C, 0xAD, 0x29, 0xA3,
    0x04, 0xDC, 0x56, 0x76, 0x49, 0x15, 0xA2, 0xF3, 0xEE, 0x87, 0x80, 0x8B, 0xC1, 0x67, 0x6E, 0xF3,
    0x42, 0xD8, 0x72, 0xDB, 0x99, 0x8B, 0xEB, 0x4E, 0x98, 0xF1, 0x6F, 0x27, 0xCA, 0x5C, 0x5C, 0xB7,
    0x2B, 0x18, 0x67, 0x6E, 0x67, 0x4B, 0x7E, 0x73, 0x3E, 0x7D, 0xBE, 0x0C, 0x05, 0x0E, 0x95, 0x40,
    0x55, 0x41, 0x33, 0x73, 0x0D, 0xCA, 0xA7, 0xDC, 0xE2, 0xB8, 0xFA, 0x05, 0x66, 0xF0, 0x2A, 0x7A,
    0xBA, 0x45, 0xF4, 0x70, 0x2F, 0x9C, 0x7B, 0x99, 0x26, 0x8F, 0xC2, 0xBC, 0x6C, 0xA9, 0x97, 0xD5,
    0x2C, 0xD5, 0xFF, 0xEB, 0x13, 0xCD, 0xBE, 0xA8, 0x78, 0xDC, 0xD1, 0x4C, 0xE0, 0xBD, 0x9D, 0x1A,
    0xC0, 0x7B, 0x3C, 0x16, 0xF4, 0x29, 0x0D, 0x3A, 0x5B, 0x80, 0x71, 0x41, 0x94, 0x85, 0xF0, 0xFF,
    0xED, 0x4C, 0x81, 0x02, 0xB8, 0x2F, 0xC6, 0x0A, 0x74, 0xD0, 0xB5, 0xD0, 0xAF, 0xC0, 0x7F, 0x81,
    0xBA, 0xE3, 0x5B, 0x75, 0x0D, 0x3D, 0x0D, 0x9D, 0xA8, 0xC7, 0xD7, 0xAD, 0x78, 0xA5, 0x43, 0xEC,
    0x0C, 0x78, 0xCD, 0xE7, 0x8D, 0xAC, 0x82, 0xC4, 0xF3, 0x56, 0x09, 0xDE, 0x94, 0x72, 0x8C, 0x4F,
    0x3A, 0xFF, 0x95, 0x78, 0x53, 0xEB, 0x5C, 0xAA, 0xD6, 0xD0, 0x8E, 0x5E, 0x02, 0x04, 0x23, 0x7A,
    0x67, 0x1C, 0x77, 0x93, 0x35, 0x6A, 0x97, 0xFD, 0x9A, 0x49, 0x04, 0x9D, 0xDA, 0xFB, 0xA2, 0xBA,
    0xEA, 0x03, 0xBA, 0x34, 0xF0, 0x84, 0xFF, 0xBE, 0xAB, 0xCC, 0x9F, 0x13, 0xFE, 0xD7, 0xDD, 0xD0,
    0x7C, 0x9F, 0xF0, 0xBE, 0x45, 0xED, 0xB8, 0x46, 0xF0, 0x18, 0x8D, 0x5F, 0xC4, 0xE3, 0xDE, 0x5C,
    0x9E, 0x1E, 0x76, 0x47, 0xC9, 0xBC, 0x27, 0xB4, 0xA1, 0x3E, 0xCA, 0x9A, 0x17, 0x3E, 0x68, 0xAA,
    0xDD, 0xCD, 0x9F, 0xA1, 0x1E, 0xE1, 0xB6, 0xF5, 0x93, 0xCD, 0xEB, 0x5B, 0x9D, 0x70, 0xDB, 0xA6,
    0xE1, 0x26, 0xFC, 0xDA, 0x06, 0xB5, 0x75, 0x01, 0x09, 0xEB, 0xE8, 0x86, 0xED, 0x45, 0xC6, 0xAB,
    0x74, 0xBB, 0xAE, 0x61, 0x4B, 0xCA, 0x1C, 0x41, 0x5F, 0xD1, 0xE9, 0x02, 0xF7, 0xD1, 0x7C, 0xE8,
    0x2A, 0x42, 0x6E, 0xCC, 0x26, 0x82, 0x09, 0x7A, 0x4F, 0x6D, 0x9B, 0xA9, 0x5C, 0x37, 0xB2, 0xBD,
    0x66, 0xB3, 0x05, 0x28, 0xD7, 0xCD, 0x94, 0x7E, 0x53, 0xFE, 0xF3, 0xFA, 0x7A, 0x19, 0x37, 0xCF,
    0x7F, 0xB0, 0xAC, 0xB6, 0xDF, 0x64, 0x34, 0x57, 0xDB, 0x6A, 0x86, 0x7E, 0x37, 0x97, 0xB6, 0x35,
    0x5E, 0x6B, 0x48, 0x33, 0xA4, 0xBA, 0x7E, 0x38, 0x7C, 0x85, 0xA0, 0x90, 0x7B, 0x9E, 0xE6, 0x07,
    0x21, 0x46, 0x89, 0x9E, 0x37, 0x82, 0x7C, 0xBE, 0x75, 0x00, 0x2E, 0x74, 0x3A, 0x5B, 0xD7, 0x3B,
    0xC3, 0xCB, 0xE0, 0xFC, 0xF4, 0x97, 0xCB, 0xEF, 0xDD, 0xCB, 0x47, 0xE5, 0x57, 0xA5, 0x2E, 0xAF,
    0x1C, 0x97, 0x9B, 0x20, 0x4D, 0x95, 0x43, 0x94, 0x56, 0x99, 0x43, 0x45, 0x0C, 0xB2, 0x1D, 0xAA,
    0x76, 0xEC, 0x14, 0x60, 0x99, 0x4E, 0xDF, 0xB9, 0x01, 0x02, 0x6C, 0xF4, 0xDD, 0xF7, 0x4A, 0x54,
    0xF8, 0xEF, 0xF5, 0xDE, 0xE6, 0xDB, 0xFC, 0xF2, 0xDA, 0x00, 0x8D, 0x29, 0xBF, 0x17, 0x07, 0x74,
    0xBE, 0xD7, 0x77, 0x62, 0x22, 0xB9, 0xDE, 0x30, 0x24, 0xCA, 0x5C, 0x46, 0x7E, 0x8A, 0xE7, 0x05,
    0xF9, 0x97, 0xD4, 0x29, 0xC2, 0xDA, 0x59, 0x2A, 0xC0, 0x2B, 0x85, 0xCA, 0x1F, 0xBF, 0x5C, 0x8D,
    0xF7, 0xAC, 0x29, 0x67, 0xDC, 0xD7, 0xA4, 0xE5, 0xDE, 0x0B, 0x89, 0x88, 0x33, 0x34, 0x03, 0x80,
    0xF4, 0x0D, 0xA3, 0xCF, 0xB0, 0xCB, 0x33, 0xC3, 0x89, 0x21, 0xDC, 0x10, 0x7C, 0x15, 0xD0, 0x54,
    0xEE, 0x6F, 0xDD, 0x22, 0x42, 0xEE, 0x86, 0xEE, 0xD7, 0x32, 0x13, 0x0F, 0xF3, 0x5C, 0x40, 0x2B,
    0xF3, 0x03, 0x40, 0x23, 0x6F, 0xEC, 0xEC, 0x81, 0xD0, 0xEF, 0xD4, 0xAF, 0xA2, 0x5F, 0x54, 0xD0,
    0x7D, 0x92, 0xA1, 0x9B, 0x2B, 0x5C, 0x47, 0x2B, 0x19, 0x92, 0xB4, 0x24, 0xB0, 0x3A, 0x3F, 0x50,
    0x9C, 0xCF, 0xEB, 0x09, 0x0C, 0xBC, 0x50, 0xCA, 0x71, 0x63, 0x2E, 0xB7, 0xB0, 0x12, 0x40, 0x3B,
    0x33, 0x43, 0x40, 0x8F, 0xAA, 0xDC, 0xA7, 0x39, 0x44, 0xA2, 0x07, 0x77, 0xE9, 0xA3, 0x4A, 0x20,
    0xDA, 0x71, 0xAB, 0x29, 0x18, 0x9E, 0xE9, 0xF6, 0x5E, 0x9A, 0x46, 0xF7, 0x35, 0x92, 0xCC, 0xF8,
    0xAF, 0x50, 0x22, 0xEA, 0x51, 0xB3, 0x05, 0x5B, 0xED, 0x5B, 0xCD, 0x76, 0xB3, 0x49, 0x25, 0x32,
    0x2E, 0x95, 0x54, 0xAB, 0xA0, 0xD3, 0x21, 0xB4, 0xA5, 0x6E, 0x28, 0x05, 0x85, 0x88, 0x79, 0x84,
    0xAA, 0xCB, 0x9D, 0x77, 0xA3, 0x94, 0xE7, 0xF9, 0x17, 0x38, 0x8F, 0x52, 0x8F, 0x7A, 0x3A, 0x0F,
    0xE8, 0x44, 0x57, 0xBE, 0x70, 0x1E, 0x2A, 0xD0, 0xD3, 0x79, 0xD4, 0x64, 0x9E, 0xED, 0x89, 0x3C,
    0xF9, 0xE4, 0x17, 0x65, 0x54, 0x55, 0x66, 0x9A, 0x44, 0xA8, 0x0E, 0xDE, 0x48, 0x22, 0xB1, 0xD4,
    0xAB, 0x1C, 0x2A, 0xE2, 0x25, 0xBD, 0xF2, 0x7A, 0x07, 0x1C, 0xCC, 0xE0, 0x8A, 0x62, 0xA0, 0x6E,
    0xDE, 0x1C, 0xF0, 0x97, 0xDE, 0xB7, 0xB3, 0x36, 0x46, 0xF4, 0x74, 0x61, 0x66, 0xCE, 0x90, 0xC6,
    0xBB, 0x4C, 0xA8, 0x9C, 0x5E, 0x4E, 0xD2, 0x2C, 0x0A, 0x74, 0x88, 0x1E, 0x5F, 0xE4, 0x92, 0xFF,
    0x29, 0x73, 0x7D, 0x7E, 0xD6, 0x6C, 0x07, 0x7F, 0x6F, 0x28, 0x47, 0xE3, 0x27, 0x49, 0xE0, 0x6D,
    0xDD, 0x8D, 0x3E, 0x92, 0x39, 0xFE, 0xDD, 0x0C, 0x35, 0xBE, 0xC7, 0x1B, 0x54, 0x01, 0x42, 0x79,
    0xA2, 0x33, 0xB8, 0xEE, 0x8C, 0x61, 0x6F, 0xE8, 0xFB, 0xE5, 0xBB, 0x71, 0x6B, 0xE5, 0x4D, 0xFF,
    0x54, 0xE7, 0x6B, 0xF1, 0x1A, 0x9F, 0xB7, 0x23, 0xD5, 0x6C, 0xFA, 0x33, 0xCD, 0x25, 0xAA, 0x2D,
    0xAE, 0x53, 0x85, 0xF5, 0x6F, 0xFA, 0xFB, 0x32, 0xD7, 0xA2, 0x89, 0xBF, 0x25, 0x65, 0x72, 0xF1,
    0x99, 0x82, 0xCC, 0xDF, 0xD9, 0x24, 0x48, 0x43, 0x8C, 0xBA, 0x8E, 0x20, 0x86, 0xE8, 0x5C, 0x36,
    0xCE, 0x57, 0xFD, 0xBE, 0x77, 0xBE, 0x26, 0x7E, 0x1B, 0x40, 0x69, 0xB5, 0x74, 0xB7, 0xF6, 0x2E,
    0x2A, 0xA6, 0x87, 0x68, 0x5F, 0x27, 0xAA, 0xDA, 0x3B, 0xD1, 0xCE, 0x45, 0xDD, 0xCE, 0x45, 0xDD,
    0xCE, 0xC5, 0x53, 0x9D, 0xEF, 0xC5, 0x5F, 0xE7, 0xF3, 0xB3, 0x91, 0xEA, 0xE0, 0xF7, 0x45, 0xB4,
    0x73, 0xD1, 0x97, 0x81, 0x59, 0x9C, 0x44, 0xBE, 0x9E, 0x2E, 0xAF, 0xD4, 0x90, 0x4E, 0x35, 0xF4,
    0xA5, 0x96, 0xEE, 0x87, 0x1D, 0xD4, 0x83, 0xB9, 0x0A, 0x4D, 0x3B, 0x8B, 0x88, 0x6F, 0xAF, 0xB3,
    0x43, 0xB2, 0x89, 0x1B, 0x2E, 0x92, 0x12, 0x71, 0x5F, 0x70, 0x66, 0x5D, 0xA0, 0x5B, 0x10, 0xAD,
    0x9B, 0x51, 0x33, 0xB3, 0x54, 0x1F, 0x6E, 0x6F, 0x47, 0xF7, 0x47, 0x79, 0x80, 0xEE, 0x09, 0xF2,
    0x95, 0xA9, 0xC7, 0x74, 0x6C, 0x13, 0x3C, 0x9D, 0xCE, 0x13, 0x6F, 0xA7, 0x41, 0xFC, 0xD3, 0xCE,
    0xBF, 0x4F, 0x3D, 0xBF, 0xFC, 0xDE, 0x3B, 0xE5, 0xCD, 0xF4, 0x94, 0x9C, 0xBF, 0x44, 0x08, 0xF1,
    0xB5, 0xFF, 0x86, 0xFE, 0x6A, 0x97, 0xDF, 0x7B, 0xB7, 0xE4, 0x79, 0x24, 0x92, 0x0D, 0x8F, 0x63,
    0x33, 0xD4, 0xCF, 0x49, 0xB8, 0xDF, 0xF1, 0x5B, 0x4F, 0x46, 0xF3, 0x13, 0x69, 0x97, 0x99, 0x49,
    0xFF, 0x8F, 0xCE, 0x6B, 0x3A, 0x6A, 0x55, 0x30, 0xE9, 0xD2, 0x1C, 0x7A, 0x54, 0x01, 0xFA, 0xAA,
    0x47, 0x0F, 0xED, 0x2A, 0xF7, 0xE7, 0x44, 0x97, 0xA2, 0x2E, 0xF5, 0x6D, 0x44, 0xE7, 0x8A, 0xF3,
    0xB9, 0xBF, 0xA7, 0x36, 0xE8, 0x86, 0xBE, 0x59, 0xE6, 0x5D, 0xB3, 0xFC, 0x3E, 0xF5, 0x7F, 0x76,
    0x42, 0x8D, 0x64, 0xDA, 0xA9, 0xF6, 0x99, 0xDC, 0xAE, 0x4E, 0xA8, 0xCB, 0x8F, 0x0E, 0xD0, 0xFD,
    0x15, 0x5C, 0x7F, 0x63, 0x4C, 0xF7, 0x9B, 0x60, 0x83, 0xCB, 0x07, 0xCA, 0x09, 0xE4, 0xFE, 0x7E,
    0x05, 0x0F, 0xC8, 0x50, 0x9E, 0xE0, 0xDB, 0x18, 0xEA, 0x59, 0x3C, 0x82, 0xF7, 0xBA, 0x4E, 0xDD,
    0xB2, 0x39, 0x79, 0x3D, 0xDC, 0x77, 0x7D, 0x0C, 0x67, 0xCE, 0x09, 0xB4, 0x4B, 0x9A, 0xED, 0x34,
    0x30, 0x26, 0x0B, 0xB4, 0x56, 0x22, 0x03, 0x41, 0x30, 0x3E, 0x1A, 0x52, 0xF1, 0x09, 0xE1, 0x7E,
    0xBF, 0x82, 0xC7, 0x3B, 0x9B, 0x89, 0x73, 0x9D, 0x94, 0xBE, 0x7B, 0xDC, 0x47, 0x5C, 0x37, 0x71,
    0x88, 0xEF, 0xBA, 0x72, 0x5F, 0x5A, 0xC1, 0x7B, 0xDD, 0x57, 0xC1, 0x40, 0xF2, 0xE7, 0x1A, 0x16,
    0x0B, 0xF2, 0xDC, 0x37, 0xEE, 0xF7, 0xFE, 0x83, 0xD0, 0x8C, 0x68, 0xD6, 0x1D, 0x18, 0x17, 0xE1,
    0xC7, 0x9D, 0xCB, 0x42, 0x69, 0xD5, 0x88, 0x8E, 0x61, 0x08, 0x35, 0xE4, 0x79, 0xE7, 0xE8, 0x79,
    0x38, 0x82, 0x24, 0x7B, 0xA3, 0xE4, 0xBB, 0x40, 0xD4, 0x7C, 0x12, 0x1E, 0x95, 0xAF, 0x79, 0x6E,
    0x3A, 0x1F, 0x5A, 0x7A, 0x74, 0xFE, 0x0F, 0x56, 0x9B, 0xE7, 0x3E, 0xBE, 0x10, 0x1F, 0xAC, 0x8F,
    0xA0, 0xDE, 0x2C, 0x8F, 0xA9, 0xA4, 0x15, 0xA6, 0xE9, 0x76, 0xB9, 0xF1, 0x58, 0x6D, 0x57, 0xB6,
    0xBE, 0xAF, 0x82, 0x46, 0xF3, 0x87, 0xCD, 0xE6, 0x1F, 0x11, 0x4F, 0x03, 0xCE, 0x80, 0x59, 0x82,
    0xE7, 0x71, 0x0F, 0x74, 0x61, 0x84, 0x11, 0x4B, 0x45, 0x21, 0xDD, 0x41, 0x6C, 0xBF, 0xEA, 0xC7,
    0xBC, 0x82, 0xEA, 0xA8, 0x3F, 0x5F, 0xE3, 0xE7, 0x08, 0x82, 0x78, 0x1D, 0x06, 0x69, 0xF6, 0xBF,
    0x34, 0x99, 0x4F, 0xE3, 0xF7, 0x91, 0xF9, 0xAB, 0xEB, 0x55, 0x7E, 0x7D, 0xFF, 0xA9, 0x69, 0x4E,
    0xEE, 0x4B, 0xFD, 0xB2, 0x0A, 0xA2, 0x3F, 0xA2, 0xC3, 0xC7, 0x99, 0x5B, 0xA9, 0xDA, 0x7A, 0x5E,
    0x57, 0x70, 0x03, 0xF4, 0xA7, 0xD0, 0x54, 0xB7, 0x0B, 0x68, 0x84, 0x02, 0xA9, 0xCB, 0x1F, 0x08,
    0xBA, 0x15, 0x8C, 0x04, 0xFA, 0x5C, 0xDE, 0x53, 0xAA, 0xED, 0x86, 0xD0, 0x36, 0x8C, 0xC2, 0x63,
    0x6A, 0xE1, 0x10, 0xB9, 0xA2, 0x71, 0x30, 0x7A, 0xB1, 0xF2, 0xE9, 0xC4, 0xEA, 0x00, 0xC4, 0x8F,
    0xDA, 0x83, 0xD1, 0x0B, 0x52, 0x3F, 0x97, 0xA1, 0x7C, 0x54, 0xEA, 0x8E, 0x26, 0x9D, 0x02, 0xA1,
    0x24, 0x7E, 0xB4, 0x85, 0x8A, 0x13, 0x79, 0xFA, 0xCB, 0x4E, 0x49, 0xBF, 0x7B, 0xD7, 0xF9, 0x31,
    0x2C, 0xB4, 0xE7, 0x1A, 0xF6, 0x19, 0x5A, 0x2C, 0xBA, 0x4C, 0x40, 0xD2, 0xAC, 0x19, 0x82, 0x9E,
    0x33, 0xFC, 0xB2, 0x86, 0x8D, 0xCF, 0x09, 0xEB, 0x47, 0xC0, 0x96, 0x86, 0x5D, 0x86, 0x54, 0x8F,
    0x90, 0xEB, 0x63, 0x7D, 0x9A, 0x32, 0x74, 0x7E, 0x52, 0x30, 0x0C, 0xC2, 0x5E, 0x18, 0x94, 0x8A,
    0xA4, 0x5B, 0x2F, 0xF5, 0x87, 0xAA, 0x9D, 0x91, 0xF0, 0x37, 0xB3, 0x44, 0xA7, 0xA5, 0xE6, 0x27,
    0xE9, 0x38, 0xC1, 0xAA, 0x58, 0x87, 0x05, 0x1B, 0x19, 0x2A, 0xC5, 0x67, 0x4A, 0x62, 0x5D, 0x1E,
    0x7E, 0x14, 0x42, 0x62, 0xA5, 0xCD, 0x33, 0xAB, 0x4D, 0xCD, 0x40, 0x3C, 0x16, 0x8D, 0xD2, 0xE9,
    0x2F, 0xAF, 0xA3, 0xDD, 0xF8, 0x22, 0x26, 0x07, 0x7C, 0xF9, 0x7A, 0xF5, 0xA5, 0xF5, 0x05, 0xBE,
    0xAC, 0xBE, 0x18, 0x76, 0xF1, 0xC5, 0x2F, 0xE5, 0xCB, 0xE9, 0xB2, 0xEF, 0x86, 0x39, 0x7D, 0x09,
    0x06, 0x94, 0xA7, 0x6F, 0x8A, 0x54, 0x6A, 0x65, 0x7A, 0x7E, 0x3A, 0x3F, 0xD1, 0x5C, 0xC2, 0x7F,
    0x75, 0x28, 0x76, 0x96, 0x52, 0x05, 0x3C, 0x67, 0xBD, 0x5C, 0xD9, 0x7D, 0x66, 0x7E, 0x31, 0x6C,
    0x65, 0xF4, 0x65, 0xAF, 0x32, 0x2E, 0xE2, 0xDE, 0x63, 0xCA, 0x8C, 0xD5, 0x55, 0x1A, 0xF9, 0x37,
    0x69, 0xE8, 0xFA, 0xE8, 0x0C, 0x2B, 0x5E, 0xEA, 0x83, 0xAE, 0x59, 0xD7, 0xD2, 0x3E, 0xF0, 0x8E,
    0x21, 0x9A, 0x07, 0x48, 0x9C, 0x00, 0x30, 0x00, 0xF7, 0x9C, 0x80, 0x8D, 0x66, 0x93, 0x61, 0x1D,
    0x96, 0x92, 0x49, 0x68, 0xC7, 0x5F, 0x0C, 0x3A, 0x15, 0x8C, 0x72, 0x1B, 0x90, 0xFA, 0xC0, 0x7E,
    0x15, 0xF5, 0xB8, 0x42, 0xBA, 0x02, 0xC1, 0xA0, 0x50, 0xEE, 0x73, 0x04, 0xBB, 0x41, 0x48, 0xAA,
    0x69, 0xDF, 0xCC, 0xDD, 0x84, 0xAA, 0xD8, 0x77, 0x53, 0xAB, 0x4F, 0xA4, 0xB7, 0xDF, 0x0B, 0xD5,
    0xE0, 0x09, 0xA5, 0xFE, 0x33, 0x8D, 0x68, 0xFD, 0x98, 0xD6, 0xC2, 0x49, 0xCA, 0x84, 0x60, 0x76,
    0x99, 0xEA, 0xFE, 0x3F, 0x80, 0xED, 0x04, 0xFF, 0xB4, 0xD3, 0xBB, 0xFE, 0x06, 0x4F, 0x6A, 0x5F,
    0x4F, 0x66, 0xBA, 0xD9, 0xC4, 0xF0, 0x53, 0x43, 0xDC, 0xF7, 0x53, 0xA8, 0xDD, 0xA9, 0x55, 0x46,
    0x0C, 0x55, 0x2F, 0x34, 0x6E, 0x31, 0xB6, 0xA7, 0x44, 0x4B, 0x68, 0x44, 0xCC, 0xC2, 0xC8, 0xE6,
    0xAC, 0x74, 0xA5, 0x33, 0xFC, 0x77, 0xD9, 0xA2, 0x95, 0xD2, 0xEC, 0xB9, 0x05, 0xB8, 0xB2, 0xD5,
    0xF9, 0x04, 0x50, 0xB9, 0xE6, 0x4F, 0x05, 0x5A, 0xD7, 0x04, 0xDA, 0x1A, 0x3A, 0xCF, 0x69, 0x68,
    0x64, 0x0D, 0x40, 0xA2, 0x4D, 0xF5, 0x7D, 0x90, 0xB1, 0x5E, 0xE9, 0xD9, 0x07, 0xC9, 0x26, 0x63,
    0xE8, 0xFC, 0x74, 0xC0, 0xD0, 0x8F, 0x08, 0xB1, 0x49, 0x94, 0x1F, 0x52, 0x65, 0xBC, 0x12, 0x73,
    0xDD, 0xCA, 0xDD, 0x21, 0xA3, 0x46, 0xFF, 0xF8, 0xF7, 0xD5, 0x31, 0x8D, 0xED, 0x63, 0xD3, 0x1B,
    0x33, 0xB5, 0x74, 0x44, 0xCB, 0x45, 0x6B, 0xCA, 0xB4, 0x56, 0x24, 0x33, 0x48, 0x35, 0x02, 0x91,
    0x00, 0xBA, 0x44, 0x6C, 0x16, 0xA1, 0x1C, 0x5A, 0xE9, 0xDC, 0x46, 0x73, 0xC9, 0x4E, 0x8D, 0xBC,
    0x0D, 0x6E, 0xFC, 0xAE, 0x5A, 0xDF, 0x20, 0xE9, 0x2D, 0x70, 0xE2, 0x33, 0x2D, 0x9A, 0xED, 0xB0,
    0xD6, 0xB6, 0x5C, 0x33, 0x3D, 0x41, 0x95, 0x04, 0x54, 0xEA, 0x49, 0x0D, 0x15, 0x43, 0xE2, 0x32,
    0x89, 0x86, 0x19, 0xA0, 0x41, 0x3C, 0x4B, 0xAE, 0x93, 0x84, 0xCB, 0x90, 0x70, 0x9E, 0xA1, 0xAF,
    0x5A, 0xF3, 0x80, 0x75, 0xB6, 0xF8, 0x18, 0xA4, 0xBC, 0xB7, 0x68, 0xF6, 0x9B, 0x7F, 0x97, 0xA9,
    0x93, 0x35, 0x42, 0xD6, 0x1E, 0x51, 0xAF, 0x1D, 0x50, 0xEB, 0x98, 0xEA, 0x44, 0x75, 0x75, 0x60,
    0xB5, 0xA3, 0xF6, 0x9B, 0xA4, 0x74, 0xC4, 0xF4, 0x43, 0xED, 0x90, 0x82, 0x4B, 0x3F, 0x14, 0x9B,
    0x07, 0xA1, 0xF8, 0x98, 0x53, 0xED, 0x1F, 0xE9, 0x6A, 0x63, 0xD8, 0x03, 0xFE, 0xC6, 0x15, 0x24,
    0x92, 0x0D, 0x7C, 0x07, 0x24, 0xFA, 0x6A, 0xC5, 0xB7, 0x96, 0xD1, 0xC7, 0xB8, 0x4E, 0x44, 0x20,
    0x04, 0x0C, 0x80, 0x07, 0x80, 0xD4, 0xFE, 0x6F, 0x5C, 0xBF, 0xFD, 0x66, 0x8D, 0xDA, 0x4F, 0xF7,
    0x0E, 0x6B, 0xB3, 0xCF, 0xA7, 0x2B, 0x9B, 0xF4, 0xDB, 0x79, 0x3E, 0x05, 0x01, 0x9C, 0x84, 0xD6,
    0x4F, 0xD2, 0xA7, 0x18, 0xBE, 0x95, 0xD6, 0x6A, 0xEE, 0xF3, 0xA9, 0xF3, 0xED, 0xB4, 0x0B, 0x48,
    0x9F, 0x7E, 0x8D, 0xDA, 0xED, 0x11, 0x7A, 0x00, 0xD6, 0xCD, 0x9F, 0xA5, 0x80, 0x2D, 0xF3, 0x97,
    0x71, 0xCD, 0xA3, 0x9B, 0xCD, 0xAD, 0xA8, 0xB6, 0x88, 0xFE, 0x08, 0xD4, 0xC9, 0x3A, 0xA9, 0x13,
    0x8A, 0xC6, 0xBC, 0x05, 0x21, 0x88, 0x5A, 0xB7, 0x47, 0xED, 0x27, 0xF5, 0xD4, 0xCA, 0x82, 0x90,
    0x66, 0xBA, 0xF2, 0x62, 0xC2, 0xFB, 0x1C, 0x34, 0xDE, 0xCC, 0x49, 0x61, 0x87, 0x19, 0xBC, 0xFB,
    0x08, 0xB5, 0x9F, 0x46, 0xF3, 0xC4, 0x71, 0xA1, 0xEC, 0x97, 0x5D, 0xA1, 0xEC, 0xB9, 0x7B, 0xEE,
    0xE3, 0xD6, 0xCA, 0xD6, 0xF5, 0x37, 0x5C, 0x58, 0x7B, 0x69, 0xBC, 0x19, 0xD2, 0x78, 0xE3, 0xBC,
    0x3A, 0xCB, 0x7A, 0x29, 0xE6, 0x44, 0xEA, 0x6E, 0x5E, 0xEF, 0x32, 0xA4, 0xEB, 0x75, 0x6A, 0xCC,
    0x14, 0x9C, 0x31, 0x21, 0x95, 0x15, 0x75, 0xB4, 0x43, 0x43, 0x58, 0x08, 0x0F, 0x83, 0x84, 0x33,
    0xC3, 0x49, 0x08, 0x7C, 0xAB, 0x63, 0xBC, 0x49, 0x53, 0x64, 0xD8, 0xBE, 0x11, 0x32, 0xFC, 0xEC,
    0x2F, 0x92, 0x3A, 0xB5, 0xDB, 0xFA, 0xD9, 0x8F, 0x73, 0xCC, 0x3F, 0xF7, 0xED, 0x64, 0x5B, 0xB5,
    0x2E, 0xA9, 0xB6, 0x95, 0x10, 0x6A, 0x0D, 0xC4, 0x8A, 0x9B, 0xF9, 0xD1, 0x93, 0x04, 0xBD, 0xD8,
    0x46, 0xF9, 0xC6, 0x2E, 0x71, 0x3C, 0x82, 0xE8, 0x91, 0x67, 0x49, 0x48, 0x33, 0x42, 0x91, 0xC2,
    0x2F, 0x11, 0x3F, 0x5F, 0x26, 0xE9, 0x04, 0x7A, 0x40, 0x61, 0xC7, 0xA4, 0x07, 0x6C, 0x75, 0x2E,
    0xDB, 0x31, 0x4D, 0x57, 0xE8, 0x89, 0x31, 0xDC, 0x23, 0x2C, 0xC5, 0x64, 0x98, 0xEA, 0xF6, 0xF5,
    0x4E, 0x16, 0x40, 0x9A, 0xA1, 0xEB, 0x8D, 0xCE, 0x26, 0xC3, 0x1A, 0x8D, 0x3A, 0xAE, 0xD7, 0x8E,
    0x6B, 0xE8, 0x8A, 0x29, 0x75, 0x12, 0x12, 0x0B, 0x79, 0x13, 0x10, 0xED, 0x02, 0x9C, 0x7B, 0xE9,
    0xE3, 0xE5, 0x9A, 0x27, 0x0C, 0xB0, 0x36, 0x6F, 0xC5, 0x34, 0xDE, 0xAA, 0x76, 0x56, 0xC3, 0x1A,
    0x60, 0x59, 0xD4, 0x5A, 0xCF, 0x47, 0x80, 0xEA, 0x56, 0xA6, 0x6C, 0x3A, 0x6F, 0x66, 0x3B, 0xCA,
    0xBE, 0x09, 0x0B, 0x87, 0x1F, 0x39, 0xB7, 0xA9, 0x2B, 0x42, 0x3B, 0x73, 0xDB, 0xA9, 0x4D, 0x48,
    0x9C, 0x7B, 0x44, 0xC4, 0x88, 0x5E, 0x3D, 0xB9, 0x68, 0x96, 0xAF, 0x8B, 0xEA, 0xC6, 0x72, 0x48,
    0x4E, 0x88, 0xFD, 0x0D, 0x48, 0x9F, 0x23, 0xC4, 0xAE, 0x04, 0x36, 0x3B, 0x1E, 0xCD, 0x6F, 0x2D,
    0x5D, 0x0D, 0x34, 0x1C, 0x02, 0x9F, 0xEB, 0xCD, 0xE6, 0x06, 0xF0, 0xB9, 0xF6, 0x28, 0xCD, 0xEA,
    0x79, 0x05, 0x6B, 0xF2, 0x22, 0xCD, 0xEB, 0x50, 0x35, 0x9A, 0x4B, 0x98, 0xD7, 0x74, 0x53, 0x86,
    0x79, 0x6D, 0xDE, 0xDE, 0x4C, 0x31, 0xAF, 0x9D, 0xC4, 0x8E, 0x5B, 0x34, 0xCE, 0x7E, 0xE8, 0xD1,
    0xFC, 0x7C, 0x3E, 0x5D, 0x5F, 0xDF, 0x90, 0x79, 0xDE, 0x2E, 0x64, 0x7E, 0xBB, 0x1A, 0xB6, 0xCB,
    0x08, 0xD0, 0x1E, 0xB8, 0x7D, 0xC0, 0x76, 0x6A, 0x0C, 0x00, 0x69, 0x66, 0x7E, 0xB5, 0x45, 0xE3,
    0xF9, 0xF7, 0x3B, 0x9D, 0x8B, 0x98, 0xD7, 0x16, 0x2C, 0xBA, 0x84, 0xCF, 0xD6, 0xC7, 0xE7, 0x52,
    0xCC, 0x6B, 0x2B, 0x31, 0xD3, 0x93, 0x2D, 0x15, 0x02, 0xAA, 0x9C, 0x28, 0x29, 0x41, 0x23, 0x1B,
    0x30, 0xB4, 0x53, 0x3F, 0xB2, 0xA8, 0x1E, 0x7E, 0x64, 0x67, 0x74, 0xDF, 0x5F, 0x0D, 0x61, 0x9B,
    0xF9, 0xF8, 0xDC, 0xCF, 0x61, 0xB6, 0x33, 0x42, 0xE3, 0xF9, 0x70, 0xA4, 0x05, 0x2E, 0x1F, 0xB4,
    0xA6, 0x75, 0xB5, 0xB4, 0x35, 0x01, 0x8D, 0x50, 0x20, 0x34, 0x3D, 0xD5, 0x3D, 0x43, 0x5D, 0x05,
    0x18, 0xB0, 0xA6, 0xA7, 0xBA, 0x1E, 0xC9, 0xC7, 0x80, 0xF4, 0x54, 0x86, 0xB0, 0x79, 0x76, 0x21,
    0x06, 0x14, 0x5D, 0x81, 0x41, 0x1F, 0x90, 0x28, 0x64, 0x26, 0x90, 0x88, 0x0D, 0x43, 0xA2, 0x33,
    0x2D, 0xC8, 0x15, 0x7E, 0x21, 0x70, 0xBD, 0x0D, 0x11, 0x2F, 0x33, 0x72, 0x3F, 0x62, 0x5F, 0x41,
    0xE6, 0x92, 0x2E, 0x6F, 0xA5, 0x6E, 0x62, 0x03, 0xA3, 0x92, 0x76, 0x68, 0xE6, 0xF5, 0x93, 0xF6,
    0x35, 0xE2, 0xC2, 0x45, 0xFD, 0x09, 0xF7, 0x1A, 0xB5, 0x66, 0x6D, 0xF1, 0x2B, 0x6E, 0x04, 0x0B,
    0x85, 0x7F, 0x46, 0x44, 0x4A, 0xB7, 0xBB, 0x21, 0xB0, 0x10, 0x2B, 0xBA, 0xD5, 0xD7, 0xEE, 0xC0,
    0x49, 0x37, 0x8A, 0xA5, 0x47, 0xDC, 0x4D, 0x34, 0xD3, 0xD7, 0x14, 0x6D, 0xB7, 0xD0, 0xF7, 0x04,
    0x9C, 0xDB, 0x4B, 0x1C, 0xBE, 0xD0, 0xBB, 0x60, 0x82, 0xF1, 0x3B, 0xB9, 0x1B, 0x05, 0x70, 0xBB,
    0xD0, 0xC0, 0x3A, 0xC3, 0xF0, 0xB4, 0x96, 0xBE, 0xDB, 0x6C, 0x64, 0x7A, 0x37, 0x5F, 0x24, 0x1C,
    0xA1, 0x8E, 0x79, 0x59, 0x09, 0x54, 0x63, 0xA8, 0x8D, 0x08, 0x23, 0xB8, 0xFF, 0x7A, 0x24, 0x7A,
    0xEB, 0x54, 0x3E, 0xF0, 0xA7, 0xC8, 0x00, 0x67, 0x22, 0xE8, 0x72, 0x45, 0xDC, 0xC8, 0x1E, 0xB4,
    0x23, 0xCE, 0xDF, 0x46, 0x45, 0x09, 0x3A, 0x02, 0xCF, 0xC7, 0xBD, 0x88, 0xAD, 0x5D, 0x31, 0xC4,
    0x57, 0xBF, 0xDC, 0x83, 0xA9, 0x52, 0x79, 0x1F, 0x89, 0x02, 0xC5, 0x1D, 0x70, 0x0C, 0x33, 0x7C,
    0xD2, 0x88, 0xF1, 0x1B, 0x19, 0x8F, 0xE8, 0xCC, 0x37, 0xA0, 0x3F, 0x74, 0x31, 0x9B, 0x87, 0x2C,
    0xA5, 0xDA, 0xE5, 0x2F, 0xD0, 0xF8, 0xE1, 0xE6, 0x77, 0x63, 0x91, 0x83, 0xCA, 0x77, 0x44, 0x85,
    0xBB, 0x75, 0xE1, 0x1D, 0xAD, 0xD3, 0xB9, 0x2F, 0xC4, 0x32, 0x5F, 0x5C, 0x99, 0x32, 0x6E, 0xE4,
    0xB3, 0xDF, 0x41, 0x79, 0xBF, 0x5D, 0x97, 0x2F, 0x81, 0xF7, 0x88, 0xFD, 0x1E, 0xEC, 0x09, 0x67,
    0x3D, 0x65, 0xBF, 0x1B, 0xD1, 0x8C, 0x3A, 0x46, 0x5F, 0xDE, 0x89, 0x89, 0xF4, 0x10, 0xA9, 0xB4,
    0xDF, 0x66, 0x95, 0xC9, 0x53, 0xCE, 0x5B, 0x29, 0x1A, 0x4F, 0x5F, 0xAE, 0x65, 0xD0, 0x94, 0x48,
    0x7C, 0x8B, 0xE0, 0xB8, 0xE1, 0x2F, 0xAD, 0x75, 0xF9, 0x12, 0xD6, 0x59, 0x9E, 0xC4, 0x3F, 0xE4,
    0x30, 0xCF, 0xF0, 0xD9, 0xE9, 0xA5, 0x3C, 0xB7, 0x41, 0x5C, 0x1B, 0x5F, 0x36, 0xEA, 0xEC, 0xFE,
    0x51, 0x7E, 0xDE, 0x32, 0x06, 0x30, 0xAF, 0x05, 0x49, 0x61, 0xF3, 0x18, 0xB6, 0x8D, 0x7E, 0x90,
    0x20, 0x53, 0x61, 0xDD, 0x2C, 0x95, 0x45, 0x9D, 0x72, 0xC5, 0xFA, 0x31, 0x65, 0xDD, 0x61, 0x8C,
    0x08, 0x47, 0xDD, 0xD2, 0xAA, 0xBA, 0x45, 0x6B, 0x1A, 0xC7, 0x3B, 0x43, 0xA8, 0xD9, 0xDB, 0x95,
    0xA0, 0x4A, 0x02, 0x9C, 0x6A, 0x81, 0xFF, 0x97, 0xE5, 0x8B, 0xFC, 0x85, 0xBA, 0xE5, 0xB5, 0x10,
    0xC2, 0x05, 0x75, 0xCB, 0x8B, 0x9C, 0xC7, 0x4A, 0x3C, 0xDC, 0x75, 0x91, 0xBA, 0x65, 0x51, 0xCA,
    0x71, 0x22, 0x71, 0xEC, 0x91, 0x12, 0xB8, 0xCD, 0x73, 0x8B, 0xBA, 0xE5, 0x84, 0x7C, 0xF9, 0x8A,
    0x37, 0x52, 0x10, 0x61, 0x38, 0x6C, 0x86, 0x95, 0x50, 0xCC, 0xFD, 0xE3, 0x92, 0x76, 0x25, 0x5F,
    0xD0, 0xDB, 0xF2, 0xE5, 0x95, 0xEA, 0x4B, 0xF7, 0xE8, 0x2F, 0xDB, 0xFC, 0xE5, 0xB8, 0xAB, 0xFA,
    0xFC, 0x25, 0x70, 0x0D, 0xFE, 0x42, 0xB3, 0xCB, 0xBA, 0x09, 0x8C, 0xF7, 0x53, 0xE5, 0xBD, 0x03,
    0x49, 0x88, 0x99, 0x1E, 0x50, 0xA6, 0x50, 0xAB, 0x39, 0x73, 0xBB, 0x2B, 0x0A, 0xE6, 0x16, 0x9E,
    0xF1, 0x5F, 0x9D, 0x66, 0xFA, 0x26, 0x95, 0xF0, 0x58, 0x28, 0x5C, 0xD3, 0x8F, 0xD8, 0x22, 0x2B,
    0x5A, 0xDB, 0x06, 0x7F, 0x9D, 0x6B, 0x6E, 0x34, 0x5F, 0xDA, 0x6B, 0x2E, 0x1D, 0xA2, 0x93, 0x56,
    0x3A, 0xAF, 0x1B, 0x4D, 0xEA, 0xC2, 0x6D, 0x7D, 0xB9, 0x82, 0xEB, 0xA0, 0x42, 0xB9, 0xEE, 0xF9,
    0x09, 0x58, 0x9D, 0xAF, 0xF2, 0xB1, 0x2E, 0x78, 0x48, 0xBE, 0x0A, 0xEE, 0x2F, 0xF7, 0xA8, 0x7C,
    0x1B, 0xFB, 0xCA, 0xDD, 0x9F, 0x9F, 0x9D, 0x4E, 0x6F, 0x68, 0x89, 0x4F, 0x6A, 0xFE, 0x07, 0x50,
    0x5D, 0x5F, 0x82, 0x6A, 0x77, 0x89, 0x0D, 0xD8, 0xB7, 0x41, 0x70, 0x86, 0x3F, 0x3C, 0x7F, 0x98,
    0x6F, 0x62, 0x8E, 0x6D, 0x52, 0xA3, 0xFE, 0x98, 0xB0, 0x41, 0x59, 0xE5, 0x0D, 0xEE, 0x00, 0xF7,
    0xDD, 0x77, 0x99, 0xEC, 0xB4, 0x9D, 0xB7, 0xD0, 0x4B, 0x66, 0xE1, 0xC4, 0x6D, 0xE8, 0x62, 0x99,
    0x13, 0xC3, 0x99, 0xD9, 0x8B, 0x9C, 0x18, 0x8E, 0x86, 0x01, 0xF8, 0x52, 0xFB, 0xA3, 0xF6, 0x75,
    0xB4, 0x7B, 0x33, 0x17, 0x17, 0x4E, 0xF6, 0x32, 0x90, 0x83, 0x75, 0x6F, 0x57, 0xDB, 0x9C, 0x46,
    0xB0, 0x3A, 0xAF, 0x55, 0x6D, 0xD2, 0xAC, 0x58, 0x27, 0xBF, 0x9F, 0x7C, 0xB0, 0x51, 0x1D, 0xD7,
    0x66, 0x66, 0x2B, 0x9E, 0xE2, 0x86, 0x33, 0xE7, 0x3F, 0x58, 0x26, 0x5D, 0x2E, 0x26, 0xDE, 0x39,
    0x04, 0x5C, 0xD8, 0xBA, 0xBE, 0xEB, 0xE1, 0xA2, 0xA7, 0xEA, 0x0C, 0x7D, 0x0D, 0xD7, 0xC1, 0x10,
    0x89, 0xF7, 0xE7, 0xC4, 0x0F, 0xA8, 0x2B, 0x9C, 0xAC, 0x9D, 0x23, 0x7F, 0x9B, 0x48, 0x26, 0x9C,
    0xAA, 0xF5, 0x0A, 0x9F, 0xE6, 0x9A, 0x82, 0xEF, 0x81, 0xA6, 0x76, 0x15, 0x04, 0x81, 0x46, 0x0F,
    0x72, 0x1D, 0xA3, 0x71, 0x9D, 0x59, 0x9B, 0x0B, 0xC5, 0x72, 0x02, 0xB9, 0xDC, 0xD1, 0x66, 0xFF,
    0xE3, 0xE8, 0x97, 0x2D, 0x4D, 0xC0, 0xAD, 0xA4, 0xAA, 0x34, 0x9B, 0xE4, 0x06, 0x15, 0x74, 0xF6,
    0xA1, 0xA0, 0x2B, 0x5C, 0x60, 0xA1, 0xA7, 0xE9, 0xBE, 0xD8, 0xE2, 0xF7, 0x85, 0x56, 0xC0, 0xB5,
    0x45, 0xD5, 0x5C, 0xE6, 0xF9, 0x10, 0x10, 0x25, 0x26, 0x19, 0x89, 0xD4, 0xDB, 0x2E, 0x8D, 0xA0,
    0x5C, 0x74, 0x3E, 0x8C, 0x18, 0x7A, 0x2F, 0xA4, 0xCA, 0x0E, 0x6B, 0xAA, 0x61, 0xF6, 0x79, 0xB2,
    0x17, 0x44, 0x57, 0x9C, 0xA8, 0x65, 0x11, 0xFD, 0x8B, 0x9C, 0x70, 0xCD, 0x8B, 0x69, 0x50, 0xDD,
    0x70, 0xAD, 0xB7, 0xD2, 0xF9, 0x8F, 0x85, 0x1B, 0x6E, 0x93, 0x54, 0x98, 0x77, 0x5D, 0x75, 0xF5,
    0xE5, 0x85, 0xCE, 0xE5, 0x93, 0xAE, 0x12, 0x85, 0x73, 0x04, 0x9B, 0x7B, 0xCF, 0x85, 0x6B, 0xEA,
    0x22, 0xD5, 0xFB, 0xBB, 0x71, 0xCB, 0xC8, 0x4E, 0x75, 0xB6, 0xBE, 0x13, 0xD7, 0xD0, 0x78, 0x92,
    0x77, 0xD9, 0x11, 0xED, 0xBC, 0x9A, 0x9D, 0x85, 0xD5, 0xD0, 0x0D, 0xB3, 0x45, 0x6A, 0xC7, 0xE9,
    0xF7, 0xC2, 0xFE, 0xBC, 0xA7, 0x7E, 0xBD, 0x7C, 0x2F, 0xDC, 0x9E, 0xAF, 0x2B, 0x92, 0x4B, 0xD5,
    0x2B, 0x54, 0xA7, 0x1F, 0xB1, 0xBA, 0xB3, 0x2D, 0x5E, 0x0C, 0x96, 0xD4, 0x89, 0x1A, 0xB1, 0x32,
    0xD1, 0xF0, 0x19, 0x0F, 0xAF, 0x17, 0x02, 0x7B, 0x5A, 0xE1, 0x9D, 0x9B, 0x68, 0xFB, 0xE2, 0x18,
    0xFA, 0x24, 0xF4, 0x80, 0x79, 0x10, 0x9C, 0xED, 0xF4, 0x40, 0x0C, 0xEB, 0x8E, 0x20, 0x4C, 0x7D,
    0xA6, 0xB9, 0xD3, 0x5C, 0x9A, 0x0D, 0xC5, 0x26, 0x85, 0x76, 0x1B, 0x65, 0xC8, 0xD0, 0xA2, 0x61,
    0x71, 0xA8, 0x3F, 0xBC, 0xB7, 0xA0, 0x63, 0xB7, 0x58, 0x85, 0x86, 0x6E, 0x42, 0x4C, 0x25, 0x23,
    0xEA, 0x64, 0x53, 0xE5, 0x23, 0x82, 0x6C, 0x2B, 0x71, 0x55, 0x8E, 0x7A, 0x14, 0x5E, 0x73, 0xEF,
    0xB7, 0x9B, 0xCD, 0xF3, 0x7F, 0xE6, 0x31, 0x12, 0xD8, 0x31, 0xB5, 0x3B, 0x6E, 0x36, 0x81, 0x7C,
    0xF6, 0xB5, 0xB2, 0x04, 0x74, 0xAE, 0xDD, 0xDE, 0x62, 0xF8, 0x6A, 0x0A, 0x7E, 0x33, 0xFB, 0x2E,
    0xC3, 0xD9, 0xF2, 0x3D, 0x86, 0xE5, 0x9E, 0xFB, 0x1C, 0xAE, 0xEF, 0x92, 0x1E, 0x2B, 0xF9, 0x5D,
    0xE3, 0x63, 0xBE, 0xDF, 0x33, 0x38, 0x78, 0x84, 0x10, 0x74, 0x09, 0xF0, 0x75, 0xA2, 0xF9, 0xC7,
    0xB7, 0x62, 0x05, 0x09, 0xC7, 0xA1, 0x0A, 0xAF, 0x90, 0x6C, 0x68, 0xFE, 0x70, 0xCA, 0xC5, 0x1A,
    0x4E, 0x23, 0x0B, 0x23, 0x0F, 0x49, 0xA9, 0x9B, 0x34, 0x05, 0x2F, 0xE9, 0x79, 0x9C, 0x2D, 0x88,
    0x8D, 0x7E, 0x6C, 0xE4, 0x9A, 0xD1, 0xF8, 0xEC, 0x6A, 0x6F, 0x14, 0xCF, 0xA7, 0x54, 0x4A, 0xB1,
    0x26, 0x21, 0x95, 0xB2, 0x99, 0x8E, 0xF3, 0xED, 0xFB, 0xAB, 0x6C, 0x89, 0x6E, 0x05, 0x23, 0xCD,
    0x62, 0x47, 0x90, 0x38, 0x47, 0x5F, 0xC3, 0x1C, 0x90, 0xC6, 0xB8, 0x82, 0xDB, 0x93, 0xB0, 0xBA,
    0x3E, 0x91, 0x8F, 0xEF, 0x27, 0xC2, 0x66, 0x9C, 0x97, 0xF2, 0x48, 0x15, 0x3F, 0xCE, 0x8D, 0x9D,
    0x74, 0x32, 0x57, 0xCD, 0xF6, 0x75, 0x37, 0x10, 0x51, 0xE2, 0x6F, 0xDA, 0x72, 0x67, 0x69, 0x48,
    0xDC, 0x94, 0x9D, 0xA2, 0xA4, 0x26, 0xB1, 0x31, 0x6F, 0x28, 0xEC, 0xC0, 0x1A, 0x34, 0x9B, 0x43,
    0x9A, 0x33, 0x9E, 0xF6, 0x89, 0x04, 0x1A, 0x7E, 0x89, 0x6D, 0x6F, 0x75, 0x6D, 0x83, 0x3B, 0x04,
    0xB6, 0xB5, 0xB4, 0x53, 0x41, 0x3E, 0xBF, 0x7E, 0x74, 0xFE, 0x75, 0xD0, 0xD7, 0x9D, 0x71, 0xFE,
    0x15, 0xF1, 0x51, 0x1C, 0xF5, 0x77, 0x57, 0x5F, 0xC0, 0xB3, 0x63, 0x81, 0x68, 0x05, 0x1E, 0xC4,
    0x6D, 0x16, 0x82, 0x13, 0x62, 0xE3, 0xEA, 0x47, 0xAB, 0xE7, 0x12, 0x70, 0xEA, 0xAB, 0xAE, 0x99,
    0xEC, 0x35, 0x2F, 0x30, 0x84, 0x0F, 0x98, 0x61, 0xAA, 0x21, 0xCD, 0xE6, 0x1F, 0x5D, 0x78, 0x29,
    0xC9, 0x7C, 0x97, 0xEF, 0xCB, 0x1C, 0x0D, 0x69, 0xEE, 0x49, 0xFE, 0x45, 0x81, 0xEE, 0x40, 0xA0,
    0x93, 0xEB, 0xF3, 0x6A, 0x04, 0x91, 0x1F, 0x7C, 0x5F, 0xC3, 0x78, 0xDB, 0x7B, 0x3E, 0x01, 0x11,
    0xBE, 0xEA, 0xC2, 0x0B, 0x46, 0xF3, 0xDE, 0xD5, 0x51, 0x2F, 0x2E, 0x50, 0xE4, 0x6D, 0x40, 0x5B,
    0x43, 0x21, 0xD2, 0xD3, 0x30, 0x12, 0xE8, 0x08, 0x3C, 0x46, 0x84, 0x13, 0xD0, 0x2D, 0x85, 0xBE,
    0x1F, 0xFF, 0xEB, 0x89, 0xC6, 0x1F, 0x63, 0x0B, 0x88, 0xF2, 0xE7, 0x19, 0xCE, 0x96, 0x3F, 0xF8,
    0x16, 0xE6, 0x7D, 0x3B, 0x9F, 0xAF, 0xC1, 0xAF, 0xFC, 0x0F, 0x33, 0x81, 0x2A, 0x9B, 0x9F, 0x77,
    0xF1, 0xFC, 0x6C, 0xDE, 0x75, 0x8F, 0x69, 0x58, 0x67, 0xA8, 0x5C, 0xEF, 0xB7, 0xE2, 0x85, 0xDB,
    0x5B, 0x9D, 0x17, 0xED, 0xF7, 0xA1, 0xC5, 0x95, 0xAF, 0x19, 0xEF, 0xC7, 0x2B, 0xF8, 0x8D, 0x7A,
    0x20, 0xE2, 0x03, 0xF5, 0xC8, 0xDC, 0x63, 0x2E, 0x08, 0x67, 0xE6, 0xBA, 0xAE, 0xF1, 0x06, 0xA0,
    0xC7, 0x55, 0xFC, 0xBB, 0xD7, 0x16, 0x5D, 0x38, 0x13, 0xCB, 0xF7, 0xF0, 0x9C, 0xFE, 0xE9, 0xA1,
    0xDB, 0x25, 0x92, 0x9E, 0xF5, 0x32, 0x88, 0x23, 0x2A, 0x5B, 0xCF, 0x58, 0xF6, 0xCE, 0x4E, 0x64,
    0x76, 0x42, 0xB4, 0x38, 0x53, 0xC4, 0x1E, 0xDB, 0x25, 0xA9, 0x39, 0x99, 0x17, 0xAF, 0x74, 0x2E,
    0x13, 0x0C, 0xAE, 0x45, 0x30, 0x46, 0x67, 0x77, 0xDE, 0x8A, 0x01, 0x3F, 0xFD, 0xE4, 0xAF, 0x58,
    0x75, 0xFC, 0x2C, 0xFE, 0x0C, 0xD1, 0x51, 0x0B, 0x9F, 0xC0, 0xCE, 0x74, 0x2E, 0x21, 0xD1, 0x3E,
    0x40, 0x34, 0xD1, 0xA9, 0x10, 0xA6, 0xBA, 0xA9, 0x68, 0xA2, 0x8A, 0x69, 0x70, 0x4C, 0x20, 0x69,
    0xBD, 0x9B, 0x43, 0xD2, 0xF2, 0xC7, 0xBE, 0x2D, 0x2B, 0xBA, 0x7C, 0x06, 0x3D, 0x4F, 0x74, 0x77,
    0x11, 0xD0, 0xB3, 0x6E, 0xF7, 0xAE, 0x5F, 0xB4, 0xE2, 0xBA, 0x73, 0x7D, 0xAB, 0x43, 0xB0, 0xF0,
    0x63, 0xC8, 0x67, 0x6F, 0x17, 0xEC, 0xAB, 0xB2, 0x6E, 0x14, 0x9F, 0x7D, 0x70, 0xA1, 0xA9, 0xAC,
    0xFF, 0x55, 0xB3, 0x18, 0x12, 0xF1, 0xE6, 0xF3, 0x04, 0x39, 0x1F, 0x41, 0xBA, 0xEF, 0x92, 0x3E,
    0x9F, 0x12, 0x0C, 0x78, 0x2A, 0xC6, 0x73, 0x7B, 0xD0, 0xC2, 0xEC, 0xB8, 0xC7, 0xF8, 0x6C, 0xC7,
    0x3F, 0xFA, 0xA3, 0x66, 0x73, 0x9D, 0x90, 0x7D, 0xDB, 0x47, 0xE4, 0x90, 0x13, 0x6D, 0x1B, 0x43,
    0x9F, 0x54, 0xA5, 0x70, 0x5B, 0x7D, 0x99, 0xF8, 0x94, 0x1B, 0xB2, 0x04, 0x49, 0xBD, 0xCB, 0x88,
    0x9F, 0x69, 0x41, 0x32, 0x63, 0xEA, 0x5E, 0x5E, 0xCB, 0xD6, 0x41, 0x5D, 0x3B, 0xDF, 0x4E, 0xBB,
    0xBA, 0x89, 0xDF, 0xE2, 0xA9, 0x5D, 0x0A, 0x1F, 0x3C, 0x4E, 0xED, 0xD7, 0x3E, 0xD5, 0x51, 0x8C,
    0xC3, 0x1E, 0xE6, 0x13, 0xB4, 0xB1, 0x27, 0x9D, 0xF8, 0x49, 0x44, 0x6A, 0xAD, 0xD1, 0xA3, 0x01,
    0xEB, 0x4E, 0x9C, 0x01, 0xCE, 0x93, 0x94, 0x0E, 0xE8, 0x3A, 0x6F, 0xC3, 0xB3, 0x9A, 0xCF, 0x38,
    0xEF, 0x20, 0xA2, 0xA7, 0xBA, 0xAF, 0x2A, 0xA7, 0xA3, 0x7D, 0x73, 0xFB, 0x7D, 0x76, 0x7C, 0xFE,
    0x4D, 0x0E, 0x34, 0x82, 0x22, 0x5D, 0xFD, 0xBE, 0x87, 0xDC, 0x94, 0x1F, 0x98, 0xAF, 0x1C, 0x19,
    0x41, 0x34, 0x2C, 0x27, 0x5D, 0x9F, 0xF8, 0xAC, 0x99, 0x11, 0x8F, 0x0F, 0xFD, 0x10, 0x71, 0x64,
    0xA4, 0x20, 0xC5, 0x6E, 0x4C, 0x23, 0x15, 0xC3, 0x9E, 0x63, 0x25, 0x76, 0x62, 0xF4, 0x67, 0x48,
    0x67, 0x35, 0xC4, 0x36, 0xCF, 0xF8, 0x0D, 0x2B, 0xCB, 0x18, 0xAE, 0xD1, 0xD7, 0xA4, 0xA6, 0xDC,
    0xBA, 0x72, 0x4F, 0xFC, 0x98, 0x20, 0x49, 0xCF, 0xDF, 0x7C, 0xBF, 0xAB, 0x5C, 0x27, 0x76, 0x9F,
    0x79, 0xBF, 0x05, 0x93, 0x8E, 0xFB, 0xEC, 0x5F, 0x10, 0x23, 0x33, 0x62, 0xF7, 0xA9, 0xBF, 0xAC,
    0xB1, 0x75, 0xE7, 0xE4, 0xDF, 0xD4, 0x9A, 0xAB, 0xCD, 0x25, 0xDC, 0x87, 0xFA, 0xA1, 0x9C, 0x0A,
    0x32, 0xAB, 0x35, 0xB4, 0xEF, 0x06, 0x5A, 0x02, 0xC1, 0xE3, 0x9B, 0xB7, 0xDF, 0x60, 0x1A, 0x89,
    0xEB, 0x41, 0xAC, 0x66, 0x5E, 0xBA, 0xB5, 0xCC, 0x16, 0x65, 0x5C, 0xDF, 0x48, 0x91, 0xFF, 0xA4,
    0xDA, 0xCB, 0xD4, 0x02, 0x3A, 0xA5, 0xCF, 0x96, 0xB1, 0x3D, 0x23, 0xDB, 0x56, 0x4F, 0x2F, 0x83,
    0x5D, 0x90, 0x16, 0xAC, 0xD4, 0x93, 0x76, 0xD2, 0x50, 0xCE, 0x3F, 0xAA, 0x7D, 0xCB, 0x25, 0xFD,
    0xDA, 0x7D, 0xEC, 0x4C, 0xCD, 0x0B, 0xDD, 0x68, 0xFE, 0xB1, 0xAF, 0x9C, 0x09, 0x94, 0x9D, 0xD6,
    0x1E, 0x7B, 0xEC, 0x89, 0xAE, 0x32, 0xFB, 0x6B, 0xEE, 0x63, 0x24, 0x7D, 0xA8, 0xC1, 0x37, 0x8F,
    0x73, 0xC9, 0xCF, 0x1E, 0x42, 0x02, 0x9D, 0xFD, 0x3E, 0xA8, 0x54, 0xF3, 0xB5, 0xDB, 0x93, 0x7C,
    0x0D, 0xBF, 0xC0, 0xE7, 0xE1, 0x60, 0x62, 0x15, 0x7A, 0x87, 0xE5, 0x1E, 0x34, 0xC6, 0x66, 0x2D,
    0xD8, 0x49, 0x7D, 0xD1, 0x08, 0x07, 0xA5, 0x66, 0x10, 0xB9, 0xB6, 0x94, 0x0F, 0xF9, 0x01, 0xAB,
    0x83, 0xDE, 0x1E, 0xFD, 0xDA, 0x2A, 0x2F, 0x3A, 0xE5, 0xF0, 0xFB, 0xED, 0xF2, 0x23, 0x08, 0x0F,
    0xB9, 0xFF, 0x11, 0x2E, 0x9E, 0xCF, 0x8E, 0x41, 0xCE, 0x61, 0x21, 0xF0, 0x1E, 0x10, 0xFD, 0x58,
    0xD7, 0xFE, 0xD3, 0xBA, 0x9E, 0x9D, 0x75, 0x5D, 0xEB, 0xBA, 0x6E, 0x45, 0x5D, 0xF8, 0x0F, 0x20,
    0x14, 0x64, 0x86, 0xB9, 0xB6, 0xCA, 0x43, 0x75, 0x79, 0x7A, 0x42, 0x82, 0x9D, 0x51, 0x95, 0x92,
    0x3A, 0x82, 0x1F, 0x37, 0x9B, 0x0C, 0xD9, 0x73, 0x41, 0xF0, 0x36, 0xA2, 0x3E, 0x26, 0xAE, 0xEF,
    0x87, 0x89, 0x3A, 0xDA, 0xE7, 0x66, 0x5E, 0x84, 0x35, 0xE1, 0x38, 0xE1, 0x21, 0x13, 0x61, 0xA8,
    0xBA, 0x8E, 0x86, 0xB0, 0x0D, 0x02, 0x92, 0xD6, 0xC4, 0x30, 0xC8, 0x04, 0x92, 0x8A, 0x0A, 0x68,
    0xF6, 0x83, 0x08, 0xD0, 0x49, 0x9D, 0x0C, 0xD0, 0x8F, 0x8C, 0x82, 0xE0, 0x4F, 0xA9, 0x41, 0xED,
    0x17, 0x23, 0xEB, 0x67, 0x08, 0xD1, 0x24, 0x98, 0x52, 0x3B, 0x0D, 0xBE, 0x8F, 0x2B, 0x53, 0xF9,
    0xC6, 0x27, 0x7C, 0xE4, 0x13, 0xBC, 0x7B, 0x26, 0x1C, 0x9B, 0xA7, 0xAD, 0xD4, 0x48, 0x84, 0x06,
    0x98, 0x85, 0x26, 0x77, 0xD0, 0x33, 0x00, 0xD9, 0xEE, 0x41, 0xCD, 0x02, 0xE6, 0x70, 0xF7, 0x5C,
    0x1A, 0x75, 0xD7, 0x7E, 0x7E, 0x39, 0x47, 0xD3, 0x72, 0x07, 0x74, 0x9A, 0xE3, 0xD6, 0x44, 0x86,
    0x6E, 0xA9, 0xC7, 0x59, 0x9D, 0x6B, 0x31, 0xE7, 0x47, 0x5C, 0xDB, 0x8E, 0x86, 0x05, 0x5B, 0x1C,
    0x5A, 0x4C, 0x51, 0xD7, 0x55, 0x8B, 0x05, 0x85, 0x42, 0xB5, 0x58, 0x6F, 0xCC, 0x55, 0x6B, 0x17,
    0x1D, 0xD6, 0xE7, 0xD8, 0x64, 0x8C, 0x6B, 0x3B, 0x93, 0x08, 0x2B, 0x18, 0x35, 0x48, 0x98, 0xE0,
    0xA1, 0x54, 0x6D, 0x36, 0x6A, 0xAC, 0x19, 0x03, 0x36, 0x72, 0xB4, 0x9C, 0xBE, 0x3D, 0x68, 0xC1,
    0xD6, 0x94, 0x78, 0x69, 0xBB, 0xD3, 0xE9, 0xB7, 0x43, 0x1B, 0x75, 0xCC, 0x9E, 0x90, 0x78, 0x98,
    0xE8, 0x20, 0xBA, 0x57, 0x2E, 0xD7, 0xCA, 0xB5, 0xD8, 0xEB, 0x74, 0x12, 0x1D, 0xBC, 0xD0, 0x97,
    0xF8, 0xA1, 0xF3, 0xA9, 0xE0, 0x11, 0x4F, 0x88, 0x20, 0x14, 0x89, 0x67, 0x20, 0x56, 0x01, 0x7B,
    0x88, 0x28, 0xA0, 0x37, 0xB4, 0xEF, 0xB2, 0x50, 0xBD, 0xDB, 0xA0, 0x57, 0x5D, 0x04, 0x6D, 0x53,
    0x27, 0xB3, 0x95, 0x6A, 0x1A, 0xEE, 0xA7, 0x83, 0x43, 0xE4, 0x2F, 0x0E, 0xE6, 0xAB, 0x60, 0xAE,
    0x7D, 0x90, 0xFB, 0x63, 0xCD, 0xF8, 0xBA, 0x7A, 0x59, 0xC3, 0x96, 0x1E, 0xD4, 0xAE, 0xC6, 0xF8,
    0x5C, 0x7A, 0x4A, 0x06, 0x4C, 0x4B, 0x62, 0x86, 0x56, 0x9C, 0x64, 0x32, 0xEE, 0xFB, 0x0F, 0xF8,
    0xBF, 0xA1, 0xFF, 0xEB, 0x6A, 0xA4, 0x7F, 0xD1, 0xB5, 0x1E, 0x7C, 0x7C, 0xA0, 0xB9, 0xF4, 0x1F,
    0x44, 0xED, 0x70, 0x7C, 0xD0, 0x3D, 0x74, 0xC5, 0xC7, 0x41, 0x77, 0x7B, 0x7C, 0x2C, 0xF2, 0xF1,
    0x98, 0xFA, 0xCA, 0x84, 0x1F, 0xE0, 0x0A, 0xA7, 0x19, 0x53, 0xB3, 0x51, 0x6A, 0x26, 0x08, 0xAB,
    0x37, 0x13, 0xFA, 0x75, 0x6A, 0xF3, 0x3A, 0xD1, 0x3F, 0xEE, 0xC3, 0x02, 0xDF, 0xAF, 0x5F, 0x26,
    0x46, 0x07, 0x25, 0xC6, 0x8A, 0x90, 0xDA, 0x92, 0x86, 0xAC, 0xD6, 0x84, 0xD0, 0x0B, 0x38, 0x5D,
    0xD9, 0xA2, 0xBE, 0xBB, 0xC4, 0x82, 0x5D, 0x36, 0xB7, 0xDA, 0xBC, 0xF0, 0xFA, 0x92, 0x72, 0x59,
    0x46, 0x99, 0x9F, 0x48, 0xCF, 0xC2, 0xF6, 0xAA, 0xD3, 0x1A, 0xEC, 0xED, 0x3A, 0x95, 0x68, 0xDA,
    0xE9, 0xC4, 0xD8, 0x85, 0x0D, 0xA8, 0xCC, 0x79, 0xF0, 0x43, 0x3B, 0x57, 0x3E, 0xC2, 0xDF, 0x89,
    0xB8, 0xD3, 0x73, 0x43, 0x96, 0x5E, 0xBD, 0x58, 0x44, 0x5A, 0xAA, 0xCD, 0x80, 0x91, 0x04, 0xA8,
    0xD2, 0x06, 0x41, 0xB3, 0x19, 0x5B, 0x56, 0x87, 0xDC, 0xD1, 0xB1, 0x58, 0x4F, 0xE8, 0x6C, 0x26,
    0x28, 0x3C, 0x4A, 0xCE, 0x02, 0x93, 0xDB, 0x89, 0xF2, 0x52, 0xAF, 0xEC, 0x94, 0xB1, 0xC9, 0x3C,
    0xEE, 0x74, 0x79, 0xF1, 0xF0, 0x0A, 0xF1, 0xDF, 0x49, 0x0E, 0x6E, 0xA2, 0x67, 0x45, 0xAC, 0xA0,
    0x39, 0xBF, 0xCC, 0xD8, 0xC8, 0xE2, 0x85, 0x39, 0x2B, 0xDF, 0x88, 0x38, 0x07, 0xC9, 0xAE, 0xD1,
    0x98, 0xB9, 0x4A, 0xE0, 0x59, 0x16, 0x52, 0x17, 0xB5, 0x89, 0x6A, 0x91, 0xF5, 0x3A, 0x82, 0xEC,
    0x91, 0xA2, 0xEB, 0x56, 0x3C, 0x03, 0xE2, 0x57, 0xB7, 0xA3, 0x1E, 0x64, 0xCE, 0x96, 0x6B, 0xDE,
    0x26, 0x26, 0xF7, 0x6A, 0x7F, 0x1E, 0x1C, 0xC4, 0x2E, 0xD3, 0x9A, 0x43, 0x7A, 0x17, 0x69, 0x69,
    0xDB, 0x6E, 0xC8, 0x1A, 0x70, 0xC6, 0x92, 0x19, 0x3D, 0xD5, 0x63, 0x88, 0x58, 0x66, 0x87, 0x07,
    0x41, 0xCE, 0xA3, 0xD3, 0x91, 0xEF, 0xAC, 0x92, 0xFC, 0x10, 0xBD, 0x45, 0x9B, 0xB4, 0xD2, 0x75,
    0x1E, 0x6D, 0x03, 0x04, 0x10, 0x95, 0xF5, 0x93, 0x09, 0x4B, 0xD1, 0x8F, 0x24, 0xB6, 0x06, 0x9D,
    0xD5, 0x3E, 0x8F, 0x2A, 0x16, 0x60, 0x26, 0x84, 0xD1, 0x39, 0x93, 0x75, 0x49, 0xFB, 0xF0, 0x88,
    0xB1, 0x43, 0xB8, 0x60, 0xF2, 0xB0, 0xC3, 0xC4, 0x21, 0x18, 0x8C, 0xED, 0xB0, 0x6D, 0x22, 0x9D,
    0xD4, 0x91, 0x39, 0x0C, 0x9F, 0xE9, 0x90, 0xFA, 0x05, 0x5E, 0x3A, 0xC6, 0xC7, 0xB4, 0x41, 0x54,
    0xC5, 0xCE, 0xA1, 0x67, 0x1B, 0x34, 0x3C, 0x34, 0x5F, 0x89, 0xA6, 0x12, 0xB3, 0xF2, 0xFA, 0x98,
    0xC6, 0x6D, 0xCA, 0xDB, 0xB7, 0x87, 0x3D, 0x78, 0x1C, 0xFA, 0x5E, 0x42, 0xA2, 0x35, 0xD0, 0xCC,
    0x58, 0x62, 0x4C, 0x27, 0xBC, 0xAE, 0xFE, 0x09, 0xB7, 0xF1, 0x3F, 0xAF, 0xBE, 0x54, 0xD9, 0x04,
    0x02, 0x4C, 0x34, 0xAA, 0x6B, 0x45, 0xC4, 0xC1, 0xD0, 0x7D, 0x56, 0x7F, 0x39, 0x2E, 0x5F, 0x1B,
    0xC1, 0x73, 0xFE, 0x6C, 0x57, 0x3F, 0x5B, 0xCC, 0x6F, 0x1A, 0x9C, 0x13, 0x72, 0x76, 0xCC, 0x14,
    0x35, 0x13, 0xE3, 0x15, 0xCB, 0x00, 0xAE, 0x38, 0x88, 0x91, 0xCD, 0xE7, 0x69, 0x4C, 0xE5, 0x83,
    0xBD, 0x15, 0x95, 0x8B, 0xD4, 0x57, 0xC2, 0x24, 0xC0, 0x32, 0xE8, 0x63, 0x4F, 0x7F, 0x70, 0x32,
    0xDA, 0x5F, 0x9B, 0x1C, 0x8F, 0xA0, 0x07, 0x51, 0x69, 0x54, 0xEB, 0x33, 0x95, 0x6B, 0x72, 0xC2,
    0xAC, 0x6D, 0x1F, 0x9A, 0x3E, 0x89, 0xF4, 0xE4, 0x0E, 0xA5, 0x46, 0xE1, 0xC3, 0x80, 0x9D, 0x9A,
    0x03, 0x92, 0x39, 0xA9, 0xD7, 0xBE, 0xFB, 0x6E, 0xCE, 0xEA, 0x27, 0x86, 0xAD, 0xE4, 0x61, 0x08,
    0xC4, 0xDF, 0x0D, 0xD4, 0xF7, 0xEE, 0xDC, 0x80, 0x4D, 0xEA, 0x85, 0xB7, 0x49, 0x32, 0x25, 0x6D,
    0xB2, 0x1D, 0x05, 0x91, 0x1D, 0xD9, 0xFD, 0x35, 0x94, 0xD6, 0x3A, 0xEA, 0x59, 0x55, 0x6A, 0x4D,
    0x50, 0x67, 0x89, 0xE9, 0xE3, 0xE6, 0x7F, 0x51, 0xB0, 0xC2, 0x92, 0x8B, 0x8E, 0x72, 0x8C, 0xF4,
    0xAF, 0x87, 0x53, 0xB4, 0xAE, 0xE7, 0xEC, 0x45, 0xB7, 0xEF, 0x15, 0x6E, 0x61, 0x17, 0x6A, 0x0D,
    0xD1, 0xCE, 0x76, 0xE2, 0x47, 0x75, 0x92, 0x2C, 0x58, 0xE4, 0x9E, 0x78, 0x32, 0xFF, 0x9A, 0x21,
    0xB1, 0xAE, 0x97, 0xF4, 0xD2, 0x76, 0xEC, 0xED, 0x33, 0x23, 0x8D, 0x86, 0x67, 0x5B, 0x4F, 0x10,
    0xCD, 0x99, 0xF5, 0xF2, 0x82, 0x91, 0xB9, 0xE5, 0xFF, 0xDD, 0xCB, 0x6B, 0x1A, 0x2E, 0x8D, 0x68,
    0xC0, 0x2E, 0x9B, 0xF6, 0x08, 0x81, 0xCA, 0x5F, 0x0E, 0x10, 0x37, 0xDC, 0x0E, 0x9D, 0x14, 0xEE,
    0x55, 0xC2, 0xE5, 0x84, 0x28, 0x2E, 0x09, 0xE8, 0x4A, 0x12, 0xB3, 0xCF, 0xC9, 0x06, 0x44, 0xB7,
    0xC3, 0x92, 0x40, 0x27, 0x9C, 0xCF, 0xCA, 0x68, 0x3A, 0xC1, 0x1D, 0x44, 0x52, 0xA8, 0x0B, 0xE4,
    0xB7, 0x61, 0x63, 0x33, 0x87, 0xF0, 0xDD, 0xF6, 0xC0, 0x3D, 0x3D, 0x26, 0xDC, 0xCB, 0x95, 0x4D,
    0xE3, 0x74, 0x0E, 0x49, 0xBF, 0x4A, 0x44, 0x38, 0xFC, 0x55, 0x24, 0x2B, 0xB0, 0xF8, 0xB3, 0x41,
    0x47, 0xAC, 0x3A, 0xB3, 0x43, 0x0E, 0xCF, 0xEF, 0x13, 0xD1, 0xDD, 0x1A, 0xC0, 0x01, 0x53, 0x82,
    0x30, 0x05, 0xD1, 0x57, 0xB4, 0xF4, 0x2D, 0x49, 0xA2, 0x26, 0x7F, 0x32, 0x1F, 0x62, 0x87, 0xD3,
    0x2E, 0x47, 0x20, 0x61, 0xFA, 0xF4, 0x2B, 0xAE, 0x14, 0x68, 0x13, 0x8B, 0x82, 0x4B, 0x93, 0x17,
    0xBB, 0x10, 0xF7, 0x56, 0x08, 0xCF, 0xA1, 0x0C, 0x7B, 0x12, 0x85, 0x21, 0x42, 0x69, 0xAE, 0x66,
    0x6F, 0xF3, 0xC3, 0xE1, 0xC2, 0xD9, 0x1A, 0x82, 0x5D, 0xB5, 0x23, 0x0F, 0x1C, 0xEE, 0x98, 0x7E,
    0x90, 0x33, 0x7A, 0x2E, 0x73, 0x3D, 0x08, 0x83, 0xB3, 0x03, 0x30, 0xBA, 0x8F, 0x74, 0x78, 0xA2,
    0xB9, 0xC5, 0xD3, 0x1F, 0x8E, 0x01, 0xC9, 0xC7, 0x9A, 0x02, 0x0B, 0x73, 0x56, 0x76, 0x02, 0x49,
    0x0D, 0x6A, 0x00, 0xDD, 0xE8, 0x27, 0xFE, 0xDE, 0x4C, 0x09, 0x09, 0x9A, 0xEA, 0xB6, 0xCA, 0xE6,
    0x2C, 0x31, 0x25, 0x35, 0x91, 0x97, 0x9D, 0x65, 0x4C, 0x3D, 0xD0, 0xA2, 0x00, 0x31, 0x7C, 0x03,
    0x04, 0x84, 0xE4, 0x0D, 0x30, 0xD0, 0x0D, 0xF4, 0xC0, 0x06, 0x9C, 0x09, 0x1B, 0x10, 0x46, 0xD8,
    0x8D, 0xB0, 0x01, 0xF7, 0xC2, 0x06, 0xFC, 0x82, 0x1B, 0xA8, 0xDC, 0x06, 0xFA, 0x63, 0x83, 0x1D,
    0x92, 0x03, 0x4E, 0x48, 0x3B, 0xDC, 0x58, 0x56, 0x5A, 0x31, 0x39, 0x3C, 0x41, 0x70, 0x72, 0x68,
    0x57, 0x61, 0x75, 0x31, 0x0B, 0xED, 0xDC, 0x62, 0x56, 0x2F, 0xC7, 0x89, 0x74, 0xFC, 0x5B, 0x6F,
    0x86, 0x50, 0x05, 0x11, 0x43, 0xBF, 0x55, 0x02, 0xAD, 0x7B, 0xDC, 0x2F, 0x9C, 0x7F, 0xC4, 0xE7,
    0xAD, 0x51, 0xC2, 0x3F, 0x9D, 0xF4, 0x29, 0x54, 0xBD, 0x4D, 0xB5, 0x8E, 0x83, 0x5B, 0xBF, 0x5E,
    0x82, 0x68, 0xB2, 0xDB, 0xB4, 0x42, 0x3D, 0x63, 0xF7, 0x22, 0x74, 0x1E, 0xEA, 0xC4, 0xF2, 0x4E,
    0x19, 0x5A, 0x03, 0x6A, 0xA2, 0x43, 0xBC, 0x5D, 0x1E, 0xC9, 0x42, 0x66, 0x30, 0xAA, 0x30, 0x7B,
    0xA0, 0xBA, 0x0E, 0x09, 0x0A, 0x05, 0x04, 0x94, 0xE1, 0x60, 0x76, 0xA8, 0xA8, 0xA0, 0x20, 0xE4,
    0x68, 0x04, 0x78, 0xFF, 0x62, 0x18, 0x2A, 0x93, 0x1D, 0x24, 0x1B, 0x48, 0x02, 0x9C, 0x23, 0x66,
    0x49, 0x93, 0x89, 0x74, 0x89, 0xD0, 0x1E, 0x90, 0xBC, 0x6C, 0xB0, 0x26, 0xE2, 0x57, 0x35, 0x60,
    0x53, 0x24, 0x87, 0xF4, 0x96, 0xE2, 0x4B, 0xD2, 0xC8, 0x25, 0x81, 0xF4, 0x5A, 0x66, 0xB1, 0xD2,
    0x69, 0xCC, 0x1B, 0x55, 0xA9, 0xA8, 0x12, 0xE6, 0xDA, 0xE6, 0xB8, 0xF1, 0xE9, 0xA8, 0x2B, 0xA7,
    0x31, 0x77, 0x02, 0x87, 0x91, 0xCC, 0x56, 0xD2, 0x96, 0x51, 0xFE, 0x9B, 0x12, 0x38, 0x4C, 0xFA,
    0x0D, 0xE6, 0x2A, 0x73, 0x46, 0x04, 0x84, 0x60, 0x2D, 0x16, 0x09, 0x5F, 0x09, 0x31, 0x37, 0xBA,
    0x4A, 0x3C, 0x7E, 0x48, 0x6C, 0x5D, 0xB5, 0xF7, 0x76, 0x64, 0x29, 0x9B, 0x99, 0x93, 0xC4, 0x4F,
    0x7C, 0xA9, 0x84, 0x68, 0xE6, 0xA3, 0xBD, 0xB6, 0x50, 0x8B, 0xC6, 0x88, 0x5A, 0xF0, 0x4F, 0x7A,
    0x18, 0x69, 0x4C, 0x44, 0x5A, 0x62, 0x5E, 0x20, 0x4A, 0xF8, 0xD7, 0xD7, 0x98, 0x77, 0x7C, 0x8F,
    0x2D, 0x6A, 0xA9, 0xB2, 0xCA, 0xAD, 0x82, 0xE3, 0x72, 0x50, 0xB3, 0x20, 0x02, 0x2F, 0x8E, 0x03,
    0x8C, 0x60, 0x45, 0x7D, 0xAA, 0x24, 0xA4, 0x67, 0x50, 0x16, 0xAF, 0x4F, 0x99, 0x7B, 0x19, 0xDD,
    0xF6, 0x77, 0x08, 0x66, 0x79, 0x3B, 0x53, 0xB3, 0xBF, 0x90, 0xD1, 0x4F, 0xAB, 0x0E, 0x18, 0xB7,
    0x33, 0x08, 0x1D, 0xCC, 0x49, 0xEF, 0xA3, 0xD3, 0x85, 0xE2, 0xB0, 0x5A, 0xA3, 0xC7, 0xC1, 0x82,
    0x4C, 0x04, 0xBD, 0x38, 0x48, 0x83, 0x2C, 0x48, 0x9D, 0xF0, 0x70, 0x7B, 0xA4, 0x13, 0xC9, 0x75,
    0x4F, 0x5C, 0xA8, 0xD4, 0x0E, 0xB7, 0x70, 0x73, 0x33, 0x39, 0x98, 0xD3, 0xB8, 0xE8, 0xE0, 0xDA,
    0x80, 0xF0, 0xA8, 0x46, 0xFF, 0x5D, 0x62, 0x43, 0xA9, 0x3F, 0xF6, 0xA3, 0x54, 0xB9, 0x84, 0x6D,
    0x79, 0x99, 0xA8, 0xE2, 0x91, 0x0E, 0x59, 0x3B, 0xE2, 0x87, 0x23, 0x7A, 0x6B, 0x4F, 0x02, 0x56,
    0xF5, 0x4A, 0x84, 0x64, 0xE2, 0x47, 0xA0, 0x97, 0x29, 0x68, 0xC7, 0x88, 0x5C, 0x3B, 0xF0, 0x53,
    0x6B, 0xBF, 0x3D, 0xE1, 0x06, 0x5E, 0x65, 0x07, 0x38, 0xFC, 0xE7, 0x14, 0x7B, 0x55, 0x87, 0xF2,
    0xD0, 0x48, 0xDD, 0xFB, 0x4F, 0xDF, 0xD0, 0x9E, 0x54, 0x7B, 0xF7, 0xF9, 0x2D, 0x74, 0xE5, 0xED,
    0xA1, 0xBE, 0x43, 0xFF, 0xBC, 0x7B, 0x5B, 0xEE, 0xFA, 0x53, 0xA2, 0x41, 0x75, 0x43, 0x0F, 0xEB,
    0xAF, 0xA3, 0x7F, 0xF0, 0xEA, 0x8E, 0xAA, 0x2E, 0xBA, 0x66, 0x8B, 0xFB, 0xC6, 0x0E, 0xBD, 0x34,
    0x00, 0x1D, 0x8A, 0x82, 0x64, 0x95, 0xA6, 0xBA, 0x9D, 0x7D, 0x95, 0xA7, 0x1C, 0xE6, 0x29, 0xE6,
    0x1F, 0xBE, 0x83, 0x1C, 0x41, 0x44, 0xDE, 0x85, 0xAB, 0x50, 0x28, 0x11, 0x50, 0x11, 0x73, 0xD7,
    0xD7, 0x5E, 0x9E, 0x03, 0x61, 0xBF, 0xE0, 0xC1, 0xB1, 0x1C, 0xFE, 0x08, 0x0F, 0x7F, 0x5D, 0x9C,
    0x1D, 0xB6, 0xF6, 0x3E, 0xB4, 0x6F, 0x7F, 0x63, 0xC8, 0x76, 0x7B, 0x0E, 0x08, 0x63, 0xA6, 0x84,
    0xB2, 0x03, 0xED, 0x06, 0x2D, 0xC4, 0x2E, 0x2E, 0x91, 0x9B, 0x0D, 0x18, 0x0D, 0x66, 0xD8, 0x51,
    0x1F, 0xAB, 0xF2, 0xE7, 0x11, 0xD4, 0x03, 0x6B, 0x58, 0x92, 0x72, 0xE0, 0x61, 0x62, 0x85, 0x4E,
    0xB8, 0x48, 0x95, 0x81, 0x12, 0x01, 0x45, 0xD3, 0x63, 0x27, 0x10, 0xD4, 0x14, 0x97, 0x60, 0x17,
    0x6A, 0x0C, 0xC1, 0x9C, 0xD5, 0x19, 0xC0, 0x1A, 0x5D, 0xC1, 0x79, 0x2C, 0x0C, 0xAD, 0xAB, 0x75,
    0x73, 0x60, 0x20, 0x5E, 0x29, 0x28, 0x57, 0xFF, 0x04, 0xEB, 0x42, 0x9C, 0x81, 0x4B, 0xC3, 0x4B,
    0xA2, 0x54, 0x68, 0x5C, 0xDE, 0x67, 0xB3, 0x02, 0x55, 0xAA, 0x0C, 0x2F, 0xBB, 0x55, 0x5B, 0x3F,
    0x52, 0xA7, 0x23, 0xAD, 0x14, 0xF3, 0x28, 0xAD, 0x56, 0x36, 0xC3, 0x13, 0x93, 0xFE, 0x2D, 0x19,
    0x80, 0x80, 0x5B, 0xB3, 0xCB, 0x19, 0x0A, 0xA1, 0x74, 0x5D, 0x26, 0x75, 0x1B, 0x4A, 0x93, 0x04,
    0xA2, 0x54, 0xE8, 0x31, 0x26, 0x5A, 0xD0, 0x3F, 0xB8, 0x07, 0x6D, 0x8E, 0x21, 0xC3, 0x60, 0x6C,
    0xF0, 0xD0, 0x14, 0xCC, 0xFB, 0x59, 0x6D, 0x37, 0x65, 0x01, 0x08, 0x6C, 0x67, 0xBA, 0xFB, 0x40,
    0x23, 0x7D, 0xBE, 0xD1, 0x8B, 0x31, 0x48, 0x6E, 0x02, 0xDE, 0xEE, 0x70, 0xE1, 0x56, 0x86, 0x6A,
    0x5B, 0xF9, 0x1C, 0x0C, 0x50, 0x30, 0x63, 0x0C, 0xC4, 0xE0, 0xC2, 0xB2, 0xFC, 0x2A, 0x2C, 0xD5,
    0x4C, 0x36, 0x79, 0xC1, 0x55, 0xC0, 0x8D, 0x65, 0xAA, 0xC7, 0x67, 0x38, 0x75, 0x90, 0x07, 0x51,
    0xC9, 0xA3, 0x7B, 0x49, 0xE0, 0x08, 0x9A, 0xCD, 0x1E, 0xDF, 0x4B, 0xF8, 0x11, 0x70, 0xD7, 0x04,
    0x4C, 0xD7, 0xF7, 0xA7, 0x6D, 0x4E, 0x87, 0x9C, 0x73, 0x40, 0x77, 0xFD, 0x41, 0xAF, 0xCF, 0x4F,
    0x4F, 0x90, 0xFE, 0x02, 0x7D, 0x72, 0x1A, 0x12, 0x84, 0xC9, 0x76, 0x12, 0x9F, 0x49, 0x2B, 0x61,
    0x74, 0x2F, 0x44, 0x2C, 0xC9, 0x97, 0x44, 0x26, 0x11, 0xA1, 0x44, 0xC8, 0xA0, 0x44, 0x03, 0x88,
    0xE4, 0xA2, 0x8D, 0x2D, 0x47, 0xA6, 0xE1, 0x38, 0xBF, 0xDC, 0x2B, 0x91, 0x37, 0x12, 0x5E, 0x63,
    0xD1, 0x48, 0x58, 0xEC, 0x44, 0x24, 0x44, 0x6C, 0xEF, 0xBD, 0x44, 0xE3, 0xE8, 0x72, 0xF3, 0x8C,
    0x1E, 0xA3, 0xAA, 0xC1, 0x9C, 0x6D, 0x49, 0x3B, 0x4B, 0x38, 0x65, 0x63, 0xCD, 0x6F, 0x50, 0xC6,
    0x1D, 0xD6, 0xCB, 0x77, 0xB8, 0xDF, 0x76, 0xB8, 0x07, 0x76, 0xD8, 0x96, 0xB3, 0xC3, 0xFD, 0xB0,
    0xC3, 0x35, 0x38, 0x90, 0x86, 0x87, 0x9F, 0x6F, 0x73, 0x3A, 0x44, 0x6A, 0x70, 0x39, 0x34, 0x0A,
    0x3B, 0x4C, 0xC0, 0x76, 0xB8, 0xCF, 0x77, 0x3B, 0x3D, 0x16, 0x37, 0xD1, 0x3D, 0xBD, 0x12, 0x5D,
    0x05, 0x7E, 0xCB, 0x52, 0x0A, 0x1B, 0xE5, 0xB9, 0x58, 0x75, 0x1F, 0x09, 0xD6, 0xB8, 0x4A, 0xB2,
    0x8B, 0x76, 0xDD, 0xF7, 0x6D, 0xA0, 0x9B, 0x78, 0x10, 0xAF, 0x52, 0x8D, 0xE0, 0x48, 0x0F, 0x19,
    0x7B, 0x24, 0x19, 0x75, 0xF7, 0x3D, 0x12, 0x2C, 0xB8, 0x08, 0x78, 0xF5, 0x1E, 0x27, 0xF7, 0x7B,
    0xDB, 0x74, 0xA2, 0xD4, 0xA9, 0x61, 0xC4, 0xB8, 0x32, 0x90, 0x65, 0x30, 0x88, 0x55, 0x50, 0xAB,
    0x09, 0x04, 0x72, 0x3B, 0xB4, 0xF2, 0xF1, 0xE8, 0xCA, 0x48, 0xDF, 0x05, 0x63, 0x16, 0x3A, 0x97,
    0x02, 0x5E, 0xCB, 0xAD, 0x53, 0x0E, 0xCB, 0x46, 0x4E, 0xE6, 0xF4, 0x90, 0xFA, 0x79, 0x25, 0x22,
    0xF0, 0xCF, 0xCA, 0x40, 0xAE, 0x68, 0x22, 0xD2, 0xE3, 0xA0, 0x01, 0x0C, 0x5F, 0xEA, 0x65, 0xEC,
    0x39, 0x8D, 0x44, 0xF0, 0xC5, 0xD2, 0x2C, 0x28, 0xFB, 0x30, 0x84, 0xB6, 0x59, 0xC0, 0x79, 0x90,
    0xD4, 0x17, 0x26, 0x53, 0xA5, 0x58, 0xF2, 0x1B, 0x3D, 0x78, 0x69, 0x55, 0xCA, 0xB2, 0x19, 0x06,
    0x8E, 0x1D, 0x3D, 0x31, 0xC7, 0xD3, 0x4C, 0x48, 0x98, 0x0F, 0x39, 0x59, 0x21, 0xA5, 0x38, 0x9A,
    0x78, 0x9A, 0x08, 0xA8, 0xC5, 0xC3, 0x3A, 0xCE, 0xD0, 0x4C, 0xDB, 0xA5, 0x39, 0x17, 0x7C, 0xBC,
    0xCA, 0x4B, 0xB0, 0xD9, 0x58, 0x30, 0x13, 0xE2, 0x21, 0x34, 0x5B, 0x85, 0x4D, 0x15, 0x3C, 0xEA,
    0x05, 0x2B, 0x1A, 0x44, 0x31, 0x07, 0xBC, 0xB9, 0x03, 0x53, 0x4F, 0x88, 0xD9, 0x05, 0xEB, 0x1F,
    0x05, 0x4E, 0xAB, 0x82, 0x95, 0x1B, 0x12, 0x83, 0x90, 0xB2, 0x25, 0x68, 0x50, 0xA2, 0xD3, 0xCA,
    0x02, 0xEA, 0x4F, 0x99, 0x01, 0x85, 0x4A, 0xA8, 0x7C, 0x24, 0xCF, 0x59, 0xC2, 0x9B, 0xB8, 0x34,
    0x2C, 0xB6, 0xE6, 0x85, 0xFC, 0x48, 0x29, 0xD3, 0xE8, 0xB9, 0x44, 0x38, 0x0B, 0x26, 0x03, 0x05,
    0x4F, 0xEB, 0x87, 0xDA, 0xF4, 0x89, 0x63, 0xD8, 0xE9, 0xBC, 0xA9, 0xD7, 0x08, 0x96, 0x4D, 0x26,
    0x54, 0x90, 0x03, 0xAD, 0x02, 0xE8, 0x68, 0x17, 0x1C, 0xCA, 0x57, 0xF0, 0x32, 0x87, 0xE2, 0x0E,
    0x9C, 0x43, 0xAD, 0x3D, 0x6A, 0x7D, 0xA3, 0x05, 0xC6, 0xD3, 0xED, 0x16, 0x34, 0xA5, 0xF3, 0x6E,
    0x81, 0x05, 0x3D, 0xDD, 0xC2, 0xA7, 0x31, 0xEB, 0x16, 0x5E, 0x64, 0x27, 0xDD, 0xC2, 0x8D, 0x9D,
    0xB8, 0x5B, 0x40, 0x60, 0xEE, 0x16, 0x34, 0x0F, 0x54, 0xB7, 0x30, 0xFB, 0x0D, 0x4A, 0x55, 0xBE,
    0x8E, 0xB4, 0xDB, 0x45, 0xDA, 0xE8, 0x23, 0xF5, 0x33, 0xA4, 0xA4, 0x14, 0x52, 0x0A, 0xA3, 0x72,
    0xA1, 0x66, 0x43, 0xA4, 0xD0, 0x2C, 0x24, 0xE5, 0xA9, 0xC0, 0x4A, 0xA4, 0x17, 0x06, 0x6C, 0x63,
    0x0C, 0x78, 0xB9, 0x5A, 0x80, 0x15, 0xAC, 0x61, 0x1D, 0xD4, 0x2D, 0xE4, 0x70, 0xF5, 0xB0, 0x01,
    0x29, 0x38, 0x6C, 0x50, 0x2F, 0x52, 0x4A, 0x18, 0x44, 0xA9, 0x89, 0xC5, 0xF4, 0x01, 0xF5, 0x22,
    0xD2, 0x80, 0x53, 0x3F, 0x46, 0xEA, 0xA6, 0x48, 0x69, 0x7A, 0x52, 0x6A, 0x14, 0x48, 0xD5, 0x80,
    0xD3, 0xC0, 0x45, 0xEA, 0xBD, 0x87, 0xD4, 0xBD, 0x81, 0xD4, 0x2A, 0x91, 0x1A, 0x9C, 0x2A, 0xB1,
    0x3A, 0x63, 0x82, 0x33, 0xA3, 0x01, 0xCF, 0xEE, 0xAB, 0x8A, 0xD5, 0x90, 0xF6, 0x03, 0x22, 0x0B,
    0xCD, 0x96, 0x64, 0x71, 0x9E, 0xED, 0x39, 0xB3, 0x1B, 0xA2, 0xC5, 0x4C, 0x3D, 0x86, 0x42, 0x3E,
    0xDA, 0x42, 0x3F, 0x02, 0x4D, 0x8C, 0xC2, 0x49, 0xE0, 0x4F, 0x01, 0x18, 0xFB, 0x38, 0xA7, 0x58,
    0x18, 0xA5, 0x94, 0x9E, 0x10, 0xA4, 0x01, 0x53, 0x27, 0x6A, 0x21, 0x98, 0x0F, 0x3C, 0xCE, 0x34,
    0x72, 0x1C, 0xDB, 0xB9, 0x77, 0x0E, 0xA3, 0x27, 0xFC, 0x07, 0x0C, 0x88, 0xA9, 0x17, 0x8B, 0xF6,
    0x55, 0xAC, 0x6C, 0x5F, 0x28, 0xFE, 0x2E, 0x5D, 0x85, 0x76, 0xE6, 0x66, 0xE0, 0x14, 0xFD, 0x2A,
    0x31, 0x73, 0x24, 0xA3, 0x9F, 0x36, 0xAE, 0x7A, 0xE9, 0xAE, 0x7A, 0x89, 0x67, 0xE2, 0x10, 0xF7,
    0xA6, 0x44, 0xF6, 0x43, 0x75, 0xDF, 0x64, 0x7F, 0x47, 0xE8, 0xED, 0xDD, 0xBB, 0xCC, 0xFB, 0x82,
    0x5D, 0x36, 0x7D, 0x32, 0x10, 0xB1, 0xB1, 0x2D, 0xA5, 0xEC, 0xEE, 0xEF, 0xB2, 0x9C, 0x69, 0x3B,
    0x48, 0x3D, 0xCC, 0xBF, 0xED, 0x8F, 0x66, 0xCB, 0xF0, 0x40, 0x97, 0x59, 0x12, 0x4A, 0xAB, 0x2A,
    0x59, 0x5C, 0xAF, 0x62, 0x1F, 0xFE, 0xB1, 0x16, 0xD6, 0x84, 0x1F, 0x8C, 0x04, 0xF9, 0xAA, 0x73,
    0x73, 0xA5, 0x39, 0xE9, 0xD1, 0x9D, 0x2B, 0x3F, 0xB3, 0xEA, 0x6A, 0x8F, 0x29, 0x1C, 0x6E, 0xFB,
    0x88, 0x38, 0x64, 0x2F, 0xA4, 0xFE, 0xA2, 0x5A, 0xEF, 0xA0, 0x1F, 0x76, 0x40, 0x64, 0x77, 0x34,
    0x33, 0x67, 0xBE, 0xCE, 0xAC, 0xDF, 0x8B, 0x71, 0x6F, 0x5A, 0x15, 0x45, 0x97, 0x67, 0x7B, 0x17,
    0xA1, 0x60, 0x0C, 0x59, 0x9C, 0x4B, 0x1D, 0x04, 0x2A, 0x53, 0x93, 0x8D, 0x84, 0x9B, 0xEF, 0x4F,
    0xFB, 0x09, 0x58, 0xBC, 0xB7, 0x58, 0x30, 0x61, 0xB5, 0xCF, 0x61, 0xBE, 0xB3, 0x8A, 0x96, 0x18,
    0x7C, 0x96, 0x75, 0x06, 0x6B, 0xA4, 0x4C, 0x2B, 0x56, 0x07, 0x0A, 0xB8, 0x28, 0x0B, 0xD2, 0x23,
    0xEC, 0x3C, 0x18, 0x92, 0xB8, 0x26, 0xE2, 0xEA, 0x6A, 0xB9, 0x27, 0x9A, 0x6B, 0x73, 0xC4, 0x1D,
    0x84, 0x60, 0x73, 0x60, 0xDC, 0xFD, 0x08, 0x56, 0xBF, 0xD2, 0x54, 0x18, 0x29, 0xC7, 0xE3, 0x46,
    0xBF, 0xAA, 0xD4, 0x97, 0x94, 0xA7, 0x6A, 0xC0, 0x9A, 0x48, 0x9B, 0xD1, 0x8D, 0xB7, 0x5A, 0xA0,
    0x5E, 0xB4, 0xCA, 0xD7, 0x7B, 0xFD, 0x4A, 0xF2, 0xF3, 0xC4, 0x3E, 0x8D, 0xD9, 0x33, 0xC7, 0xD3,
    0x52, 0x84, 0x05, 0x0C, 0x0E, 0x6F, 0xF4, 0x42, 0xC2, 0x37, 0xD4, 0x25, 0x36, 0x0F, 0x52, 0xF9,
    0x60, 0x84, 0x41, 0x68, 0xCA, 0x62, 0xCA, 0x82, 0xAD, 0x1C, 0x83, 0xEA, 0x0B, 0x47, 0xB1, 0x42,
    0x98, 0xF7, 0x43, 0x4B, 0x32, 0xF3, 0x8D, 0x90, 0xDE, 0x1D, 0xF6, 0x0F, 0x59, 0xA9, 0xC7, 0x32,
    0x88, 0xAF, 0xB4, 0xE1, 0x41, 0xF1, 0x5E, 0x4A, 0x0A, 0x41, 0xED, 0xB0, 0x98, 0xE4, 0x23, 0x4B,
    0xB9, 0x76, 0x5B, 0xC0, 0x38, 0x37, 0x27, 0xB4, 0x02, 0xEE, 0x06, 0x66, 0xF0, 0x4C, 0x7B, 0xEC,
    0x5C, 0x53, 0x1F, 0x87, 0x1F, 0x0D, 0xC7, 0x23, 0xCB, 0xAF, 0x30, 0x8E, 0x70, 0x4D, 0x60, 0x21,
    0xE5, 0x1A, 0x52, 0xB5, 0x7D, 0x1F, 0xCA, 0x05, 0x55, 0xA9, 0xE1, 0x45, 0x54, 0x3D, 0x2A, 0x64,
    0xDD, 0x8D, 0x2D, 0x18, 0x47, 0xB0, 0x9E, 0x88, 0xBE, 0xD0, 0x55, 0xE2, 0x0E, 0x50, 0x49, 0x0A,
    0x6C, 0xAE, 0x80, 0x0A, 0x17, 0x12, 0x2A, 0x4F, 0x65, 0x5A, 0x99, 0xD9, 0xC7, 0x97, 0x0D, 0x2B,
    0x35, 0x72, 0xF8, 0x0F, 0x03, 0x9B, 0xD8, 0x22, 0xEC, 0xD2, 0x01, 0x56, 0x40, 0xA2, 0x2D, 0xFE,
    0x8B, 0x91, 0x5A, 0xE7, 0xFE, 0x7F, 0x2D, 0x54, 0x0D, 0xD8, 0xE6, 0xDC, 0x0F, 0xE9, 0xF2, 0xBA,
    0x0E, 0x13, 0xC2, 0x22, 0x26, 0x36, 0xDE, 0xB9, 0x6C, 0x88, 0x04, 0x63, 0xCD, 0x35, 0x3E, 0x83,
    0x4C, 0xCE, 0x71, 0xD7, 0xA3, 0xC3, 0x77, 0x99, 0x06, 0x14, 0xA8, 0xA1, 0xC5, 0x5F, 0xD0, 0xF3,
    0xBB, 0xAC, 0xB0, 0x09, 0xE1, 0xF5, 0xE2, 0x0D, 0x36, 0x9A, 0xA1, 0x1C, 0xEB, 0x66, 0x9F, 0x4D,
    0x02, 0xDC, 0x51, 0x32, 0xF7, 0xD9, 0xE9, 0x2B, 0xDF, 0x4D, 0x09, 0x30, 0xFB, 0x94, 0xAD, 0x9E,
    0x30, 0x7B, 0x51, 0xAF, 0xF5, 0x84, 0x60, 0x85, 0x18, 0x32, 0x7A, 0x1C, 0x35, 0x9F, 0x1E, 0x47,
    0x0F, 0xA2, 0xC7, 0x61, 0x6A, 0x0A, 0x81, 0xEB, 0x89, 0x76, 0x13, 0xCE, 0xB1, 0x9E, 0x27, 0x28,
    0xA4, 0xEB, 0xC6, 0xFD, 0x83, 0x7E, 0xEB, 0xE3, 0x5E, 0x9B, 0xBD, 0x2E, 0xBC, 0x47, 0x16, 0x6B,
    0xCE, 0x42, 0xE7, 0x74, 0x0D, 0x93, 0x71, 0x0D, 0xCD, 0x3B, 0x52, 0xC3, 0x64, 0x5C, 0xC3, 0x07,
    0x9F, 0x86, 0x10, 0xD0, 0x97, 0x39, 0xC8, 0xD1, 0xD7, 0xDB, 0x89, 0xB0, 0x19, 0x91, 0x89, 0xA9,
    0xA6, 0xCB, 0x9A, 0x46, 0xB0, 0x2C, 0xC8, 0x76, 0x47, 0x31, 0x30, 0x55, 0x64, 0x83, 0xB5, 0xDD,
    0xF1, 0x4D, 0x6C, 0x0C, 0xEE, 0x55, 0x46, 0x62, 0x6B, 0x64, 0x24, 0xE6, 0xB8, 0x8C, 0x76, 0x47,
    0x4B, 0x23, 0x03, 0x1D, 0x18, 0x87, 0xED, 0x81, 0x36, 0x3A, 0xB2, 0x03, 0xD5, 0xC3, 0xFC, 0xB4,
    0xA1, 0x70, 0x8C, 0xFC, 0xCE, 0x57, 0xC6, 0x21, 0xB3, 0x55, 0xA8, 0xCD, 0x68, 0x9F, 0xA6, 0xA9,
    0xC5, 0x62, 0xFF, 0x7F, 0x65, 0x78, 0x84, 0x03, 0x23, 0xA3, 0xCE, 0x56, 0x04, 0xE3, 0xF1, 0x43,
    0xFD, 0x50, 0xB1, 0xE0, 0x0D, 0x27, 0x41, 0x03, 0xAD, 0x1B, 0x91, 0xF3, 0x76, 0xEA, 0xB3, 0xFB,
    0xBF, 0xA9, 0xFF, 0xC2, 0x4A, 0xE4, 0x4C, 0xE0, 0xBD, 0x77, 0x52, 0x93, 0x17, 0xD7, 0xB0, 0xE6,
    0xC3, 0xB6, 0x68, 0x87, 0xD7, 0x22, 0x7E, 0x44, 0x52, 0xC1, 0x63, 0x1A, 0xC5, 0x18, 0x85, 0x99,
    0xA3, 0xAF, 0x46, 0xD8, 0x58, 0x29, 0xA2, 0x7C, 0x5B, 0x11, 0x31, 0x32, 0x2F, 0x22, 0xD4, 0x61,
    0x3A, 0xEC, 0xC1, 0x18, 0xCF, 0x89, 0x0F, 0x7D, 0x05, 0x06, 0xA9, 0xD3, 0x65, 0x44, 0x3C, 0xFD,
    0xC5, 0xC8, 0x2C, 0xFB, 0x44, 0x49, 0x66, 0x94, 0x0E, 0x8D, 0xBF, 0x2F, 0x89, 0x85, 0xEA, 0xB2,
    0xE3, 0xC0, 0x43, 0xDB, 0x83, 0xC8, 0xB3, 0x37, 0x43, 0x0A, 0x72, 0xAC, 0x82, 0x78, 0x57, 0xF3,
    0x5D, 0x27, 0xAB, 0x58, 0xF8, 0x61, 0x09, 0xCB, 0x4C, 0x9C, 0xCF, 0x83, 0x83, 0xB2, 0x17, 0xF5,
    0xF6, 0x7E, 0xA3, 0x54, 0x3B, 0x68, 0x56, 0xD7, 0x1F, 0xFB, 0x79, 0x78, 0xD1, 0x44, 0x29, 0x86,
    0x98, 0xD0, 0x1A, 0x86, 0xAB, 0xD8, 0x62, 0xC7, 0x96, 0xC9, 0x10, 0x8C, 0xA6, 0xD7, 0xC6, 0xC8,
    0x58, 0xB4, 0xAB, 0xAA, 0x73, 0xD2, 0x29, 0x51, 0x35, 0x73, 0x70, 0x5B, 0x6C, 0x95, 0x4B, 0xAB,
    0xBC, 0x9E, 0x33, 0x94, 0x42, 0xD9, 0x9E, 0xCC, 0xE1, 0x3D, 0xF7, 0xA1, 0x6E, 0x19, 0xDF, 0x47,
    0x34, 0x4B, 0xF9, 0x7E, 0x46, 0xF2, 0xC3, 0x9D, 0xCC, 0x19, 0x18, 0xBD, 0xCC, 0xC3, 0x9E, 0x41,
    0x01, 0x1C, 0x5E, 0x6D, 0x6D, 0xF7, 0xB1, 0xB2, 0xC1, 0x21, 0x09, 0x5F, 0xE0, 0x2C, 0x01, 0x74,
    0x5A, 0x3F, 0x25, 0x6E, 0xE2, 0x0E, 0x7E, 0xA7, 0xC4, 0xB2, 0xAD, 0x4F, 0x51, 0xE8, 0xB7, 0x33,
    0x6D, 0x59, 0x46, 0x7B, 0x4F, 0xA3, 0x6A, 0xC4, 0x0B, 0xB1, 0xBE, 0xC7, 0x8F, 0x89, 0x22, 0x32,
    0xDB, 0x63, 0xEF, 0x18, 0xEF, 0x78, 0xA6, 0xF2, 0x80, 0x30, 0x04, 0xCB, 0x0F, 0x49, 0x77, 0xE2,
    0x45, 0xBA, 0x23, 0x92, 0xC4, 0x14, 0x87, 0xC9, 0x08, 0xE8, 0x78, 0x68, 0x96, 0x4B, 0xA7, 0x53,
    0x91, 0x46, 0x1D, 0xF6, 0xF4, 0xB2, 0x9D, 0xEC, 0xB4, 0xF8, 0xAF, 0x88, 0xCC, 0x96, 0x9B, 0xA9,
    0x28, 0xF0, 0x62, 0xE4, 0x8F, 0x2A, 0x77, 0x01, 0xFB, 0x38, 0xFD, 0x48, 0x56, 0x8B, 0x49, 0x32,
    0xB7, 0xFA, 0x7A, 0x53, 0x5F, 0x78, 0x38, 0x09, 0x8F, 0x2F, 0x16, 0x1C, 0xA8, 0xF2, 0x46, 0x39,
    0x24, 0x71, 0x73, 0x00, 0xE2, 0x18, 0xA0, 0x2A, 0x5E, 0x88, 0x24, 0x1A, 0x25, 0xB0, 0xCD, 0x11,
    0x1F, 0xCF, 0xA1, 0x47, 0x96, 0x12, 0xE8, 0x11, 0x69, 0x3F, 0xCF, 0xC8, 0x8B, 0xE5, 0xDE, 0xD2,
    0xE1, 0xCB, 0x17, 0x21, 0xDE, 0xE5, 0x4E, 0xDC, 0x3C, 0x57, 0x80, 0x13, 0xEE, 0x80, 0xF9, 0xAD,
    0xB3, 0x77, 0x8A, 0x8D, 0x67, 0x58, 0x1E, 0x93, 0x89, 0x35, 0x41, 0x8C, 0x09, 0xCB, 0x3A, 0x92,
    0x6C, 0xE3, 0x7E, 0x92, 0x2F, 0x53, 0x82, 0x98, 0x91, 0x0D, 0xAC, 0x18, 0x68, 0xC3, 0x33, 0xD9,
    0x4E, 0x39, 0xBA, 0x46, 0x1C, 0x5D, 0xCC, 0x6B, 0xDC, 0x07, 0x4D, 0x8E, 0x61, 0x5D, 0x7E, 0xDC,
    0x8B, 0x83, 0x91, 0x35, 0x37, 0xB8, 0x8F, 0x7F, 0x89, 0x0B, 0x00, 0x8B, 0x80, 0x11, 0x1E, 0x87,
    0x7B, 0x88, 0x9F, 0x41, 0x44, 0x9E, 0x87, 0x73, 0xB0, 0xD5, 0x34, 0x16, 0x36, 0x16, 0x44, 0x8D,
    0x3F, 0x2E, 0x79, 0x6F, 0x4A, 0x47, 0xF8, 0xE9, 0xE7, 0xE8, 0x4C, 0x49, 0x7A, 0xB0, 0xB7, 0xC2,
    0x39, 0xE8, 0x64, 0x95, 0x5F, 0x90, 0x66, 0xCA, 0x06, 0xB8, 0xDF, 0x06, 0xB8, 0xE2, 0x06, 0x44,
    0xAE, 0x8D, 0x36, 0x76, 0xC2, 0x1B, 0xC0, 0x1A, 0xD0, 0x87, 0x6B, 0x2E, 0x21, 0xE4, 0x6C, 0x87,
    0xD4, 0xD0, 0x0D, 0x70, 0x4E, 0x5D, 0x00, 0x91, 0xD2, 0x0D, 0xD0, 0x41, 0x1E, 0x88, 0xA7, 0xB9,
    0xF0, 0x07, 0xFE, 0xB4, 0x79, 0x42, 0x21, 0x6C, 0x2C, 0xFD, 0xBA, 0x5B, 0x16, 0x08, 0x54, 0x99,
    0x11, 0x7A, 0x31, 0x87, 0xAD, 0xE7, 0xCA, 0x94, 0x08, 0xA6, 0x6A, 0xB5, 0xC1, 0xF5, 0x87, 0x54,
    0x31, 0x7B, 0xB8, 0xFB, 0x5C, 0x09, 0x6F, 0x00, 0x6C, 0xB4, 0xA0, 0xAD, 0x1C, 0x38, 0xBF, 0xC1,
    0x85, 0xF0, 0xE8, 0xFE, 0x4A, 0xA1, 0x52, 0xBF, 0x8F, 0x7D, 0x1C, 0xA9, 0x46, 0xEB, 0x01, 0x57,
    0x67, 0x86, 0xEB, 0xC2, 0x15, 0x79, 0x08, 0x78, 0x29, 0x5C, 0xC7, 0xA7, 0xE2, 0x0D, 0x4C, 0x57,
    0x7B, 0x60, 0x94, 0x11, 0x0D, 0x8A, 0x97, 0x06, 0xB1, 0x98, 0xBC, 0xAD, 0xBC, 0x07, 0x71, 0x65,
    0x17, 0x09, 0x9B, 0x7A, 0x38, 0xE1, 0x9F, 0x7C, 0x01, 0x72, 0x72, 0xCE, 0x99, 0x09, 0x4D, 0xFD,
    0xC4, 0x1E, 0xFE, 0x36, 0xEF, 0x12, 0x30, 0x44, 0xA1, 0x23, 0xAF, 0xF2, 0xEF, 0x63, 0x2D, 0x3D,
    0x3D, 0xA3, 0x2B, 0xDC, 0xC4, 0x20, 0x6E, 0x12, 0x11, 0xF9, 0xBB, 0x27, 0x37, 0xB1, 0x0F, 0xE1,
    0x26, 0x6D, 0xE1, 0x26, 0xBB, 0x20, 0x16, 0x3B, 0xE0, 0x26, 0x3B, 0x78, 0xC6, 0xDD, 0xF9, 0xD9,
    0x1F, 0x8A, 0xB7, 0x66, 0x99, 0x65, 0xAA, 0xB7, 0xEE, 0x41, 0xE4, 0x77, 0xEE, 0x83, 0xC8, 0x27,
    0x13, 0x44, 0xFE, 0x33, 0x10, 0xF9, 0xEF, 0x80, 0xC8, 0xDF, 0x87, 0x69, 0xCF, 0xBC, 0x84, 0x0D,
    0x6E, 0xEB, 0x46, 0x39, 0x68, 0x38, 0x65, 0xD1, 0x08, 0xFE, 0xEC, 0xF7, 0x1A, 0x12, 0x04, 0xA5,
    0x60, 0xDD, 0x01, 0x4B, 0x0B, 0xD4, 0xFD, 0x1F, 0xD2, 0x24, 0x18, 0xD9, 0xD9, 0x91, 0x4F, 0x23,
    0xB0, 0x0B, 0xD2, 0xFE, 0x88, 0x16, 0x18, 0x34, 0x6F, 0x04, 0xED, 0xBC, 0xC8, 0x4D, 0x67, 0x83,
    0x2F, 0x8B, 0xA4, 0xE5, 0x48, 0x3E, 0x16, 0xC5, 0x38, 0xAE, 0x21, 0x3F, 0xBC, 0x05, 0x30, 0x06,
    0x0F, 0xB4, 0xE5, 0xDE, 0x58, 0x1A, 0xAF, 0x72, 0xAC, 0x12, 0x7F, 0x9C, 0xE8, 0x5D, 0xE1, 0x78,
    0x9B, 0xAD, 0x58, 0x36, 0x75, 0xFB, 0x5C, 0x36, 0x68, 0x3F, 0x1C, 0xB1, 0x35, 0xF6, 0xEE, 0xF7,
    0x8D, 0x08, 0x64, 0x1E, 0xF1, 0x4A, 0xA8, 0xF0, 0xCC, 0xD2, 0xC8, 0x53, 0xE4, 0x45, 0x0F, 0x98,
    0x54, 0xF2, 0x10, 0xE2, 0x9E, 0xB0, 0x71, 0xDF, 0xAD, 0xD5, 0x0F, 0x21, 0x14, 0xB9, 0xF4, 0x23,
    0xD7, 0x42, 0x91, 0x8E, 0xA9, 0xD4, 0xC1, 0x2A, 0x19, 0xC7, 0xB8, 0x70, 0xB4, 0x8B, 0x03, 0xDF,
    0x37, 0x2C, 0x69, 0xD0, 0x43, 0x59, 0xAB, 0x63, 0x1D, 0x6F, 0x07, 0x48, 0x05, 0xED, 0x13, 0x3E,
    0x24, 0x9F, 0x77, 0x89, 0xFA, 0x0E, 0x54, 0xCF, 0x77, 0xE0, 0x80, 0xFB, 0x30, 0xE6, 0xC5, 0x39,
    0xBC, 0xDB, 0x8C, 0x8E, 0x6D, 0x1E, 0x3F, 0x01, 0x5B, 0x55, 0x40, 0x56, 0xA3, 0x7E, 0xF7, 0x43,
    0x6A, 0x3C, 0x44, 0x2A, 0x30, 0xE5, 0x3B, 0x89, 0x6A, 0xA0, 0x0B, 0x3E, 0x85, 0xC5, 0xC3, 0x49,
    0xCC, 0x9B, 0xB0, 0x81, 0xDA, 0x29, 0x16, 0xBA, 0x42, 0x93, 0xB4, 0xE2, 0xDC, 0x20, 0x25, 0xA8,
    0xEF, 0xC4, 0x5D, 0x13, 0xEA, 0xA3, 0x1B, 0xAD, 0x03, 0x97, 0x0A, 0x57, 0x35, 0x10, 0x24, 0xD1,
    0xF5, 0x94, 0x0F, 0x86, 0xB9, 0xBE, 0xA8, 0x3C, 0xF4, 0x63, 0xA3, 0xAE, 0xDC, 0xD7, 0xA0, 0x49,
    0xB5, 0x94, 0xF3, 0xA1, 0xDE, 0xFF, 0xA4, 0x14, 0x4C, 0xE0, 0xC0, 0x0E, 0x37, 0x1B, 0xD9, 0x76,
    0x58, 0x83, 0x4D, 0xA0, 0xB4, 0x46, 0xE2, 0xAA, 0x62, 0x83, 0x6B, 0x00, 0xAD, 0xC5, 0x7B, 0x1B,
    0xAE, 0xCB, 0x1B, 0xB1, 0x6C, 0xC6, 0x27, 0x2D, 0xE1, 0xE5, 0x73, 0x0E, 0x5A, 0xE7, 0xBD, 0x06,
    0x6C, 0x45, 0x2D, 0x06, 0x44, 0xCC, 0x29, 0xFF, 0x2E, 0x9B, 0xF3, 0x43, 0x8E, 0xC9, 0xF5, 0x23,
    0x51, 0x79, 0xAA, 0x5E, 0x0D, 0xA9, 0xEE, 0x55, 0xAF, 0xDA, 0xD0, 0xEF, 0xB9, 0x57, 0x5D, 0x68,
    0xC7, 0x3E, 0x2C, 0xCB, 0x01, 0x3A, 0x74, 0x03, 0x4E, 0x4A, 0x2C, 0xD7, 0x83, 0xA8, 0xEC, 0xBD,
    0x8A, 0xD8, 0x69, 0xD4, 0xC0, 0x7E, 0x1F, 0xBE, 0x83, 0x3B, 0x71, 0xE5, 0x8E, 0xE6, 0x6D, 0x16,
    0x7B, 0x53, 0x11, 0x0F, 0x46, 0x5E, 0x4D, 0x2E, 0x30, 0xC7, 0x79, 0x64, 0xF3, 0x51, 0xDB, 0xD3,
    0x17, 0x27, 0x77, 0x0B, 0x8B, 0x38, 0x99, 0x69, 0x36, 0xCB, 0x51, 0x8C, 0xCE, 0x48, 0x38, 0x0A,
    0xC2, 0x49, 0x75, 0xCD, 0x19, 0x6B, 0x64, 0xD3, 0x9A, 0x1A, 0x6B, 0x70, 0x1F, 0x4C, 0x3B, 0x01,
    0x66, 0x78, 0x14, 0xF7, 0xF4, 0xA6, 0x78, 0x07, 0x3F, 0x06, 0x7F, 0x4C, 0xDE, 0x0B, 0xA2, 0x1D,
    0xA3, 0xE6, 0x1E, 0x47, 0x11, 0x4E, 0x5E, 0x3A, 0xE4, 0x2E, 0xAA, 0xDA, 0x30, 0x92, 0xFD, 0x6B,
    0x4E, 0x3C, 0x73, 0xAF, 0xBF, 0x65, 0x88, 0xFB, 0xEA, 0x34, 0xC7, 0x2E, 0x1A, 0x47, 0x7D, 0xA4,
    0xD0, 0x3E, 0xBB, 0xC2, 0xA9, 0x71, 0x24, 0x26, 0x4E, 0x9C, 0x3F, 0xF4, 0x43, 0x5D, 0x0A, 0x81,
    0x7A, 0x3A, 0x0C, 0xE2, 0xB4, 0xFE, 0xAD, 0x17, 0x76, 0x90, 0x94, 0x89, 0xAE, 0x4E, 0x89, 0xF2,
    0x50, 0xB9, 0xBC, 0xF5, 0x06, 0xA1, 0x97, 0x03, 0x77, 0xAC, 0x45, 0x42, 0x54, 0xFC, 0xB8, 0x2C,
    0x3F, 0xD3, 0xA3, 0xA0, 0xE3, 0x0A, 0x10, 0x65, 0x32, 0xA3, 0x42, 0x85, 0xAD, 0x13, 0xCE, 0x62,
    0x1F, 0x68, 0x52, 0xD6, 0xB2, 0x45, 0xAA, 0x0A, 0x36, 0x9D, 0xB8, 0x4A, 0xA2, 0x3C, 0x95, 0x80,
    0x5D, 0x32, 0xB0, 0x66, 0x8A, 0x8E, 0x79, 0x3B, 0x52, 0x67, 0x9D, 0x50, 0xD5, 0x70, 0x60, 0xFB,
    0x86, 0x7D, 0x07, 0xAE, 0xE1, 0x40, 0x3E, 0xB9, 0x87, 0x54, 0xA8, 0xE7, 0x52, 0xDE, 0xB6, 0xC4,
    0x4C, 0xB6, 0x15, 0x36, 0xB3, 0x50, 0xFD, 0x45, 0x64, 0x0E, 0xD5, 0x22, 0x32, 0xC8, 0x3E, 0x30,
    0x27, 0x0C, 0xC5, 0x1B, 0x25, 0xF3, 0x29, 0xEC, 0xD6, 0x11, 0xD3, 0x24, 0x4B, 0xD6, 0xA8, 0x2E,
    0x94, 0xFF, 0xEA, 0x7C, 0xF5, 0x00, 0x14, 0x4E, 0x0C, 0x5F, 0x57, 0xA6, 0x3A, 0x1C, 0x1C, 0xCF,
    0x27, 0x53, 0xE7, 0xA6, 0x2A, 0xEB, 0x2A, 0x6E, 0xD7, 0xD5, 0x45, 0x7E, 0xBE, 0x45, 0xF5, 0x40,
    0xBB, 0x5C, 0x33, 0xE1, 0x1D, 0xC4, 0xD7, 0xDC, 0xF1, 0x22, 0xA6, 0xA1, 0xF2, 0xB6, 0xE2, 0x9A,
    0x99, 0x5E, 0x51, 0x59, 0xA6, 0xBE, 0x99, 0xA9, 0x2B, 0x57, 0xA9, 0x06, 0x66, 0xEA, 0xDD, 0x88,
    0xCC, 0xC1, 0x68, 0x0D, 0xDC, 0x90, 0x3E, 0x0D, 0x0E, 0x44, 0x7D, 0x80, 0xCF, 0x49, 0xBD, 0xFC,
    0x26, 0x7F, 0x80, 0x4F, 0xB3, 0x99, 0x13, 0xA7, 0xD5, 0xEB, 0xC1, 0x99, 0x4B, 0x81, 0x8E, 0x0C,
    0xC4, 0xDE, 0x1E, 0x33, 0x31, 0xA1, 0xDE, 0x8C, 0x66, 0x88, 0xF7, 0xB7, 0xB3, 0x76, 0x16, 0x64,
    0x5E, 0x3C, 0x0A, 0xF7, 0xC0, 0x11, 0x2D, 0x74, 0xB6, 0x64, 0xA3, 0x2A, 0x59, 0xC8, 0x36, 0x3A,
    0x16, 0x3A, 0x3D, 0xB4, 0x8B, 0xD7, 0xE7, 0xCA, 0xC2, 0x8F, 0x9A, 0x5E, 0xBE, 0xDF, 0x97, 0x60,
    0x13, 0x84, 0x2C, 0x82, 0xBE, 0xB9, 0x3A, 0x50, 0x62, 0x57, 0x55, 0x86, 0xEB, 0x51, 0x5C, 0x6A,
    0xB3, 0xB9, 0xD4, 0xC3, 0x9E, 0x2E, 0xB2, 0xC3, 0xD8, 0x55, 0x75, 0x29, 0x53, 0x9F, 0xA4, 0xEA,
    0xD3, 0x58, 0xDD, 0x89, 0xD4, 0xA7, 0xAC, 0xF3, 0xF3, 0x07, 0xD3, 0x2C, 0x81, 0x29, 0x00, 0xB1,
    0xC1, 0xCC, 0xA3, 0xCE, 0x8E, 0x31, 0xFA, 0x0A, 0x1E, 0x68, 0x66, 0xBC, 0xAA, 0x02, 0x3B, 0x1E,
    0x22, 0x12, 0x6D, 0x08, 0x03, 0x5A, 0xF0, 0x03, 0xB5, 0x3B, 0xAF, 0x9E, 0x99, 0x47, 0xDC, 0xFA,
    0xE1, 0x9F, 0x53, 0x1C, 0xA3, 0x70, 0x95, 0x3F, 0x57, 0xD4, 0xD2, 0x55, 0xAA, 0x4C, 0x4E, 0x9F,
    0xAB, 0x6A, 0xFB, 0x0A, 0x3E, 0x57, 0xAF, 0xA8, 0x3E, 0x8D, 0xE5, 0x55, 0x99, 0x69, 0x42, 0x03,
    0x24, 0x3A, 0xD9, 0x57, 0x62, 0xDA, 0xA6, 0x13, 0x06, 0xFC, 0xA7, 0x6F, 0x04, 0x10, 0x36, 0x79,
    0xDF, 0xF0, 0xBB, 0x7E, 0xDA, 0xE5, 0x90, 0xC8, 0xCE, 0x3F, 0xE7, 0x3D, 0x4E, 0x11, 0xA2, 0x6B,
    0xE9, 0xCF, 0xC2, 0xF9, 0x0F, 0x48, 0x63, 0x0C, 0x64, 0x9B, 0x13, 0x22, 0xB5, 0x34, 0x0D, 0x89,
    0xC7, 0x7C, 0x16, 0x19, 0x3F, 0x8B, 0xAD, 0xB7, 0x63, 0xF7, 0x3B, 0xB1, 0x6F, 0xC5, 0xEB, 0x56,
    0xFC, 0xAC, 0x74, 0x41, 0x3B, 0x92, 0x75, 0x24, 0xD8, 0x2C, 0xC6, 0x8E, 0xC4, 0x46, 0x62, 0xC5,
    0x8F, 0x2A, 0xEB, 0x5A, 0x4F, 0x59, 0x37, 0x4A, 0xE2, 0x16, 0x3F, 0x50, 0xBD, 0xFE, 0x59, 0xD5,
    0xA3, 0x09, 0x79, 0x22, 0xC3, 0x84, 0xA0, 0x3E, 0x22, 0xDC, 0x54, 0x9F, 0x24, 0xDC, 0x54, 0xF5,
    0x2D, 0x1D, 0x38, 0x5A, 0xDB, 0x77, 0x9C, 0x95, 0xD8, 0x78, 0xEC, 0x38, 0xEA, 0x72, 0x64, 0x5E,
    0xA6, 0x0D, 0x2F, 0xFB, 0x0E, 0x43, 0x56, 0x1C, 0xF0, 0x61, 0xA6, 0xB2, 0x43, 0x01, 0x1D, 0x2B,
    0x9B, 0xD7, 0x2B, 0xAC, 0x11, 0xA4, 0xCF, 0xE8, 0x33, 0xD7, 0xCC, 0xC6, 0x03, 0xA9, 0x32, 0x7D,
    0xF2, 0xA5, 0xA9, 0x93, 0x94, 0xA7, 0x5D, 0xE2, 0xC3, 0x25, 0x5F, 0xAA, 0x86, 0xF5, 0xC9, 0xAB,
    0xAE, 0xBA, 0xBA, 0xE6, 0xA9, 0xB5, 0x67, 0xE7, 0x55, 0xAD, 0x76, 0x96, 0x8F, 0x33, 0x4F, 0x61,
    0xB1, 0x41, 0x4D, 0x3D, 0xCE, 0x0D, 0xB8, 0x3A, 0xAE, 0x0F, 0xD6, 0x12, 0xF2, 0xE2, 0xE3, 0x50,
    0xB0, 0xAD, 0x2B, 0x41, 0x3C, 0x30, 0xD3, 0x62, 0x13, 0xA1, 0x05, 0x59, 0x69, 0x85, 0x7D, 0x72,
    0xE8, 0x71, 0xB2, 0xA5, 0xAA, 0x16, 0x7D, 0xD2, 0xD7, 0x9B, 0xE7, 0x63, 0xB9, 0x99, 0x08, 0xC5,
    0x53, 0x84, 0xDD, 0x75, 0x2A, 0xA0, 0x46, 0x18, 0x5D, 0xA3, 0x42, 0xF0, 0x22, 0x80, 0xDA, 0xA5,
    0xE9, 0x7E, 0x5A, 0xD3, 0x71, 0xB9, 0xFD, 0x89, 0xC7, 0xA7, 0x12, 0xDD, 0xE8, 0x69, 0x09, 0xF0,
    0x4B, 0x93, 0x31, 0x46, 0x8C, 0xEF, 0xB6, 0xD6, 0xCE, 0x3C, 0xBD, 0xA9, 0x62, 0x31, 0xAE, 0x20,
    0xA6, 0x1C, 0x31, 0x17, 0x6C, 0x70, 0xE6, 0x12, 0xF2, 0xF7, 0xDE, 0x8E, 0xD5, 0x2E, 0x0D, 0xEA,
    0x33, 0x32, 0xB0, 0xF7, 0x79, 0x4C, 0x28, 0x96, 0xF5, 0x89, 0xE3, 0x8C, 0x1C, 0x20, 0xE2, 0x68,
    0xEF, 0xB0, 0xB3, 0x15, 0x63, 0xAD, 0xBC, 0x1C, 0x6E, 0x38, 0x71, 0x28, 0x6C, 0x8E, 0xB6, 0xC4,
    0xCB, 0x3A, 0x16, 0xF5, 0xCD, 0x2D, 0x09, 0x45, 0x32, 0xFA, 0xC2, 0xA0, 0xD9, 0xB4, 0x1C, 0xF1,
    0xD6, 0x26, 0x98, 0xC9, 0x46, 0x32, 0xB5, 0xCA, 0x37, 0xC5, 0xB1, 0xB0, 0xD5, 0xB9, 0x28, 0xC4,
    0xE2, 0xF3, 0x1F, 0xCD, 0x0B, 0xCD, 0x25, 0xAC, 0x11, 0xC2, 0xC1, 0xDB, 0xDC, 0xF2, 0x4E, 0x18,
    0xAD, 0x03, 0x88, 0x7A, 0xAA, 0xB3, 0x8B, 0x95, 0x2D, 0x30, 0xEA, 0x16, 0xDC, 0x8F, 0xE0, 0xF1,
    0x10, 0x89, 0x60, 0x2C, 0x77, 0xF0, 0x8E, 0x03, 0xCA, 0x57, 0xAF, 0xC9, 0x36, 0xEB, 0xFD, 0x1A,
    0x11, 0x87, 0x1A, 0x8D, 0x4D, 0x8D, 0xC6, 0xA6, 0x46, 0x63, 0x53, 0x53, 0x4F, 0x54, 0x65, 0xC1,
    0xC2, 0xCE, 0x07, 0xB5, 0x6F, 0x36, 0x54, 0x7A, 0x09, 0xC6, 0xD4, 0xB1, 0xB0, 0x75, 0xFD, 0x12,
    0xB6, 0xE6, 0xE7, 0xED, 0xF9, 0x09, 0x1D, 0xA7, 0x0E, 0x8F, 0x8E, 0x45, 0x3A, 0xCE, 0xD2, 0x51,
    0x27, 0x8C, 0xAD, 0x29, 0xEC, 0x91, 0x8C, 0x75, 0x16, 0x58, 0x9A, 0x93, 0x11, 0x51, 0xCA, 0xAC,
    0xC4, 0x48, 0xDD, 0xF8, 0x9F, 0xA4, 0x7E, 0x58, 0x26, 0xF3, 0xAA, 0x8C, 0x1F, 0x81, 0x87, 0xE2,
    0x98, 0xEE, 0xDE, 0xB3, 0xBA, 0xAB, 0x17, 0x4D, 0xC2, 0x01, 0xD8, 0x29, 0xCA, 0xF0, 0x34, 0x87,
    0x85, 0x10, 0x86, 0xBC, 0x48, 0xB4, 0x69, 0x44, 0x6C, 0xD1, 0x3F, 0xCF, 0x23, 0xD0, 0x22, 0x83,
    0x56, 0x76, 0xBA, 0x44, 0xD8, 0x10, 0x51, 0x89, 0x17, 0x62, 0x75, 0xC2, 0x3E, 0x02, 0x17, 0x2C,
    0x99, 0x93, 0xA3, 0xBF, 0xC7, 0xD4, 0x98, 0x88, 0x0B, 0x0A, 0x12, 0x21, 0x25, 0xED, 0xAB, 0x4D,
    0xE2, 0x7A, 0x4E, 0xB5, 0x24, 0x29, 0xD5, 0x4A, 0xAD, 0xD8, 0x4E, 0xEC, 0xC8, 0x8D, 0x9D, 0xC8,
    0x57, 0xD8, 0x29, 0xD7, 0xA3, 0xAA, 0x1E, 0x81, 0x0B, 0xD5, 0xBE, 0x39, 0x12, 0xEF, 0x34, 0x8A,
    0x8C, 0x33, 0x2A, 0x7B, 0xED, 0x57, 0xF7, 0x31, 0x85, 0x6A, 0xCE, 0x60, 0x69, 0x17, 0x8D, 0x1B,
    0xA9, 0x98, 0x85, 0x95, 0x60, 0x27, 0xDE, 0x3A, 0x8F, 0x0D, 0x02, 0xD4, 0x7C, 0x1D, 0x98, 0xF6,
    0xC8, 0xD4, 0x0D, 0x7A, 0x92, 0x99, 0x7A, 0x8E, 0x3B, 0x13, 0xCF, 0x85, 0xD5, 0xF5, 0x99, 0xD1,
    0xA6, 0x16, 0x23, 0xDA, 0x33, 0xD7, 0xBC, 0xA0, 0xF6, 0x73, 0xAB, 0xFB, 0x3D, 0x56, 0x3A, 0x5B,
    0x6C, 0xDE, 0xEB, 0x31, 0x0D, 0xAB, 0xCE, 0x9F, 0x54, 0x55, 0x5D, 0xE5, 0x38, 0x3B, 0x3A, 0x36,
    0xAF, 0xF7, 0x2E, 0x61, 0xB5, 0x14, 0x82, 0x89, 0xC6, 0xD7, 0xAB, 0xA3, 0x26, 0x47, 0x52, 0x23,
    0x5A, 0x5D, 0x6D, 0x6E, 0xB3, 0x3D, 0xE6, 0x90, 0x15, 0xD1, 0x80, 0xFC, 0xBA, 0x31, 0xF1, 0xBA,
    0x81, 0x50, 0xE6, 0x16, 0xA4, 0x56, 0xA3, 0xD0, 0x72, 0x2C, 0xC6, 0xEC, 0xF8, 0x54, 0xD7, 0x5E,
    0xA1, 0xDB, 0xFA, 0x6E, 0x8C, 0xA8, 0x54, 0x33, 0x33, 0x68, 0xF4, 0x54, 0x58, 0x0D, 0x4A, 0x45,
    0x63, 0xBA, 0x22, 0x5D, 0xB3, 0x33, 0x2E, 0xE6, 0xC0, 0x75, 0xC4, 0x62, 0xC2, 0x3F, 0x8A, 0xA9,
    0x7C, 0xBC, 0x52, 0x22, 0x4A, 0x36, 0x34, 0xC7, 0xC7, 0x61, 0x4C, 0x9F, 0x42, 0x92, 0xC5, 0x69,
    0xAE, 0x3E, 0x1A, 0x87, 0x4C, 0x6C, 0x98, 0x70, 0x55, 0x21, 0xB8, 0xBC, 0xE5, 0x63, 0x75, 0x32,
    0x69, 0x59, 0x4E, 0xEC, 0x24, 0x58, 0x47, 0x69, 0x92, 0xAE, 0x6D, 0xF4, 0xCF, 0x28, 0x7E, 0xCB,
    0x4B, 0xC8, 0xDB, 0xC9, 0xAF, 0x1D, 0x38, 0x4E, 0xA8, 0x35, 0x92, 0xD7, 0xD7, 0xDA, 0x05, 0x0D,
    0x5A, 0x7F, 0xB6, 0xEC, 0x67, 0xED, 0xA1, 0x91, 0x06, 0xB9, 0x99, 0x3C, 0xB3, 0x46, 0x48, 0xBC,
    0x46, 0x93, 0x11, 0x52, 0xD6, 0x1A, 0xD5, 0x61, 0xED, 0x89, 0xC3, 0xEE, 0x97, 0x6A, 0x05, 0x2F,
    0x61, 0x4E, 0x60, 0x6E, 0xA4, 0xB2, 0xA6, 0xDE, 0x08, 0xCF, 0x50, 0x25, 0xB1, 0xCF, 0xDB, 0x22,
    0x5C, 0x88, 0xBC, 0x01, 0x3F, 0xDE, 0xC2, 0x40, 0xB8, 0x4D, 0xFF, 0xFC, 0x8D, 0xCE, 0x98, 0xD1,
    0x64, 0x1B, 0x0F, 0xC3, 0x6F, 0x4D, 0xAE, 0xA1, 0xE3, 0x6A, 0xFC, 0xE6, 0xA8, 0xEC, 0x25, 0xED,
    0x7B, 0xD8, 0x7F, 0x7B, 0xB0, 0x19, 0xB3, 0xF1, 0xFF, 0xF6, 0xA6, 0xCC, 0xA5, 0x84, 0x9F, 0x17,
    0xB9, 0x91, 0x13, 0xFA, 0x5F, 0x75, 0xC3, 0x3A, 0x09, 0x94, 0xDD, 0x80, 0xC4, 0x11, 0xF7, 0x6F,
    0x85, 0x4E, 0x99, 0x12, 0x1F, 0xC3, 0x7A, 0xA6, 0x75, 0x83, 0xCA, 0xFB, 0xEF, 0x62, 0x7B, 0xD5,
    0xAC, 0x01, 0xF4, 0xD5, 0x4D, 0xA5, 0x0A, 0xD6, 0xFE, 0xF7, 0x10, 0xCC, 0x40, 0x1B, 0x22, 0x59,
    0x81, 0x1E, 0x77, 0xFC, 0x4F, 0x34, 0xEB, 0xDA, 0x77, 0x20, 0x4C, 0x02, 0xC7, 0xC6, 0xD6, 0xF5,
    0x8C, 0x85, 0x84, 0x8A, 0xB6, 0xED, 0x1F, 0xDE, 0xFA, 0x18, 0x4D, 0xAA, 0x66, 0x1B, 0xD1, 0xBE,
    0xD7, 0x1E, 0xB8, 0xEA, 0x99, 0x33, 0x4E, 0x58, 0xAB, 0xDB, 0x51, 0x6B, 0xD1, 0x8E, 0xF1, 0x52,
    0x8B, 0x6D, 0x17, 0x1B, 0x24, 0x98, 0x49, 0xDF, 0x79, 0x2E, 0xCA, 0xEC, 0x88, 0x70, 0x30, 0xE2,
    0x6D, 0xEA, 0x13, 0x21, 0x40, 0xB6, 0xC6, 0xA3, 0x0A, 0x0F, 0x75, 0xDF, 0x32, 0xDE, 0x24, 0x62,
    0x32, 0x28, 0xB5, 0xF6, 0x77, 0x69, 0x6A, 0x07, 0x8E, 0x10, 0xC7, 0x6C, 0xF3, 0xA5, 0xF0, 0x88,
    0x00, 0xE4, 0x0C, 0xC7, 0xDC, 0xF9, 0x0F, 0x96, 0xA4, 0x3D, 0x13, 0x87, 0x1B, 0xEE, 0xA7, 0x6F,
    0xF2, 0xD8, 0x42, 0xB7, 0x0B, 0x72, 0x40, 0x3C, 0xC9, 0x21, 0xE5, 0x73, 0x50, 0x4A, 0x0B, 0x38,
    0x0E, 0x25, 0x28, 0x54, 0xBD, 0x0C, 0x6B, 0x7E, 0x52, 0xB3, 0xB3, 0x1A, 0x34, 0x9B, 0xA5, 0x7D,
    0xD9, 0x26, 0xE5, 0x73, 0x5E, 0xF5, 0x8B, 0x89, 0xEC, 0xDC, 0x7D, 0x30, 0x56, 0x88, 0x99, 0x8C,
    0xF2, 0x8D, 0x2A, 0x3E, 0x51, 0x79, 0x4F, 0x9B, 0x66, 0x1A, 0x7A, 0x43, 0x5E, 0x89, 0xA4, 0x92,
    0x90, 0xE3, 0x64, 0x2C, 0x36, 0x1F, 0xEF, 0x74, 0x42, 0x3D, 0x69, 0xB1, 0x71, 0xB9, 0x7A, 0x90,
    0xBF, 0xAA, 0x33, 0xDB, 0xB2, 0x94, 0x95, 0x05, 0x15, 0xBC, 0x42, 0x84, 0xCB, 0x6C, 0x5E, 0x98,
    0x10, 0xF7, 0x05, 0x53, 0xCC, 0xA8, 0xCE, 0x84, 0x0C, 0x2F, 0x8B, 0x51, 0x05, 0x11, 0xB1, 0x46,
    0x5F, 0x2C, 0xDA, 0x50, 0xB7, 0xB9, 0x82, 0x15, 0x41, 0x80, 0x91, 0xC5, 0x0B, 0xCD, 0xDC, 0x89,
    0x9C, 0xCC, 0x92, 0x10, 0x68, 0x2A, 0xE1, 0xD7, 0x26, 0x1F, 0x6E, 0x6B, 0x1C, 0xD1, 0xC7, 0xA3,
    0xE7, 0xFF, 0x3C, 0xC4, 0xF6, 0x33, 0xDE, 0x68, 0x77, 0x36, 0x57, 0x63, 0xA7, 0x46, 0x1C, 0x73,
    0x62, 0x42, 0x06, 0xFF, 0x4A, 0x19, 0xE5, 0x6B, 0xA1, 0x73, 0xE7, 0xBB, 0x49, 0xFB, 0x2F, 0xBE,
    0x9D, 0xB5, 0xED, 0x28, 0x7F, 0xD6, 0x8E, 0x9E, 0x39, 0x61, 0x47, 0x27, 0x26, 0xCB, 0x1C, 0x1D,
    0x46, 0xB8, 0x8F, 0x03, 0x56, 0x9D, 0x5C, 0x75, 0x74, 0xC5, 0xA5, 0xBA, 0x7A, 0x97, 0xD2, 0x4A,
    0x7D, 0x99, 0x14, 0x2A, 0x63, 0x99, 0x9C, 0x81, 0x18, 0x24, 0x0D, 0x8D, 0x54, 0xAE, 0x36, 0xF9,
    0x79, 0x4A, 0xEF, 0xF1, 0x76, 0xE2, 0x51, 0xBC, 0xEB, 0x85, 0x88, 0x13, 0x5E, 0x60, 0x00, 0xED,
    0x91, 0x9E, 0x87, 0x97, 0x53, 0x65, 0x54, 0x48, 0x86, 0x2D, 0x3B, 0xC0, 0x68, 0xCD, 0x14, 0xDB,
    0x04, 0x12, 0x6F, 0xA6, 0x5F, 0x7C, 0xB6, 0x8F, 0x37, 0x86, 0x50, 0x2E, 0x28, 0xB3, 0xD0, 0x39,
    0x6B, 0x54, 0xB3, 0x3A, 0x94, 0x45, 0xAA, 0xD9, 0x22, 0xB6, 0xD2, 0xA7, 0xB2, 0x4F, 0x5C, 0xE6,
    0x8A, 0x4D, 0x7C, 0x9E, 0xEC, 0xAB, 0xAC, 0x6F, 0x67, 0x7D, 0x3F, 0xB9, 0x45, 0xA2, 0x5D, 0x0E,
    0x47, 0xFE, 0x60, 0x7F, 0x9E, 0xF1, 0x87, 0x06, 0x6C, 0xB7, 0xD9, 0x65, 0x9B, 0x78, 0x6E, 0x34,
    0x99, 0x5D, 0xF6, 0x24, 0x8E, 0x35, 0x22, 0x76, 0x79, 0xC8, 0xFC, 0x99, 0xA4, 0x0F, 0xB5, 0x69,
    0xD6, 0x65, 0x6A, 0xD6, 0x55, 0x45, 0xC1, 0xC3, 0x4A, 0x34, 0x10, 0x8E, 0x00, 0x64, 0xB0, 0x26,
    0x27, 0xEF, 0xBC, 0x36, 0xCF, 0x20, 0xFC, 0x08, 0xD1, 0xF9, 0x37, 0x21, 0xE3, 0xF7, 0x79, 0x1B,
    0x43, 0x1B, 0xAC, 0x1F, 0x82, 0x06, 0x3D, 0xD7, 0xA7, 0x29, 0xB1, 0x4E, 0x43, 0x4C, 0xF8, 0x95,
    0x3E, 0x2E, 0x4B, 0x15, 0x72, 0x3D, 0x24, 0x0D, 0x7D, 0x3C, 0xA1, 0x09, 0xEF, 0x78, 0x4B, 0x85,
    0x7D, 0xC7, 0x3F, 0xB8, 0xF0, 0xFA, 0xA5, 0x11, 0x46, 0xEF, 0xBB, 0x66, 0x3A, 0xCF, 0x2B, 0xFB,
    0x6B, 0x2F, 0x84, 0xAE, 0xF3, 0x5B, 0x31, 0x8E, 0x79, 0xE7, 0xB9, 0xB4, 0xE6, 0x84, 0x19, 0x8E,
    0xAB, 0x4E, 0x78, 0xF5, 0x8A, 0x13, 0x7E, 0xEB, 0x84, 0x13, 0x9E, 0xE0, 0xFC, 0xD8, 0x25, 0xAC,
    0x14, 0xB2, 0x4F, 0xEA, 0x21, 0x36, 0x8C, 0x03, 0x7B, 0x27, 0x4D, 0xFA, 0xA5, 0x09, 0xBE, 0x6D,
    0xC5, 0x63, 0xBA, 0xE3, 0x13, 0x92, 0x81, 0xDD, 0x77, 0xE9, 0x4A, 0x5F, 0x19, 0x9F, 0x65, 0x12,
    0xC0, 0x00, 0xD4, 0xE0, 0x58, 0x76, 0x2D, 0xFD, 0x5B, 0x99, 0xE6, 0x21, 0x85, 0xEE, 0xCF, 0xDF,
    0x14, 0x0F, 0x27, 0x71, 0xE5, 0x3D, 0x5E, 0xFF, 0xB5, 0x9A, 0xB3, 0x6C, 0x3D, 0x56, 0x6E, 0x1F,
    0x0B, 0x31, 0xAD, 0xB0, 0x59, 0x52, 0x5B, 0xC2, 0xCB, 0xBE, 0x39, 0xBA, 0x44, 0x35, 0x6B, 0x84,
    0x08, 0x7F, 0x81, 0x45, 0xA7, 0x97, 0x72, 0x68, 0x0B, 0x75, 0xD7, 0xE3, 0xB2, 0xE3, 0xC2, 0x58,
    0x4E, 0x3A, 0x6C, 0x4C, 0x27, 0xB1, 0xBE, 0x65, 0xC0, 0xB6, 0x1F, 0x32, 0x02, 0xF6, 0x6D, 0x8D,
    0xA2, 0x16, 0x21, 0x28, 0x10, 0x95, 0x7F, 0xF5, 0xAD, 0x3F, 0xEF, 0x41, 0xFE, 0x2D, 0x82, 0x72,
    0xAF, 0x15, 0x5C, 0x56, 0xF5, 0x13, 0x52, 0xCA, 0x53, 0x47, 0x0B, 0x97, 0x8B, 0x44, 0x4C, 0xEA,
    0xBC, 0x33, 0x17, 0xEF, 0x1F, 0x99, 0x6D, 0x13, 0x7F, 0xC1, 0xAE, 0x16, 0x99, 0x84, 0xEA, 0xB8,
    0x9A, 0x64, 0xF0, 0xCB, 0xCE, 0xA8, 0xDE, 0x3E, 0xCD, 0xAB, 0x06, 0x5E, 0x07, 0x42, 0x18, 0x95,
    0x5B, 0xB1, 0x99, 0x99, 0x91, 0xAD, 0xF1, 0x2B, 0xD0, 0x55, 0x7D, 0x7C, 0xFA, 0xE5, 0x01, 0x4C,
    0x2A, 0x8E, 0xEF, 0x76, 0xC2, 0x03, 0x3A, 0xAC, 0x3E, 0x56, 0x76, 0x3B, 0x97, 0xF4, 0xC0, 0x65,
    0x47, 0xE5, 0xE1, 0x82, 0xD1, 0x17, 0x3E, 0x2B, 0xBC, 0x30, 0xC2, 0x4B, 0x04, 0xD1, 0x09, 0xBD,
    0x5A, 0xA6, 0xAF, 0x8F, 0x6D, 0x9A, 0xDD, 0xDB, 0x84, 0xE2, 0x2D, 0x7F, 0x00, 0x77, 0x9A, 0x51,
    0xE6, 0xAD, 0xA0, 0x0C, 0xB7, 0x83, 0x81, 0xCA, 0x9E, 0x6E, 0x50, 0xCE, 0x45, 0x9A, 0xCC, 0x30,
    0x30, 0x79, 0x58, 0x2D, 0x8C, 0x2D, 0x4E, 0x7E, 0x47, 0x77, 0x47, 0xC5, 0x9F, 0x34, 0x2B, 0x98,
    0x94, 0xCD, 0xAD, 0x74, 0x4A, 0x3E, 0x77, 0x99, 0x9F, 0x33, 0xF9, 0x9D, 0x18, 0xAC, 0x49, 0x52,
    0xB5, 0xB8, 0x6F, 0xF0, 0x26, 0x0F, 0x99, 0xA0, 0xCD, 0xE6, 0xCE, 0x72, 0xC9, 0xC6, 0x1E, 0x20,
    0x6B, 0x73, 0x89, 0x74, 0x5E, 0xE8, 0x65, 0x7C, 0x1C, 0x25, 0xEF, 0xD2, 0xB8, 0xF2, 0x71, 0x8A,
    0xE4, 0xDE, 0xA3, 0xF2, 0x9C, 0xA0, 0x7A, 0x1C, 0x94, 0xAD, 0x61, 0x27, 0x58, 0xA6, 0x3A, 0x0F,
    0xF8, 0x98, 0x11, 0x23, 0xD5, 0xD4, 0x9F, 0x96, 0xA3, 0xC3, 0x0E, 0x97, 0x7D, 0x14, 0x51, 0xC9,
    0xF5, 0x9C, 0xD2, 0xB2, 0x81, 0x26, 0x28, 0x30, 0x9D, 0x01, 0xE1, 0x2B, 0x9E, 0xFD, 0x8A, 0x91,
    0x6D, 0xDF, 0xEF, 0x27, 0xDD, 0x36, 0x2B, 0x93, 0xAD, 0x15, 0xCB, 0x66, 0x20, 0xE8, 0xC1, 0x5D,
    0x0E, 0x9D, 0xCC, 0x46, 0x2A, 0x0A, 0x8F, 0xF2, 0x55, 0x58, 0x31, 0x60, 0x46, 0x98, 0x4E, 0x8C,
    0x7B, 0x27, 0x66, 0x22, 0xC9, 0xA3, 0x48, 0xB0, 0x41, 0xD3, 0x55, 0x0F, 0x09, 0xA1, 0x7D, 0x7C,
    0xB5, 0x45, 0xC3, 0x7E, 0x15, 0x6A, 0xF5, 0x7F, 0xC1, 0xEB, 0x14, 0x7B, 0x31, 0x0D, 0x1A, 0xC9,
    0xDE, 0xEB, 0x88, 0xC5, 0xAC, 0x81, 0x8A, 0x1E, 0xC3, 0xC3, 0x97, 0x26, 0x30, 0xEC, 0xDE, 0xC7,
    0x23, 0x74, 0x3C, 0x86, 0x9D, 0x5A, 0x15, 0xDE, 0x92, 0x88, 0x88, 0x93, 0x3E, 0xD1, 0x12, 0xBC,
    0xDC, 0x07, 0xF1, 0x66, 0x78, 0xB9, 0x60, 0x9F, 0xE8, 0xD5, 0x1D, 0x44, 0x63, 0xA4, 0x42, 0xBE,
    0xB6, 0xF5, 0x12, 0x9C, 0x15, 0x42, 0x83, 0x9E, 0xAC, 0x90, 0x08, 0xB7, 0x89, 0xC0, 0x3D, 0xE8,
    0xB1, 0xDB, 0xD9, 0x0A, 0xF7, 0x97, 0xA3, 0x87, 0x19, 0xE7, 0x62, 0xBA, 0x1E, 0x6D, 0x63, 0xBB,
    0x24, 0x3E, 0xB0, 0x5D, 0x12, 0x1F, 0x6A, 0x7C, 0x7C, 0xBE, 0xE1, 0xE7, 0xB5, 0x92, 0x13, 0x1A,
    0xEC, 0x6F, 0x6A, 0x0E, 0xB4, 0xAE, 0x27, 0x04, 0x8B, 0xC6, 0x89, 0x89, 0x6D, 0x6A, 0x23, 0x95,
    0x58, 0x5A, 0xAC, 0x9A, 0xE4, 0xF0, 0xF5, 0x31, 0x57, 0xAF, 0x24, 0x08, 0x4F, 0xD3, 0x14, 0xCD,
    0xAF, 0xB0, 0x46, 0x0C, 0xCB, 0x79, 0xD7, 0x26, 0xD0, 0xF6, 0x5B, 0xD8, 0xAC, 0xBB, 0xB6, 0xA8,
    0x16, 0x89, 0x31, 0x91, 0x0C, 0xF3, 0x6D, 0x20, 0x11, 0x8C, 0x38, 0xA1, 0x93, 0x9D, 0x5D, 0x7B,
    0xF6, 0x89, 0x67, 0x7E, 0xED, 0x99, 0x5F, 0x3B, 0x73, 0xC6, 0xED, 0x9B, 0x17, 0x47, 0xDB, 0x9B,
    0x0D, 0x03, 0xD9, 0x59, 0x49, 0xBF, 0x2D, 0xE3, 0x8B, 0x24, 0x1C, 0x48, 0xD7, 0x5C, 0x6E, 0x83,
    0xDA, 0x16, 0x92, 0x56, 0xDB, 0x1D, 0x3C, 0xAC, 0xCF, 0xB2, 0x76, 0xEA, 0x5E, 0xE6, 0x38, 0x93,
    0x5C, 0xA7, 0x18, 0x81, 0x23, 0x52, 0xD1, 0x0D, 0x44, 0xE8, 0xB1, 0x24, 0x85, 0x05, 0x28, 0x73,
    0x6E, 0x70, 0x78, 0xE6, 0x8B, 0x88, 0x7F, 0xE9, 0x11, 0x3D, 0xB7, 0x3E, 0x2B, 0x88, 0x7D, 0x59,
    0x9F, 0x62, 0x53, 0x6A, 0x63, 0x29, 0x14, 0x91, 0x68, 0xBC, 0xA8, 0xF5, 0x41, 0x13, 0xDE, 0xC3,
    0x64, 0xF4, 0x3E, 0x30, 0xBD, 0xCC, 0xB9, 0x60, 0x2E, 0x50, 0xA5, 0x98, 0xE1, 0x87, 0xA6, 0xB2,
    0xFE, 0x41, 0xD2, 0x80, 0xD7, 0x27, 0x90, 0x6C, 0x4F, 0xE9, 0x6E, 0xC6, 0x6B, 0xC8, 0x0A, 0x4A,
    0x5F, 0x20, 0x5D, 0x75, 0xB8, 0x75, 0x23, 0xF1, 0xB1, 0x64, 0x37, 0x74, 0x92, 0xCE, 0xE5, 0x47,
    0x44, 0x03, 0x3A, 0xCE, 0xEF, 0x9E, 0x9A, 0x28, 0x6D, 0xA1, 0x77, 0x3D, 0x2A, 0x30, 0xE0, 0xF4,
    0xC4, 0x53, 0x9D, 0x4E, 0x54, 0xB0, 0x71, 0x0F, 0x0B, 0x90, 0x51, 0xA6, 0x59, 0xA2, 0x34, 0x3B,
    0xD9, 0x40, 0x3C, 0x29, 0x89, 0x35, 0x85, 0xC2, 0xE2, 0xBC, 0x2A, 0xFD, 0x5A, 0xEC, 0xAB, 0x61,
    0xF9, 0x4E, 0xBA, 0x4E, 0xCD, 0xC1, 0xF6, 0xD9, 0x2B, 0xCB, 0xD5, 0xEA, 0x48, 0x89, 0x2B, 0x5B,
    0x2E, 0x35, 0xE5, 0x2E, 0xF3, 0x2F, 0xD0, 0x4D, 0x5C, 0x40, 0xC1, 0xE5, 0x35, 0x9B, 0xBF, 0xCB,
    0x91, 0x6A, 0x3F, 0xE3, 0x68, 0x36, 0xA4, 0x4C, 0xFC, 0xD4, 0x03, 0xA6, 0x73, 0xFF, 0x01, 0x42,
    0x4D, 0xF9, 0x29, 0x97, 0xF6, 0xAF, 0x47, 0xEB, 0x3F, 0x79, 0x33, 0x46, 0x99, 0x03, 0x1C, 0x6D,
    0x29, 0x5B, 0x3F, 0x37, 0x0E, 0x49, 0x91, 0x73, 0x57, 0xE7, 0x0C, 0x78, 0xD9, 0x56, 0xE3, 0x88,
    0xBC, 0xC1, 0xA8, 0xCC, 0x52, 0x97, 0xBF, 0xD0, 0xB9, 0xCC, 0xE6, 0xDB, 0x82, 0xB7, 0x7F, 0x2C,
    0x78, 0xF7, 0xD4, 0x82, 0xA7, 0xF4, 0xFE, 0x94, 0xAE, 0x52, 0x8A, 0x49, 0x43, 0x29, 0xB1, 0x27,
    0x13, 0x4B, 0x97, 0x0F, 0xA4, 0x33, 0x9C, 0xA7, 0x8C, 0xAA, 0x74, 0xAE, 0x09, 0x57, 0x39, 0x3D,
    0x65, 0x05, 0x4F, 0xC9, 0xF1, 0x62, 0x9C, 0xCD, 0x7C, 0xD8, 0x21, 0xFA, 0x90, 0xE7, 0xEA, 0x90,
    0x94, 0xAE, 0x52, 0x4A, 0x39, 0x91, 0x76, 0x2E, 0x53, 0xDA, 0x00, 0x91, 0xD9, 0x97, 0x1E, 0xE3,
    0x3C, 0x03, 0xDE, 0xCA, 0x69, 0xC0, 0x1B, 0x39, 0x29, 0x66, 0xCA, 0x97, 0x5F, 0x51, 0x97, 0xE4,
    0x5E, 0x29, 0xE7, 0xD0, 0xA7, 0x48, 0x1D, 0xF8, 0xDE, 0xBC, 0x30, 0x3E, 0xC7, 0x53, 0x9E, 0x6E,
    0x12, 0xC1, 0xBF, 0x44, 0x4F, 0x81, 0xC3, 0x88, 0x6E, 0xC6, 0x14, 0xA6, 0x92, 0xE4, 0x25, 0x6E,
    0x47, 0x80, 0x42, 0xB2, 0x14, 0x72, 0x03, 0x40, 0xE7, 0x32, 0x28, 0x70, 0x43, 0x5C, 0xC6, 0x04,
    0x9C, 0x0F, 0x43, 0x00, 0xB8, 0x8D, 0x1B, 0xEA, 0x64, 0xCF, 0xE2, 0x75, 0x8B, 0x85, 0x01, 0xEF,
    0xCF, 0x10, 0xD3, 0x7D, 0x6E, 0x59, 0x61, 0xBE, 0x8F, 0xBA, 0xB0, 0xC7, 0xD5, 0xEF, 0xE1, 0xCD,
    0x42, 0x39, 0x47, 0x6B, 0xEF, 0x4F, 0xF9, 0xAA, 0xE4, 0xCC, 0xE8, 0x69, 0xBB, 0xCD, 0xA5, 0x06,
    0x13, 0xA7, 0xE9, 0xF4, 0x71, 0xD9, 0xFF, 0xB5, 0x87, 0x0D, 0x16, 0x90, 0xD2, 0x63, 0x08, 0xB5,
    0x17, 0xB0, 0x3D, 0xFE, 0x72, 0x00, 0x43, 0x71, 0xBE, 0xB0, 0x89, 0x94, 0xC4, 0x6A, 0xBC, 0xE5,
    0xF7, 0x40, 0x4A, 0x57, 0x29, 0xA5, 0x9C, 0x48, 0x3B, 0x97, 0x3C, 0x7E, 0x2D, 0xED, 0x81, 0xF4,
    0x71, 0xCE, 0x33, 0xE8, 0x6D, 0xD1, 0x53, 0x86, 0xD4, 0x2C, 0x79, 0x4A, 0x85, 0xE0, 0x17, 0x0D,
    0x34, 0x36, 0xA3, 0x74, 0x61, 0x33, 0x63, 0xEB, 0xD0, 0xA7, 0x78, 0xA2, 0x4E, 0x65, 0xFD, 0x64,
    0x66, 0x5C, 0x86, 0x11, 0xCA, 0x2B, 0xD9, 0xE9, 0xB1, 0x15, 0x07, 0xCD, 0xA5, 0x2E, 0xDE, 0xB7,
    0xAA, 0xFA, 0x26, 0x62, 0x70, 0x48, 0x96, 0xAE, 0xBE, 0x9F, 0x2C, 0xE8, 0x3C, 0x91, 0x75, 0xCA,
    0x53, 0x16, 0x5E, 0x19, 0x12, 0x52, 0xD0, 0xBD, 0x23, 0x0A, 0x20, 0x74, 0xAE, 0xA8, 0x56, 0xC7,
    0x7E, 0xBE, 0x64, 0x5C, 0x00, 0x97, 0x87, 0xAD, 0x00, 0xDF, 0xB8, 0x8F, 0xCC, 0xF7, 0x5B, 0x28,
    0x56, 0x8A, 0x5F, 0x5E, 0x36, 0x7E, 0x77, 0x69, 0x26, 0xEC, 0x9A, 0x37, 0x33, 0x44, 0x33, 0x1C,
    0x9E, 0xF6, 0xCA, 0x9B, 0xEC, 0x5F, 0x47, 0x7A, 0xF7, 0x9C, 0x07, 0xF3, 0x0B, 0xD9, 0x5A, 0x36,
    0x96, 0x8C, 0x4B, 0xAA, 0x6B, 0xC2, 0x84, 0x7E, 0x54, 0x4A, 0x88, 0x63, 0x55, 0x69, 0xD7, 0xD4,
    0xA9, 0x9D, 0x23, 0x25, 0x9D, 0x82, 0x52, 0x6F, 0x03, 0x69, 0xE0, 0x53, 0x6D, 0x3F, 0x29, 0xDC,
    0xA4, 0x57, 0xDE, 0xE9, 0xE3, 0xAD, 0xC3, 0x77, 0x88, 0x0D, 0x34, 0x9B, 0xFF, 0x98, 0x65, 0x23,
    0x59, 0xDC, 0x7C, 0x3F, 0x29, 0x6F, 0x4C, 0x21, 0x3B, 0x50, 0xE9, 0x45, 0xCC, 0x85, 0x04, 0x16,
    0xB0, 0x6D, 0x36, 0xF5, 0x13, 0xC4, 0x37, 0x38, 0x7B, 0xD8, 0xD0, 0xD8, 0x28, 0x53, 0xE4, 0xF3,
    0xD3, 0x47, 0xD5, 0xA4, 0x2D, 0xCD, 0x0B, 0x59, 0x72, 0x39, 0x1C, 0x44, 0x6C, 0xFF, 0xF5, 0x35,
    0xE0, 0x38, 0x03, 0x58, 0x4E, 0x4A, 0x5E, 0x44, 0xCF, 0x91, 0x13, 0x7B, 0x99, 0xF5, 0x4B, 0x30,
    0xDA, 0x1C, 0xAF, 0x56, 0x75, 0xD2, 0x0D, 0xEF, 0x55, 0xEC, 0x6A, 0x18, 0x90, 0x84, 0x1D, 0xB6,
    0xA1, 0x44, 0xF9, 0xE1, 0xE3, 0xA0, 0x82, 0xB3, 0x63, 0xBF, 0x53, 0xEF, 0xA2, 0x6C, 0x22, 0x6C,
    0x94, 0xD7, 0xCB, 0xD8, 0xD6, 0x4B, 0x6A, 0xCC, 0x1C, 0x12, 0x56, 0x11, 0x54, 0x81, 0x97, 0x8D,
    0x71, 0xC2, 0xE7, 0xF8, 0x2A, 0xE7, 0x23, 0x4E, 0xEF, 0x65, 0xD8, 0x47, 0x23, 0x92, 0x1D, 0x35,
    0x0C, 0x52, 0xB6, 0x84, 0x1C, 0xF3, 0xAE, 0x62, 0xC4, 0x01, 0x7B, 0xEC, 0xC7, 0x3C, 0x2A, 0x00,
    0xBF, 0x1D, 0x8E, 0x36, 0x3A, 0x30, 0xEE, 0x24, 0x1C, 0xE0, 0x2F, 0x31, 0x1E, 0x1C, 0x19, 0x1F,
    0xD2, 0xE5, 0x59, 0x6C, 0x17, 0x85, 0xD7, 0x2C, 0x63, 0x8D, 0x1A, 0xCB, 0x7D, 0x27, 0x59, 0x79,
    0xA5, 0xF2, 0x51, 0x6F, 0x5F, 0x3C, 0xA2, 0x33, 0xAB, 0xAF, 0xCF, 0xB5, 0x97, 0xB9, 0xAB, 0x1A,
    0x6A, 0x04, 0x7C, 0x09, 0x55, 0x22, 0xD0, 0x96, 0x50, 0xE2, 0xB6, 0xF4, 0x18, 0x84, 0x39, 0x7A,
    0x26, 0x7A, 0xAC, 0xA4, 0x8E, 0x4B, 0x20, 0x8E, 0x40, 0x22, 0x71, 0x7E, 0x5A, 0xB8, 0x3F, 0xC9,
    0xB1, 0x51, 0x50, 0x3B, 0x26, 0x71, 0x95, 0x0A, 0xC7, 0xEB, 0x87, 0xB1, 0x91, 0x02, 0xEB, 0x32,
    0x17, 0x47, 0xFB, 0x82, 0x1D, 0xD5, 0x20, 0xCD, 0xB9, 0x34, 0xA7, 0xEB, 0xF1, 0xFA, 0xF1, 0xB6,
    0x1A, 0x05, 0x33, 0xF3, 0x83, 0x39, 0x8E, 0x03, 0xCD, 0xE5, 0xAD, 0x5B, 0x7E, 0xC6, 0x7B, 0xE4,
    0x5F, 0x2B, 0xF8, 0x22, 0x35, 0xF7, 0xF4, 0x00, 0xA1, 0x3C, 0x3D, 0xEC, 0x8D, 0x11, 0x92, 0xEA,
    0xAE, 0x56, 0xAB, 0x05, 0xF4, 0x28, 0x93, 0xFB, 0x14, 0x1C, 0xB4, 0x7D, 0x78, 0xB0, 0xD5, 0x4C,
    0xB3, 0xC7, 0x1C, 0x11, 0x49, 0x6F, 0xA1, 0x79, 0xAF, 0xC8, 0xAC, 0x85, 0x69, 0x8A, 0x92, 0x1F,
    0x25, 0x30, 0xF0, 0xFB, 0x92, 0xF2, 0x01, 0x32, 0xDF, 0x5D, 0xF4, 0xE2, 0xF2, 0x78, 0xE7, 0x70,
    0xCD, 0x99, 0x25, 0x25, 0xEC, 0x85, 0x5D, 0xEC, 0x0B, 0xA4, 0x2B, 0x25, 0xE1, 0x91, 0x2C, 0xBC,
    0x92, 0xBD, 0x28, 0x42, 0xFD, 0xAE, 0xCB, 0x43, 0x56, 0x73, 0xB4, 0xF5, 0x62, 0xEF, 0x52, 0x36,
    0xAF, 0x98, 0x36, 0x12, 0x9B, 0xEC, 0x00, 0xE0, 0x5D, 0xB3, 0x55, 0xEF, 0xF5, 0x5E, 0x04, 0x2B,
    0x1D, 0xF6, 0x9A, 0xCB, 0xF6, 0x7F, 0xE4, 0xBC, 0xE4, 0xD1, 0xF9, 0xCD, 0xDE, 0xA5, 0x4A, 0x56,
    0xBD, 0xE7, 0x87, 0xB7, 0x1A, 0xCA, 0x06, 0xCD, 0xA5, 0xE2, 0xFE, 0xF2, 0x17, 0x7A, 0xE7, 0x54,
    0xF5, 0x75, 0x2C, 0x5C, 0xBA, 0xC7, 0x47, 0xA2, 0x21, 0xBA, 0xEA, 0x7E, 0x3F, 0xBC, 0xD4, 0x77,
    0xF9, 0x2E, 0x35, 0x1F, 0xC0, 0xA5, 0x4A, 0x15, 0x4E, 0x8F, 0x68, 0x48, 0x7A, 0xF7, 0x9A, 0x2F,
    0xEB, 0x9A, 0x13, 0xCB, 0x3E, 0xE4, 0x23, 0xE1, 0x12, 0x3B, 0xCD, 0xFD, 0xE7, 0x77, 0x3B, 0x38,
    0x4F, 0x69, 0x57, 0x1D, 0xF9, 0x59, 0x86, 0xF0, 0x21, 0x1D, 0x73, 0xEF, 0x20, 0x96, 0x00, 0x02,
    0xC0, 0xE7, 0x0D, 0x7D, 0x91, 0xC2, 0x67, 0xC3, 0x82, 0x97, 0x34, 0xDD, 0xE7, 0x11, 0x94, 0x72,
    0x7C, 0x9E, 0x7B, 0xA6, 0x8E, 0x99, 0x10, 0x33, 0xE7, 0x95, 0xBB, 0xA0, 0x53, 0xC0, 0x5A, 0xDD,
    0x5C, 0xF3, 0x7E, 0xCF, 0x1F, 0x82, 0x4E, 0xF7, 0x68, 0x54, 0xBB, 0x94, 0x63, 0xEE, 0xC2, 0xDD,
    0xAF, 0x7F, 0xCE, 0x46, 0x5D, 0x1E, 0x91, 0xC8, 0xEA, 0x6D, 0xAC, 0x0F, 0x0F, 0x10, 0x67, 0x29,
    0x69, 0xF2, 0xEB, 0x17, 0xC9, 0xCA, 0x1E, 0xEF, 0xD3, 0x6F, 0x9E, 0x6F, 0x3C, 0x0C, 0xF8, 0xF4,
    0x58, 0xD7, 0xDE, 0x0F, 0xE1, 0x75, 0x9F, 0x82, 0xCD, 0xC3, 0xF3, 0x4D, 0x40, 0xA2, 0x48, 0x9B,
    0x83, 0x86, 0xE6, 0x0D, 0x02, 0xDF, 0x0C, 0xBF, 0x68, 0x3D, 0x9F, 0x9E, 0x6A, 0xF5, 0x53, 0xBC,
    0x8D, 0x96, 0x6A, 0x3D, 0x08, 0x40, 0x68, 0xDE, 0x61, 0xA0, 0x5D, 0x4E, 0x82, 0xF5, 0xF3, 0x47,
    0xE5, 0xFC, 0xF1, 0xEF, 0x11, 0xC0, 0x52, 0x36, 0x02, 0x44, 0x76, 0xFF, 0x9A, 0xC0, 0xDC, 0xD2,
    0x03, 0xD4, 0xE5, 0xA4, 0x80, 0xEA, 0x8D, 0xE2, 0xF2, 0xB7, 0xFE, 0xF9, 0xD3, 0xAF, 0x73, 0xDA,
    0xFD, 0xBC, 0xE9, 0xCC, 0x2B, 0xEB, 0x60, 0x1A, 0x05, 0xA7, 0x97, 0xD7, 0x17, 0x5E, 0x5F, 0xFE,
    0xFC, 0x4F, 0x9F, 0xB0, 0x75, 0xE7, 0x7A, 0xDB, 0xEC, 0x5F, 0x2D, 0xD4, 0xBB, 0xFF, 0x8E, 0xE0,
    0x9C, 0x2C, 0x3D, 0x1B, 0xC1, 0xFD, 0xD7, 0x27, 0xB6, 0xDB, 0xFD, 0x55, 0xC3, 0xB1, 0x17, 0x2F,
    0x79, 0xD8, 0x60, 0xAE, 0x63, 0x27, 0x4C, 0x02, 0x5E, 0x48, 0xB0, 0xB3, 0xCE, 0x0F, 0xB1, 0xF3,
    0x7C, 0x57, 0xAE, 0xED, 0x07, 0xCD, 0xF3, 0x00, 0x06, 0xAF, 0x4A, 0xAE, 0xC0, 0xE1, 0x39, 0x0F,
    0x01, 0x27, 0xF7, 0x3F, 0x7D, 0x0A, 0x35, 0x67, 0xF4, 0xDB, 0x32, 0x1F, 0x22, 0xF8, 0x03, 0x02,
    0x40, 0x3F, 0x01, 0x3F, 0x24, 0x30, 0xF7, 0x42, 0xC2, 0xD7, 0xAC, 0x7D, 0xA0, 0xB9, 0xCA, 0xA0,
    0x2C, 0x19, 0x74, 0x7A, 0x87, 0x64, 0x39, 0x1A, 0x18, 0x61, 0xF5, 0xD8, 0x53, 0xFA, 0x95, 0xD1,
    0xC6, 0xA5, 0x43, 0x76, 0x66, 0x7E, 0x98, 0xA0, 0xE9, 0x85, 0x1D, 0x6E, 0x19, 0xCB, 0x70, 0xB7,
    0xBD, 0x70, 0xE5, 0xCD, 0xDD, 0x51, 0x24, 0xC3, 0xC3, 0x03, 0x27, 0xF7, 0x3F, 0xFD, 0x54, 0x35,
    0x15, 0x34, 0xCB, 0x68, 0x57, 0x13, 0x21, 0x97, 0x85, 0x67, 0x0F, 0x1B, 0x84, 0xD3, 0xDB, 0xA0,
    0x8D, 0x9F, 0x37, 0xFE, 0x93, 0x37, 0x7A, 0x54, 0x5B, 0x81, 0xFF, 0xDF, 0x00, 0xD4, 0x05, 0x9B,
    0xA5, 0x2B, 0xFB, 0xE4, 0xB8, 0x11, 0xB3, 0x9F, 0x87, 0xF6, 0x84, 0xE2, 0x6E, 0x7F, 0xAF, 0x88,
    0x93, 0x91, 0xDD, 0xBB, 0x13, 0x09, 0xBF, 0x26, 0x08, 0x12, 0x35, 0x5E, 0x5C, 0x6D, 0x94, 0xFF,
    0xE9, 0x34, 0x29, 0xE4, 0xF3, 0x2A, 0x71, 0xD3, 0x79, 0x18, 0x61, 0xE7, 0xE1, 0x0A, 0x46, 0xA2,
    0x0E, 0x49, 0x70, 0xC1, 0x47, 0x16, 0x37, 0x99, 0xC7, 0x06, 0x77, 0xF3, 0x2A, 0x33, 0xCB, 0x1F,
    0x9C, 0xEE, 0xAB, 0xF6, 0x78, 0x85, 0xA4, 0xBF, 0x74, 0xF0, 0x91, 0xC7, 0xAA, 0x2D, 0xC6, 0x4C,
    0x59, 0xB3, 0x44, 0x84, 0xA0, 0xF7, 0x67, 0xA7, 0x79, 0x39, 0x62, 0x1F, 0xB1, 0x13, 0x27, 0x0E,
    0x5D, 0xC5, 0xD3, 0xD7, 0x72, 0xA7, 0x2C, 0x72, 0x0C, 0x98, 0xC2, 0xB6, 0x61, 0xF3, 0xD9, 0xA7,
    0x47, 0x35, 0x46, 0x4B, 0x90, 0x46, 0x8B, 0x14, 0xBC, 0xEB, 0x1D, 0xC4, 0xFB, 0xCA, 0x3B, 0x26,
    0x21, 0xAF, 0xE1, 0x4F, 0xBF, 0x35, 0x21, 0xD5, 0x40, 0x02, 0xC3, 0x1F, 0x10, 0x18, 0x4B, 0x07,
    0x17, 0x1A, 0x8F, 0x70, 0xEC, 0xC9, 0xC9, 0x85, 0x03, 0x4F, 0x22, 0xFE, 0x6D, 0xF2, 0xEF, 0xC4,
    0x68, 0xA9, 0x0A, 0x69, 0xB7, 0xA2, 0x52, 0xC3, 0x7C, 0xC1, 0x1B, 0x87, 0x98, 0xD5, 0x4E, 0x01,
    0x6A, 0x6A, 0xA7, 0x00, 0x25, 0x3B, 0x41, 0x4C, 0xAC, 0xC3, 0xFF, 0x84, 0x77, 0x0A, 0xB8, 0x93,
    0x62, 0x7B, 0xF7, 0xF2, 0xFA, 0x65, 0xDE, 0xD8, 0x2D, 0x9F, 0x5A, 0x87, 0x6F, 0x34, 0xDB, 0xC4,
    0x44, 0xE5, 0x3C, 0x7D, 0x67, 0x5B, 0xD9, 0xDD, 0x57, 0xE3, 0x6B, 0xA7, 0x3D, 0x33, 0xB8, 0x2E,
    0x88, 0xEE, 0x29, 0x40, 0x6C, 0xC9, 0x1F, 0x62, 0x89, 0x0C, 0xD6, 0x69, 0x4A, 0x14, 0xF7, 0xBF,
    0xC0, 0x3B, 0x2E, 0x09, 0xFE, 0x17, 0xBC, 0xE3, 0xD2, 0xE8, 0xAB, 0x9B, 0x89, 0x6C, 0xE8, 0x7C,
    0x33, 0x45, 0xEF, 0xE4, 0xEA, 0x13, 0x04, 0x4D, 0x10, 0xC1, 0x4F, 0x11, 0x52, 0xA1, 0x5A, 0x66,
    0x02, 0xA8, 0x99, 0x60, 0xB8, 0xD0, 0xDB, 0xBC, 0x3E, 0xDC, 0xEA, 0x28, 0x85, 0x28, 0x25, 0xF6,
    0x45, 0xDB, 0x51, 0x8D, 0x7D, 0x98, 0x4E, 0x58, 0x87, 0x53, 0xC8, 0x7D, 0x51, 0x2D, 0x2E, 0x0A,
    0x9C, 0x87, 0x73, 0xC8, 0xF9, 0x01, 0xC7, 0x8A, 0x2A, 0xFB, 0x7F, 0x0A, 0xB4, 0xFE, 0x56, 0xB9,
    0xDB, 0xB2, 0xD9, 0x02, 0xBF, 0x04, 0xC5, 0x2C, 0x64, 0x95, 0x89, 0x6C, 0x08, 0xA1, 0xAE, 0xDE,
    0xCF, 0xDF, 0xD2, 0x28, 0x3E, 0xA1, 0x8A, 0x18, 0xD1, 0xA1, 0xC8, 0x1C, 0xF9, 0x44, 0xE8, 0x86,
    0xD9, 0xEA, 0x7D, 0xDC, 0x6C, 0xC2, 0xC5, 0xCD, 0x6B, 0x5F, 0x76, 0x74, 0x37, 0x71, 0x9C, 0xC0,
    0x44, 0x77, 0x3D, 0xA2, 0x43, 0x44, 0xDB, 0x62, 0x58, 0x40, 0x78, 0xB0, 0x5D, 0x66, 0xCA, 0xFD,
    0x67, 0xB9, 0x0A, 0xCE, 0x36, 0x54, 0xF7, 0xAC, 0xA7, 0x7E, 0xF3, 0xEC, 0xAC, 0xE4, 0x79, 0x98,
    0xC7, 0xE3, 0x6A, 0x6A, 0x6F, 0x81, 0x62, 0x34, 0x11, 0x98, 0xF4, 0xF2, 0x20, 0xD2, 0xA0, 0x2C,
    0x74, 0x36, 0x07, 0x4C, 0x0C, 0x21, 0xBB, 0x17, 0xA3, 0x25, 0x3C, 0xB1, 0x1A, 0xBF, 0x83, 0x58,
    0x66, 0xCD, 0x44, 0xD0, 0x82, 0x7A, 0xE8, 0x95, 0x3D, 0x71, 0xD6, 0x50, 0x6B, 0x67, 0x5D, 0xB5,
    0x7E, 0xD6, 0x57, 0xDE, 0xD9, 0x96, 0x72, 0xFE, 0x77, 0x5F, 0xF6, 0x86, 0x29, 0x63, 0x59, 0x67,
    0x54, 0x85, 0x8E, 0x1C, 0x1B, 0x39, 0x42, 0xEF, 0xFB, 0xE0, 0x4D, 0x02, 0x57, 0x42, 0x65, 0xFF,
    0x32, 0x25, 0x5A, 0x53, 0x53, 0xCF, 0xAA, 0xC7, 0xA8, 0x2D, 0xB6, 0xBA, 0xA4, 0xAC, 0x30, 0xA5,
    0xE3, 0x8A, 0xB2, 0xF8, 0x77, 0x4D, 0x7D, 0x89, 0xF8, 0xC3, 0x9A, 0xEC, 0x5D, 0x3F, 0xA7, 0xD4,
    0xFF, 0x01,
};

static const EpdGlyph notosans_cjk_16Glyphs[] = {
    { 0, 0, 119, 0, 0, 0, 0 }, // U+0020
    { 5, 26, 172, 3, 25, 33, 0 }, // !
    { 11, 10, 253, 2, 26, 28, 33 }, // "
    { 17, 25, 296, 1, 25, 107, 61 }, // #
    { 16, 33, 296, 1, 28, 132, 168 }, // $
    { 29, 26, 491, 1, 25, 189, 300 }, // %
    { 22, 26, 363, 1, 25, 143, 489 }, // &
    { 5, 10, 148, 2, 26, 13, 632 }, // '
    { 7, 35, 180, 3, 28, 62, 645 }, // (
    { 8, 35, 180, 1, 28, 70, 707 }, // )
    { 12, 12, 249, 2, 27, 36, 777 }, // *
    { 17, 18, 296, 1, 21, 77, 813 }, // +
    { 7, 12, 148, 1, 5, 21, 890 }, // ,
    { 10, 3, 185, 1, 11, 8, 911 }, // -
    { 5, 6, 148, 2, 5, 8, 919 }, // .
    { 13, 33, 209, 0, 27, 108, 927 }, // /
    { 16, 26, 296, 1, 25, 104, 1035 }, // 0
    { 15, 25, 296, 2, 25, 94, 1139 }, // 1
    { 16, 25, 296, 1, 25, 100, 1233 }, // 2
    { 17, 26, 296, 0, 25, 111, 1333 }, // 3
    { 18, 25, 296, 0, 25, 113, 1444 }, // 4
    { 17, 26, 296, 0, 25, 111, 1557 }, // 5
    { 17, 26, 296, 1, 25, 111, 1668 }, // 6
    { 16, 25, 296, 1, 25, 100, 1779 }, // 7
    { 16, 26, 296, 1, 25, 104, 1879 }, // 8
    { 16, 26, 296, 1, 25, 104, 1983 }, // 9
    { 5, 19, 148, 2, 18, 24, 2087 }, // :
    { 7, 25, 148, 1, 18, 44, 2111 }, // ;
    { 17, 16, 296, 1, 20, 68, 2155 }, // <
    { 17, 11, 296, 1, 18, 47, 2223 }, // =
    { 17, 16, 296, 1, 20, 68, 2270 }, // >
    { 14, 27, 253, 1, 26, 95, 2338 }, // ?
    { 29, 31, 504, 1, 25, 225, 2433 }, // @
    { 21, 25, 324, 0, 25, 132, 2658 }, // A
    { 18, 25, 350, 3, 25, 113, 2790 }, // B
    { 20, 26, 340, 1, 25, 130, 2903 }, // C
    { 18, 25, 367, 3, 25, 113, 3033 }, // D
    { 15, 25, 314, 3, 25, 94, 3146 }, // E
    { 15, 25, 294, 3, 25, 94, 3240 }, // F
    { 20, 26, 367, 1, 25, 130, 3334 }, // G
    { 18, 25, 388, 3, 25, 113, 3464 }, // H
    { 4, 25, 156, 3, 25, 25, 3577 }, // I
    { 14, 26, 285, 1, 25, 91, 3602 }, // J
    { 19, 25, 344, 3, 25, 119, 3693 }, // K
    { 15, 25, 290, 3, 25, 94, 3812 }, // L
    { 21, 25, 433, 3, 25, 132, 3906 }, // M
    { 18, 25, 386, 3, 25, 113, 4038 }, // N
    { 22, 26, 396, 1, 25, 143, 4151 }, // O
    { 17, 25, 338, 3, 25, 107, 4294 }, // P
    { 23, 32, 396, 1, 25, 184, 4401 }, // Q
    { 18, 25, 339, 3, 25, 113, 4585 }, // R
    { 18, 26, 318, 1, 25, 117, 4698 }, // S
    { 18, 25, 319, 1, 25, 113, 4815 }, // T
    { 18, 26, 384, 3, 25, 117, 4928 }, // U
    { 20, 25, 307, 0, 25, 125, 5045 }, // V
    { 29, 25, 468, 0, 25, 182, 5170 }, // W
    { 19, 25, 306, 0, 25, 119, 5352 }, // X
    { 19, 25, 283, -1, 25, 119, 5471 }, // Y
    { 18, 25, 322, 1, 25, 113, 5590 }, // Z
    { 8, 33, 180, 3, 27, 66, 5703 }, // [
    { 13, 33, 209, 0, 27, 108, 5769 }, // <backslash>
    { 7, 33, 180, 1, 27, 58, 5877 }, // ]
    { 15, 15, 296, 2, 25, 57, 5935 }, // ^
    { 19, 3, 298, 0, -2, 15, 5992 }, // _
    { 9, 9, 323, 4, 30, 21, 6007 }, // `
    { 16, 20, 300, 1, 19, 80, 6028 }, // a
    { 16, 28, 330, 3, 27, 112, 6108 }, // b
    { 16, 20, 272, 1, 19, 80, 6220 }, // c
    { 17, 28, 331, 1, 27, 119, 6300 }, // d
    { 17, 20, 295, 1, 19, 85, 6419 }, // e
    { 11, 27, 173, 1, 27, 75, 6504 }, // f
    { 18, 28, 301, 1, 19, 126, 6579 }, // g
    { 15, 27, 324, 3, 27, 102, 6705 }, // h
    { 5, 26, 147, 2, 26, 33, 6807 }, // i
    { 9, 35, 147, -2, 26, 79, 6840 }, // j
    { 16, 27, 294, 3, 27, 108, 6919 }, // k
    { 6, 28, 151, 3, 27, 42, 7027 }, // l
    { 26, 19, 494, 3, 19, 124, 7069 }, // m
    { 15, 19, 325, 3, 19, 72, 7193 }, // n
    { 18, 20, 323, 1, 19, 90, 7265 }, // o
    { 16, 27, 331, 3, 19, 108, 7355 }, // p
    { 17, 27, 331, 1, 19, 115, 7463 }, // q
    { 10, 19, 207, 3, 19, 48, 7578 }, // r
    { 14, 20, 250, 1, 19, 70, 7626 }, // s
    { 13, 25, 201, 0, 24, 82, 7696 }, // t
    { 16, 20, 324, 2, 19, 80, 7778 }, // u
    { 17, 19, 278, 0, 19, 81, 7858 }, // v
    { 26, 19, 428, 0, 19, 124, 7939 }, // w
    { 17, 19, 266, 0, 19, 81, 8063 }, // x
    { 17, 27, 278, 0, 19, 115, 8144 }, // y
    { 14, 19, 253, 1, 19, 67, 8259 }, // z
    { 10, 33, 180, 1, 27, 83, 8326 }, // {
    { 3, 38, 144, 3, 28, 29, 8409 }, // |
    { 9, 33, 180, 1, 27, 75, 8438 }, // }
    { 17, 7, 296, 1, 16, 30, 8513 }, // ~
    { 0, 0, 119, 0, 0, 0, 0 }, // U+00A0
    { 5, 26, 172, 3, 19, 33, 0 }, // U+00A1
    { 15, 27, 296, 2, 25, 102, 33 }, // U+00A2
    { 16, 25, 296, 1, 25, 100, 135 }, // U+00A3
    { 18, 18, 296, 0, 21, 81, 235 }, // U+00A4
    { 18, 24, 296, 0, 24, 108, 316 }, // U+00A5
    { 3, 38, 144, 3, 28, 29, 424 }, // U+00A6
    { 17, 29, 533, 8, 26, 124, 453 }, // U+00A7
    { 12, 5, 323, 4, 26, 15, 577 }, // U+00A8
    { 25, 26, 444, 1, 25, 163, 592 }, // U+00A9
    { 11, 13, 206, 1, 27, 36, 755 }, // U+00AA
    { 13, 15, 255, 1, 17, 49, 791 }, // U+00AB
    { 17, 11, 296, 1, 14, 47, 840 }, // U+00AC
    { 10, 3, 185, 1, 11, 8, 887 }, // U+00AD
    { 15, 16, 252, 0, 27, 60, 895 }, // U+00AE
    { 11, 3, 323, 5, 25, 9, 955 }, // U+00AF
    { 10, 11, 197, 1, 26, 28, 964 }, // U+00B0
    { 25, 27, 533, 4, 27, 169, 992 }, // U+00B1
    { 11, 16, 219, 1, 30, 44, 1161 }, // U+00B2
    { 11, 16, 219, 1, 30, 44, 1205 }, // U+00B3
    { 9, 9, 323, 7, 30, 21, 1249 }, // U+00B4
    { 17, 26, 335, 3, 19, 111, 1270 }, // U+00B5
    { 16, 28, 533, 7, 26, 112, 1381 }, // U+00B6
    { 8, 8, 533, 13, 17, 16, 1493 }, // U+00B7
    { 8, 10, 323, 6, 1, 20, 1509 }, // U+00B8
    { 6, 16, 219, 3, 30, 24, 1529 }, // U+00B9
    { 12, 13, 217, 1, 27, 39, 1553 }, // U+00BA
    { 14, 15, 255, 1, 17, 53, 1592 }, // U+00BB
    { 26, 26, 466, 2, 25, 169, 1645 }, // U+00BC
    { 27, 26, 482, 2, 25, 176, 1814 }, // U+00BD
    { 28, 26, 474, 1, 25, 182, 1990 }, // U+00BE
    { 14, 27, 253, 1, 19, 95, 2172 }, // U+00BF
    { 21, 33, 324, 0, 33, 174, 2267 }, // U+00C0
    { 21, 33, 324, 0, 33, 174, 2441 }, // U+00C1
    { 21, 32, 324, 0, 32, 168, 2615 }, // U+00C2
    { 21, 32, 324, 0, 32, 168, 2783 }, // U+00C3
    { 21, 31, 324, 0, 31, 163, 2951 }, // U+00C4
    { 21, 33, 324, 0, 33, 174, 3114 }, // U+00C5
    { 29, 25, 490, 0, 25, 182, 3288 }, // U+00C6
    { 20, 34, 340, 1, 25, 170, 3470 }, // U+00C7
    { 15, 33, 314, 3, 33, 124, 3640 }, // U+00C8
    { 15, 33, 314, 3, 33, 124, 3764 }, // U+00C9
    { 15, 32, 314, 3, 32, 120, 3888 }, // U+00CA
    { 15, 31, 314, 3, 31, 117, 4008 }, // U+00CB
    { 8, 33, 156, -1, 33, 66, 4125 }, // U+00CC
    { 8, 33, 156, 2, 33, 66, 4191 }, // U+00CD
    { 12, 32, 156, -1, 32, 96, 4257 }, // U+00CE
    { 12, 31, 156, -1, 31, 93, 4353 }, // U+00CF
    { 21, 25, 380, 1, 25, 132, 4446 }, // U+00D0
    { 18, 32, 386, 3, 32, 144, 4578 }, // U+00D1
    { 22, 34, 396, 1, 33, 187, 4722 }, // U+00D2
    { 22, 34, 396, 1, 33, 187, 4909 }, // U+00D3
    { 22, 33, 396, 1, 32, 182, 5096 }, // U+00D4
    { 22, 33, 396, 1, 32, 182, 5278 }, // U+00D5
    { 22, 32, 396, 1, 31, 176, 5460 }, // U+00D6
    { 23, 23, 533, 5, 24, 133, 5636 }, // U+00D7
    { 23, 28, 396, 1, 26, 161, 5769 }, // U+00D8
    { 18, 34, 384, 3, 33, 153, 5930 }, // U+00D9
    { 18, 34, 384, 3, 33, 153, 6083 }, // U+00DA
    { 18, 33, 384, 3, 32, 149, 6236 }, // U+00DB
    { 18, 32, 384, 3, 31, 144, 6385 }, // U+00DC
    { 19, 33, 283, -1, 33, 157, 6529 }, // U+00DD
    { 17, 25, 348, 3, 25, 107, 6686 }, // U+00DE
    { 18, 28, 343, 3, 27, 126, 6793 }, // U+00DF
    { 16, 31, 300, 1, 30, 124, 6919 }, // U+00E0
    { 16, 31, 300, 1, 30, 124, 7043 }, // U+00E1
    { 16, 29, 300, 1, 28, 116, 7167 }, // U+00E2
    { 16, 28, 300, 1, 27, 112, 7283 }, // U+00E3
    { 16, 27, 300, 1, 26, 108, 7395 }, // U+00E4
    { 16, 29, 300, 1, 28, 116, 7503 }, // U+00E5
    { 26, 20, 468, 2, 19, 130, 7619 }, // U+00E6
    { 16, 28, 272, 1, 19, 112, 7749 }, // U+00E7
    { 17, 31, 295, 1, 30, 132, 7861 }, // U+00E8
    { 17, 31, 295, 1, 30, 132, 7993 }, // U+00E9
    { 17, 29, 295, 1, 28, 124, 8125 }, // U+00EA
    { 17, 27, 295, 1, 26, 115, 8249 }, // U+00EB
    { 8, 30, 147, -1, 30, 60, 8364 }, // U+00EC
    { 8, 30, 147, 2, 30, 60, 8424 }, // U+00ED
    { 13, 28, 147, -2, 28, 91, 8484 }, // U+00EE
    { 12, 26, 147, -1, 26, 78, 8575 }, // U+00EF
    { 18, 29, 324, 1, 28, 131, 8653 }, // U+00F0
    { 15, 27, 325, 3, 27, 102, 8784 }, // U+00F1
    { 18, 31, 323, 1, 30, 140, 8886 }, // U+00F2
    { 18, 31, 323, 1, 30, 140, 9026 }, // U+00F3
    { 18, 29, 323, 1, 28, 131, 9166 }, // U+00F4
    { 18, 28, 323, 1, 27, 126, 9297 }, // U+00F5
    { 18, 27, 323, 1, 26, 122, 9423 }, // U+00F6
    { 25, 23, 533, 4, 24, 144, 9545 }, // U+00F7
    { 18, 20, 323, 1, 19, 90, 9689 }, // U+00F8
    { 16, 31, 324, 2, 30, 124, 9779 }, // U+00F9
    { 16, 31, 324, 2, 30, 124, 9903 }, // U+00FA
    { 16, 29, 324, 2, 28, 116, 10027 }, // U+00FB
    { 16, 27, 324, 2, 26, 108, 10143 }, // U+00FC
    { 17, 38, 278, 0, 30, 162, 10251 }, // U+00FD
    { 16, 35, 331, 3, 27, 140, 10413 }, // U+00FE
    { 17, 34, 278, 0, 26, 145, 10553 }, // U+00FF
    { 9, 3, 533, 12, 14, 7, 0 }, // U+2010
    { 10, 3, 185, 1, 11, 8, 7 }, // U+2011
    { 16, 3, 286, 1, 11, 12, 15 }, // U+2012
    { 16, 3, 286, 1, 11, 12, 27 }, // U+2013
    { 28, 3, 477, 1, 11, 21, 39 }, // U+2014
    { 29, 3, 533, 2, 14, 22, 60 }, // U+2015
    { 7, 34, 533, 13, 30, 60, 82 }, // U+2016
    { 6, 11, 533, 26, 29, 17, 142 }, // U+2018
    { 6, 11, 533, 1, 29, 17, 159 }, // U+2019
    { 6, 11, 148, 2, 5, 17, 176 }, // U+201A
    { 13, 11, 533, 20, 29, 36, 193 }, // U+201C
    { 12, 11, 533, 1, 29, 33, 229 }, // U+201D
    { 12, 11, 253, 2, 5, 33, 262 }, // U+201E
    { 17, 28, 533, 8, 26, 119, 295 }, // U+2020
    { 17, 28, 533, 8, 26, 119, 414 }, // U+2021
    { 8, 8, 533, 13, 17, 16, 533 }, // U+2022
    { 22, 5, 533, 6, 15, 28, 549 }, // U+2025
    { 27, 5, 533, 3, 15, 34, 577 }, // U+2026
    { 0, 0, 533, 0, 0, 0, 0 }, // U+3000
    { 11, 10, 533, 1, 8, 28, 0 }, // U+3001
    { 11, 12, 533, 1, 9, 33, 28 }, // U+3002
    { 19, 17, 533, 7, 21, 81, 61 }, // U+3003
    { 31, 31, 533, 1, 28, 241, 142 }, // U+3004
    { 25, 28, 533, 3, 27, 175, 383 }, // U+3005
    { 24, 29, 533, 5, 26, 174, 558 }, // U+3006
    { 31, 31, 533, 1, 28, 241, 732 }, // U+3007
    { 13, 32, 533, 19, 29, 104, 973 }, // U+3008
    { 13, 32, 533, 1, 29, 104, 1077 }, // U+3009
    { 16, 32, 533, 17, 29, 128, 1181 }, // U+300A
    { 15, 32, 533, 1, 29, 120, 1309 }, // U+300B
    { 12, 23, 533, 21, 29, 69, 1429 }, // U+300C
    { 11, 22, 533, 1, 19, 61, 1498 }, // U+300D
    { 14, 23, 533, 19, 29, 81, 1559 }, // U+300E
    { 13, 23, 533, 1, 20, 75, 1640 }, // U+300F
    { 11, 32, 533, 22, 29, 88, 1715 }, // U+3010
    { 11, 32, 533, 1, 29, 88, 1803 }, // U+3011
    { 23, 24, 533, 5, 24, 138, 1891 }, // U+3012
    { 27, 27, 533, 3, 26, 183, 2029 }, // U+3013
    { 10, 33, 533, 23, 29, 83, 2212 }, // U+3014
    { 9, 33, 533, 1, 29, 75, 2295 }, // U+3015
    { 13, 32, 533, 20, 29, 104, 2370 }, // U+3016
    { 12, 32, 533, 1, 29, 96, 2474 }, // U+3017
    { 12, 33, 533, 21, 29, 99, 2570 }, // U+3018
    { 12, 33, 533, 0, 29, 99, 2669 }, // U+3019
    { 10, 32, 533, 23, 29, 80, 2768 }, // U+301A
    { 10, 32, 533, 1, 29, 80, 2848 }, // U+301B
    { 31, 10, 533, 1, 18, 78, 2928 }, // U+301C
    { 10, 15, 533, 22, 29, 38, 3006 }, // U+301D
    { 10, 15, 533, 1, 29, 38, 3044 }, // U+301E
    { 10, 14, 533, 1, 11, 35, 3082 }, // U+301F
    { 31, 25, 533, 1, 25, 194, 3117 }, // U+3020
    { 3, 29, 533, 15, 27, 22, 3311 }, // U+3021
    { 12, 29, 533, 11, 27, 87, 3333 }, // U+3022
    { 21, 30, 533, 7, 28, 158, 3420 }, // U+3023
    { 27, 27, 533, 3, 26, 183, 3578 }, // U+3024
    { 17, 28, 533, 8, 27, 119, 3761 }, // U+3025
    { 29, 12, 533, 2, 26, 87, 3880 }, // U+3026
    { 29, 21, 533, 2, 26, 153, 3967 }, // U+3027
    { 29, 27, 533, 2, 27, 196, 4120 }, // U+3028
    { 29, 30, 533, 2, 28, 218, 4316 }, // U+3029
    { 7, 8, 0, -34, -3, 14, 4534 }, // U+302A
    { 7, 7, 0, -34, 36, 13, 4548 }, // U+302B
    { 8, 7, 0, -7, 36, 14, 4561 }, // U+302C
    { 8, 8, 0, -7, -3, 16, 4575 }, // U+302D
    { 6, 6, 133, 1, 16, 9, 4591 }, // U+302E
    { 6, 13, 133, 1, 19, 20, 4600 }, // U+302F
    { 34, 10, 533, 0, 18, 85, 4620 }, // U+3030
    { 20, 64, 533, 5, 45, 320, 4705 }, // U+3031
    { 24, 64, 533, 5, 45, 384, 5025 }, // U+3032
    { 18, 32, 533, 5, 28, 144, 5409 }, // U+3033
    { 24, 32, 533, 5, 28, 192, 5553 }, // U+3034
    { 19, 32, 533, 6, 30, 152, 5745 }, // U+3035
    { 31, 31, 533, 1, 28, 241, 5897 }, // U+3036
    { 32, 31, 533, 1, 28, 248, 6138 }, // U+3037
    { 30, 30, 533, 2, 27, 225, 6386 }, // U+3038
    { 30, 31, 533, 2, 28, 233, 6611 }, // U+3039
    { 30, 31, 533, 2, 28, 233, 6844 }, // U+303A
    { 17, 31, 533, 8, 28, 132, 7077 }, // U+303B
    { 27, 27, 533, 3, 26, 183, 7209 }, // U+303C
    { 29, 24, 533, 2, 24, 174, 7392 }, // U+303D
    { 31, 31, 533, 1, 28, 241, 7566 }, // U+303E
    { 18, 27, 533, 8, 26, 122, 7807 }, // U+303F
    { 31, 4, 533, 1, 15, 31, 7929 }, // U+4E00
    { 31, 30, 533, 1, 28, 233, 7960 }, // U+4E03
    { 31, 29, 533, 1, 26, 225, 8193 }, // U+4E07
    { 30, 31, 533, 2, 28, 233, 8418 }, // U+4E08
    { 30, 26, 533, 2, 25, 195, 8651 }, // U+4E09
    { 31, 30, 533, 1, 28, 233, 8846 }, // U+4E0A
    { 31, 29, 533, 1, 26, 225, 9079 }, // U+4E0B
    { 31, 29, 533, 1, 26, 225, 9304 }, // U+4E0D
    { 29, 31, 533, 1, 28, 225, 9529 }, // U+4E0E
    { 31, 28, 533, 1, 26, 217, 9754 }, // U+4E11
    { 30, 32, 533, 1, 29, 240, 9971 }, // U+4E13
    { 31, 29, 533, 1, 28, 225, 10211 }, // U+4E1A
    { 31, 31, 533, 1, 28, 241, 10436 }, // U+4E22
    { 31, 29, 533, 1, 26, 225, 10677 }, // U+4E24
    { 32, 32, 533, 1, 29, 256, 10902 }, // U+4E2A
    { 28, 31, 533, 3, 28, 217, 11158 }, // U+4E2D
    { 27, 31, 533, 3, 28, 210, 11375 }, // U+4E32
    { 30, 31, 533, 1, 28, 233, 11585 }, // U+4E3A
    { 31, 30, 533, 1, 28, 233, 11818 }, // U+4E3B
    { 32, 31, 533, 1, 28, 248, 12051 }, // U+4E45
    { 32, 32, 533, 1, 29, 256, 12299 }, // U+4E49
    { 32, 32, 533, 1, 29, 256, 12555 }, // U+4E4B
    { 30, 32, 533, 1, 29, 240, 12811 }, // U+4E4C
    { 32, 31, 533, 1, 28, 248, 13051 }, // U+4E5D
    { 27, 29, 533, 3, 26, 196, 13299 }, // U+4E60
    { 31, 31, 533, 1, 28, 241, 13495 }, // U+4E66
    { 27, 29, 533, 3, 26, 196, 13736 }, // U+4E86
    { 31, 31, 533, 1, 28, 241, 13932 }, // U+4E8B
    { 31, 24, 533, 1, 24, 186, 14173 }, // U+4E8C
    { 31, 29, 533, 1, 26, 225, 14359 }, // U+4E8E
    { 31, 26, 533, 1, 25, 202, 14584 }, // U+4E94
    { 31, 30, 533, 1, 28, 233, 14786 }, // U+4E9B
    { 31, 32, 533, 1, 29, 248, 15019 }, // U+4EA4
    { 30, 32, 533, 1, 29, 240, 15267 }, // U+4EA7
    { 31, 32, 533, 1, 29, 248, 15507 }, // U+4EAE
    { 32, 31, 533, 1, 28, 248, 15755 }, // U+4EBA
    { 33, 31, 533, 0, 28, 256, 16003 }, // U+4EC5
    { 32, 32, 533, 1, 29, 256, 16259 }, // U+4ECA
    { 33, 32, 533, 0, 29, 264, 16515 }, // U+4ECB
    { 31, 31, 533, 1, 28, 241, 16779 }, // U+4ECE
    { 33, 31, 533, 0, 28, 256, 17020 }, // U+4ED6
    { 30, 31, 533, 1, 28, 233, 17276 }, // U+4ED9
    { 32, 32, 533, 1, 29, 256, 17509 }, // U+4EE4
    { 30, 30, 533, 3, 27, 225, 17765 }, // U+4EE5
    { 31, 31, 533, 1, 28, 241, 17990 }, // U+4EF6
    { 32, 31, 533, 0, 28, 248, 18231 }, // U+4EFB
    { 32, 31, 533, 1, 28, 248, 18479 }, // U+4EFD
    { 32, 31, 533, 1, 29, 248, 18727 }, // U+4F01
    { 33, 31, 533, 0, 28, 256, 18975 }, // U+4F11
    { 32, 31, 533, 1, 28, 248, 19231 }, // U+4F1A
    { 32, 31, 533, 0, 28, 248, 19479 }, // U+4F20
    { 31, 31, 533, 0, 28, 241, 19727 }, // U+4F2A
    { 33, 31, 533, 0, 28, 256, 19968 }, // U+4F46
    { 31, 32, 533, 1, 29, 248, 20224 }, // U+4F4D
    { 33, 31, 533, 0, 28, 256, 20472 }, // U+4F4E
    { 32, 32, 533, 1, 29, 256, 20728 }, // U+4F4F
    { 33, 31, 533, 0, 28, 256, 20984 }, // U+4F53
    { 32, 31, 533, 1, 28, 248, 21240 }, // U+4F55
    { 33, 32, 533, 0, 29, 264, 21488 }, // U+4F59
    { 32, 31, 533, 1, 28, 248, 21752 }, // U+4F5C
    { 32, 31, 533, 0, 28, 248, 22000 }, // U+4F60
    { 31, 31, 533, 1, 28, 241, 22248 }, // U+4F73
    { 33, 32, 533, 0, 29, 264, 22489 }, // U+4F7F
    { 30, 31, 533, 1, 28, 233, 22753 }, // U+4F8B
    { 32, 31, 533, 0, 28, 248, 22986 }, // U+4F9B
    { 31, 31, 533, 0, 28, 241, 23234 }, // U+4FA7
    { 33, 31, 533, 0, 28, 256, 23475 }, // U+4FDD
    { 31, 31, 533, 1, 28, 241, 23731 }, // U+4FE1
    { 33, 32, 533, 0, 29, 264, 23972 }, // U+4FEE
    { 31, 31, 533, 0, 28, 241, 24236 }, // U+5012
    { 32, 31, 533, 1, 28, 248, 24477 }, // U+5019
    { 31, 32, 533, 1, 29, 248, 24725 }, // U+5026
    { 31, 31, 533, 1, 28, 241, 24973 }, // U+503C
    { 32, 31, 533, 0, 28, 248, 25214 }, // U+503E
    { 31, 32, 533, 0, 29, 248, 25462 }, // U+504F
    { 31, 32, 533, 1, 29, 248, 25710 }, // U+505C
    { 32, 32, 533, 0, 29, 256, 25958 }, // U+50A8
    { 32, 31, 533, 1, 28, 248, 26214 }, // U+50B2
    { 33, 31, 533, 0, 28, 256, 26462 }, // U+50CF
    { 31, 29, 533, 1, 26, 225, 26718 }, // U+5143
    { 31, 32, 533, 1, 29, 248, 26943 }, // U+5145
    { 31, 31, 533, 1, 28, 241, 27191 }, // U+5148
    { 31, 31, 533, 1, 28, 241, 27432 }, // U+5149
    { 31, 32, 533, 1, 29, 248, 27673 }, // U+514D
    { 32, 32, 533, 1, 29, 256, 27921 }, // U+5154
    { 32, 31, 533, 1, 28, 248, 28177 }, // U+5165
    { 33, 31, 533, 0, 29, 256, 28425 }, // U+5168
    { 32, 29, 533, 1, 26, 232, 28681 }, // U+516B
    { 31, 31, 533, 1, 28, 241, 28913 }, // U+516D
    { 31, 31, 533, 1, 28, 241, 29154 }, // U+5171
    { 31, 31, 533, 1, 28, 241, 29395 }, // U+5173
    { 31, 31, 533, 1, 28, 241, 29636 }, // U+5176
    { 32, 30, 533, 1, 27, 240, 29877 }, // U+5177
    { 31, 32, 533, 1, 29, 248, 30117 }, // U+5178
    { 28, 31, 533, 3, 28, 217, 30365 }, // U+5185
    { 31, 29, 533, 1, 26, 225, 30582 }, // U+518C
    { 32, 29, 533, 1, 26, 232, 30807 }, // U+518D
    { 29, 30, 533, 2, 27, 218, 31039 }, // U+5199
    { 30, 30, 533, 2, 27, 225, 31257 }, // U+519B
    { 32, 32, 533, 1, 29, 256, 31482 }, // U+519C
    { 31, 32, 533, 1, 29, 248, 31738 }, // U+51AC
    { 31, 31, 533, 1, 28, 241, 31986 }, // U+51B2
    { 31, 32, 533, 1, 29, 248, 32227 }, // U+51B7
    { 31, 31, 533, 1, 28, 241, 32475 }, // U+51C6
    { 32, 31, 533, 1, 28, 248, 32716 }, // U+51CF
    { 32, 32, 533, 1, 29, 256, 32964 }, // U+51D1
    { 32, 30, 533, 1, 27, 240, 33220 }, // U+51E0
    { 33, 32, 533, 0, 29, 264, 33460 }, // U+51ED
    { 27, 31, 533, 3, 28, 210, 33724 }, // U+51FA
    { 30, 31, 533, 2, 28, 233, 33934 }, // U+51FB
    { 32, 31, 533, 1, 28, 248, 34167 }, // U+5206
    { 32, 30, 533, 0, 27, 240, 34415 }, // U+5207
    { 30, 31, 533, 1, 28, 233, 34655 }, // U+5212
    { 30, 31, 533, 1, 28, 233, 34888 }, // U+5217
    { 30, 31, 533, 1, 28, 233, 35121 }, // U+5219
    { 31, 31, 533, 0, 28, 241, 35354 }, // U+521B
    { 30, 31, 533, 1, 28, 233, 35595 }, // U+521D
    { 30, 31, 533, 1, 28, 233, 35828 }, // U+5220
    { 31, 31, 533, 0, 28, 241, 36061 }, // U+5229
    { 29, 30, 533, 2, 28, 218, 36302 }, // U+5230
    { 30, 31, 533, 1, 28, 233, 36520 }, // U+5236
    { 31, 31, 533, 0, 28, 241, 36753 }, // U+5237
    { 31, 32, 533, 1, 29, 248, 36994 }, // U+524D
    { 30, 31, 533, 1, 28, 233, 37242 }, // U+5269
    { 31, 32, 533, 1, 29, 248, 37475 }, // U+526A
    { 30, 31, 533, 1, 28, 233, 37723 }, // U+529B
    { 31, 31, 533, 1, 28, 241, 37956 }, // U+529F
    { 31, 31, 533, 0, 28, 241, 38197 }, // U+52A0
    { 32, 32, 533, 1, 29, 256, 38438 }, // U+52A1
    { 31, 31, 533, 1, 28, 241, 38694 }, // U+52A8
    { 30, 31, 533, 1, 28, 233, 38935 }, // U+52A9
    { 32, 32, 533, 1, 29, 256, 39168 }, // U+52AA
    { 32, 31, 533, 1, 28, 248, 39424 }, // U+52BF
    { 29, 30, 533, 1, 27, 218, 39672 }, // U+52C7
    { 31, 31, 533, 0, 28, 241, 39890 }, // U+52FF
    { 29, 31, 533, 1, 28, 225, 40131 }, // U+5300
    { 32, 31, 533, 1, 28, 248, 40356 }, // U+5316
    { 29, 27, 533, 3, 26, 196, 40604 }, // U+5339
    { 29, 29, 533, 3, 27, 211, 40800 }, // U+533A
    { 31, 31, 533, 1, 28, 241, 41011 }, // U+5341
    { 31, 31, 533, 1, 28, 241, 41252 }, // U+5347
    { 31, 32, 533, 1, 29, 248, 41493 }, // U+534A
    { 31, 31, 533, 1, 28, 241, 41741 }, // U+5355
    { 32, 32, 533, 1, 29, 256, 41982 }, // U+535A
    { 26, 31, 533, 5, 28, 202, 42238 }, // U+5360
    { 31, 31, 533, 1, 28, 241, 42440 }, // U+5361
    { 29, 31, 533, 2, 28, 225, 42681 }, // U+536F
    { 29, 30, 533, 2, 27, 218, 42906 }, // U+5373
    { 30, 31, 533, 1, 28, 233, 43124 }, // U+5374
    { 32, 32, 533, 1, 29, 256, 43357 }, // U+5377
    { 31, 30, 533, 1, 27, 233, 43613 }, // U+5386
    { 31, 30, 533, 1, 27, 233, 43846 }, // U+538B
    { 31, 30, 533, 1, 27, 233, 44079 }, // U+539F
    { 32, 30, 533, 1, 27, 240, 44312 }, // U+53CA
    { 32, 29, 533, 1, 26, 232, 44552 }, // U+53CC
    { 31, 31, 533, 1, 28, 241, 44784 }, // U+53CD
    { 33, 32, 533, 0, 29, 264, 45025 }, // U+53D1
    { 32, 30, 533, 1, 27, 240, 45289 }, // U+53D6
    { 31, 32, 533, 1, 29, 248, 45529 }, // U+53D7
    { 31, 32, 533, 1, 29, 248, 45777 }, // U+53D8
    { 26, 27, 533, 4, 25, 176, 46025 }, // U+53E3
    { 31, 31, 533, 1, 28, 241, 46201 }, // U+53E4
    { 31, 29, 533, 1, 26, 225, 46442 }, // U+53EF
    { 28, 32, 533, 3, 29, 224, 46667 }, // U+53F0
    { 32, 31, 533, 1, 28, 248, 46891 }, // U+53F2
    { 31, 31, 533, 1, 28, 241, 47139 }, // U+53F3
    { 30, 30, 533, 2, 27, 225, 47380 }, // U+53F7
    { 32, 32, 533, 1, 29, 256, 47605 }, // U+5408
    { 29, 30, 533, 2, 27, 218, 47861 }, // U+540C
    { 28, 32, 533, 1, 29, 224, 48079 }, // U+540D
    { 31, 31, 533, 1, 28, 241, 48303 }, // U+540E
    { 28, 32, 533, 3, 29, 224, 48544 }, // U+5411
    { 31, 30, 533, 1, 27, 233, 48768 }, // U+5426
    { 29, 32, 533, 1, 29, 232, 49001 }, // U+542F
    { 30, 31, 533, 2, 28, 233, 49233 }, // U+544A
    { 29, 30, 533, 1, 27, 218, 49466 }, // U+5468
    { 32, 32, 533, 1, 29, 256, 49684 }, // U+547D
    { 31, 31, 533, 0, 28, 241, 49940 }, // U+548C
    { 31, 31, 533, 2, 28, 241, 50181 }, // U+54C8
    { 31, 32, 533, 2, 29, 248, 50422 }, // U+5524
    { 30, 31, 533, 2, 28, 233, 50670 }, // U+552F
    { 30, 32, 533, 2, 29, 240, 50903 }, // U+5546
    { 30, 31, 533, 2, 28, 233, 51143 }, // U+55DC
    { 33, 30, 533, 0, 27, 248, 51376 }, // U+5668
    { 29, 28, 533, 2, 26, 203, 51624 }, // U+56DB
    { 29, 30, 533, 2, 27, 218, 51827 }, // U+56DE
    { 29, 30, 533, 2, 27, 218, 52045 }, // U+56E0
    { 29, 30, 533, 2, 27, 218, 52263 }, // U+56E2
    { 29, 30, 533, 2, 27, 218, 52481 }, // U+56F0
    { 29, 30, 533, 2, 27, 218, 52699 }, // U+56F4
    { 29, 30, 533, 2, 27, 218, 52917 }, // U+56FA
    { 29, 30, 533, 2, 27, 218, 53135 }, // U+56FD
    { 29, 30, 533, 2, 27, 218, 53353 }, // U+56FE
    { 31, 31, 533, 1, 28, 241, 53571 }, // U+5728
    { 32, 30, 533, 1, 28, 240, 53812 }, // U+5730
    { 31, 31, 533, 1, 28, 241, 54052 }, // U+573A
    { 32, 30, 533, 1, 28, 240, 54293 }, // U+5740
    { 30, 31, 533, 1, 28, 233, 54533 }, // U+5747
    { 32, 31, 533, 1, 28, 248, 54766 }, // U+574F
    { 32, 31, 533, 1, 28, 248, 55014 }, // U+5757
    { 31, 30, 533, 1, 28, 233, 55262 }, // U+578B
    { 32, 32, 533, 1, 29, 256, 55495 }, // U+57CE
    { 31, 31, 533, 1, 28, 241, 55751 }, // U+5806
    { 31, 32, 533, 1, 29, 248, 55992 }, // U+5883
    { 30, 32, 533, 1, 29, 240, 56240 }, // U+589E
    { 31, 29, 533, 1, 28, 225, 56480 }, // U+58EB
    { 31, 30, 533, 1, 28, 233, 56705 }, // U+58EC
    { 31, 32, 533, 0, 29, 248, 56938 }, // U+58F0
    { 32, 31, 533, 1, 28, 248, 57186 }, // U+5904
    { 33, 32, 533, 0, 29, 264, 57434 }, // U+5907
    { 32, 31, 533, 1, 28, 248, 57698 }, // U+590D
    { 32, 30, 533, 1, 27, 240, 57946 }, // U+590F
    { 32, 32, 533, 1, 29, 256, 58186 }, // U+5916
    { 30, 32, 533, 2, 29, 240, 58442 }, // U+591A
    { 33, 32, 533, 0, 29, 264, 58682 }, // U+591C
    { 31, 31, 533, 1, 28, 241, 58946 }, // U+5927
    { 32, 29, 533, 1, 26, 232, 59187 }, // U+5929
    { 32, 31, 533, 1, 28, 248, 59419 }, // U+592A
    { 32, 31, 533, 1, 28, 248, 59667 }, // U+5931
    { 31, 31, 533, 1, 28, 241, 59915 }, // U+5934
    { 31, 31, 533, 1, 28, 241, 60156 }, // U+5939
    { 31, 32, 533, 1, 29, 248, 60397 }, // U+5947
    { 30, 31, 533, 1, 28, 233, 60645 }, // U+5982
    { 31, 31, 533, 1, 28, 241, 60878 }, // U+5999
    { 32, 32, 533, 1, 29, 256, 61119 }, // U+59CB
    { 31, 29, 533, 1, 26, 225, 61375 }, // U+5B50
    { 29, 32, 533, 2, 29, 232, 61600 }, // U+5B57
    { 31, 31, 533, 1, 28, 241, 61832 }, // U+5B58
    { 32, 31, 533, 1, 28, 248, 62073 }, // U+5B5C
    { 31, 32, 533, 1, 29, 248, 62321 }, // U+5B66
    { 31, 32, 533, 1, 29, 248, 62569 }, // U+5B88
    { 30, 32, 533, 2, 29, 240, 0 }, // U+5B89
    { 31, 32, 533, 1, 29, 248, 240 }, // U+5B8C
    { 31, 32, 533, 1, 29, 248, 488 }, // U+5B97
    { 29, 32, 533, 2, 29, 232, 736 }, // U+5B98
    { 31, 32, 533, 1, 29, 248, 968 }, // U+5B9A
    { 31, 31, 533, 1, 29, 241, 1216 }, // U+5B9C
    { 30, 32, 533, 2, 29, 240, 1457 }, // U+5B9E
    { 32, 32, 533, 1, 29, 256, 1697 }, // U+5BA2
    { 31, 32, 533, 1, 29, 248, 1953 }, // U+5BB9
    { 32, 33, 533, 1, 29, 264, 2201 }, // U+5BBD
    { 31, 32, 533, 1, 29, 248, 2465 }, // U+5BC5
    { 31, 32, 533, 1, 29, 248, 2713 }, // U+5BC6
    { 29, 32, 533, 2, 29, 232, 2961 }, // U+5BCC
    { 31, 32, 533, 1, 29, 248, 3193 }, // U+5BDD
    { 31, 31, 533, 1, 28, 241, 3441 }, // U+5BF9
    { 31, 31, 533, 1, 28, 241, 3682 }, // U+5C01
    { 31, 32, 533, 1, 29, 248, 3923 }, // U+5C04
    { 31, 31, 533, 1, 28, 241, 4171 }, // U+5C06
    { 31, 32, 533, 1, 29, 248, 4412 }, // U+5C0A
    { 32, 31, 533, 1, 28, 248, 4660 }, // U+5C0F
    { 31, 31, 533, 1, 28, 241, 4908 }, // U+5C11
    { 26, 31, 533, 4, 28, 202, 5149 }, // U+5C1A
    { 32, 32, 533, 1, 29, 256, 5351 }, // U+5C31
    { 32, 30, 533, 1, 27, 240, 5607 }, // U+5C3D
    { 31, 30, 533, 1, 27, 233, 5847 }, // U+5C3E
    { 31, 30, 533, 0, 27, 233, 6080 }, // U+5C40
    { 31, 30, 533, 1, 27, 233, 6313 }, // U+5C45
    { 31, 30, 533, 1, 27, 233, 6546 }, // U+5C4F
    { 32, 30, 533, 1, 27, 240, 6779 }, // U+5C55
    { 30, 30, 533, 1, 27, 225, 7019 }, // U+5C5E
    { 31, 31, 533, 2, 28, 241, 7244 }, // U+5CF0
    { 29, 31, 533, 1, 28, 225, 7485 }, // U+5D29
    { 31, 32, 533, 1, 29, 248, 7710 }, // U+5D4C
    { 31, 26, 533, 1, 25, 202, 7958 }, // U+5DE5
    { 32, 30, 533, 0, 28, 240, 8160 }, // U+5DE6
    { 29, 28, 533, 3, 26, 203, 8400 }, // U+5DF2
    { 28, 29, 533, 4, 27, 203, 8603 }, // U+5DF3
    { 31, 32, 533, 1, 29, 248, 8806 }, // U+5E03
    { 29, 31, 533, 3, 28, 225, 9054 }, // U+5E08
    { 31, 32, 533, 1, 29, 248, 9279 }, // U+5E0C
    { 29, 32, 533, 2, 29, 232, 9527 }, // U+5E38
    { 30, 31, 533, 2, 28, 233, 9759 }, // U+5E45
    { 32, 31, 533, 1, 28, 248, 9992 }, // U+5E55
    { 31, 29, 533, 1, 26, 225, 10240 }, // U+5E73
    { 31, 32, 533, 1, 29, 248, 10465 }, // U+5E74
    { 31, 32, 533, 1, 29, 248, 10713 }, // U+5E76
    { 31, 31, 533, 1, 28, 241, 10961 }, // U+5E78
    { 29, 31, 533, 2, 28, 225, 11202 }, // U+5E7D
    { 31, 32, 533, 1, 29, 248, 11427 }, // U+5E7F
    { 31, 31, 533, 1, 28, 241, 11675 }, // U+5E93
    { 31, 32, 533, 1, 29, 248, 11916 }, // U+5E94
    { 31, 32, 533, 1, 29, 248, 12164 }, // U+5E95
    { 31, 32, 533, 1, 29, 248, 12412 }, // U+5E9A
    { 31, 32, 533, 1, 29, 248, 12660 }, // U+5E9F
    { 32, 32, 533, 1, 29, 256, 12908 }, // U+5EA6
    { 32, 31, 533, 1, 28, 248, 13164 }, // U+5EFA
    { 31, 31, 533, 1, 28, 241, 13412 }, // U+5EFF
    { 31, 29, 533, 1, 26, 225, 13653 }, // U+5F00
    { 31, 30, 533, 1, 27, 233, 13878 }, // U+5F02
    { 31, 32, 533, 1, 29, 248, 14111 }, // U+5F03
    { 32, 31, 533, 1, 28, 248, 14359 }, // U+5F0F
    { 27, 31, 533, 2, 28, 210, 14607 }, // U+5F15
    { 31, 31, 533, 1, 28, 241, 14817 }, // U+5F39
    { 27, 31, 533, 3, 28, 210, 15058 }, // U+5F53
    { 30, 30, 533, 2, 27, 225, 15268 }, // U+5F55
    { 32, 31, 533, 1, 28, 248, 15493 }, // U+5F62
    { 31, 32, 533, 1, 29, 248, 15741 }, // U+5F80
    { 33, 31, 533, 0, 28, 256, 15989 }, // U+5F85
    { 33, 31, 533, 0, 28, 256, 16245 }, // U+5F88
    { 32, 31, 533, 0, 28, 248, 16501 }, // U+5F8B
    { 32, 31, 533, 0, 28, 248, 16749 }, // U+5F97
    { 32, 32, 533, 0, 29, 256, 16997 }, // U+5FA1
    { 33, 31, 533, 0, 28, 256, 17253 }, // U+5FAE
    { 33, 32, 533, 0, 29, 264, 17509 }, // U+5FB7
    { 32, 30, 533, 1, 27, 240, 17773 }, // U+5FC3
    { 31, 29, 533, 1, 27, 225, 18013 }, // U+5FCC
    { 31, 31, 533, 1, 28, 241, 18238 }, // U+5FD7
    { 31, 31, 533, 1, 29, 241, 18479 }, // U+5FD8
    { 33, 31, 533, 0, 28, 256, 18720 }, // U+5FEB
    { 31, 32, 533, 1, 29, 248, 18976 }, // U+5FFD
    { 31, 31, 533, 1, 29, 241, 19224 }, // U+6001
    { 31, 29, 533, 1, 27, 225, 19465 }, // U+601D
    { 32, 31, 533, 0, 28, 248, 19690 }, // U+6027
    { 31, 31, 533, 1, 28, 241, 19938 }, // U+603B
    { 31, 32, 533, 1, 29, 248, 20179 }, // U+6062
    { 31, 32, 533, 1, 29, 248, 20427 }, // U+606F
    { 31, 32, 533, 1, 29, 248, 20675 }, // U+6094
    { 31, 32, 533, 1, 29, 248, 20923 }, // U+60A8
    { 32, 31, 533, 0, 28, 248, 21171 }, // U+60C5
    { 31, 31, 533, 1, 28, 241, 21419 }, // U+60EF
    { 30, 32, 533, 2, 29, 240, 21660 }, // U+610F
    { 32, 32, 533, 1, 29, 256, 21900 }, // U+614E
    { 32, 31, 533, 1, 28, 248, 22156 }, // U+6162
    { 30, 31, 533, 2, 28, 233, 22404 }, // U+6167
    { 32, 32, 533, 1, 28, 256, 22637 }, // U+620A
    { 32, 32, 533, 1, 28, 256, 22893 }, // U+620C
    { 32, 31, 533, 0, 28, 248, 23149 }, // U+620F
    { 31, 31, 533, 1, 28, 241, 23397 }, // U+6210
    { 32, 31, 533, 1, 28, 248, 23638 }, // U+6211
    { 31, 31, 533, 2, 28, 241, 23886 }, // U+6216
    { 31, 31, 533, 2, 28, 241, 24127 }, // U+6218
    { 31, 31, 533, 1, 28, 241, 24368 }, // U+622A
    { 28, 32, 533, 1, 29, 224, 24609 }, // U+6237
    { 32, 31, 533, 0, 28, 248, 24833 }, // U+6240
    { 31, 31, 533, 1, 28, 241, 25081 }, // U+624B
    { 32, 31, 533, 1, 28, 248, 25322 }, // U+6253
    { 32, 32, 533, 1, 29, 256, 25570 }, // U+6267
    { 31, 31, 533, 1, 28, 241, 25826 }, // U+6269
    { 30, 31, 533, 1, 28, 233, 26067 }, // U+626B
    { 32, 31, 533, 1, 28, 248, 26300 }, // U+6279
    { 32, 31, 533, 1, 28, 248, 26548 }, // U+627E
    { 32, 30, 533, 1, 27, 240, 26796 }, // U+627F
    { 32, 31, 533, 1, 28, 248, 27036 }, // U+6280
    { 31, 31, 533, 1, 28, 241, 27284 }, // U+6295
    { 32, 32, 533, 1, 29, 256, 27525 }, // U+6297
    { 30, 31, 533, 1, 28, 233, 27781 }, // U+62A4
    { 32, 31, 533, 1, 28, 248, 28014 }, // U+62A5
    { 31, 31, 533, 1, 28, 241, 28262 }, // U+62C5
    { 32, 32, 533, 1, 29, 256, 28503 }, // U+62C9
    { 32, 31, 533, 1, 28, 248, 28759 }, // U+62E9
    { 32, 31, 533, 1, 28, 248, 29007 }, // U+62FE
    { 32, 31, 533, 0, 28, 248, 29255 }, // U+6301
    { 31, 31, 533, 1, 28, 241, 29503 }, // U+6307
    { 32, 32, 533, 0, 29, 256, 29744 }, // U+6309
    { 31, 32, 533, 1, 29, 248, 30000 }, // U+6316
    { 33, 31, 533, 0, 28, 256, 30248 }, // U+635F
    { 32, 32, 533, 1, 29, 256, 30504 }, // U+6362
    { 32, 31, 533, 0, 28, 248, 30760 }, // U+636E
    { 33, 31, 533, 0, 28, 256, 31008 }, // U+6377
    { 33, 31, 533, 0, 28, 256, 31264 }, // U+6388
    { 31, 31, 533, 1, 28, 241, 31520 }, // U+638C
    { 32, 31, 533, 1, 28, 248, 31761 }, // U+6392
    { 31, 31, 533, 0, 28, 241, 32009 }, // U+6398
    { 32, 31, 533, 1, 28, 248, 32250 }, // U+63A2
    { 33, 31, 533, 0, 28, 256, 32498 }, // U+63A5
    { 32, 32, 533, 1, 29, 256, 32754 }, // U+63A7
    { 31, 31, 533, 1, 28, 241, 33010 }, // U+63A8
    { 32, 31, 533, 0, 28, 248, 33251 }, // U+63CF
    { 33, 31, 533, 0, 28, 256, 33499 }, // U+63D0
    { 31, 31, 533, 1, 28, 241, 33755 }, // U+63D2
    { 32, 32, 533, 1, 29, 256, 33996 }, // U+641C
    { 31, 31, 533, 1, 28, 241, 34252 }, // U+6478
    { 32, 32, 533, 1, 29, 256, 34493 }, // U+64A4
    { 33, 31, 533, 0, 28, 256, 34749 }, // U+64AD
    { 32, 31, 533, 1, 28, 248, 35005 }, // U+64CD
    { 32, 31, 533, 1, 28, 248, 35253 }, // U+652F
    { 31, 31, 533, 2, 28, 241, 35501 }, // U+6536
    { 32, 31, 533, 1, 28, 248, 35742 }, // U+6539
    { 33, 32, 533, 0, 29, 264, 35990 }, // U+653E
    { 32, 31, 533, 1, 28, 248, 36254 }, // U+6545
    { 32, 32, 533, 1, 29, 256, 36502 }, // U+6548
    { 32, 32, 533, 1, 29, 256, 36758 }, // U+6570
    { 32, 30, 533, 1, 28, 240, 37014 }, // U+6574
    { 32, 32, 533, 1, 29, 256, 37254 }, // U+6587
    { 33, 31, 533, 0, 28, 256, 37510 }, // U+659C
    { 31, 32, 533, 2, 29, 248, 37766 }, // U+65AD
    { 31, 32, 533, 1, 29, 248, 38014 }, // U+65B0
    { 31, 32, 533, 1, 29, 248, 38262 }, // U+65B9
    { 33, 32, 533, 0, 29, 264, 38510 }, // U+65C5
    { 33, 32, 533, 0, 29, 264, 38774 }, // U+65CB
    { 31, 32, 533, 1, 29, 248, 39038 }, // U+65D7
    { 31, 29, 533, 1, 26, 225, 39286 }, // U+65E0
    { 23, 29, 533, 5, 26, 167, 39511 }, // U+65E5
    { 31, 31, 533, 2, 28, 241, 39678 }, // U+65F6
    { 29, 30, 533, 2, 27, 218, 39919 }, // U+660E
    { 31, 29, 533, 1, 27, 225, 40137 }, // U+661F
    { 31, 31, 533, 2, 28, 241, 40362 }, // U+6620
    { 32, 30, 533, 1, 27, 240, 40603 }, // U+662F
    { 31, 29, 533, 1, 27, 225, 40843 }, // U+663E
    { 31, 32, 533, 1, 29, 248, 41068 }, // U+666E
    { 31, 30, 533, 1, 27, 233, 41316 }, // U+666F
    { 29, 32, 533, 1, 29, 232, 41549 }, // U+667A
    { 31, 32, 533, 1, 29, 248, 41781 }, // U+6682
    { 32, 30, 533, 1, 27, 240, 42029 }, // U+66B4
    { 28, 31, 533, 3, 28, 217, 42269 }, // U+66F2
    { 32, 30, 533, 1, 27, 240, 42486 }, // U+66F4
    { 32, 30, 533, 1, 27, 240, 42726 }, // U+6700
    { 28, 30, 533, 0, 27, 210, 42966 }, // U+6708
    { 31, 31, 533, 1, 28, 241, 43176 }, // U+6709
    { 32, 30, 533, 1, 27, 240, 43417 }, // U+670D
    { 30, 31, 533, 1, 28, 233, 43657 }, // U+671F
    { 33, 31, 533, 0, 28, 256, 43890 }, // U+6728
    { 32, 31, 533, 1, 28, 248, 44146 }, // U+672A
    { 32, 31, 533, 1, 28, 248, 44394 }, // U+672B
    { 32, 31, 533, 1, 28, 248, 44642 }, // U+672C
    { 32, 31, 533, 1, 28, 248, 44890 }, // U+672F
    { 33, 31, 533, 0, 28, 256, 45138 }, // U+673A
    { 33, 31, 533, 0, 28, 256, 45394 }, // U+6743
    { 32, 31, 533, 1, 28, 248, 45650 }, // U+675F
    { 32, 32, 533, 1, 29, 256, 45898 }, // U+6761
    { 32, 31, 533, 1, 28, 248, 46154 }, // U+6765
    { 31, 31, 533, 1, 28, 241, 46402 }, // U+677E
    { 32, 31, 533, 1, 28, 248, 46643 }, // U+6781
    { 31, 31, 533, 1, 28, 241, 46891 }, // U+6790
    { 32, 30, 533, 1, 27, 240, 47132 }, // U+679C
    { 31, 31, 533, 1, 28, 241, 47372 }, // U+67B6
    { 32, 30, 533, 1, 28, 240, 47613 }, // U+67E5
    { 32, 31, 533, 1, 28, 248, 47853 }, // U+67F1
    { 32, 31, 533, 0, 28, 248, 48101 }, // U+6807
    { 32, 32, 533, 0, 29, 256, 48349 }, // U+680B
    { 31, 31, 533, 1, 28, 241, 48605 }, // U+680F
    { 33, 32, 533, 0, 29, 264, 48846 }, // U+6821
    { 31, 32, 533, 1, 29, 248, 49110 }, // U+6837
    { 32, 31, 533, 1, 28, 248, 49358 }, // U+6839
    { 33, 32, 533, 0, 29, 264, 49606 }, // U+683C
    { 32, 32, 533, 1, 29, 256, 49870 }, // U+6848
    { 31, 31, 533, 0, 28, 241, 50126 }, // U+6863
    { 32, 32, 533, 1, 29, 256, 50367 }, // U+68C0
    { 33, 31, 533, 0, 28, 256, 50623 }, // U+68CB
    { 32, 31, 533, 1, 28, 248, 50879 }, // U+6A21
    { 33, 31, 533, 0, 28, 256, 51127 }, // U+6A2A
    { 32, 31, 533, 1, 28, 248, 51383 }, // U+6B21
    { 33, 32, 533, 0, 29, 264, 51631 }, // U+6B32
    { 31, 29, 533, 1, 28, 225, 51895 }, // U+6B62
    { 31, 28, 533, 1, 26, 217, 52120 }, // U+6B63
    { 32, 31, 533, 1, 28, 248, 52337 }, // U+6B64
    { 31, 31, 533, 1, 28, 241, 52585 }, // U+6B65
    { 31, 29, 533, 1, 26, 225, 52826 }, // U+6B7B
    { 32, 32, 533, 1, 29, 256, 53051 }, // U+6BB5
    { 31, 32, 533, 1, 29, 248, 53307 }, // U+6BCF
    { 30, 31, 533, 2, 28, 233, 53555 }, // U+6BD4
    { 33, 32, 533, 0, 29, 264, 53788 }, // U+6C14
    { 32, 31, 533, 1, 28, 248, 54052 }, // U+6C34
    { 32, 31, 533, 1, 28, 248, 54300 }, // U+6C38
    { 32, 31, 533, 1, 28, 248, 54548 }, // U+6C42
    { 32, 31, 533, 1, 28, 248, 54796 }, // U+6C57
    { 32, 31, 533, 1, 28, 248, 55044 }, // U+6CA1
    { 31, 31, 533, 1, 28, 241, 55292 }, // U+6CD5
    { 32, 31, 533, 1, 28, 248, 55533 }, // U+6CDB
    { 32, 32, 533, 1, 29, 256, 55781 }, // U+6CE2
    { 32, 32, 533, 1, 29, 256, 56037 }, // U+6CE8
    { 32, 31, 533, 1, 28, 248, 56293 }, // U+6D41
    { 31, 31, 533, 1, 28, 241, 56541 }, // U+6D45
    { 30, 32, 533, 1, 29, 240, 56782 }, // U+6D4F
    { 31, 32, 533, 1, 29, 248, 57022 }, // U+6D6A
    { 32, 32, 533, 1, 29, 256, 57270 }, // U+6D77
    { 31, 32, 533, 1, 29, 248, 57526 }, // U+6D88
    { 31, 31, 533, 1, 28, 241, 57774 }, // U+6D89
    { 31, 31, 533, 1, 28, 241, 58015 }, // U+6DAF
    { 31, 31, 533, 1, 28, 241, 58256 }, // U+6DF1
    { 32, 31, 533, 1, 28, 248, 58497 }, // U+6DFB
    { 31, 31, 533, 1, 28, 241, 58745 }, // U+6E05
    { 31, 31, 533, 1, 28, 241, 58986 }, // U+6E10
    { 32, 32, 533, 1, 29, 256, 59227 }, // U+6E1D
    { 32, 31, 533, 1, 28, 248, 59483 }, // U+6E29
    { 32, 32, 533, 1, 29, 256, 59731 }, // U+6E38
    { 31, 31, 533, 1, 28, 241, 59987 }, // U+6E83
    { 32, 31, 533, 1, 28, 248, 60228 }, // U+6E90
    { 30, 31, 533, 1, 28, 233, 60476 }, // U+6EAF
    { 31, 31, 533, 1, 28, 241, 60709 }, // U+6ED1
    { 32, 31, 533, 1, 28, 248, 60950 }, // U+6EE4
    { 31, 30, 533, 1, 28, 233, 61198 }, // U+6EE5
    { 32, 31, 533, 1, 28, 248, 61431 }, // U+6F2B
    { 32, 31, 533, 1, 28, 248, 61679 }, // U+706B
    { 31, 32, 533, 1, 29, 248, 61927 }, // U+7070
    { 32, 30, 533, 1, 27, 240, 62175 }, // U+7075
    { 30, 31, 533, 1, 28, 233, 62415 }, // U+7089
    { 31, 31, 533, 1, 28, 241, 62648 }, // U+70B9
    { 31, 32, 533, 1, 29, 248, 62889 }, // U+70BC
    { 32, 32, 533, 1, 29, 256, 63137 }, // U+70ED
    { 32, 32, 533, 1, 29, 256, 63393 }, // U+719F
    { 30, 31, 533, 1, 28, 233, 0 }, // U+7247
    { 33, 32, 533, 0, 29, 264, 233 }, // U+7248
    { 31, 30, 533, 1, 27, 233, 497 }, // U+7259
    { 31, 31, 533, 1, 28, 241, 730 }, // U+725B
    { 32, 32, 533, 1, 29, 256, 971 }, // U+72B6
    { 32, 31, 533, 1, 28, 248, 1227 }, // U+72EC
    { 31, 31, 533, 1, 28, 241, 1475 }, // U+730E
    { 31, 31, 533, 1, 28, 241, 1716 }, // U+732B
    { 31, 32, 533, 1, 29, 248, 1957 }, // U+7387
    { 31, 28, 533, 1, 26, 217, 2205 }, // U+738B
    { 31, 29, 533, 1, 26, 225, 2422 }, // U+73AF
    { 31, 30, 533, 1, 27, 233, 2647 }, // U+73B0
    { 32, 31, 533, 1, 28, 248, 2880 }, // U+73E0
    { 32, 29, 533, 1, 27, 232, 3128 }, // U+7406
    { 31, 30, 533, 1, 28, 233, 3360 }, // U+751F
    { 29, 29, 533, 1, 26, 211, 3593 }, // U+7528
    { 27, 31, 533, 3, 28, 210, 3804 }, // U+7531
    { 29, 31, 533, 4, 28, 225, 4014 }, // U+7535
    { 29, 29, 533, 2, 26, 211, 4239 }, // U+753B
    { 32, 30, 533, 1, 27, 240, 4450 }, // U+754C
    { 29, 31, 533, 2, 28, 225, 4690 }, // U+7559
    { 31, 32, 533, 2, 29, 248, 4915 }, // U+7565
    { 33, 32, 533, 0, 29, 264, 5163 }, // U+7678
    { 33, 30, 533, 0, 28, 248, 5427 }, // U+767B
    { 25, 32, 533, 4, 29, 200, 5675 }, // U+767D
    { 30, 30, 533, 2, 27, 225, 5875 }, // U+767E
    { 29, 32, 533, 2, 29, 232, 6100 }, // U+7684
    { 31, 30, 533, 1, 28, 233, 6332 }, // U+76CA
    { 31, 31, 533, 1, 29, 241, 6565 }, // U+76D8
    { 23, 29, 533, 5, 26, 167, 6806 }, // U+76EE
    { 31, 31, 533, 1, 29, 241, 6973 }, // U+76F4
    { 31, 31, 533, 0, 28, 241, 7214 }, // U+76F8
    { 31, 31, 533, 1, 28, 241, 7455 }, // U+7701
    { 29, 30, 533, 1, 27, 218, 7696 }, // U+7709
    { 31, 31, 533, 1, 28, 241, 7914 }, // U+770B
    { 31, 30, 533, 2, 27, 233, 8155 }, // U+7720
    { 32, 32, 533, 1, 29, 256, 8388 }, // U+77E2
    { 30, 32, 533, 1, 29, 240, 8644 }, // U+77E5
    { 31, 31, 533, 1, 28, 241, 8884 }, // U+77ED
    { 32, 30, 533, 0, 27, 240, 9125 }, // U+7801
    { 31, 30, 533, 1, 27, 233, 9365 }, // U+7814
    { 32, 31, 533, 0, 28, 248, 9598 }, // U+7834
    { 32, 30, 533, 1, 27, 240, 9846 }, // U+786C
    { 30, 32, 533, 1, 29, 240, 10086 }, // U+786E
    { 33, 32, 533, 0, 29, 264, 10326 }, // U+78C1
    { 31, 29, 533, 1, 26, 225, 10590 }, // U+793A
    { 32, 32, 533, 0, 29, 256, 10815 }, // U+793E
    { 32, 31, 533, 1, 28, 248, 11071 }, // U+795D
    { 30, 31, 533, 1, 28, 233, 11319 }, // U+795E
    { 31, 32, 533, 1, 29, 248, 11552 }, // U+7981
    { 30, 32, 533, 2, 29, 240, 11800 }, // U+79BB
    { 32, 31, 533, 0, 28, 248, 12040 }, // U+79D2
    { 31, 31, 533, 1, 28, 241, 12288 }, // U+79F0
    { 31, 31, 533, 1, 28, 241, 12529 }, // U+79FB
    { 33, 31, 533, 0, 28, 256, 12770 }, // U+7A00
    { 33, 31, 533, 0, 28, 256, 13026 }, // U+7A0B
    { 31, 31, 533, 1, 28, 241, 13282 }, // U+7A0D
    { 32, 32, 533, 1, 29, 256, 13523 }, // U+7A33
    { 32, 32, 533, 1, 29, 256, 13779 }, // U+7A76
    { 29, 31, 533, 2, 29, 225, 14035 }, // U+7A7A
    { 31, 32, 533, 1, 29, 248, 14260 }, // U+7A81
    { 29, 32, 533, 2, 29, 232, 14508 }, // U+7A97
    { 31, 31, 533, 1, 29, 241, 14740 }, // U+7ACB
    { 31, 30, 533, 1, 28, 233, 14981 }, // U+7AD6
    { 31, 32, 533, 1, 29, 248, 15214 }, // U+7AE0
    { 31, 31, 533, 1, 28, 241, 15462 }, // U+7AEF
    { 31, 32, 533, 1, 29, 248, 15703 }, // U+7B14
    { 31, 32, 533, 1, 29, 248, 15951 }, // U+7B26
    { 31, 32, 533, 1, 29, 248, 16199 }, // U+7B2C
    { 31, 32, 533, 1, 29, 248, 16447 }, // U+7B49
    { 32, 31, 533, 1, 29, 248, 16695 }, // U+7B7E
    { 30, 32, 533, 1, 29, 240, 16943 }, // U+7B80
    { 31, 32, 533, 1, 29, 248, 17183 }, // U+7B97
    { 31, 32, 533, 1, 29, 248, 17431 }, // U+7BA1
    { 31, 32, 533, 1, 29, 248, 17679 }, // U+7BB1
    { 31, 32, 533, 1, 29, 248, 17927 }, // U+7C4D
    { 31, 31, 533, 1, 28, 241, 18175 }, // U+7C97
    { 30, 31, 533, 2, 28, 233, 18416 }, // U+7CFB
    { 31, 32, 533, 1, 29, 248, 18649 }, // U+7D20
    { 30, 32, 533, 2, 29, 240, 18897 }, // U+7D22
    { 30, 31, 533, 2, 28, 233, 19137 }, // U+7D27
    { 30, 30, 533, 1, 27, 225, 19370 }, // U+7D2F
    { 32, 32, 533, 1, 29, 256, 19595 }, // U+7E41
    { 31, 29, 533, 1, 28, 225, 19851 }, // U+7EA2
    { 30, 31, 533, 1, 28, 233, 20076 }, // U+7EA6
    { 32, 32, 533, 1, 29, 256, 20309 }, // U+7EA7
    { 32, 32, 533, 1, 29, 256, 20565 }, // U+7EAF
    { 30, 31, 533, 1, 28, 233, 20821 }, // U+7EB3
    { 32, 32, 533, 1, 29, 256, 21054 }, // U+7EBF
    { 30, 32, 533, 1, 29, 240, 21310 }, // U+7EC6
    { 32, 32, 533, 1, 29, 256, 21550 }, // U+7EC8
    { 32, 30, 533, 1, 28, 240, 21806 }, // U+7ECF
    { 32, 32, 533, 0, 29, 256, 22046 }, // U+7ED3
    { 31, 32, 533, 1, 29, 248, 22302 }, // U+7ED8
    { 32, 32, 533, 1, 29, 256, 22550 }, // U+7EDC
    { 31, 32, 533, 1, 29, 248, 22806 }, // U+7EDD
    { 31, 32, 533, 1, 29, 248, 23054 }, // U+7EDF
    { 31, 30, 533, 1, 29, 233, 23302 }, // U+7EE7
    { 31, 31, 533, 1, 28, 241, 23535 }, // U+7EEA
    { 31, 31, 533, 1, 28, 241, 23776 }, // U+7EED
    { 31, 31, 533, 1, 28, 241, 24017 }, // U+7EF4
    { 32, 31, 533, 1, 28, 248, 24258 }, // U+7F13
    { 30, 32, 533, 1, 29, 240, 24506 }, // U+7F16
    { 31, 32, 533, 1, 29, 248, 24746 }, // U+7F29
    { 33, 32, 533, 0, 29, 264, 24994 }, // U+7F3A
    { 29, 29, 533, 2, 26, 211, 25258 }, // U+7F51
    { 30, 30, 533, 2, 27, 225, 25469 }, // U+7F55
    { 31, 30, 533, 1, 27, 233, 25694 }, // U+7F62
    { 31, 29, 533, 1, 27, 225, 25927 }, // U+7F6E
    { 31, 32, 533, 1, 29, 248, 26152 }, // U+7F8E
    { 33, 32, 533, 0, 29, 264, 26400 }, // U+7FA4
    { 31, 31, 533, 1, 28, 241, 26664 }, // U+7FFB
    { 31, 31, 533, 1, 28, 241, 26905 }, // U+8003
    { 31, 31, 533, 1, 28, 241, 27146 }, // U+8005
    { 31, 30, 533, 1, 27, 233, 27387 }, // U+800C
    { 32, 31, 533, 1, 28, 248, 27620 }, // U+8010
    { 25, 31, 533, 4, 28, 194, 27868 }, // U+8096
    { 31, 32, 533, 1, 29, 248, 28062 }, // U+80CC
    { 32, 31, 533, 0, 28, 248, 28310 }, // U+80D6
    { 33, 31, 533, 0, 28, 256, 28558 }, // U+80DC
    { 32, 32, 533, 1, 29, 256, 28814 }, // U+80FD
    { 32, 31, 533, 0, 28, 248, 29070 }, // U+8111
    { 32, 31, 533, 0, 28, 248, 29318 }, // U+811A
    { 32, 31, 533, 1, 28, 248, 29566 }, // U+814A
    { 24, 32, 533, 5, 29, 192, 29814 }, // U+81EA
    { 31, 29, 533, 1, 27, 225, 30006 }, // U+81F3
    { 32, 32, 533, 1, 29, 256, 30231 }, // U+8272
    { 31, 31, 533, 1, 28, 241, 30487 }, // U+8282
    { 31, 29, 533, 1, 28, 225, 30728 }, // U+8292
    { 31, 31, 533, 1, 29, 241, 30953 }, // U+82AF
    { 31, 31, 533, 1, 28, 241, 31194 }, // U+82B1
    { 31, 31, 533, 1, 28, 241, 31435 }, // U+82E5
    { 31, 31, 533, 1, 28, 241, 31676 }, // U+8303
    { 31, 31, 533, 1, 28, 241, 31917 }, // U+83B7
    { 31, 31, 533, 1, 28, 241, 32158 }, // U+83C7
    { 32, 31, 533, 1, 28, 248, 32399 }, // U+83DC
    { 30, 31, 533, 2, 28, 233, 32647 }, // U+8425
    { 32, 31, 533, 1, 28, 248, 32880 }, // U+843D
    { 31, 31, 533, 1, 28, 241, 33128 }, // U+8457
    { 30, 32, 533, 2, 29, 240, 33369 }, // U+84C4
    { 31, 30, 533, 1, 28, 233, 33609 }, // U+84DD
    { 32, 31, 533, 1, 28, 248, 33842 }, // U+85CF
    { 31, 31, 533, 1, 28, 241, 34090 }, // U+8611
    { 31, 31, 533, 1, 28, 241, 34331 }, // U+865A
    { 31, 31, 533, 1, 27, 241, 34572 }, // U+86CB
    { 32, 31, 533, 1, 28, 248, 34813 }, // U+86F0
    { 31, 31, 533, 1, 28, 241, 35061 }, // U+8717
    { 32, 31, 533, 1, 28, 248, 35302 }, // U+8788
    { 32, 32, 533, 0, 29, 256, 35550 }, // U+884C
    { 32, 31, 533, 1, 28, 248, 35806 }, // U+8868
    { 33, 31, 533, 0, 28, 256, 36054 }, // U+88AB
    { 32, 31, 533, 1, 28, 248, 36310 }, // U+88C1
    { 32, 31, 533, 1, 28, 248, 36558 }, // U+88C5
    { 33, 31, 533, 0, 28, 256, 36806 }, // U+892A
    { 31, 29, 533, 1, 26, 225, 37062 }, // U+897F
    { 31, 30, 533, 1, 27, 233, 37287 }, // U+8981
    { 31, 30, 533, 1, 27, 233, 37520 }, // U+89C1
    { 31, 31, 533, 1, 28, 241, 37753 }, // U+89C4
    { 30, 32, 533, 2, 29, 240, 37994 }, // U+89C8
    { 29, 32, 533, 1, 29, 232, 38234 }, // U+89D2
    { 31, 32, 533, 1, 29, 248, 38466 }, // U+89E3
    { 32, 32, 533, 1, 29, 256, 38714 }, // U+89E6
    { 31, 32, 533, 1, 29, 248, 38970 }, // U+8A00
    { 31, 31, 533, 1, 28, 241, 39218 }, // U+8BA1
    { 31, 31, 533, 1, 28, 241, 39459 }, // U+8BA2
    { 32, 31, 533, 1, 28, 248, 39700 }, // U+8BA4
    { 32, 31, 533, 1, 28, 248, 39948 }, // U+8BB0
    { 32, 31, 533, 1, 28, 248, 40196 }, // U+8BBE
    { 32, 30, 533, 1, 28, 240, 40444 }, // U+8BC1
    { 32, 30, 533, 1, 27, 240, 40684 }, // U+8BC4
    { 31, 31, 533, 1, 28, 241, 40924 }, // U+8BC6
    { 30, 30, 533, 1, 27, 225, 41165 }, // U+8BCD
    { 32, 31, 533, 1, 28, 248, 41390 }, // U+8BD5
    { 32, 31, 533, 1, 28, 248, 41638 }, // U+8BD7
    { 31, 31, 533, 1, 28, 241, 41886 }, // U+8BDD
    { 31, 31, 533, 1, 28, 241, 42127 }, // U+8BE2
    { 31, 32, 533, 1, 29, 248, 42368 }, // U+8BE5
    { 31, 32, 533, 1, 29, 248, 42616 }, // U+8BE6
    { 31, 31, 533, 1, 28, 241, 42864 }, // U+8BED
    { 32, 31, 533, 1, 28, 248, 43105 }, // U+8BEF
    { 31, 31, 533, 1, 28, 241, 43353 }, // U+8BF4
    { 31, 31, 533, 1, 28, 241, 43594 }, // U+8BF7
    { 31, 31, 533, 1, 28, 241, 43835 }, // U+8BFB
    { 30, 31, 533, 1, 28, 233, 44076 }, // U+8C03
    { 32, 31, 533, 1, 28, 248, 44309 }, // U+8C1C
    { 31, 30, 533, 1, 28, 233, 44557 }, // U+8C28
    { 32, 30, 533, 1, 27, 240, 44790 }, // U+8C5A
    { 31, 32, 533, 1, 29, 248, 45030 }, // U+8C61
    { 30, 31, 533, 1, 28, 233, 45278 }, // U+8D1F
    { 31, 31, 533, 1, 28, 241, 45511 }, // U+8D23
    { 32, 31, 533, 1, 28, 248, 45752 }, // U+8D25
    { 32, 31, 533, 1, 28, 248, 46000 }, // U+8D26
    { 31, 30, 533, 1, 27, 233, 46248 }, // U+8D2F
    { 31, 31, 533, 1, 28, 241, 46481 }, // U+8D44
    { 31, 32, 533, 1, 29, 248, 46722 }, // U+8D5E
    { 32, 31, 533, 1, 28, 248, 46970 }, // U+8D70
    { 33, 31, 533, 0, 28, 256, 47218 }, // U+8D77
    { 33, 31, 533, 0, 28, 256, 47474 }, // U+8D85
    { 33, 31, 533, 0, 28, 256, 47730 }, // U+8D8A
    { 32, 30, 533, 1, 27, 240, 47986 }, // U+8DB3
    { 31, 29, 533, 1, 27, 225, 48226 }, // U+8DDD
    { 32, 30, 533, 1, 27, 240, 48451 }, // U+8DDF
    { 32, 32, 533, 1, 29, 256, 48691 }, // U+8DF3
    { 31, 32, 533, 1, 29, 248, 48947 }, // U+8EAB
    { 30, 32, 533, 2, 29, 240, 49195 }, // U+8F66
    { 31, 31, 533, 1, 28, 241, 49435 }, // U+8F6C
    { 31, 31, 533, 1, 28, 241, 49676 }, // U+8F7B
    { 32, 32, 533, 1, 29, 256, 49917 }, // U+8F7D
    { 31, 31, 533, 1, 28, 241, 50173 }, // U+8F85
    { 31, 31, 533, 1, 28, 241, 50414 }, // U+8F91
    { 32, 32, 533, 1, 29, 256, 50655 }, // U+8F93
    { 33, 31, 533, 0, 28, 256, 50911 }, // U+8FB9
    { 32, 31, 533, 1, 28, 248, 51167 }, // U+8FBE
    { 32, 31, 533, 1, 28, 248, 51415 }, // U+8FC1
    { 32, 30, 533, 1, 28, 240, 51663 }, // U+8FC7
    { 32, 30, 533, 1, 27, 240, 51903 }, // U+8FD0
    { 32, 31, 533, 1, 28, 248, 52143 }, // U+8FD1
    { 32, 31, 533, 1, 28, 248, 52391 }, // U+8FD4
    { 33, 31, 533, 0, 28, 256, 52639 }, // U+8FD8
    { 32, 32, 533, 1, 29, 256, 52895 }, // U+8FD9
    { 32, 31, 533, 1, 28, 248, 53151 }, // U+8FDB
    { 32, 30, 533, 1, 27, 240, 53399 }, // U+8FDC
    { 33, 31, 533, 0, 28, 256, 53639 }, // U+8FDE
    { 32, 31, 533, 1, 28, 248, 53895 }, // U+8FF0
    { 32, 30, 533, 1, 27, 240, 54143 }, // U+9000
    { 33, 31, 533, 0, 28, 256, 54383 }, // U+9001
    { 32, 31, 533, 1, 28, 248, 54639 }, // U+9002
    { 32, 32, 533, 1, 29, 256, 54887 }, // U+9006
    { 32, 31, 533, 1, 28, 248, 55143 }, // U+9009
    { 32, 31, 533, 1, 28, 248, 55391 }, // U+900F
    { 32, 32, 533, 1, 29, 256, 55639 }, // U+9014
    { 32, 30, 533, 1, 27, 240, 55895 }, // U+901A
    { 32, 31, 533, 1, 28, 248, 56135 }, // U+901F
    { 32, 31, 533, 1, 28, 248, 56383 }, // U+9020
    { 32, 32, 533, 1, 29, 256, 56631 }, // U+9053
    { 32, 31, 533, 1, 28, 248, 56887 }, // U+9065
    { 32, 32, 533, 1, 29, 256, 57135 }, // U+9075
    { 31, 32, 533, 1, 29, 248, 57391 }, // U+90BB
    { 31, 32, 533, 1, 29, 248, 57639 }, // U+90E8
    { 33, 31, 533, 0, 28, 256, 57887 }, // U+90FD
    { 31, 29, 533, 1, 26, 225, 58143 }, // U+9149
    { 32, 30, 533, 1, 27, 240, 58368 }, // U+914D
    { 32, 30, 533, 1, 27, 240, 58608 }, // U+9192
    { 32, 31, 533, 1, 28, 248, 58848 }, // U+91CA
    { 31, 30, 533, 1, 28, 233, 59096 }, // U+91CD
    { 31, 29, 533, 1, 27, 225, 59329 }, // U+91CF
    { 31, 31, 533, 1, 28, 241, 59554 }, // U+9488
    { 31, 31, 533, 1, 28, 241, 59795 }, // U+949F
    { 33, 32, 533, 0, 29, 264, 60036 }, // U+94FE
    { 31, 32, 533, 1, 29, 248, 60300 }, // U+9500
    { 32, 32, 533, 1, 29, 256, 60548 }, // U+9501
    { 32, 31, 533, 0, 28, 248, 60804 }, // U+9505
    { 31, 31, 533, 1, 28, 241, 61052 }, // U+9519
    { 33, 32, 533, 0, 29, 264, 61293 }, // U+952E
    { 31, 31, 533, 1, 28, 241, 61557 }, // U+952F
    { 32, 32, 533, 1, 29, 256, 61798 }, // U+955C
    { 32, 31, 533, 1, 28, 248, 62054 }, // U+957F
    { 28, 32, 533, 3, 29, 224, 62302 }, // U+95E8
    { 29, 31, 533, 2, 28, 225, 62526 }, // U+95EA
    { 29, 31, 533, 2, 28, 225, 62751 }, // U+95ED
    { 28, 31, 533, 3, 28, 217, 62976 }, // U+95EE
    { 29, 31, 533, 2, 28, 225, 63193 }, // U+95F0
    { 28, 31, 533, 3, 28, 217, 0 }, // U+95F4
    { 28, 31, 533, 3, 28, 217, 217 }, // U+9605
    { 31, 32, 533, 2, 29, 248, 434 }, // U+9636
    { 31, 31, 533, 2, 28, 241, 682 }, // U+9644
    { 31, 32, 533, 2, 29, 248, 923 }, // U+9664
    { 31, 32, 533, 2, 29, 248, 1171 }, // U+9669
    { 31, 32, 533, 2, 29, 248, 1419 }, // U+968F
    { 30, 31, 533, 2, 28, 233, 1667 }, // U+9690
    { 30, 32, 533, 2, 29, 240, 1900 }, // U+969C
    { 31, 31, 533, 1, 28, 241, 2140 }, // U+96B6
    { 32, 31, 533, 0, 28, 248, 2381 }, // U+96BE
    { 33, 32, 533, 0, 29, 264, 2629 }, // U+96C6
    { 29, 30, 533, 2, 27, 218, 2893 }, // U+96F7
    { 30, 30, 533, 2, 27, 225, 3111 }, // U+9700
    { 32, 30, 533, 1, 27, 240, 3336 }, // U+9707
    { 31, 31, 533, 1, 28, 241, 3576 }, // U+9752
    { 31, 31, 533, 1, 28, 241, 3817 }, // U+975E
    { 31, 29, 533, 1, 26, 225, 4058 }, // U+9762
    { 31, 32, 533, 1, 29, 248, 4283 }, // U+97F3
    { 31, 30, 533, 1, 27, 233, 4531 }, // U+9875
    { 32, 30, 533, 1, 27, 240, 4764 }, // U+9876
    { 33, 30, 533, 0, 27, 248, 5004 }, // U+9879
    { 32, 30, 533, 0, 27, 240, 5252 }, // U+987A
    { 31, 30, 533, 1, 27, 233, 5492 }, // U+9884
    { 32, 32, 533, 1, 29, 256, 5725 }, // U+9886
    { 32, 32, 533, 1, 29, 256, 5981 }, // U+9891
    { 32, 30, 533, 1, 27, 240, 6237 }, // U+9897
    { 32, 30, 533, 1, 27, 240, 6477 }, // U+9898
    { 32, 31, 533, 1, 28, 248, 6717 }, // U+989D
    { 32, 30, 533, 1, 27, 240, 6965 }, // U+98CE
    { 32, 32, 533, 1, 29, 256, 7205 }, // U+98DF
    { 33, 31, 533, 0, 28, 256, 7461 }, // U+996D
    { 33, 31, 533, 0, 28, 256, 7717 }, // U+9988
    { 31, 32, 533, 1, 29, 248, 7973 }, // U+9996
    { 32, 31, 533, 1, 28, 248, 8221 }, // U+9999
    { 30, 31, 533, 1, 28, 233, 8469 }, // U+9A7E
    { 32, 32, 533, 1, 29, 256, 8702 }, // U+9A8C
    { 32, 31, 533, 1, 28, 248, 8958 }, // U+9A91
    { 31, 32, 533, 1, 29, 248, 9206 }, // U+9AD8
    { 31, 31, 533, 1, 29, 241, 9454 }, // U+9C7C
    { 30, 31, 533, 2, 28, 233, 9695 }, // U+9E2D
    { 31, 32, 533, 1, 29, 248, 9928 }, // U+9E45
    { 31, 32, 533, 1, 29, 248, 10176 }, // U+9E70
    { 31, 30, 533, 1, 27, 233, 10424 }, // U+9ED1
    { 32, 31, 533, 1, 28, 248, 10657 }, // U+9ED8
    { 32, 32, 533, 1, 29, 256, 10905 }, // U+9F50
    { 31, 31, 533, 1, 28, 241, 11161 }, // U+9F7F
    { 32, 31, 533, 1, 28, 248, 11402 }, // U+9F99
    { 32, 32, 533, 1, 29, 256, 11650 }, // U+9F9F
    { 5, 26, 533, 6, 25, 33, 11906 }, // U+FF01
    { 13, 12, 533, 10, 30, 39, 11939 }, // U+FF02
    { 23, 26, 533, 5, 26, 150, 11978 }, // U+FF03
    { 19, 34, 533, 7, 29, 162, 12128 }, // U+FF04
    { 29, 27, 533, 2, 26, 196, 12290 }, // U+FF05
    { 22, 26, 533, 6, 25, 143, 12486 }, // U+FF06
    { 5, 12, 533, 14, 30, 15, 12629 }, // U+FF07
    { 9, 33, 533, 23, 29, 75, 12644 }, // U+FF08
    { 10, 33, 533, 1, 29, 83, 12719 }, // U+FF09
    { 24, 27, 533, 5, 26, 162, 12802 }, // U+FF0A
    { 25, 25, 533, 4, 25, 157, 12964 }, // U+FF0B
    { 7, 12, 533, 4, 8, 21, 13121 }, // U+FF0C
    { 25, 3, 533, 4, 14, 19, 13142 }, // U+FF0D
    { 6, 6, 533, 5, 6, 9, 13161 }, // U+FF0E
    { 32, 32, 533, 1, 29, 256, 13170 }, // U+FF0F
    { 19, 26, 533, 7, 25, 124, 13426 }, // U+FF10
    { 18, 25, 533, 8, 25, 113, 13550 }, // U+FF11
    { 19, 25, 533, 7, 25, 119, 13663 }, // U+FF12
    { 19, 26, 533, 7, 25, 124, 13782 }, // U+FF13
    { 20, 25, 533, 7, 25, 125, 13906 }, // U+FF14
    { 19, 26, 533, 7, 25, 124, 14031 }, // U+FF15
    { 18, 26, 533, 8, 25, 117, 14155 }, // U+FF16
    { 18, 25, 533, 8, 25, 113, 14272 }, // U+FF17
    { 19, 26, 533, 7, 25, 124, 14385 }, // U+FF18
    { 19, 26, 533, 7, 25, 124, 14509 }, // U+FF19
    { 6, 23, 533, 5, 22, 35, 14633 }, // U+FF1A
    { 8, 28, 533, 4, 22, 56, 14668 }, // U+FF1B
    { 27, 27, 533, 3, 26, 183, 14724 }, // U+FF1C
    { 25, 11, 533, 4, 18, 69, 14907 }, // U+FF1D
    { 27, 27, 533, 3, 26, 183, 14976 }, // U+FF1E
    { 15, 27, 533, 1, 26, 102, 15159 }, // U+FF1F
    { 29, 31, 533, 2, 28, 225, 15261 }, // U+FF20
    { 23, 25, 533, 5, 25, 144, 15486 }, // U+FF21
    { 21, 25, 533, 7, 25, 132, 15630 }, // U+FF22
    { 22, 26, 533, 6, 25, 143, 15762 }, // U+FF23
    { 21, 25, 533, 7, 25, 132, 15905 }, // U+FF24
    { 17, 25, 533, 9, 25, 107, 16037 }, // U+FF25
    { 17, 25, 533, 9, 25, 107, 16144 }, // U+FF26
    { 22, 26, 533, 5, 25, 143, 16251 }, // U+FF27
    { 21, 25, 533, 6, 25, 132, 16394 }, // U+FF28
    { 18, 25, 533, 8, 25, 113, 16526 }, // U+FF29
    { 16, 26, 533, 8, 25, 104, 16639 }, // U+FF2A
    { 21, 25, 533, 8, 25, 132, 16743 }, // U+FF2B
    { 16, 25, 533, 10, 25, 100, 16875 }, // U+FF2C
    { 24, 25, 533, 5, 25, 150, 16975 }, // U+FF2D
    { 21, 25, 533, 6, 25, 132, 17125 }, // U+FF2E
    { 25, 26, 533, 4, 25, 163, 17257 }, // U+FF2F
    { 19, 25, 533, 8, 25, 119, 17420 }, // U+FF30
    { 26, 32, 533, 4, 25, 208, 17539 }, // U+FF31
    { 20, 25, 533, 8, 25, 125, 17747 }, // U+FF32
    { 20, 26, 533, 7, 25, 130, 17872 }, // U+FF33
    { 21, 25, 533, 6, 25, 132, 18002 }, // U+FF34
    { 21, 26, 533, 6, 25, 137, 18134 }, // U+FF35
    { 23, 25, 533, 5, 25, 144, 18271 }, // U+FF36
    { 33, 25, 533, 0, 25, 207, 18415 }, // U+FF37
    { 21, 25, 533, 6, 25, 132, 18622 }, // U+FF38
    { 21, 25, 533, 6, 25, 132, 18754 }, // U+FF39
    { 20, 25, 533, 7, 25, 125, 18886 }, // U+FF3A
    { 10, 32, 533, 23, 29, 80, 19011 }, // U+FF3B
    { 32, 32, 533, 1, 29, 256, 19091 }, // U+FF3C
    { 9, 32, 533, 1, 29, 72, 19347 }, // U+FF3D
    { 12, 6, 533, 11, 32, 18, 19419 }, // U+FF3E
    { 34, 2, 533, 0, -2, 17, 19437 }, // U+FF3F
    { 8, 6, 533, 11, 32, 12, 19454 }, // U+FF40
    { 17, 20, 533, 8, 19, 85, 19466 }, // U+FF41
    { 19, 28, 533, 8, 27, 133, 19551 }, // U+FF42
    { 18, 20, 533, 8, 19, 90, 19684 }, // U+FF43
    { 18, 28, 533, 7, 27, 126, 19774 }, // U+FF44
    { 19, 20, 533, 7, 19, 95, 19900 }, // U+FF45
    { 19, 27, 533, 9, 27, 129, 19995 }, // U+FF46
    { 20, 28, 533, 7, 19, 140, 20124 }, // U+FF47
    { 17, 27, 533, 8, 27, 115, 20264 }, // U+FF48
    { 5, 27, 533, 14, 27, 34, 20379 }, // U+FF49
    { 15, 36, 533, 7, 27, 135, 20413 }, // U+FF4A
    { 18, 27, 533, 9, 27, 122, 20548 }, // U+FF4B
    { 12, 28, 533, 14, 27, 84, 20670 }, // U+FF4C
    { 29, 19, 533, 2, 19, 138, 20754 }, // U+FF4D
    { 17, 19, 533, 8, 19, 81, 20892 }, // U+FF4E
    { 20, 20, 533, 7, 19, 100, 20973 }, // U+FF4F
    { 19, 27, 533, 8, 19, 129, 21073 }, // U+FF50
    { 18, 27, 533, 7, 19, 122, 21202 }, // U+FF51
    { 16, 19, 533, 10, 19, 76, 21324 }, // U+FF52
    { 18, 20, 533, 8, 19, 90, 21400 }, // U+FF53
    { 18, 25, 533, 8, 24, 113, 21490 }, // U+FF54
    { 17, 20, 533, 8, 19, 85, 21603 }, // U+FF55
    { 19, 19, 533, 7, 19, 91, 21688 }, // U+FF56
    { 29, 19, 533, 2, 19, 138, 21779 }, // U+FF57
    { 19, 19, 533, 7, 19, 91, 21917 }, // U+FF58
    { 19, 27, 533, 7, 19, 129, 22008 }, // U+FF59
    { 18, 19, 533, 8, 19, 86, 22137 }, // U+FF5A
    { 10, 33, 533, 23, 29, 83, 22223 }, // U+FF5B
    { 3, 34, 533, 15, 30, 26, 22306 }, // U+FF5C
    { 9, 33, 533, 1, 29, 75, 22332 }, // U+FF5D
    { 31, 10, 533, 1, 18, 78, 22407 }, // U+FF5E
    { 15, 33, 533, 18, 29, 124, 22485 }, // U+FF5F
    { 14, 33, 533, 1, 29, 116, 22609 }, // U+FF60
    { 11, 12, 267, 1, 9, 33, 22725 }, // U+FF61
    { 12, 23, 267, 4, 29, 69, 22758 }, // U+FF62
    { 11, 22, 267, 1, 19, 61, 22827 }, // U+FF63
    { 11, 10, 267, 0, 8, 28, 22888 }, // U+FF64
    { 7, 7, 267, 5, 16, 13, 22916 }, // U+FF65
    { 13, 26, 267, 2, 24, 85, 22929 }, // U+FF66
    { 12, 21, 267, 3, 19, 63, 23014 }, // U+FF67
    { 11, 22, 267, 2, 20, 61, 23077 }, // U+FF68
    { 11, 23, 267, 3, 21, 64, 23138 }, // U+FF69
    { 12, 17, 267, 2, 17, 51, 23202 }, // U+FF6A
    { 12, 23, 267, 2, 21, 69, 23253 }, // U+FF6B
    { 13, 22, 267, 2, 20, 72, 23322 }, // U+FF6C
    { 13, 17, 267, 2, 17, 56, 23394 }, // U+FF6D
    { 10, 20, 267, 3, 18, 50, 23450 }, // U+FF6E
    { 13, 21, 267, 2, 19, 69, 23500 }, // U+FF6F
    { 15, 4, 267, 1, 14, 15, 23569 }, // U+FF70
    { 14, 26, 267, 2, 24, 91, 23584 }, // U+FF71
    { 14, 28, 267, 1, 26, 98, 23675 }, // U+FF72
    { 13, 29, 267, 2, 27, 95, 23773 }, // U+FF73
    { 15, 22, 267, 1, 23, 83, 23868 }, // U+FF74
    { 15, 27, 267, 1, 26, 102, 23951 }, // U+FF75
    { 15, 27, 267, 0, 26, 102, 24053 }, // U+FF76
    { 14, 28, 267, 1, 26, 98, 24155 }, // U+FF77
    { 14, 29, 267, 1, 27, 102, 24253 }, // U+FF78
    { 16, 28, 267, 0, 26, 112, 24355 }, // U+FF79
    { 13, 23, 267, 2, 23, 75, 24467 }, // U+FF7A
    { 15, 28, 267, 1, 26, 105, 24542 }, // U+FF7B
    { 15, 27, 267, 1, 26, 102, 24647 }, // U+FF7C
    { 15, 25, 267, 1, 24, 94, 24749 }, // U+FF7D
    { 15, 27, 267, 0, 26, 102, 24843 }, // U+FF7E
    { 14, 25, 267, 1, 24, 88, 24945 }, // U+FF7F
    { 14, 30, 267, 1, 27, 105, 25033 }, // U+FF80
    { 15, 28, 267, 1, 26, 105, 25138 }, // U+FF81
    { 16, 27, 267, 0, 25, 108, 25243 }, // U+FF82
    { 15, 27, 267, 1, 25, 102, 25351 }, // U+FF83
    { 11, 27, 267, 4, 26, 75, 25453 }, // U+FF84
    { 15, 28, 267, 1, 26, 105, 25528 }, // U+FF85
    { 15, 21, 267, 1, 22, 79, 25633 }, // U+FF86
    { 13, 26, 267, 1, 24, 85, 25712 }, // U+FF87
    { 15, 29, 267, 1, 27, 109, 25797 }, // U+FF88
    { 13, 26, 267, 1, 25, 85, 25906 }, // U+FF89
    { 16, 23, 267, 0, 23, 92, 25991 }, // U+FF8A
    { 11, 26, 267, 3, 25, 72, 26083 }, // U+FF8B
    { 13, 25, 267, 2, 23, 82, 26155 }, // U+FF8C
    { 16, 22, 267, 0, 22, 88, 26237 }, // U+FF8D
    { 15, 27, 267, 1, 26, 102, 26325 }, // U+FF8E
    { 15, 25, 267, 1, 23, 94, 26427 }, // U+FF8F
    { 12, 27, 267, 2, 25, 81, 26521 }, // U+FF90
    { 16, 27, 267, 0, 25, 108, 26602 }, // U+FF91
    { 14, 28, 267, 1, 26, 98, 26710 }, // U+FF92
    { 15, 25, 267, 1, 24, 94, 26808 }, // U+FF93
    { 16, 28, 267, 0, 26, 112, 26902 }, // U+FF94
    { 15, 22, 267, 1, 23, 83, 27014 }, // U+FF95
    { 13, 24, 267, 2, 23, 78, 27097 }, // U+FF96
    { 13, 27, 267, 2, 25, 88, 27175 }, // U+FF97
    { 10, 27, 267, 3, 25, 68, 27263 }, // U+FF98
    { 17, 26, 267, 0, 25, 111, 27331 }, // U+FF99
    { 13, 26, 267, 3, 25, 85, 27442 }, // U+FF9A
    { 13, 23, 267, 2, 23, 75, 27527 }, // U+FF9B
    { 13, 26, 267, 2, 24, 85, 27602 }, // U+FF9C
    { 14, 26, 267, 2, 25, 91, 27687 }, // U+FF9D
    { 9, 9, 267, 0, 29, 21, 27778 }, // U+FF9E
    { 8, 9, 267, 0, 29, 18, 27799 }, // U+FF9F
    { 20, 17, 491, 5, 21, 85, 27817 }, // U+FFA1
    { 24, 17, 491, 4, 21, 102, 27902 }, // U+FFA2
    { 24, 17, 491, 4, 21, 102, 28004 }, // U+FFA3
    { 20, 17, 491, 6, 21, 85, 28106 }, // U+FFA4
    { 22, 17, 491, 5, 21, 94, 28191 }, // U+FFA5
    { 21, 18, 491, 5, 21, 95, 28285 }, // U+FFA6
    { 19, 17, 491, 6, 21, 81, 28380 }, // U+FFA7
    { 21, 17, 491, 5, 21, 90, 28461 }, // U+FFA8
    { 21, 17, 491, 5, 21, 90, 28551 }, // U+FFA9
    { 22, 17, 491, 4, 21, 94, 28641 }, // U+FFAA
    { 23, 17, 491, 4, 21, 98, 28735 }, // U+FFAB
    { 23, 17, 491, 4, 21, 98, 28833 }, // U+FFAC
    { 25, 17, 491, 4, 21, 107, 28931 }, // U+FFAD
    { 23, 17, 491, 4, 21, 98, 29038 }, // U+FFAE
    { 23, 17, 491, 4, 21, 98, 29136 }, // U+FFAF
    { 23, 18, 491, 4, 22, 104, 29234 }, // U+FFB0
    { 19, 17, 491, 6, 21, 81, 29338 }, // U+FFB1
    { 19, 17, 491, 6, 21, 81, 29419 }, // U+FFB2
    { 21, 17, 491, 5, 21, 90, 29500 }, // U+FFB3
    { 24, 17, 491, 5, 21, 102, 29590 }, // U+FFB4
    { 23, 17, 491, 4, 21, 98, 29692 }, // U+FFB5
    { 25, 17, 491, 3, 21, 107, 29790 }, // U+FFB6
    { 20, 17, 491, 5, 21, 85, 29897 }, // U+FFB7
    { 21, 17, 491, 5, 21, 90, 29982 }, // U+FFB8
    { 25, 17, 491, 3, 21, 107, 30072 }, // U+FFB9
    { 21, 20, 491, 5, 23, 105, 30179 }, // U+FFBA
    { 20, 17, 491, 5, 21, 85, 30284 }, // U+FFBB
    { 20, 17, 491, 6, 21, 85, 30369 }, // U+FFBC
    { 21, 17, 491, 5, 21, 90, 30454 }, // U+FFBD
    { 21, 20, 491, 5, 23, 105, 30544 }, // U+FFBE
    { 10, 31, 491, 13, 28, 78, 30649 }, // U+FFC2
    { 11, 31, 491, 10, 28, 86, 30727 }, // U+FFC3
    { 10, 31, 491, 12, 28, 78, 30813 }, // U+FFC4
    { 11, 31, 491, 10, 28, 86, 30891 }, // U+FFC5
    { 11, 31, 491, 9, 28, 86, 30977 }, // U+FFC6
    { 15, 31, 491, 7, 28, 117, 31063 }, // U+FFC7
    { 11, 31, 491, 9, 28, 86, 31180 }, // U+FFCA
    { 15, 30, 491, 7, 27, 113, 31266 }, // U+FFCB
    { 28, 16, 491, 1, 22, 112, 31379 }, // U+FFCC
    { 29, 31, 491, 1, 28, 225, 31491 }, // U+FFCD
    { 26, 31, 491, 2, 28, 202, 31716 }, // U+FFCE
    { 24, 31, 491, 3, 28, 186, 31918 }, // U+FFCF
    { 29, 17, 491, 1, 22, 124, 32104 }, // U+FFD2
    { 29, 16, 491, 1, 18, 116, 32228 }, // U+FFD3
    { 26, 31, 491, 2, 28, 202, 32344 }, // U+FFD4
    { 26, 31, 491, 2, 28, 202, 32546 }, // U+FFD5
    { 25, 31, 491, 3, 28, 194, 32748 }, // U+FFD6
    { 28, 16, 491, 1, 18, 112, 32942 }, // U+FFD7
    { 28, 4, 491, 1, 15, 28, 33054 }, // U+FFDA
    { 25, 30, 491, 2, 27, 188, 33082 }, // U+FFDB
    { 3, 31, 491, 14, 28, 24, 33270 }, // U+FFDC
    { 19, 28, 533, 7, 26, 133, 33294 }, // U+FFE0
    { 19, 25, 533, 7, 25, 119, 33427 }, // U+FFE1
    { 26, 12, 533, 3, 18, 78, 33546 }, // U+FFE2
    { 34, 3, 533, 0, 30, 26, 33624 }, // U+FFE3
    { 3, 31, 533, 15, 28, 24, 33650 }, // U+FFE4
    { 22, 25, 533, 6, 25, 138, 33674 }, // U+FFE5
    { 29, 25, 533, 2, 25, 182, 33812 }, // U+FFE6
    { 3, 38, 267, 7, 28, 29, 33994 }, // U+FFE8
    { 16, 17, 267, 0, 21, 68, 34023 }, // U+FFE9
    { 13, 32, 267, 2, 29, 104, 34091 }, // U+FFEA
    { 17, 17, 267, 0, 21, 73, 34195 }, // U+FFEB
    { 13, 32, 267, 2, 29, 104, 34268 }, // U+FFEC
    { 13, 13, 267, 2, 19, 43, 34372 }, // U+FFED
    { 13, 13, 267, 2, 19, 43, 34415 }, // U+FFEE
};

static const EpdUnicodeInterval notosans_cjk_16Intervals[] = {
    { 0x20, 0x7E, 0x0 },
    { 0xA0, 0xFF, 0x5F },
    { 0x2010, 0x2016, 0xBF },
    { 0x2018, 0x201A, 0xC6 },
    { 0x201C, 0x201E, 0xC9 },
    { 0x2020, 0x2022, 0xCC },
    { 0x2025, 0x2026, 0xCF },
    { 0x3000, 0x303F, 0xD1 },
    { 0x4E00, 0x4E00, 0x111 },
    { 0x4E03, 0x4E03, 0x112 },
    { 0x4E07, 0x4E0B, 0x113 },
    { 0x4E0D, 0x4E0E, 0x118 },
    { 0x4E11, 0x4E11, 0x11A },
    { 0x4E13, 0x4E13, 0x11B },
    { 0x4E1A, 0x4E1A, 0x11C },
    { 0x4E22, 0x4E22, 0x11D },
    { 0x4E24, 0x4E24, 0x11E },
    { 0x4E2A, 0x4E2A, 0x11F },
    { 0x4E2D, 0x4E2D, 0x120 },
    { 0x4E32, 0x4E32, 0x121 },
    { 0x4E3A, 0x4E3B, 0x122 },
    { 0x4E45, 0x4E45, 0x124 },
    { 0x4E49, 0x4E49, 0x125 },
    { 0x4E4B, 0x4E4C, 0x126 },
    { 0x4E5D, 0x4E5D, 0x128 },
    { 0x4E60, 0x4E60, 0x129 },
    { 0x4E66, 0x4E66, 0x12A },
    { 0x4E86, 0x4E86, 0x12B },
    { 0x4E8B, 0x4E8C, 0x12C },
    { 0x4E8E, 0x4E8E, 0x12E },
    { 0x4E94, 0x4E94, 0x12F },
    { 0x4E9B, 0x4E9B, 0x130 },
    { 0x4EA4, 0x4EA4, 0x131 },
    { 0x4EA7, 0x4EA7, 0x132 },
    { 0x4EAE, 0x4EAE, 0x133 },
    { 0x4EBA, 0x4EBA, 0x134 },
    { 0x4EC5, 0x4EC5, 0x135 },
    { 0x4ECA, 0x4ECB, 0x136 },
    { 0x4ECE, 0x4ECE, 0x138 },
    { 0x4ED6, 0x4ED6, 0x139 },
    { 0x4ED9, 0x4ED9, 0x13A },
    { 0x4EE4, 0x4EE5, 0x13B },
    { 0x4EF6, 0x4EF6, 0x13D },
    { 0x4EFB, 0x4EFB, 0x13E },
    { 0x4EFD, 0x4EFD, 0x13F },
    { 0x4F01, 0x4F01, 0x140 },
    { 0x4F11, 0x4F11, 0x141 },
    { 0x4F1A, 0x4F1A, 0x142 },
    { 0x4F20, 0x4F20, 0x143 },
    { 0x4F2A, 0x4F2A, 0x144 },
    { 0x4F46, 0x4F46, 0x145 },
    { 0x4F4D, 0x4F4F, 0x146 },
    { 0x4F53, 0x4F53, 0x149 },
    { 0x4F55, 0x4F55, 0x14A },
    { 0x4F59, 0x4F59, 0x14B },
    { 0x4F5C, 0x4F5C, 0x14C },
    { 0x4F60, 0x4F60, 0x14D },
    { 0x4F73, 0x4F73, 0x14E },
    { 0x4F7F, 0x4F7F, 0x14F },
    { 0x4F8B, 0x4F8B, 0x150 },
    { 0x4F9B, 0x4F9B, 0x151 },
    { 0x4FA7, 0x4FA7, 0x152 },
    { 0x4FDD, 0x4FDD, 0x153 },
    { 0x4FE1, 0x4FE1, 0x154 },
    { 0x4FEE, 0x4FEE, 0x155 },
    { 0x5012, 0x5012, 0x156 },
    { 0x5019, 0x5019, 0x157 },
    { 0x5026, 0x5026, 0x158 },
    { 0x503C, 0x503C, 0x159 },
    { 0x503E, 0x503E, 0x15A },
    { 0x504F, 0x504F, 0x15B },
    { 0x505C, 0x505C, 0x15C },
    { 0x50A8, 0x50A8, 0x15D },
    { 0x50B2, 0x50B2, 0x15E },
    { 0x50CF, 0x50CF, 0x15F },
    { 0x5143, 0x5143, 0x160 },
    { 0x5145, 0x5145, 0x161 },
    { 0x5148, 0x5149, 0x162 },
    { 0x514D, 0x514D, 0x164 },
    { 0x5154, 0x5154, 0x165 },
    { 0x5165, 0x5165, 0x166 },
    { 0x5168, 0x5168, 0x167 },
    { 0x516B, 0x516B, 0x168 },
    { 0x516D, 0x516D, 0x169 },
    { 0x5171, 0x5171, 0x16A },
    { 0x5173, 0x5173, 0x16B },
    { 0x5176, 0x5178, 0x16C },
    { 0x5185, 0x5185, 0x16F },
    { 0x518C, 0x518D, 0x170 },
    { 0x5199, 0x5199, 0x172 },
    { 0x519B, 0x519C, 0x173 },
    { 0x51AC, 0x51AC, 0x175 },
    { 0x51B2, 0x51B2, 0x176 },
    { 0x51B7, 0x51B7, 0x177 },
    { 0x51C6, 0x51C6, 0x178 },
    { 0x51CF, 0x51CF, 0x179 },
    { 0x51D1, 0x51D1, 0x17A },
    { 0x51E0, 0x51E0, 0x17B },
    { 0x51ED, 0x51ED, 0x17C },
    { 0x51FA, 0x51FB, 0x17D },
    { 0x5206, 0x5207, 0x17F },
    { 0x5212, 0x5212, 0x181 },
    { 0x5217, 0x5217, 0x182 },
    { 0x5219, 0x5219, 0x183 },
    { 0x521B, 0x521B, 0x184 },
    { 0x521D, 0x521D, 0x185 },
    { 0x5220, 0x5220, 0x186 },
    { 0x5229, 0x5229, 0x187 },
    { 0x5230, 0x5230, 0x188 },
    { 0x5236, 0x5237, 0x189 },
    { 0x524D, 0x524D, 0x18B },
    { 0x5269, 0x526A, 0x18C },
    { 0x529B, 0x529B, 0x18E },
    { 0x529F, 0x52A1, 0x18F },
    { 0x52A8, 0x52AA, 0x192 },
    { 0x52BF, 0x52BF, 0x195 },
    { 0x52C7, 0x52C7, 0x196 },
    { 0x52FF, 0x5300, 0x197 },
    { 0x5316, 0x5316, 0x199 },
    { 0x5339, 0x533A, 0x19A },
    { 0x5341, 0x5341, 0x19C },
    { 0x5347, 0x5347, 0x19D },
    { 0x534A, 0x534A, 0x19E },
    { 0x5355, 0x5355, 0x19F },
    { 0x535A, 0x535A, 0x1A0 },
    { 0x5360, 0x5361, 0x1A1 },
    { 0x536F, 0x536F, 0x1A3 },
    { 0x5373, 0x5374, 0x1A4 },
    { 0x5377, 0x5377, 0x1A6 },
    { 0x5386, 0x5386, 0x1A7 },
    { 0x538B, 0x538B, 0x1A8 },
    { 0x539F, 0x539F, 0x1A9 },
    { 0x53CA, 0x53CA, 0x1AA },
    { 0x53CC, 0x53CD, 0x1AB },
    { 0x53D1, 0x53D1, 0x1AD },
    { 0x53D6, 0x53D8, 0x1AE },
    { 0x53E3, 0x53E4, 0x1B1 },
    { 0x53EF, 0x53F0, 0x1B3 },
    { 0x53F2, 0x53F3, 0x1B5 },
    { 0x53F7, 0x53F7, 0x1B7 },
    { 0x5408, 0x5408, 0x1B8 },
    { 0x540C, 0x540E, 0x1B9 },
    { 0x5411, 0x5411, 0x1BC },
    { 0x5426, 0x5426, 0x1BD },
    { 0x542F, 0x542F, 0x1BE },
    { 0x544A, 0x544A, 0x1BF },
    { 0x5468, 0x5468, 0x1C0 },
    { 0x547D, 0x547D, 0x1C1 },
    { 0x548C, 0x548C, 0x1C2 },
    { 0x54C8, 0x54C8, 0x1C3 },
    { 0x5524, 0x5524, 0x1C4 },
    { 0x552F, 0x552F, 0x1C5 },
    { 0x5546, 0x5546, 0x1C6 },
    { 0x55DC, 0x55DC, 0x1C7 },
    { 0x5668, 0x5668, 0x1C8 },
    { 0x56DB, 0x56DB, 0x1C9 },
    { 0x56DE, 0x56DE, 0x1CA },
    { 0x56E0, 0x56E0, 0x1CB },
    { 0x56E2, 0x56E2, 0x1CC },
    { 0x56F0, 0x56F0, 0x1CD },
    { 0x56F4, 0x56F4, 0x1CE },
    { 0x56FA, 0x56FA, 0x1CF },
    { 0x56FD, 0x56FE, 0x1D0 },
    { 0x5728, 0x5728, 0x1D2 },
    { 0x5730, 0x5730, 0x1D3 },
    { 0x573A, 0x573A, 0x1D4 },
    { 0x5740, 0x5740, 0x1D5 },
    { 0x5747, 0x5747, 0x1D6 },
    { 0x574F, 0x574F, 0x1D7 },
    { 0x5757, 0x5757, 0x1D8 },
    { 0x578B, 0x578B, 0x1D9 },
    { 0x57CE, 0x57CE, 0x1DA },
    { 0x5806, 0x5806, 0x1DB },
    { 0x5883, 0x5883, 0x1DC },
    { 0x589E, 0x589E, 0x1DD },
    { 0x58EB, 0x58EC, 0x1DE },
    { 0x58F0, 0x58F0, 0x1E0 },
    { 0x5904, 0x5904, 0x1E1 },
    { 0x5907, 0x5907, 0x1E2 },
    { 0x590D, 0x590D, 0x1E3 },
    { 0x590F, 0x590F, 0x1E4 },
    { 0x5916, 0x5916, 0x1E5 },
    { 0x591A, 0x591A, 0x1E6 },
    { 0x591C, 0x591C, 0x1E7 },
    { 0x5927, 0x5927, 0x1E8 },
    { 0x5929, 0x592A, 0x1E9 },
    { 0x5931, 0x5931, 0x1EB },
    { 0x5934, 0x5934, 0x1EC },
    { 0x5939, 0x5939, 0x1ED },
    { 0x5947, 0x5947, 0x1EE },
    { 0x5982, 0x5982, 0x1EF },
    { 0x5999, 0x5999, 0x1F0 },
    { 0x59CB, 0x59CB, 0x1F1 },
    { 0x5B50, 0x5B50, 0x1F2 },
    { 0x5B57, 0x5B58, 0x1F3 },
    { 0x5B5C, 0x5B5C, 0x1F5 },
    { 0x5B66, 0x5B66, 0x1F6 },
    { 0x5B88, 0x5B89, 0x1F7 },
    { 0x5B8C, 0x5B8C, 0x1F9 },
    { 0x5B97, 0x5B98, 0x1FA },
    { 0x5B9A, 0x5B9A, 0x1FC },
    { 0x5B9C, 0x5B9C, 0x1FD },
    { 0x5B9E, 0x5B9E, 0x1FE },
    { 0x5BA2, 0x5BA2, 0x1FF },
    { 0x5BB9, 0x5BB9, 0x200 },
    { 0x5BBD, 0x5BBD, 0x201 },
    { 0x5BC5, 0x5BC6, 0x202 },
    { 0x5BCC, 0x5BCC, 0x204 },
    { 0x5BDD, 0x5BDD, 0x205 },
    { 0x5BF9, 0x5BF9, 0x206 },
    { 0x5C01, 0x5C01, 0x207 },
    { 0x5C04, 0x5C04, 0x208 },
    { 0x5C06, 0x5C06, 0x209 },
    { 0x5C0A, 0x5C0A, 0x20A },
    { 0x5C0F, 0x5C0F, 0x20B },
    { 0x5C11, 0x5C11, 0x20C },
    { 0x5C1A, 0x5C1A, 0x20D },
    { 0x5C31, 0x5C31, 0x20E },
    { 0x5C3D, 0x5C3E, 0x20F },
    { 0x5C40, 0x5C40, 0x211 },
    { 0x5C45, 0x5C45, 0x212 },
    { 0x5C4F, 0x5C4F, 0x213 },
    { 0x5C55, 0x5C55, 0x214 },
    { 0x5C5E, 0x5C5E, 0x215 },
    { 0x5CF0, 0x5CF0, 0x216 },
    { 0x5D29, 0x5D29, 0x217 },
    { 0x5D4C, 0x5D4C, 0x218 },
    { 0x5DE5, 0x5DE6, 0x219 },
    { 0x5DF2, 0x5DF3, 0x21B },
    { 0x5E03, 0x5E03, 0x21D },
    { 0x5E08, 0x5E08, 0x21E },
    { 0x5E0C, 0x5E0C, 0x21F },
    { 0x5E38, 0x5E38, 0x220 },
    { 0x5E45, 0x5E45, 0x221 },
    { 0x5E55, 0x5E55, 0x222 },
    { 0x5E73, 0x5E74, 0x223 },
    { 0x5E76, 0x5E76, 0x225 },
    { 0x5E78, 0x5E78, 0x226 },
    { 0x5E7D, 0x5E7D, 0x227 },
    { 0x5E7F, 0x5E7F, 0x228 },
    { 0x5E93, 0x5E95, 0x229 },
    { 0x5E9A, 0x5E9A, 0x22C },
    { 0x5E9F, 0x5E9F, 0x22D },
    { 0x5EA6, 0x5EA6, 0x22E },
    { 0x5EFA, 0x5EFA, 0x22F },
    { 0x5EFF, 0x5F00, 0x230 },
    { 0x5F02, 0x5F03, 0x232 },
    { 0x5F0F, 0x5F0F, 0x234 },
    { 0x5F15, 0x5F15, 0x235 },
    { 0x5F39, 0x5F39, 0x236 },
    { 0x5F53, 0x5F53, 0x237 },
    { 0x5F55, 0x5F55, 0x238 },
    { 0x5F62, 0x5F62, 0x239 },
    { 0x5F80, 0x5F80, 0x23A },
    { 0x5F85, 0x5F85, 0x23B },
    { 0x5F88, 0x5F88, 0x23C },
    { 0x5F8B, 0x5F8B, 0x23D },
    { 0x5F97, 0x5F97, 0x23E },
    { 0x5FA1, 0x5FA1, 0x23F },
    { 0x5FAE, 0x5FAE, 0x240 },
    { 0x5FB7, 0x5FB7, 0x241 },
    { 0x5FC3, 0x5FC3, 0x242 },
    { 0x5FCC, 0x5FCC, 0x243 },
    { 0x5FD7, 0x5FD8, 0x244 },
    { 0x5FEB, 0x5FEB, 0x246 },
    { 0x5FFD, 0x5FFD, 0x247 },
    { 0x6001, 0x6001, 0x248 },
    { 0x601D, 0x601D, 0x249 },
    { 0x6027, 0x6027, 0x24A },
    { 0x603B, 0x603B, 0x24B },
    { 0x6062, 0x6062, 0x24C },
    { 0x606F, 0x606F, 0x24D },
    { 0x6094, 0x6094, 0x24E },
    { 0x60A8, 0x60A8, 0x24F },
    { 0x60C5, 0x60C5, 0x250 },
    { 0x60EF, 0x60EF, 0x251 },
    { 0x610F, 0x610F, 0x252 },
    { 0x614E, 0x614E, 0x253 },
    { 0x6162, 0x6162, 0x254 },
    { 0x6167, 0x6167, 0x255 },
    { 0x620A, 0x620A, 0x256 },
    { 0x620C, 0x620C, 0x257 },
    { 0x620F, 0x6211, 0x258 },
    { 0x6216, 0x6216, 0x25B },
    { 0x6218, 0x6218, 0x25C },
    { 0x622A, 0x622A, 0x25D },
    { 0x6237, 0x6237, 0x25E },
    { 0x6240, 0x6240, 0x25F },
    { 0x624B, 0x624B, 0x260 },
    { 0x6253, 0x6253, 0x261 },
    { 0x6267, 0x6267, 0x262 },
    { 0x6269, 0x6269, 0x263 },
    { 0x626B, 0x626B, 0x264 },
    { 0x6279, 0x6279, 0x265 },
    { 0x627E, 0x6280, 0x266 },
    { 0x6295, 0x6295, 0x269 },
    { 0x6297, 0x6297, 0x26A },
    { 0x62A4, 0x62A5, 0x26B },
    { 0x62C5, 0x62C5, 0x26D },
    { 0x62C9, 0x62C9, 0x26E },
    { 0x62E9, 0x62E9, 0x26F },
    { 0x62FE, 0x62FE, 0x270 },
    { 0x6301, 0x6301, 0x271 },
    { 0x6307, 0x6307, 0x272 },
    { 0x6309, 0x6309, 0x273 },
    { 0x6316, 0x6316, 0x274 },
    { 0x635F, 0x635F, 0x275 },
    { 0x6362, 0x6362, 0x276 },
    { 0x636E, 0x636E, 0x277 },
    { 0x6377, 0x6377, 0x278 },
    { 0x6388, 0x6388, 0x279 },
    { 0x638C, 0x638C, 0x27A },
    { 0x6392, 0x6392, 0x27B },
    { 0x6398, 0x6398, 0x27C },
    { 0x63A2, 0x63A2, 0x27D },
    { 0x63A5, 0x63A5, 0x27E },
    { 0x63A7, 0x63A8, 0x27F },
    { 0x63CF, 0x63D0, 0x281 },
    { 0x63D2, 0x63D2, 0x283 },
    { 0x641C, 0x641C, 0x284 },
    { 0x6478, 0x6478, 0x285 },
    { 0x64A4, 0x64A4, 0x286 },
    { 0x64AD, 0x64AD, 0x287 },
    { 0x64CD, 0x64CD, 0x288 },
    { 0x652F, 0x652F, 0x289 },
    { 0x6536, 0x6536, 0x28A },
    { 0x6539, 0x6539, 0x28B },
    { 0x653E, 0x653E, 0x28C },
    { 0x6545, 0x6545, 0x28D },
    { 0x6548, 0x6548, 0x28E },
    { 0x6570, 0x6570, 0x28F },
    { 0x6574, 0x6574, 0x290 },
    { 0x6587, 0x6587, 0x291 },
    { 0x659C, 0x659C, 0x292 },
    { 0x65AD, 0x65AD, 0x293 },
    { 0x65B0, 0x65B0, 0x294 },
    { 0x65B9, 0x65B9, 0x295 },
    { 0x65C5, 0x65C5, 0x296 },
    { 0x65CB, 0x65CB, 0x297 },
    { 0x65D7, 0x65D7, 0x298 },
    { 0x65E0, 0x65E0, 0x299 },
    { 0x65E5, 0x65E5, 0x29A },
    { 0x65F6, 0x65F6, 0x29B },
    { 0x660E, 0x660E, 0x29C },
    { 0x661F, 0x6620, 0x29D },
    { 0x662F, 0x662F, 0x29F },
    { 0x663E, 0x663E, 0x2A0 },
    { 0x666E, 0x666F, 0x2A1 },
    { 0x667A, 0x667A, 0x2A3 },
    { 0x6682, 0x6682, 0x2A4 },
    { 0x66B4, 0x66B4, 0x2A5 },
    { 0x66F2, 0x66F2, 0x2A6 },
    { 0x66F4, 0x66F4, 0x2A7 },
    { 0x6700, 0x6700, 0x2A8 },
    { 0x6708, 0x6709, 0x2A9 },
    { 0x670D, 0x670D, 0x2AB },
    { 0x671F, 0x671F, 0x2AC },
    { 0x6728, 0x6728, 0x2AD },
    { 0x672A, 0x672C, 0x2AE },
    { 0x672F, 0x672F, 0x2B1 },
    { 0x673A, 0x673A, 0x2B2 },
    { 0x6743, 0x6743, 0x2B3 },
    { 0x675F, 0x675F, 0x2B4 },
    { 0x6761, 0x6761, 0x2B5 },
    { 0x6765, 0x6765, 0x2B6 },
    { 0x677E, 0x677E, 0x2B7 },
    { 0x6781, 0x6781, 0x2B8 },
    { 0x6790, 0x6790, 0x2B9 },
    { 0x679C, 0x679C, 0x2BA },
    { 0x67B6, 0x67B6, 0x2BB },
    { 0x67E5, 0x67E5, 0x2BC },
    { 0x67F1, 0x67F1, 0x2BD },
    { 0x6807, 0x6807, 0x2BE },
    { 0x680B, 0x680B, 0x2BF },
    { 0x680F, 0x680F, 0x2C0 },
    { 0x6821, 0x6821, 0x2C1 },
    { 0x6837, 0x6837, 0x2C2 },
    { 0x6839, 0x6839, 0x2C3 },
    { 0x683C, 0x683C, 0x2C4 },
    { 0x6848, 0x6848, 0x2C5 },
    { 0x6863, 0x6863, 0x2C6 },
    { 0x68C0, 0x68C0, 0x2C7 },
    { 0x68CB, 0x68CB, 0x2C8 },
    { 0x6A21, 0x6A21, 0x2C9 },
    { 0x6A2A, 0x6A2A, 0x2CA },
    { 0x6B21, 0x6B21, 0x2CB },
    { 0x6B32, 0x6B32, 0x2CC },
    { 0x6B62, 0x6B65, 0x2CD },
    { 0x6B7B, 0x6B7B, 0x2D1 },
    { 0x6BB5, 0x6BB5, 0x2D2 },
    { 0x6BCF, 0x6BCF, 0x2D3 },
    { 0x6BD4, 0x6BD4, 0x2D4 },
    { 0x6C14, 0x6C14, 0x2D5 },
    { 0x6C34, 0x6C34, 0x2D6 },
    { 0x6C38, 0x6C38, 0x2D7 },
    { 0x6C42, 0x6C42, 0x2D8 },
    { 0x6C57, 0x6C57, 0x2D9 },
    { 0x6CA1, 0x6CA1, 0x2DA },
    { 0x6CD5, 0x6CD5, 0x2DB },
    { 0x6CDB, 0x6CDB, 0x2DC },
    { 0x6CE2, 0x6CE2, 0x2DD },
    { 0x6CE8, 0x6CE8, 0x2DE },
    { 0x6D41, 0x6D41, 0x2DF },
    { 0x6D45, 0x6D45, 0x2E0 },
    { 0x6D4F, 0x6D4F, 0x2E1 },
    { 0x6D6A, 0x6D6A, 0x2E2 },
    { 0x6D77, 0x6D77, 0x2E3 },
    { 0x6D88, 0x6D89, 0x2E4 },
    { 0x6DAF, 0x6DAF, 0x2E6 },
    { 0x6DF1, 0x6DF1, 0x2E7 },
    { 0x6DFB, 0x6DFB, 0x2E8 },
    { 0x6E05, 0x6E05, 0x2E9 },
    { 0x6E10, 0x6E10, 0x2EA },
    { 0x6E1D, 0x6E1D, 0x2EB },
    { 0x6E29, 0x6E29, 0x2EC },
    { 0x6E38, 0x6E38, 0x2ED },
    { 0x6E83, 0x6E83, 0x2EE },
    { 0x6E90, 0x6E90, 0x2EF },
    { 0x6EAF, 0x6EAF, 0x2F0 },
    { 0x6ED1, 0x6ED1, 0x2F1 },
    { 0x6EE4, 0x6EE5, 0x2F2 },
    { 0x6F2B, 0x6F2B, 0x2F4 },
    { 0x706B, 0x706B, 0x2F5 },
    { 0x7070, 0x7070, 0x2F6 },
    { 0x7075, 0x7075, 0x2F7 },
    { 0x7089, 0x7089, 0x2F8 },
    { 0x70B9, 0x70B9, 0x2F9 },
    { 0x70BC, 0x70BC, 0x2FA },
    { 0x70ED, 0x70ED, 0x2FB },
    { 0x719F, 0x719F, 0x2FC },
    { 0x7247, 0x7248, 0x2FD },
    { 0x7259, 0x7259, 0x2FF },
    { 0x725B, 0x725B, 0x300 },
    { 0x72B6, 0x72B6, 0x301 },
    { 0x72EC, 0x72EC, 0x302 },
    { 0x730E, 0x730E, 0x303 },
    { 0x732B, 0x732B, 0x304 },
    { 0x7387, 0x7387, 0x305 },
    { 0x738B, 0x738B, 0x306 },
    { 0x73AF, 0x73B0, 0x307 },
    { 0x73E0, 0x73E0, 0x309 },
    { 0x7406, 0x7406, 0x30A },
    { 0x751F, 0x751F, 0x30B },
    { 0x7528, 0x7528, 0x30C },
    { 0x7531, 0x7531, 0x30D },
    { 0x7535, 0x7535, 0x30E },
    { 0x753B, 0x753B, 0x30F },
    { 0x754C, 0x754C, 0x310 },
    { 0x7559, 0x7559, 0x311 },
    { 0x7565, 0x7565, 0x312 },
    { 0x7678, 0x7678, 0x313 },
    { 0x767B, 0x767B, 0x314 },
    { 0x767D, 0x767E, 0x315 },
    { 0x7684, 0x7684, 0x317 },
    { 0x76CA, 0x76CA, 0x318 },
    { 0x76D8, 0x76D8, 0x319 },
    { 0x76EE, 0x76EE, 0x31A },
    { 0x76F4, 0x76F4, 0x31B },
    { 0x76F8, 0x76F8, 0x31C },
    { 0x7701, 0x7701, 0x31D },
    { 0x7709, 0x7709, 0x31E },
    { 0x770B, 0x770B, 0x31F },
    { 0x7720, 0x7720, 0x320 },
    { 0x77E2, 0x77E2, 0x321 },
    { 0x77E5, 0x77E5, 0x322 },
    { 0x77ED, 0x77ED, 0x323 },
    { 0x7801, 0x7801, 0x324 },
    { 0x7814, 0x7814, 0x325 },
    { 0x7834, 0x7834, 0x326 },
    { 0x786C, 0x786C, 0x327 },
    { 0x786E, 0x786E, 0x328 },
    { 0x78C1, 0x78C1, 0x329 },
    { 0x793A, 0x793A, 0x32A },
    { 0x793E, 0x793E, 0x32B },
    { 0x795D, 0x795E, 0x32C },
    { 0x7981, 0x7981, 0x32E },
    { 0x79BB, 0x79BB, 0x32F },
    { 0x79D2, 0x79D2, 0x330 },
    { 0x79F0, 0x79F0, 0x331 },
    { 0x79FB, 0x79FB, 0x332 },
    { 0x7A00, 0x7A00, 0x333 },
    { 0x7A0B, 0x7A0B, 0x334 },
    { 0x7A0D, 0x7A0D, 0x335 },
    { 0x7A33, 0x7A33, 0x336 },
    { 0x7A76, 0x7A76, 0x337 },
    { 0x7A7A, 0x7A7A, 0x338 },
    { 0x7A81, 0x7A81, 0x339 },
    { 0x7A97, 0x7A97, 0x33A },
    { 0x7ACB, 0x7ACB, 0x33B },
    { 0x7AD6, 0x7AD6, 0x33C },
    { 0x7AE0, 0x7AE0, 0x33D },
    { 0x7AEF, 0x7AEF, 0x33E },
    { 0x7B14, 0x7B14, 0x33F },
    { 0x7B26, 0x7B26, 0x340 },
    { 0x7B2C, 0x7B2C, 0x341 },
    { 0x7B49, 0x7B49, 0x342 },
    { 0x7B7E, 0x7B7E, 0x343 },
    { 0x7B80, 0x7B80, 0x344 },
    { 0x7B97, 0x7B97, 0x345 },
    { 0x7BA1, 0x7BA1, 0x346 },
    { 0x7BB1, 0x7BB1, 0x347 },
    { 0x7C4D, 0x7C4D, 0x348 },
    { 0x7C97, 0x7C97, 0x349 },
    { 0x7CFB, 0x7CFB, 0x34A },
    { 0x7D20, 0x7D20, 0x34B },
    { 0x7D22, 0x7D22, 0x34C },
    { 0x7D27, 0x7D27, 0x34D },
    { 0x7D2F, 0x7D2F, 0x34E },
    { 0x7E41, 0x7E41, 0x34F },
    { 0x7EA2, 0x7EA2, 0x350 },
    { 0x7EA6, 0x7EA7, 0x351 },
    { 0x7EAF, 0x7EAF, 0x353 },
    { 0x7EB3, 0x7EB3, 0x354 },
    { 0x7EBF, 0x7EBF, 0x355 },
    { 0x7EC6, 0x7EC6, 0x356 },
    { 0x7EC8, 0x7EC8, 0x357 },
    { 0x7ECF, 0x7ECF, 0x358 },
    { 0x7ED3, 0x7ED3, 0x359 },
    { 0x7ED8, 0x7ED8, 0x35A },
    { 0x7EDC, 0x7EDD, 0x35B },
    { 0x7EDF, 0x7EDF, 0x35D },
    { 0x7EE7, 0x7EE7, 0x35E },
    { 0x7EEA, 0x7EEA, 0x35F },
    { 0x7EED, 0x7EED, 0x360 },
    { 0x7EF4, 0x7EF4, 0x361 },
    { 0x7F13, 0x7F13, 0x362 },
    { 0x7F16, 0x7F16, 0x363 },
    { 0x7F29, 0x7F29, 0x364 },
    { 0x7F3A, 0x7F3A, 0x365 },
    { 0x7F51, 0x7F51, 0x366 },
    { 0x7F55, 0x7F55, 0x367 },
    { 0x7F62, 0x7F62, 0x368 },
    { 0x7F6E, 0x7F6E, 0x369 },
    { 0x7F8E, 0x7F8E, 0x36A },
    { 0x7FA4, 0x7FA4, 0x36B },
    { 0x7FFB, 0x7FFB, 0x36C },
    { 0x8003, 0x8003, 0x36D },
    { 0x8005, 0x8005, 0x36E },
    { 0x800C, 0x800C, 0x36F },
    { 0x8010, 0x8010, 0x370 },
    { 0x8096, 0x8096, 0x371 },
    { 0x80CC, 0x80CC, 0x372 },
    { 0x80D6, 0x80D6, 0x373 },
    { 0x80DC, 0x80DC, 0x374 },
    { 0x80FD, 0x80FD, 0x375 },
    { 0x8111, 0x8111, 0x376 },
    { 0x811A, 0x811A, 0x377 },
    { 0x814A, 0x814A, 0x378 },
    { 0x81EA, 0x81EA, 0x379 },
    { 0x81F3, 0x81F3, 0x37A },
    { 0x8272, 0x8272, 0x37B },
    { 0x8282, 0x8282, 0x37C },
    { 0x8292, 0x8292, 0x37D },
    { 0x82AF, 0x82AF, 0x37E },
    { 0x82B1, 0x82B1, 0x37F },
    { 0x82E5, 0x82E5, 0x380 },
    { 0x8303, 0x8303, 0x381 },
    { 0x83B7, 0x83B7, 0x382 },
    { 0x83C7, 0x83C7, 0x383 },
    { 0x83DC, 0x83DC, 0x384 },
    { 0x8425, 0x8425, 0x385 },
    { 0x843D, 0x843D, 0x386 },
    { 0x8457, 0x8457, 0x387 },
    { 0x84C4, 0x84C4, 0x388 },
    { 0x84DD, 0x84DD, 0x389 },
    { 0x85CF, 0x85CF, 0x38A },
    { 0x8611, 0x8611, 0x38B },
    { 0x865A, 0x865A, 0x38C },
    { 0x86CB, 0x86CB, 0x38D },
    { 0x86F0, 0x86F0, 0x38E },
    { 0x8717, 0x8717, 0x38F },
    { 0x8788, 0x8788, 0x390 },
    { 0x884C, 0x884C, 0x391 },
    { 0x8868, 0x8868, 0x392 },
    { 0x88AB, 0x88AB, 0x393 },
    { 0x88C1, 0x88C1, 0x394 },
    { 0x88C5, 0x88C5, 0x395 },
    { 0x892A, 0x892A, 0x396 },
    { 0x897F, 0x897F, 0x397 },
    { 0x8981, 0x8981, 0x398 },
    { 0x89C1, 0x89C1, 0x399 },
    { 0x89C4, 0x89C4, 0x39A },
    { 0x89C8, 0x89C8, 0x39B },
    { 0x89D2, 0x89D2, 0x39C },
    { 0x89E3, 0x89E3, 0x39D },
    { 0x89E6, 0x89E6, 0x39E },
    { 0x8A00, 0x8A00, 0x39F },
    { 0x8BA1, 0x8BA2, 0x3A0 },
    { 0x8BA4, 0x8BA4, 0x3A2 },
    { 0x8BB0, 0x8BB0, 0x3A3 },
    { 0x8BBE, 0x8BBE, 0x3A4 },
    { 0x8BC1, 0x8BC1, 0x3A5 },
    { 0x8BC4, 0x8BC4, 0x3A6 },
    { 0x8BC6, 0x8BC6, 0x3A7 },
    { 0x8BCD, 0x8BCD, 0x3A8 },
    { 0x8BD5, 0x8BD5, 0x3A9 },
    { 0x8BD7, 0x8BD7, 0x3AA },
    { 0x8BDD, 0x8BDD, 0x3AB },
    { 0x8BE2, 0x8BE2, 0x3AC },
    { 0x8BE5, 0x8BE6, 0x3AD },
    { 0x8BED, 0x8BED, 0x3AF },
    { 0x8BEF, 0x8BEF, 0x3B0 },
    { 0x8BF4, 0x8BF4, 0x3B1 },
    { 0x8BF7, 0x8BF7, 0x3B2 },
    { 0x8BFB, 0x8BFB, 0x3B3 },
    { 0x8C03, 0x8C03, 0x3B4 },
    { 0x8C1C, 0x8C1C, 0x3B5 },
    { 0x8C28, 0x8C28, 0x3B6 },
    { 0x8C5A, 0x8C5A, 0x3B7 },
    { 0x8C61, 0x8C61, 0x3B8 },
    { 0x8D1F, 0x8D1F, 0x3B9 },
    { 0x8D23, 0x8D23, 0x3BA },
    { 0x8D25, 0x8D26, 0x3BB },
    { 0x8D2F, 0x8D2F, 0x3BD },
    { 0x8D44, 0x8D44, 0x3BE },
    { 0x8D5E, 0x8D5E, 0x3BF },
    { 0x8D70, 0x8D70, 0x3C0 },
    { 0x8D77, 0x8D77, 0x3C1 },
    { 0x8D85, 0x8D85, 0x3C2 },
    { 0x8D8A, 0x8D8A, 0x3C3 },
    { 0x8DB3, 0x8DB3, 0x3C4 },
    { 0x8DDD, 0x8DDD, 0x3C5 },
    { 0x8DDF, 0x8DDF, 0x3C6 },
    { 0x8DF3, 0x8DF3, 0x3C7 },
    { 0x8EAB, 0x8EAB, 0x3C8 },
    { 0x8F66, 0x8F66, 0x3C9 },
    { 0x8F6C, 0x8F6C, 0x3CA },
    { 0x8F7B, 0x8F7B, 0x3CB },
    { 0x8F7D, 0x8F7D, 0x3CC },
    { 0x8F85, 0x8F85, 0x3CD },
    { 0x8F91, 0x8F91, 0x3CE },
    { 0x8F93, 0x8F93, 0x3CF },
    { 0x8FB9, 0x8FB9, 0x3D0 },
    { 0x8FBE, 0x8FBE, 0x3D1 },
    { 0x8FC1, 0x8FC1, 0x3D2 },
    { 0x8FC7, 0x8FC7, 0x3D3 },
    { 0x8FD0, 0x8FD1, 0x3D4 },
    { 0x8FD4, 0x8FD4, 0x3D6 },
    { 0x8FD8, 0x8FD9, 0x3D7 },
    { 0x8FDB, 0x8FDC, 0x3D9 },
    { 0x8FDE, 0x8FDE, 0x3DB },
    { 0x8FF0, 0x8FF0, 0x3DC },
    { 0x9000, 0x9002, 0x3DD },
    { 0x9006, 0x9006, 0x3E0 },
    { 0x9009, 0x9009, 0x3E1 },
    { 0x900F, 0x900F, 0x3E2 },
    { 0x9014, 0x9014, 0x3E3 },
    { 0x901A, 0x901A, 0x3E4 },
    { 0x901F, 0x9020, 0x3E5 },
    { 0x9053, 0x9053, 0x3E7 },
    { 0x9065, 0x9065, 0x3E8 },
    { 0x9075, 0x9075, 0x3E9 },
    { 0x90BB, 0x90BB, 0x3EA },
    { 0x90E8, 0x90E8, 0x3EB },
    { 0x90FD, 0x90FD, 0x3EC },
    { 0x9149, 0x9149, 0x3ED },
    { 0x914D, 0x914D, 0x3EE },
    { 0x9192, 0x9192, 0x3EF },
    { 0x91CA, 0x91CA, 0x3F0 },
    { 0x91CD, 0x91CD, 0x3F1 },
    { 0x91CF, 0x91CF, 0x3F2 },
    { 0x9488, 0x9488, 0x3F3 },
    { 0x949F, 0x949F, 0x3F4 },
    { 0x94FE, 0x94FE, 0x3F5 },
    { 0x9500, 0x9501, 0x3F6 },
    { 0x9505, 0x9505, 0x3F8 },
    { 0x9519, 0x9519, 0x3F9 },
    { 0x952E, 0x952F, 0x3FA },
    { 0x955C, 0x955C, 0x3FC },
    { 0x957F, 0x957F, 0x3FD },
    { 0x95E8, 0x95E8, 0x3FE },
    { 0x95EA, 0x95EA, 0x3FF },
    { 0x95ED, 0x95EE, 0x400 },
    { 0x95F0, 0x95F0, 0x402 },
    { 0x95F4, 0x95F4, 0x403 },
    { 0x9605, 0x9605, 0x404 },
    { 0x9636, 0x9636, 0x405 },
    { 0x9644, 0x9644, 0x406 },
    { 0x9664, 0x9664, 0x407 },
    { 0x9669, 0x9669, 0x408 },
    { 0x968F, 0x9690, 0x409 },
    { 0x969C, 0x969C, 0x40B },
    { 0x96B6, 0x96B6, 0x40C },
    { 0x96BE, 0x96BE, 0x40D },
    { 0x96C6, 0x96C6, 0x40E },
    { 0x96F7, 0x96F7, 0x40F },
    { 0x9700, 0x9700, 0x410 },
    { 0x9707, 0x9707, 0x411 },
    { 0x9752, 0x9752, 0x412 },
    { 0x975E, 0x975E, 0x413 },
    { 0x9762, 0x9762, 0x414 },
    { 0x97F3, 0x97F3, 0x415 },
    { 0x9875, 0x9876, 0x416 },
    { 0x9879, 0x987A, 0x418 },
    { 0x9884, 0x9884, 0x41A },
    { 0x9886, 0x9886, 0x41B },
    { 0x9891, 0x9891, 0x41C },
    { 0x9897, 0x9898, 0x41D },
    { 0x989D, 0x989D, 0x41F },
    { 0x98CE, 0x98CE, 0x420 },
    { 0x98DF, 0x98DF, 0x421 },
    { 0x996D, 0x996D, 0x422 },
    { 0x9988, 0x9988, 0x423 },
    { 0x9996, 0x9996, 0x424 },
    { 0x9999, 0x9999, 0x425 },
    { 0x9A7E, 0x9A7E, 0x426 },
    { 0x9A8C, 0x9A8C, 0x427 },
    { 0x9A91, 0x9A91, 0x428 },
    { 0x9AD8, 0x9AD8, 0x429 },
    { 0x9C7C, 0x9C7C, 0x42A },
    { 0x9E2D, 0x9E2D, 0x42B },
    { 0x9E45, 0x9E45, 0x42C },
    { 0x9E70, 0x9E70, 0x42D },
    { 0x9ED1, 0x9ED1, 0x42E },
    { 0x9ED8, 0x9ED8, 0x42F },
    { 0x9F50, 0x9F50, 0x430 },
    { 0x9F7F, 0x9F7F, 0x431 },
    { 0x9F99, 0x9F99, 0x432 },
    { 0x9F9F, 0x9F9F, 0x433 },
    { 0xFF01, 0xFF9F, 0x434 },
    { 0xFFA1, 0xFFBE, 0x4D3 },
    { 0xFFC2, 0xFFC7, 0x4F1 },
    { 0xFFCA, 0xFFCF, 0x4F7 },
    { 0xFFD2, 0xFFD7, 0x4FD },
    { 0xFFDA, 0xFFDC, 0x503 },
    { 0xFFE0, 0xFFE6, 0x506 },
    { 0xFFE8, 0xFFEE, 0x50D },
};

static const EpdFontGroup notosans_cjk_16Groups[] = {
    { 0, 3897, 9451, 95, 0 },
    { 3897, 3575, 11640, 96, 95 },
    { 7472, 302, 692, 18, 191 },
    { 7774, 24469, 65454, 295, 209 },
    { 32243, 28273, 65447, 261, 504 },
    { 60516, 28678, 65418, 262, 765 },
    { 89194, 14392, 36824, 273, 1027 },
};

static const EpdFontData notosans_cjk_16 = {
    notosans_cjk_16Bitmaps,
    notosans_cjk_16Glyphs,
    notosans_cjk_16Intervals,
    727,
    48,
    39,
    -10,
    true,
    notosans_cjk_16Groups,
    7,
    nullptr,
    nullptr,
    nullptr,
    nullptr,
    nullptr,
    nullptr,
    nullptr,
    nullptr,
    nullptr,
    nullptr,
    nullptr,
    0,
    0,
    0,
    0,
    nullptr,
    0,
};
